# Exported from 3D Builder
mtllib Palma.mtl

o Object.1
v -3.357493 4.218673 94.875305
v -3.533331 4.227782 96.413902
v -3.995611 5.008657 96.480019
v -3.871342 5.090187 94.926422
v -3.973443 6.224457 96.518608
v -2.394651 3.625523 94.661812
v -2.839471 3.685793 96.513031
v -3.754512 4.345263 97.425934
v -4.058441 4.907605 97.434074
v -3.992442 6.063941 97.410515
v -3.882290 4.376322 98.462036
v -4.139892 4.948690 98.467453
v -4.034893 5.762826 98.452972
v -4.018570 4.487302 99.485939
v -4.127261 4.864249 99.507164
v -3.746041 4.134512 99.413139
v -4.076611 5.364327 99.515976
v -4.090711 4.533582 99.961411
v -4.147481 4.757047 99.968605
v -4.152471 4.992357 100.022758
v -2.168571 3.720173 94.720901
v -2.528650 3.789944 96.538948
v -3.092941 3.792662 97.517494
v -3.212475 4.092009 98.709061
v -3.454932 3.972013 98.532822
v -3.566197 4.255014 99.561043
v -3.830163 4.410272 100.113922
v -3.990571 4.340422 100.045464
v -3.994662 4.590281 100.365501
v -4.108259 4.527952 100.282639
v -4.143702 4.729760 100.274521
v -4.068121 4.799859 100.357323
v -3.689801 6.428963 96.595490
v -3.907253 6.464139 94.880127
v -3.894261 4.843533 100.196526
v -3.848611 4.675358 100.189064
v -4.008192 5.060628 100.160553
v -3.562392 4.673094 99.664528
v -3.717302 5.131701 99.719933
v -3.927294 5.447989 99.605362
v -3.241083 4.680345 98.773384
v -3.468322 5.315745 98.717369
v -3.742744 5.901582 98.498718
v -3.011922 4.775450 97.581154
v -3.399312 5.670533 97.557274
v -2.779741 3.920559 97.643494
v -3.698842 6.196647 97.458107
v -2.845413 4.749434 96.624886
v -3.314032 5.774529 96.606766
v -3.146152 5.888292 94.738411
v -2.670843 4.818262 94.817230
v -3.670923 6.684212 94.953033
v 0.129061 8.183694 95.973915
v 0.926226 7.079635 96.001335
v 0.991161 6.868799 94.735275
v 0.151961 8.030312 94.624313
v 1.252668 5.986545 94.699570
v -1.015393 8.725494 94.247772
v -0.927421 8.881589 95.808472
v 0.259326 8.122096 96.941429
v 0.903571 7.127073 96.954025
v 1.326776 5.961854 96.664658
v -0.849263 8.819338 96.959709
v 0.360821 8.094637 98.081886
v 0.859619 7.169353 97.945045
v -0.256283 8.635935 99.720314
v 0.445195 8.029578 99.022270
v 0.804694 7.230037 98.939468
v 0.736569 7.380567 99.808746
v 0.424052 8.070394 99.863419
v 0.907770 6.815337 99.664742
v 0.305210 8.232734 100.766953
v 0.542830 7.801333 100.662773
v 0.720232 7.401012 100.634506
v -0.015945 8.650861 100.835449
v 0.408991 8.073133 101.297134
v 0.284894 8.291052 101.320976
v 0.106309 8.557807 101.438957
v 1.308778 5.944531 95.938744
v 1.033345 5.786923 96.590050
v 1.028376 5.779486 95.866043
v 1.246684 6.089714 97.600815
v 1.038182 6.489730 98.782738
v 0.778151 6.492950 99.752754
v 0.562156 7.059803 100.778999
v 0.448678 7.592212 101.429932
v 0.549079 7.784088 101.324371
v 0.362666 8.088966 101.810905
v -0.055339 8.635328 100.265976
v -0.332012 8.399275 100.355186
v -0.027613 8.348331 101.402588
v 0.197466 8.435244 101.774834
v 0.270122 8.272514 101.879433
v 0.104342 8.280918 101.710304
v -0.509498 8.713997 98.433220
v -1.074452 8.608074 97.052040
v -1.234681 8.517847 94.347755
v 1.006463 5.823358 94.693977
v 0.363143 6.650153 96.080635
v 0.427585 6.586197 94.684937
v -0.522501 7.728532 96.015320
v -0.384175 7.646480 94.496254
v -1.201841 8.648317 95.917038
v 0.313035 6.708929 97.243126
v -0.557179 7.764220 97.145081
v 1.006170 5.874833 97.594063
v -0.751514 8.475115 98.514198
v -0.486893 7.702986 98.641251
v 0.371926 6.574578 98.709099
v 0.891190 6.130275 98.792603
v -0.496227 8.371492 99.746155
v -0.305106 7.604173 99.681625
v 0.437270 6.679707 99.681778
v 0.179399 7.194247 100.564377
v -0.268325 7.795113 100.453796
v 0.096644 7.539500 101.094086
v -0.173668 7.943788 100.966545
v -0.217673 8.387887 100.828407
v 0.103720 7.849502 101.506340
v -0.028335 8.102051 101.425331
v 0.239351 8.134249 101.842720
v 0.334948 8.002369 101.794853
v 0.186587 3.988953 96.532661
v 0.178967 4.209972 96.625633
v 0.347868 4.354743 95.792641
v -0.766372 3.779362 99.432701
v -0.951921 3.258142 100.102089
v -0.956175 3.457467 100.155342
v -1.169152 3.066062 100.717979
v -1.191468 3.234203 100.792877
v -2.800902 4.151133 95.209152
v -2.436251 4.174533 93.994232
v -2.736231 3.796803 95.171104
v -2.900342 4.079593 96.193504
v -2.844421 3.647823 97.156258
v -2.730912 3.727072 97.997177
v -2.701382 3.516283 97.923584
v -2.425581 3.383982 98.821289
v -2.474061 3.586712 98.883720
v -2.200581 3.277712 99.532021
v -2.231762 3.495372 99.622253
v -1.975981 3.160782 100.131813
v -2.043471 3.314822 100.230042
v -1.869051 3.167252 100.705002
v -1.780743 3.054583 100.602249
v -1.568181 3.028442 101.188545
v -1.388304 3.067266 101.141830
v -1.366193 2.982209 101.106140
v -1.463832 2.961803 101.130424
v -1.504232 3.036922 101.205681
v -1.394591 2.978143 100.958611
v -1.522362 2.965603 101.091591
v -1.517622 2.981092 100.934525
v -1.579971 3.051653 100.644890
v -1.346201 3.050562 100.678146
v -1.642172 2.991082 100.932976
v -1.614303 3.153182 100.117828
v -1.298362 3.159873 100.105667
v -1.225542 3.254772 99.391357
v -0.736002 3.489352 99.341843
v -1.721942 3.238212 99.382942
v -1.139282 3.350403 98.678589
v -1.779742 3.289253 98.659195
v -0.460603 3.712883 98.333893
v -0.984811 3.407722 97.434769
v -1.973051 3.352242 97.319290
v -0.095782 3.876632 97.421906
v -1.808402 3.369393 96.288445
v -0.718862 3.413533 96.369453
v -2.880150 3.775633 96.144295
v -1.710991 3.399383 95.407539
v -0.495121 3.464343 95.536110
v 0.371168 4.081093 95.751678
v -1.490971 3.434083 94.615868
v -0.409171 3.532243 94.832298
v -2.446453 3.838783 94.085106
v 0.498868 4.182053 95.080208
v -1.421232 4.332983 94.114716
v -1.542782 4.308403 94.911736
v -0.373680 4.391335 94.907036
v -1.628732 4.296062 95.804176
v -0.531222 4.266123 95.781639
v 0.487226 4.424430 95.094948
v -2.034213 4.101542 97.137352
v -0.652971 4.232092 97.302322
v -0.120773 4.122442 97.508934
v -2.898612 3.917983 97.234222
v -2.056102 3.963512 98.034233
v -0.990652 4.087042 98.425552
v -0.464112 4.006552 98.499870
v -2.009572 3.800872 99.039444
v -1.272871 3.948712 99.124420
v -1.391081 3.705282 100.044586
v -1.846391 3.634222 99.972992
v -1.664011 3.408252 100.687172
v -1.402802 3.411002 100.695961
v -1.439242 3.238572 100.974182
v -1.617061 3.210612 101.010071
v -1.709782 3.087692 101.043045
v -1.542472 3.132172 101.126389
v 0.767403 6.552976 97.330559
v 0.785263 6.333682 98.362473
v 0.651584 6.836364 95.562630
v 1.168199 5.876926 100.073883
v 1.459995 5.588082 100.662560
v 1.305545 5.655369 100.739990
v -0.539030 3.909174 96.457756
v -0.285031 3.784754 95.422295
v -0.262861 3.781601 96.406044
v -0.321514 3.979301 97.485855
v -0.062119 3.893106 97.400505
v 0.173154 4.063833 98.136742
v 0.478058 4.368791 98.981407
v 0.280161 4.427136 99.050552
v 0.723808 4.615380 99.649147
v 1.186536 5.029180 100.642166
v 1.328655 5.167307 100.947678
v 1.346648 5.284355 101.188850
v 1.453522 5.382638 100.934967
v 1.448901 5.337788 101.115395
v 1.416428 5.282739 101.086006
v 1.393774 5.272495 100.930069
v 1.282595 5.210237 100.653450
v 1.391225 5.419868 100.650406
v 1.473034 5.429637 101.076385
v 1.139842 5.154276 100.137917
v 1.275390 5.433507 100.077362
v 1.343782 5.782495 100.020607
v 0.971091 4.841587 100.207298
v 1.173702 5.443152 99.360352
v 1.182037 5.973859 99.236214
v 0.964184 4.997910 99.428307
v 1.077526 5.465162 98.642799
v 0.842011 4.871394 98.722015
v 1.036578 6.180163 98.197929
v 1.008978 5.457077 97.390007
v 0.604985 4.546913 97.427727
v 0.991333 6.450966 97.240715
v 0.591693 4.558582 96.383835
v 1.049006 5.547945 96.296478
v 0.956305 6.628916 96.318649
v 0.547181 4.537476 95.498413
v 1.046222 5.653934 95.438652
v 0.902758 6.726472 95.518585
v -0.220773 5.032116 94.982651
v -0.626854 3.894655 95.469818
v -0.185997 5.072928 95.877708
v -0.102183 4.809927 97.257347
v 0.415545 6.106701 97.208160
v 0.333584 6.021363 95.686813
v 0.762680 6.735712 96.411690
v 0.073629 4.850365 98.146942
v 0.471173 5.897174 98.369926
v -0.022597 4.144043 98.213989
v 0.309761 4.954563 99.133064
v 0.516081 5.681465 99.103851
v 0.916615 6.091817 99.330658
v 0.743928 5.592321 100.031265
v 0.522366 4.699548 99.743088
v 0.810471 4.865908 100.314743
v 0.597003 5.149721 100.030457
v 0.930322 5.304718 100.708145
v 1.046186 5.536887 100.676712
v 1.053670 5.016947 100.757278
v 1.202715 5.464254 100.957214
v 1.149991 5.300034 101.019997
v 1.219921 5.166952 101.066826
v 1.389871 5.453858 101.115051
v 1.261559 5.345765 101.123474
v 1.369117 5.346803 101.195953
v -3.880490 6.893338 97.240715
v -3.644399 6.871413 98.362473
v -3.762437 7.141217 98.197929
v -3.856205 6.528958 96.411690
v -3.965725 6.616779 95.518585
v -3.822810 6.382815 95.562630
v -3.696603 7.465165 100.073883
v -3.770296 7.869078 100.662560
v -3.938798 6.516790 94.835472
v -3.817145 6.306951 94.851822
v -1.089701 8.061558 95.469818
v -1.392841 8.254416 94.304665
v -1.323277 8.362746 96.406044
v -1.551689 8.386353 97.400505
v -1.727843 8.203318 98.213989
v -2.266952 8.305921 98.981407
v -2.138173 8.144728 99.050552
v -2.824198 8.088898 100.314743
v -3.110062 8.104424 100.757278
v -3.225972 8.170514 100.642166
v -3.421589 8.138718 100.947678
v -3.503391 8.053089 101.188850
v -3.635925 7.938920 101.115051
v -3.690211 8.006413 101.076385
v -3.617813 8.067873 101.115395
v -3.557583 8.014775 101.195953
v -3.647295 8.033758 100.934967
v -3.559660 8.094389 101.086006
v -3.535224 8.089808 100.930069
v -3.408429 8.077144 100.653450
v -3.617562 7.967555 100.650406
v -3.259365 8.041230 100.137917
v -3.530435 7.890017 100.077362
v -3.786417 7.643152 100.020607
v -2.941915 8.200849 100.207298
v -3.452608 7.823854 99.360352
v -3.763474 7.393643 99.236214
v -3.025810 8.068764 99.428307
v -2.609643 8.244592 99.649147
v -3.386392 7.750718 98.642799
v -2.853195 8.102470 98.722015
v -3.325573 7.718075 97.390007
v -2.473027 8.232639 97.427727
v -1.842338 8.381203 98.136742
v -2.468819 8.215461 96.383835
v -3.410439 7.666529 96.296478
v -3.953728 6.727415 96.318649
v -2.420243 8.207261 95.498413
v -3.468875 7.578060 95.438652
v -1.306910 8.347461 95.422295
v -2.488632 8.131751 94.682335
v -3.416583 7.528925 94.729996
v -3.856987 6.484950 94.129379
v -2.945818 6.733682 93.940880
v -2.060591 7.341263 94.176422
v -2.074169 7.361887 94.982651
v -3.055462 6.748031 94.798393
v -1.232204 7.959562 94.213303
v -3.691753 6.278406 94.135063
v -2.126054 7.348359 95.877708
v -3.095263 6.868644 95.686813
v -1.170003 8.099969 96.457756
v -2.044083 7.611939 97.257347
v -3.211333 6.845652 97.208160
v -3.755390 6.681441 97.330559
v -1.388461 8.167102 97.485855
v -2.211350 7.679514 98.146942
v -3.136894 7.049255 98.369926
v -2.464587 7.729385 99.133064
v -3.050127 7.251786 99.103851
v -3.613500 7.144904 99.330658
v -3.185805 7.455382 100.031265
v -2.492754 8.060203 99.743088
v -2.811822 7.733982 100.030457
v -3.173818 7.797892 100.708145
v -3.401793 7.673974 100.676712
v -3.682248 7.725444 100.739990
v -3.488480 7.823180 100.957214
v -3.351187 7.927577 101.019997
v -3.332263 8.076717 101.066826
v -3.468832 7.954009 101.123474
v 6.838316 1.860094 7.517689
v 5.470717 1.530023 6.685322
v 13.102629 -2.650206 6.288240
v 7.920267 -4.460724 3.219564
v 11.113421 -5.704117 3.492029
v 10.392944 -5.894479 3.228081
v 11.578915 -1.074406 7.089460
v 9.950997 0.619904 7.918174
v 2.485087 3.240563 0.996627
v 3.030484 2.467629 4.415645
v 2.401841 4.051445 2.367563
v 3.993018 0.083465 1.716651
v 3.338707 1.373524 4.441155
v 3.194218 2.035045 0.478172
v 3.813603 0.082059 4.465827
v 4.060901 1.218506 5.646304
v 4.297707 2.238334 6.084813
v 4.906209 3.227724 6.298131
v 3.470149 4.315688 4.780988
v 6.050208 2.836744 6.782310
v 6.917808 2.975436 7.375801
v 7.437449 5.284116 6.425551
v 6.572688 5.524973 5.968799
v 5.647697 6.300966 4.807567
v 6.059818 7.318023 2.688112
v 3.374339 5.113866 1.050901
v 5.947227 7.301853 1.390228
v 3.412238 4.658509 0.400486
v 3.125496 3.570389 0.218830
v 5.679188 5.342478 0.000000
v 3.972607 4.120044 0.007677
v 5.048265 6.233195 0.399780
v 7.047188 7.065393 0.315142
v 7.881128 6.141780 0.028858
v 7.068648 7.778773 2.630539
v 7.755418 6.121123 5.910882
v 8.151776 7.297643 3.891582
v 7.753239 7.758713 2.690353
v 7.684630 6.807745 5.221967
v 7.837849 7.647093 1.330547
v 7.090867 7.743013 1.264515
v 8.011098 7.135473 0.750933
v 11.089274 2.570602 0.030241
v 13.575189 0.334245 0.565976
v 13.197176 0.046325 0.052451
v 13.782775 -1.650095 0.087690
v 14.213607 -2.307945 0.461501
v 13.869068 -2.878005 0.427159
v 13.235266 -2.505835 0.053100
v 14.825799 -2.173084 1.748494
v 14.126837 -3.113715 1.135119
v 12.138726 -4.191504 0.299128
v 10.728566 -5.026495 0.912474
v 8.937629 -5.028524 0.982541
v 8.980758 -4.348585 0.120705
v 12.450725 -4.473314 1.055163
v 7.053167 -3.205125 1.211938
v 5.643077 -0.302595 0.085534
v 5.150838 -0.901665 1.197499
v 4.311485 1.610860 0.032501
v 7.510247 -2.797655 0.196904
v 10.706346 -4.429185 0.172833
v 11.330139 -2.846694 0.010909
v 13.716809 -2.349056 6.043890
v 12.923619 -0.146906 6.467025
v 10.963337 2.161644 6.661404
v 10.386407 1.555604 7.345847
v 8.637018 2.425014 7.416676
v 9.464027 3.722963 6.557043
v 14.585515 -2.597805 3.969362
v 11.522276 -5.317485 2.406071
v 10.604045 -5.547544 2.095860
v 11.800248 -5.094697 4.011829
v 14.823129 -2.531385 2.955817
v 9.357669 -5.540875 1.964796
v 7.954788 -4.696115 2.552393
v 5.721989 -2.080455 3.860434
v 8.851177 6.857393 2.744245
v 8.895957 6.513629 1.727619
v 8.411758 6.586194 0.587082
v 8.940835 6.534377 4.179162
v 8.893876 5.573511 5.777291
v 13.454206 0.594634 4.744223
v 14.541685 -1.555305 3.865984
v 14.093778 -0.120875 2.284926
v 14.230768 -0.374665 4.003609
v 14.438645 -1.532625 0.775308
v 11.398589 3.075564 0.499744
v 11.725466 3.530564 2.509803
v 11.501429 3.341314 4.836529
v -13.717551 4.115223 5.131339
v -13.825041 6.257751 5.897178
v -14.411961 6.103018 5.111779
v -15.107000 9.240793 4.865131
v -14.508631 9.157793 5.708923
v -16.003231 12.787863 4.442034
v -16.010252 14.386377 4.370461
v -15.014381 14.584791 5.287590
v -15.291152 15.587065 4.568253
v -13.945807 15.355015 5.388575
v -13.925551 15.827648 4.939232
v -16.089779 15.132252 2.919961
v -15.532901 15.973812 3.226653
v -15.811481 15.269651 1.248885
v -15.205641 16.160322 1.916343
v -14.345451 16.360901 1.052123
v -14.869050 15.650103 0.297014
v -12.816180 16.799051 0.791780
v -11.032991 16.251131 5.285225
v -11.004101 15.712080 5.796776
v -10.200263 16.355553 5.328646
v -9.049700 15.419271 5.927210
v -8.739111 16.021311 5.168391
v -8.366762 16.352180 3.992978
v -10.216881 16.949350 4.030438
v -8.545881 16.874622 2.895146
v -10.043140 17.235117 1.280748
v -8.598462 16.729591 1.298438
v -9.799520 16.600515 0.351917
v -8.556303 16.210152 0.878831
v -11.303772 17.052200 0.802223
v -13.780601 16.308281 3.413296
v -11.660251 16.794701 3.305532
v -9.625512 17.283951 3.015204
v -15.122221 13.900913 0.087243
v -15.651510 13.681153 0.452949
v -15.616050 11.917413 0.964299
v -14.839840 12.034793 0.055543
v -14.517241 9.934863 0.094433
v -15.325770 9.789034 1.307316
v -14.548901 7.494304 0.503445
v -14.792181 7.350713 1.301060
v -13.959471 5.605890 0.179243
v -14.443541 5.476137 1.225490
v -13.365480 4.654254 0.128269
v -13.740962 3.827684 1.317825
v -12.017511 3.917844 0.160856
v -10.435741 3.245774 0.362997
v -10.240492 2.861694 1.206674
v -11.458211 2.673944 1.956481
v -13.131322 2.874964 2.830419
v -12.063251 2.601065 3.003148
v -13.317842 3.161884 4.706706
v -12.127730 2.758884 4.926432
v -11.857241 3.378154 6.058233
v -12.813825 3.742767 5.961817
v -9.932605 3.331919 5.981720
v -11.001671 3.557254 6.269206
v -9.058181 4.112293 6.427402
v -8.123602 3.737593 5.739525
v -7.693836 3.850661 0.506601
v -7.112171 3.787624 1.313676
v -6.509122 5.085055 3.939523
v -6.909586 4.918252 6.011828
v -6.940655 4.059767 5.253943
v -6.502720 5.191961 1.926202
v -6.711238 3.988298 2.074832
v -6.744021 4.717472 1.155338
v -10.159651 2.985364 3.852462
v -8.331951 3.386154 3.711032
v -6.724183 3.966574 3.587102
v -6.667751 6.594614 1.030388
v -7.645391 9.029674 0.043631
v -7.067532 9.078053 0.770579
v -7.776031 12.149723 0.840226
v -8.390890 15.009604 0.649863
v -10.822982 4.310464 0.094366
v -12.910621 14.488993 0.013658
v -12.718141 16.188932 0.213243
v -11.229650 16.580502 0.311471
v -10.977651 14.885702 0.014163
v -8.887111 14.761501 0.077554
v -11.654521 10.738104 0.019465
v -8.397952 11.886993 0.133458
v -7.624942 4.819682 0.106544
v -13.048370 5.831478 0.030689
v -7.110611 6.429778 0.155268
v -7.261812 8.320473 6.144790
v -7.733842 8.254563 6.522207
v -8.438622 11.356432 6.699084
v -7.808773 11.678642 6.203499
v -8.601562 14.045172 6.349611
v -6.812021 8.026033 3.928213
v -7.070731 12.018013 3.761244
v -7.651480 14.549902 3.840895
v -8.072661 15.824701 2.457486
v -11.724701 11.715652 6.218138
v -10.905750 7.534063 6.370963
v -15.440641 13.834032 5.294828
v -15.524310 12.694662 5.454197
v -9.054029 13.968422 6.550817
v -9.915539 15.641415 6.022968
v -8.297512 4.520193 6.484507
v -7.622162 5.060520 6.583280
v -13.024691 4.388643 6.019982
v 2.813256 7.442424 37.133850
v 1.838510 9.701863 37.237003
v 2.092236 9.904116 44.475452
v 2.976311 7.610326 44.261154
v -0.354244 10.806440 37.168434
v -0.169629 10.738874 44.325241
v -3.442232 10.385106 37.164715
v -3.424150 10.331542 44.425358
v -5.864331 8.171320 37.200703
v -5.241188 8.073188 44.421513
v -6.378983 5.099025 37.199936
v -5.603103 5.261715 44.431293
v -5.488719 2.397055 37.292759
v -4.799894 2.866297 44.533836
v -3.074194 0.826313 37.288597
v -2.701601 1.078159 44.647495
v -0.775875 0.631403 37.311211
v -0.444292 0.650190 44.690029
v 1.005321 1.876095 37.247791
v 1.114848 1.790372 44.527718
v 2.223928 3.673417 37.187443
v 2.246581 3.662484 44.388771
v 2.823308 5.170595 37.217167
v 2.930548 5.239969 44.461803
v 2.857988 7.406550 30.388178
v 1.774166 9.634129 30.410023
v -0.441481 10.817331 30.404200
v -3.495916 10.452668 30.294127
v -6.238526 8.283291 30.379780
v -6.876518 5.028501 30.362667
v -5.803195 2.083673 30.491314
v -3.212706 0.702328 30.377548
v -0.889527 0.574251 30.393303
v 1.007939 1.857858 30.402180
v 2.210818 3.676479 30.387798
v 2.758387 5.177770 30.386909
v 1.817558 9.631374 24.398876
v 3.019936 7.433758 24.391415
v 3.189407 7.466907 18.591639
v 1.854928 9.621523 18.592554
v -0.475869 10.718640 24.420734
v -0.481393 10.704262 18.617607
v -3.536772 10.488924 24.200665
v -3.510064 10.527559 18.387983
v -6.380986 8.420587 24.371061
v -6.552779 8.616199 18.549793
v -7.094032 5.048683 24.330801
v -7.188651 5.129476 18.501030
v -5.767035 1.948582 24.587456
v -5.656096 1.985823 18.788458
v -3.160278 0.764569 24.365530
v -3.134803 0.880388 18.558937
v -0.867738 0.585097 24.396826
v -1.050267 0.722785 18.659685
v 1.092213 1.791419 24.420706
v 1.145862 1.707887 18.636766
v 2.197471 3.671339 24.390541
v 2.322765 3.572148 18.590733
v 2.725723 5.248624 24.383541
v 2.935727 5.217116 18.586088
v 1.921528 9.716867 13.200568
v 3.480664 7.570666 13.192613
v 3.937685 7.784363 8.778980
v 1.979549 10.078300 8.806734
v -0.439770 10.863838 13.182611
v -0.422768 11.314146 8.776988
v -3.448478 10.627775 13.140897
v -3.559019 10.930783 8.725996
v -6.671967 8.834517 13.095338
v -6.716994 8.826159 8.590429
v -7.049852 5.266400 13.066700
v -6.957301 5.229236 8.704852
v -5.457639 2.209962 13.187596
v -5.656239 2.134370 8.763292
v -3.128461 1.008027 13.162695
v -3.266028 0.762828 8.781096
v -1.306345 0.950964 13.434913
v -1.089770 0.866954 8.886182
v 1.243046 1.516214 13.254659
v 1.490846 1.139683 8.791483
v 2.665756 3.336852 13.185871
v 3.081589 3.096850 8.786506
v 3.484760 5.068838 13.194444
v 3.999195 4.918565 8.906516
v 1.302373 7.321815 84.652283
v 0.780923 8.709728 84.672615
v 0.635784 8.440459 90.089050
v 1.495004 7.161342 89.825287
v -0.941700 9.200005 84.676483
v -0.906102 9.014749 90.141296
v -2.913037 8.694561 84.670288
v -2.729103 8.477627 90.057938
v -4.043164 7.617474 84.665665
v -4.058892 7.566096 89.996399
v -4.281654 5.793088 84.653160
v -4.491440 5.886367 89.833458
v -3.571973 4.027125 84.651314
v -3.609687 3.970612 89.811836
v -2.059957 2.806245 84.678780
v -2.268407 2.883279 90.168770
v -1.007417 2.904252 84.676361
v -0.880892 2.945938 90.136490
v 0.386097 3.724896 84.647331
v 0.375171 3.641686 89.756065
v 1.082103 4.531685 84.658447
v 1.113439 4.713071 89.902191
v 1.432849 5.890134 84.654671
v 1.544545 5.933068 89.854988
v -0.696264 9.495861 66.958862
v -2.942577 9.129109 67.148964
v -2.833894 8.877418 76.495201
v -0.898170 9.324814 76.440468
v 1.202859 8.841879 66.687569
v 0.822077 8.732387 76.307640
v 1.863318 7.164129 66.893745
v 1.375910 7.231796 76.186172
v 1.519151 5.683303 76.333046
v 1.573752 4.237818 67.039368
v 2.039439 5.464575 67.149223
v 1.138188 4.428992 76.318741
v 0.684379 3.027067 67.190056
v 0.394721 3.428557 76.276413
v -0.572773 2.209031 67.386398
v -0.837301 2.629927 76.669044
v -2.761939 2.437545 67.274239
v -2.361496 2.707573 76.641075
v -4.456687 3.704828 66.950996
v -3.852863 3.920626 76.202118
v -4.828137 5.452030 66.823257
v -4.410829 5.694668 76.229248
v -4.402789 7.511579 67.104431
v -4.043892 7.545313 76.425476
v -0.204911 10.139105 52.354557
v -3.153133 9.824667 52.539207
v -3.048214 9.343142 58.222271
v -0.306591 9.557438 58.070255
v 1.869489 9.592945 52.528240
v 1.603912 9.088581 57.996815
v 2.563646 7.430182 52.257095
v 2.247799 7.140372 57.941448
v 2.373645 5.396781 58.233925
v 1.910785 3.862246 52.450920
v 2.550361 5.352655 52.557137
v 1.809596 4.069177 58.124290
v 0.978076 2.162062 52.646214
v 0.894401 2.659810 58.304001
v -0.290600 1.213917 52.883762
v -0.387346 1.798126 58.529205
v -2.364676 1.726518 52.825073
v -2.582182 2.147294 58.445198
v -4.060400 3.422657 52.610600
v -4.320587 3.591281 58.178810
v -4.674193 5.382703 52.497467
v -4.638988 5.235243 58.001465
v -4.424841 7.788064 52.504463
v -4.445906 7.555073 58.184555
v 1.692007 9.887915 4.554042
v 3.753979 7.694949 4.508599
v 2.873914 7.078373 0.088616
v 1.088045 8.977699 0.088578
v -0.482590 11.070656 4.533691
v -0.795376 10.002069 0.088597
v -3.412181 10.593960 4.474601
v -3.332688 9.589205 0.088654
v -6.103922 8.376191 4.262409
v -5.664007 7.668396 0.088854
v -6.367890 5.156006 4.432639
v -5.716211 4.908451 0.088654
v -5.440220 2.318842 4.446610
v -4.965590 2.529806 0.088644
v -3.189343 0.913485 4.482468
v -3.085729 1.388001 0.088615
v -0.810990 1.169730 4.401187
v -1.051933 1.150131 0.088777
v 1.411691 1.301490 4.445733
v 0.845263 1.541002 0.088682
v 2.932330 3.173397 4.492435
v 2.162288 3.162260 0.088634
v 3.886373 4.835747 4.705314
v 3.113573 4.572172 0.088453
v 1.041420 6.844408 95.258636
v 0.233422 8.091387 95.296410
v -0.193953 7.431050 99.600731
v 0.374318 6.716198 99.697769
v -0.956001 8.845244 95.314247
v -1.149301 7.778914 99.702629
v -2.431800 8.190214 95.141548
v -2.109567 7.627362 99.730286
v -3.462285 7.566782 95.093918
v -3.018693 6.891798 99.792770
v -4.042372 6.563165 95.238075
v -3.326327 5.895801 99.700073
v -3.945836 6.011393 95.243347
v -3.935510 5.039357 95.333710
v -2.762662 4.604845 99.656693
v -3.331059 4.052712 95.287270
v -2.215256 3.570761 95.215355
v -1.969275 4.135977 99.640503
v -2.733380 3.731785 95.253059
v -1.705097 3.408475 95.240906
v -0.898482 3.426389 95.240906
v -1.126105 4.053292 99.694275
v -0.447540 3.487503 95.264221
v -0.352096 4.319496 99.712006
v 0.009163 3.786298 95.262688
v 0.780392 4.970355 95.277435
v 0.308607 4.992946 99.664009
v 0.477891 4.140208 95.279495
v 1.350985 5.946904 95.295662
v 0.557545 5.965954 99.596115
v -1.848222 4.235414 101.216812
v -1.902630 4.179142 100.568840
v -0.848665 4.250780 100.576263
v -0.967843 4.348575 101.327644
v -2.688295 4.644821 100.541534
v -2.593192 4.718863 101.152687
v -2.953727 5.809296 101.231560
v -3.165990 5.843407 100.615967
v -2.624513 6.503203 101.431137
v -2.908184 6.751043 100.670067
v -2.056190 7.422364 100.651726
v -1.916138 6.967952 101.470680
v -0.667774 7.377574 100.594208
v -0.886614 6.914221 101.434883
v -0.227975 5.002653 101.274261
v 0.068207 4.971686 100.507278
v 0.258117 6.198032 100.458374
v -0.108368 6.007907 101.295815
v -2.349173 6.029369 102.242470
v -2.619404 5.464822 102.089211
v -2.428314 4.800358 102.037636
v -1.908542 4.395322 102.081718
v -1.137110 4.492671 102.182938
v -0.644202 5.075239 102.219139
v -0.661418 5.786809 102.196259
v -1.222378 6.329921 102.217377
v -1.872813 6.370266 102.207977
v -1.933843 4.621832 102.848404
v -1.516113 4.572535 102.920074
v -1.172771 4.893160 103.038643
v -1.402063 5.649327 103.037636
v -1.949612 5.637752 102.998047
v -2.252332 5.218658 102.955650
v -2.199553 4.901924 102.935425
v -1.855163 4.845716 103.336884
v -1.852929 5.270859 103.361610
v -1.478647 5.263641 103.356499
v -1.170501 5.377899 103.041191
v -1.434862 4.909411 103.350052
v -1.638493 4.782512 103.352715
v -1.681840 5.013930 103.481552
v 1.898008 7.093187 62.841938
v 2.064363 5.431449 63.103165
v 1.581118 4.175912 62.997673
v 0.715783 2.917446 63.154297
v -0.508928 2.087792 63.354630
v -2.672415 2.343009 63.254868
v -4.350305 3.661654 62.964806
v -4.498569 5.191759 62.747524
v -4.313046 7.474599 63.057514
v -2.898915 9.145679 63.096825
v -0.462848 9.376261 62.976238
v 1.269839 8.869782 62.724072
v -3.600713 1.202888 3.807582
v -2.838069 -0.026038 3.794154
v -1.903135 -2.025868 3.624724
v -2.316712 -2.059650 4.204329
v -0.772139 -4.270039 3.334101
v -0.528530 -5.340706 3.284929
v -0.992972 -5.055520 3.919886
v -1.166553 -5.622569 3.914907
v -0.831200 -6.253174 3.420799
v -1.710805 -6.618565 3.675621
v -0.363738 -5.828888 2.288588
v -0.611321 -6.476336 2.499254
v -0.529787 -5.962600 1.140726
v -0.802857 -6.650289 1.599196
v -1.349589 -6.913327 1.005562
v -1.104776 -6.358520 0.486878
v -2.309398 -7.435635 0.826739
v -2.466313 -7.041235 0.429343
v -3.586818 -7.334789 3.913286
v -3.686749 -6.977703 4.264677
v -4.129511 -7.529253 3.943117
v -4.427132 -7.093014 4.420040
v -5.040828 -7.073480 4.354265
v -5.159086 -7.523532 3.833025
v -5.359274 -7.801012 3.025644
v -4.029624 -7.924877 3.051374
v -5.161106 -8.124510 2.271536
v -4.376096 -8.237589 2.354009
v -4.103400 -8.142431 1.162603
v -5.147530 -8.019417 1.174753
v -5.253426 -7.677460 0.886534
v -3.405742 -7.526222 0.496805
v -3.285553 -7.831393 0.833910
v -1.736154 -6.962465 2.627456
v -3.085035 -7.605478 2.553432
v -1.196460 -5.147948 0.342787
v -0.874445 -4.921506 0.593985
v -1.161815 -3.744315 0.945243
v -1.664678 -3.939018 0.321015
v -2.194802 -2.579345 0.347728
v -1.674525 -2.360736 1.180858
v -2.538327 -0.938352 0.628680
v -2.396681 -0.805724 1.176566
v -3.215736 0.239634 0.405978
v -2.910587 0.398972 1.124648
v -3.756198 0.788880 0.370969
v -3.627993 1.399166 1.188077
v -4.769997 1.081144 0.393352
v -5.930931 1.295330 0.532207
v -6.119236 1.523654 1.111726
v -5.330881 1.831521 1.626777
v -4.179110 1.946800 2.227077
v -4.936127 1.970808 2.345733
v -4.011177 1.782311 3.515900
v -4.869310 1.874635 3.666838
v -4.958107 1.419024 4.444274
v -4.262277 1.317534 4.378041
v -6.255380 1.162379 4.391707
v -5.504953 1.171079 4.589184
v -6.725003 0.508495 4.697856
v -7.407588 0.620035 4.225348
v -7.174030 0.121336 4.737071
v -7.678825 0.480000 0.630845
v -8.078218 0.435332 1.185226
v -8.288628 -0.524652 2.988929
v -8.045067 -0.352969 4.412392
v -8.152538 0.227241 3.891801
v -8.311602 0.257370 2.746848
v -8.276940 -0.597283 1.605968
v -8.186074 -0.243101 1.076469
v -8.317030 0.240870 1.708068
v -6.154951 1.428657 2.929114
v -7.320425 0.886795 2.831973
v -7.956666 -1.513020 0.990638
v -6.937286 -2.999483 0.312833
v -7.317477 -3.118282 0.812167
v -6.005699 -4.802685 0.374526
v -6.383399 -5.071779 0.860013
v -5.543751 -6.897281 0.729254
v -5.248143 -6.656782 0.336131
v -5.512184 0.639388 0.347680
v -2.591325 -5.872754 0.292243
v -3.827988 -6.427614 0.292586
v -4.361576 -7.753376 0.524595
v -3.994054 -3.545715 0.296229
v -7.580191 -0.179970 0.356044
v -3.792864 -0.047777 0.303935
v -7.684390 -1.336319 0.389518
v -7.300445 -2.581331 4.503726
v -6.993827 -2.466596 4.762972
v -6.057726 -4.440898 4.884470
v -6.431850 -4.751055 4.544046
v -5.546643 -6.219199 4.644411
v -7.646011 -2.451147 2.981156
v -6.875946 -5.088886 2.866457
v -6.108190 -6.699582 2.921179
v -5.635287 -7.491320 1.970909
v -3.800904 -4.190621 4.554098
v -3.208443 -0.217495 4.333637
v -4.974915 -1.509488 4.659079
v -1.107158 -4.279130 4.029348
v -1.767861 -6.298663 3.984278
v -5.254762 -6.100118 4.782617
v -7.546061 -0.341856 4.804914
v -4.024376 0.916024 4.417991
v -5.392055 8.516255 105.989952
v -3.862499 9.014496 105.419945
v -6.962046 6.996083 104.866920
v -7.081930 6.187686 103.496208
v -9.602336 5.889323 105.430283
v -10.359711 4.883848 104.365608
v -11.921818 4.283101 105.207657
v -11.759335 5.008344 106.211426
v -8.509294 5.624055 103.691589
v -13.799643 3.715904 106.736107
v -12.765788 4.791175 107.235199
v -12.427993 4.776599 106.611122
v -12.630798 5.565392 109.524246
v -16.193003 4.265314 110.516014
v -15.172847 4.633386 110.192329
v -17.102329 4.720676 112.435486
v -16.904449 4.432654 111.634720
v -18.292704 3.456019 111.702782
v -18.438440 3.767176 112.337433
v -17.144135 5.856330 114.445953
v -18.275145 7.144406 117.418297
v -17.458023 8.445929 118.168961
v -21.498669 4.331614 114.681381
v -22.474009 5.859390 116.299675
v -21.372599 5.993507 116.181183
v -18.887461 7.975167 118.269508
v -18.190498 8.384440 118.447617
v -26.205450 7.327774 118.767036
v -25.378874 6.924150 118.091759
v -25.411583 9.297762 121.345497
v -30.439491 9.299699 120.472763
v -29.254709 9.233073 120.610382
v -29.558060 8.086298 119.270187
v -26.681395 9.894899 122.029877
v -33.855610 10.552998 121.740288
v -33.147896 10.024657 121.087547
v -34.429760 9.331233 120.429420
v -35.635506 11.901703 123.745171
v -34.634075 12.345358 124.058296
v -37.850029 12.681501 122.981804
v -38.271786 11.228521 121.801430
v -41.402077 14.949739 123.721771
v -44.193584 17.563004 124.563637
v -45.503574 17.073969 123.945541
v -46.609734 20.689877 125.468117
v -45.946144 20.071163 125.422241
v -44.399376 19.312864 125.696045
v -48.792728 21.929718 125.381500
v -47.878857 22.393724 125.839920
v -49.376717 24.653017 126.397415
v -51.474430 26.305178 126.589920
v -50.529205 26.467077 127.000359
v -50.021957 27.065914 127.603561
v -47.113644 27.181971 129.100876
v -47.582943 26.371140 128.204926
v -50.809990 27.283522 127.423164
v -51.102070 27.333763 127.357704
v -52.102528 27.895908 127.718925
v -51.388767 28.050961 127.898438
v -51.013817 27.103817 127.251770
v -44.565750 25.386196 128.843979
v -40.898045 24.289557 129.505035
v -37.177635 24.890238 130.715195
v -37.634155 23.696264 129.957779
v -36.585934 23.811609 130.195709
v -35.491940 24.592041 130.859116
v -34.963051 24.042492 130.755325
v -35.638931 23.210627 130.177689
v -35.196144 21.705179 129.777145
v -34.608845 19.387579 129.063721
v -32.763416 18.878958 128.983841
v -30.302816 23.078705 131.171463
v -29.326990 21.939159 130.395569
v -30.061283 21.622110 130.212479
v -26.342083 20.970610 129.878555
v -23.234005 19.662218 128.731384
v -19.467937 19.978376 128.393402
v -20.224495 18.634800 127.416031
v -16.995197 19.077766 126.924606
v -18.116751 17.903570 126.260849
v -17.182503 17.341778 125.576225
v -15.927925 18.457758 126.110191
v -16.843302 15.964832 124.570808
v -16.340857 13.736334 122.913239
v -12.045165 15.271364 121.016060
v -12.972462 15.206915 121.545006
v -12.587515 16.657942 122.622772
v -14.391722 13.599545 121.337753
v -10.127827 15.521992 120.023689
v -10.992805 14.483772 119.492241
v -9.168116 13.243433 116.431267
v -6.700138 12.141282 112.220413
v -5.342130 12.954168 111.889793
v -6.234964 10.513624 109.413803
v -4.999846 10.580399 108.133690
v -3.759099 10.224197 107.010864
v -4.914100 9.854746 107.263824
v -15.607439 13.236426 122.003685
v -34.639961 16.562904 127.192764
v -35.683422 14.762047 125.461189
v -25.506783 10.089170 122.168312
v -48.379864 25.464605 127.395103
v -46.153538 23.440516 127.285706
v -41.581047 22.520987 128.642670
v -42.995865 20.623104 127.242058
v -38.672180 21.655561 129.002289
v -41.136356 18.447102 126.464920
v -37.248676 21.204189 129.087173
v -38.224575 18.640293 127.624435
v -39.107113 17.243177 126.358597
v -28.154200 18.175211 128.317902
v -29.550619 15.328413 126.614677
v -30.997841 13.280644 125.069794
v -31.188725 10.825256 122.564308
v -26.411386 14.199615 125.771851
v -28.276058 11.545240 123.662750
v -25.021688 17.046267 127.394302
v -23.944611 12.625164 124.237366
v -21.968908 16.056347 126.184196
v -18.989323 14.848021 124.484146
v -21.064749 11.771326 122.755882
v -18.183578 10.959597 121.034805
v -21.956890 8.413843 119.447533
v -16.894251 10.484276 120.033836
v -13.492324 9.679541 116.828613
v -15.447240 7.053042 114.951546
v -11.303989 9.381322 114.295151
v -14.013506 6.478204 112.700394
v -14.614541 5.371707 111.228340
v -11.194474 6.846319 110.388657
v -8.756023 9.437538 111.466347
v -7.357482 9.094425 109.130363
v -10.035513 6.741808 108.268066
v -6.053854 8.737554 107.090172
v -7.282480 7.243648 105.966614
v -4.413957 7.425691 106.608086
v -3.969678 7.219085 104.792534
v -6.220962 5.602107 105.236588
v -5.177702 6.150412 103.978020
v -6.710444 5.335589 103.775627
v -9.677872 4.204836 106.120781
v -11.098216 3.598764 106.472420
v -10.003582 4.019215 104.658302
v -8.170856 4.738041 103.948021
v -8.195394 4.713892 105.333702
v -11.920930 3.342975 107.241821
v -13.317703 2.881472 107.039001
v -11.895109 4.155259 110.067291
v -12.971663 3.490418 109.318542
v -15.542523 2.931037 111.139641
v -15.850887 2.503532 109.743668
v -15.301538 2.579135 109.502449
v -14.528473 3.187931 110.772827
v -16.579872 3.372521 113.172508
v -17.913891 2.624136 112.093430
v -16.318771 2.998593 112.282440
v -16.574587 4.468989 115.284172
v -17.881134 4.307599 115.328613
v -17.804249 6.137456 118.199997
v -16.842279 7.167436 119.138992
v -21.155285 4.717748 117.241043
v -22.353979 4.523671 117.133408
v -18.547365 6.677332 119.296463
v -17.746891 7.155723 119.591980
v -26.220312 5.963718 119.717087
v -27.438841 5.872646 118.992317
v -25.311127 5.544244 118.985184
v -25.193993 8.071264 122.475327
v -30.640570 7.878319 121.282440
v -30.394749 7.273249 119.730232
v -29.709805 7.241708 119.829987
v -29.421181 7.813454 121.476486
v -26.730885 8.621296 123.133110
v -34.103760 9.150824 122.678246
v -34.782650 8.762455 121.365326
v -33.351486 8.632223 121.896690
v -35.818394 10.930873 124.412018
v -34.806549 11.211157 125.131981
v -38.860222 11.702631 123.917412
v -37.906059 10.327024 122.637268
v -37.871723 11.507077 124.206291
v -35.992039 11.777245 125.339775
v -41.905006 13.953192 124.795074
v -42.748310 13.579768 123.589584
v -45.057934 16.951530 125.818069
v -45.873615 16.480175 124.679909
v -44.625443 16.290535 125.493507
v -44.899235 17.838779 126.531075
v -45.679352 18.006460 126.046638
v -47.362179 19.896681 126.608742
v -47.644535 19.140856 125.580307
v -47.270607 18.764933 125.623154
v -46.634956 19.227573 126.596451
v -45.328880 18.566792 126.823502
v -48.629608 21.638563 126.907066
v -50.152618 23.858908 127.427727
v -51.331772 25.643566 127.934883
v -51.891029 25.800228 127.264442
v -50.523769 26.587193 128.958313
v -48.060822 25.864176 129.582458
v -50.276512 27.497232 129.128128
v -51.392227 26.789036 128.708557
v -52.289906 27.501122 128.208145
v -51.837872 26.752630 128.439194
v -51.808304 26.372839 128.153397
v -45.005898 24.811508 130.202087
v -44.538357 25.947884 130.540115
v -40.936188 25.130379 131.142731
v -41.225883 23.853600 130.904327
v -37.931652 23.272203 131.430893
v -37.434631 24.588535 131.604721
v -36.891705 23.089594 131.573959
v -35.634216 24.248131 131.925568
v -35.839962 22.611792 131.642807
v -35.012287 23.790070 131.839355
v -35.447708 21.211561 131.255417
v -34.441868 21.725786 131.339478
v -34.934235 18.704584 130.444855
v -32.768833 18.111019 130.446793
v -30.058765 20.971685 131.720901
v -29.286114 21.341501 131.846924
v -26.228731 20.371273 131.201813
v -22.991791 18.954081 130.088715
v -19.845957 17.865570 128.770645
v -16.925404 16.762285 127.208115
v -16.684780 18.668266 127.853676
v -16.387968 16.297874 126.733498
v -15.172113 17.491600 126.678329
v -15.376006 12.436440 123.631119
v -11.157130 14.418694 122.086044
v -11.801885 16.108486 123.549171
v -12.276729 15.875113 123.786140
v -12.105561 14.227247 122.661560
v -13.484090 12.575213 122.459862
v -10.050002 13.649147 120.459671
v -7.381722 14.107090 117.384743
v -8.184281 12.461359 117.272194
v -5.584780 11.239655 113.051338
v -5.697724 13.080126 114.487450
v -4.605805 12.377184 112.456467
v -5.280241 10.557973 111.773010
v -4.474103 12.022170 111.948044
v -5.118357 9.567506 110.249214
v -4.211864 9.705821 109.293114
v -3.407039 10.948071 109.269920
v -3.876921 8.925746 108.014015
v -34.024422 17.784609 130.188858
v -35.133247 12.006712 125.758766
v -44.741314 18.352858 126.974167
v -25.365263 8.889353 123.376778
v -50.884258 25.951607 128.506775
v -48.987930 24.737328 128.663513
v -47.086250 22.471670 128.331451
v -45.591671 23.767780 129.580200
v -41.971451 21.940651 130.049561
v -45.951096 20.595068 127.811180
v -43.613270 19.825027 128.474991
v -39.184113 21.060520 130.327301
v -40.860596 18.226160 128.460144
v -43.338226 16.307079 126.098320
v -37.620228 20.597569 130.583557
v -39.087326 17.102703 128.260117
v -34.375538 16.017809 129.009872
v -36.049358 13.702877 126.824570
v -37.180283 12.684338 125.571426
v -29.536280 14.379158 127.964050
v -31.059467 12.208315 126.325722
v -28.070278 17.346430 129.761963
v -32.756325 9.938780 123.964516
v -28.335651 10.465787 124.857780
v -26.341597 13.257640 127.096130
v -24.833397 16.194487 128.797409
v -29.876394 9.109596 123.228691
v -23.715221 11.588253 125.535667
v -21.642288 15.152605 127.557304
v -18.581383 13.882254 125.817223
v -20.703320 10.656777 124.004990
v -16.985270 9.623927 121.697083
v -23.056915 7.393838 121.181961
v -13.006608 11.444279 121.032593
v -12.617105 8.520319 117.834274
v -14.145585 6.293475 116.237068
v -10.396863 8.287991 115.253220
v -12.305156 5.922938 113.774277
v -11.028401 5.605929 111.929291
v -8.658918 8.116270 113.098793
v -6.075326 7.900794 109.414345
v -5.121898 7.620761 107.842552
v -8.908733 5.259521 108.244583
v -7.183143 5.535155 106.488434
v -3.322679 8.392240 105.884270
v -5.552091 6.927132 103.722488
v -11.579504 3.457669 105.478455
v -13.585739 3.739736 106.357368
v -13.092529 2.918607 106.521935
v -16.225050 3.472030 109.333496
v -15.777450 3.580634 109.067474
v -13.495094 4.735102 108.928749
v -18.055084 2.835406 112.612656
v -18.360624 5.264530 114.779907
v -22.035984 3.581053 115.089355
v -22.110266 4.257186 114.680061
v -21.394295 3.611714 115.111603
v -27.443817 6.672362 118.416145
v -27.324392 6.252281 117.979179
v -27.288790 5.531157 118.431366
v -30.358959 8.100376 119.150162
v -26.258919 9.108070 121.441368
v -26.396862 8.014604 122.112984
v -34.750587 9.650463 120.753975
v -34.553291 8.571293 120.981255
v -38.668732 10.537628 122.504112
v -37.627983 11.176384 121.971306
v -42.560246 14.083319 123.032318
v -46.030163 16.903522 124.894257
v -45.584873 17.482262 124.134521
v -45.280918 18.696615 125.054237
v -47.116886 19.724394 124.828499
v -46.723083 19.410517 124.826843
v -49.186062 21.431898 126.016678
v -50.718422 23.795633 126.601860
v -50.270874 24.361343 125.960152
v -47.430233 26.779190 129.911514
v -49.941364 27.893156 128.407120
v -51.708488 27.721096 128.599457
v -52.163086 27.407789 127.254066
v -52.378273 26.871241 127.673698
v -44.250484 26.415813 129.773361
v -40.612751 25.559427 130.416946
v -34.345417 22.081728 130.282303
v -33.807510 19.132084 130.689575
v -33.707760 19.567263 129.569031
v -31.912304 21.009308 131.557861
v -31.940605 21.528812 130.427383
v -29.765789 22.741840 132.183060
v -29.741573 23.145523 131.249985
v -30.399933 22.602913 132.086960
v -25.705938 21.787088 131.470123
v -25.649759 22.005644 130.690842
v -22.385757 20.627413 130.538605
v -22.555428 21.018970 129.763626
v -19.367340 19.652523 129.332947
v -15.568979 17.931360 125.633163
v -15.499574 18.049065 127.024681
v -14.741707 15.579569 125.425545
v -15.277810 16.111347 124.330803
v -12.994900 16.529936 122.784081
v -15.187016 14.267845 123.047577
v -14.381015 13.550950 123.937210
v -9.504219 15.120468 120.828194
v -8.010568 14.557238 116.876160
v -6.369041 13.583947 113.905121
v -5.225507 12.700092 111.414673
v -4.517817 10.650204 110.213737
v -3.589021 11.036510 109.622269
v -4.251286 11.703783 108.992409
v -5.258514 11.383942 109.457817
v -3.968588 11.598923 108.742233
v -3.218988 9.660444 107.562607
v -4.460990 6.900003 102.718376
v -3.731576 7.496603 103.108971
v -4.433567 7.913382 104.375473
v -3.449761 7.043931 103.407166
v -4.202518 6.411131 102.904091
v -2.402641 6.567077 100.592079
v -2.024392 6.898200 100.845062
v -3.040017 7.269567 101.820045
v -2.789353 6.918917 102.094536
v -3.463944 6.913860 101.633995
v -2.218556 7.138271 100.612732
v -2.563097 6.862164 100.479012
v -3.256523 6.520505 101.782372
v -1.483991 10.502159 102.654678
v -0.664913 9.563340 102.681709
v -1.816999 9.051577 102.578903
v -3.352636 10.379648 102.343056
v -5.056002 11.813049 102.143272
v -7.015888 12.611170 101.945183
v -6.350476 13.175560 102.106888
v -5.078148 10.294445 101.906891
v -6.684297 14.216164 102.273727
v -6.687209 13.692820 102.142174
v -5.620653 15.602831 102.919647
v -7.750069 17.714676 102.654663
v -7.155444 17.090471 102.715897
v -8.249446 16.625957 102.493965
v -7.440359 19.335144 102.905083
v -7.708620 18.730110 102.781097
v -7.081000 21.343302 103.107353
v -6.323580 20.691420 103.179260
v -5.268055 23.216118 103.323044
v -4.095623 23.387220 103.348061
v -8.347841 24.358366 101.941719
v -7.793294 23.786015 102.239220
v -5.010530 24.087072 103.079735
v -4.403860 23.909018 103.217743
v -8.649636 27.775743 100.841347
v -8.657307 26.937241 101.068657
v -9.892202 27.685408 100.591835
v -6.874100 29.639339 101.072311
v -6.538517 29.177374 101.252930
v -9.109379 31.084049 98.950882
v -8.564101 30.593513 99.491768
v -9.623142 29.829147 99.324471
v -6.632656 30.285099 100.751160
v -9.672948 33.623936 97.566673
v -9.805017 32.835438 97.820007
v -10.762421 33.313583 97.241577
v -9.061867 35.929928 97.055794
v -8.447427 35.606724 97.357033
v -10.028571 36.589558 95.475700
v -11.251955 35.890270 95.518654
v -10.219379 39.028873 93.297867
v -9.844765 41.218361 91.268349
v -10.807087 41.375820 90.744667
v -10.591365 41.558624 90.600212
v -9.485633 42.144947 90.520355
v -8.994653 43.339607 89.142014
v -9.043432 42.911293 89.688103
v -9.848457 42.824432 89.444374
v -8.686203 42.222569 90.782906
v -9.264787 44.465214 87.642746
v -8.539484 44.397560 87.954285
v -7.837621 45.747913 86.478333
v -7.213232 46.894001 85.384338
v -6.497313 47.085617 85.531708
v -4.745523 46.511356 87.199776
v -5.600947 46.178173 87.069954
v -6.781370 47.382053 85.050804
v -6.901053 47.486217 84.891632
v -6.526104 47.960327 84.633240
v -7.018649 47.354191 84.991585
v -3.674795 45.430286 88.965584
v -4.586930 44.976063 88.992935
v -3.323480 43.458363 91.232918
v -1.003012 42.397099 92.847343
v -2.020056 42.079937 92.974251
v -1.408388 41.736359 93.414391
v -1.310245 41.195862 94.065636
v -2.046980 40.544800 94.823700
v -2.652263 39.346710 96.380821
v -3.251478 39.520386 95.924454
v -2.685610 38.500286 96.871208
v -0.464970 39.230885 96.449989
v 1.609376 38.907291 96.800392
v 0.962677 38.105724 97.230385
v 0.404733 38.303917 97.035233
v 1.676722 36.240181 98.636986
v 2.106913 33.896240 99.994698
v 2.607010 31.540344 101.098534
v 4.171872 29.746723 101.847572
v 2.892783 29.754448 101.775444
v 2.844403 28.833323 102.120262
v 1.985376 27.896442 102.514778
v 1.308232 25.923519 103.326859
v 0.557766 26.368448 103.126854
v 2.948437 23.399996 103.168083
v 2.617946 24.137831 103.075813
v 3.615454 25.001356 102.880875
v 1.004649 24.471289 103.263512
v 3.667586 21.935452 103.299995
v 2.617906 21.891609 103.312172
v 3.328999 18.950615 103.237434
v 2.012423 19.051203 103.317261
v 1.495240 15.255497 103.000900
v 0.109056 13.172903 102.795113
v 0.395361 11.856831 102.679459
v -0.192286 11.209187 102.706390
v 0.393174 25.399338 103.272049
v -5.352656 38.127747 96.664223
v -7.278718 37.368061 96.432449
v -5.929672 29.822788 101.167923
v -6.674863 45.965885 86.874695
v -6.796974 44.561707 88.700333
v -4.839922 43.041397 91.496498
v -6.916028 42.635986 91.317253
v -3.880559 41.739803 93.201004
v -7.462560 40.989887 92.799500
v -3.448636 41.049648 94.005829
v -5.709733 40.303810 94.308746
v -7.225328 39.787926 94.139099
v -1.105453 35.812164 98.694939
v -3.774954 35.090611 98.876190
v -5.984589 34.595562 98.698975
v -8.084163 32.874077 98.792709
v -3.154332 32.937737 100.283691
v -6.041452 32.228867 100.011520
v -0.509107 33.612827 100.066391
v -3.270108 30.637432 101.364487
v 0.057786 31.301229 101.213715
v 0.343869 28.714855 102.229584
v -2.778665 28.268858 102.258949
v -2.321316 25.770069 103.027168
v -5.901240 26.297274 102.198082
v -2.229177 24.489666 103.331100
v -1.887542 20.870081 103.653763
v -4.741513 20.343929 103.434837
v -1.668925 18.292738 103.545822
v -4.958641 18.255974 103.301567
v -6.228231 17.528446 102.999298
v -4.020213 15.601677 103.189476
v -1.157490 15.423889 103.266701
v -1.279012 13.345411 102.966370
v -4.071108 13.790966 102.768387
v -1.385998 11.484770 102.764801
v -3.083846 11.204016 102.569916
v -1.474096 10.281214 103.605713
v -0.647666 9.511387 103.283234
v -3.636166 10.101194 103.261063
v -3.140837 8.959197 102.897507
v -4.358586 9.485329 102.659714
v -5.789134 12.076941 103.039871
v -6.694981 12.880884 102.961731
v -7.215076 12.523719 102.499924
v -5.312697 10.191445 102.484894
v -5.012642 10.978069 103.005791
v -7.031490 13.683003 103.107086
v -7.955016 14.127468 102.787315
v -5.877868 15.419323 103.914055
v -7.974230 17.612497 103.613373
v -8.665283 16.897856 103.188347
v -8.446892 16.529064 103.253372
v -7.460386 16.949278 103.707451
v -7.712633 19.341003 103.866928
v -8.798250 19.604687 103.407455
v -8.018104 18.652647 103.774063
v -6.579048 20.715090 104.220558
v -7.230581 21.300016 103.892586
v -4.253155 23.455185 104.407066
v -8.064190 24.065798 103.201447
v -8.748632 24.543268 102.802170
v -5.265223 24.285200 104.079948
v -4.567255 24.139692 104.265930
v -9.091453 28.084747 101.721085
v -9.086355 27.175001 101.960472
v -6.769122 29.491884 102.223320
v -7.325247 29.897362 101.739670
v -9.672400 31.376930 99.748383
v -9.963667 30.072681 99.839523
v -9.100519 30.897228 100.325455
v -7.006732 30.683054 101.646431
v -10.222574 34.012363 98.390274
v -10.356871 33.132507 98.599998
v -8.805800 36.051285 98.130417
v -10.702594 37.333603 95.831413
v -11.350263 36.027538 96.367355
v -10.286383 37.001083 96.429016
v -8.991398 36.799110 97.491768
v -10.648380 39.603245 93.910454
v -10.184842 42.106590 91.642960
v -11.080581 41.815639 91.148064
v -10.431169 41.626804 91.996582
v -9.444264 42.568756 91.556099
v -9.753886 42.714520 91.060402
v -9.414590 44.069317 89.618507
v -10.190919 43.564320 89.509628
v -10.218240 43.371216 89.839790
v -9.453053 43.626457 90.224022
v -9.164649 43.043682 91.150139
v -8.953211 45.088421 88.384453
v -9.518395 44.863277 87.958977
v -8.287831 46.427681 86.902763
v -7.707649 47.533916 85.771286
v -6.606392 47.860405 86.026711
v -5.711957 46.950264 87.595573
v -6.005713 47.983288 85.786377
v -6.943358 48.159313 85.491882
v -6.662327 48.381149 84.915428
v -7.219457 48.211185 85.239655
v -7.562837 48.074539 84.715401
v -7.471513 47.986858 85.315186
v -4.733297 45.708447 89.556084
v -3.860141 45.856438 89.350388
v -2.499942 44.376629 91.396164
v -3.348097 44.182117 91.779640
v -2.017934 42.835773 93.554184
v -1.602701 42.398483 94.102249
v -1.369159 41.875980 94.768044
v -2.056405 41.271442 95.459587
v -3.407218 40.210682 96.576843
v -2.739145 39.107422 97.691063
v -0.461156 39.731709 97.113808
v 0.419982 38.945473 97.820770
v 1.012404 38.705578 97.977608
v 1.726096 36.741035 99.350357
v 2.765942 36.864491 99.012924
v 3.427537 34.583244 100.457932
v 2.160635 34.358353 100.815659
v 3.983006 32.311409 101.578781
v 2.683280 31.945934 101.991829
v 3.028820 29.493813 102.987206
v 4.308095 30.041628 102.459663
v 2.905987 28.900648 103.220535
v 4.072709 28.507948 103.110641
v 0.463520 26.088228 104.225456
v 1.495712 25.937456 104.236542
v 3.119156 23.463266 104.156525
v 3.812993 25.143217 103.796997
v 2.716448 24.222734 104.140762
v 1.118181 24.536871 104.367249
v 2.797957 21.888462 104.268005
v 3.475711 18.893473 103.803772
v 2.209056 18.979897 104.207672
v 1.684034 15.112562 103.999298
v 1.133674 14.134954 103.910492
v 0.277362 13.025798 103.817940
v 0.538638 12.051836 103.679832
v 1.600631 12.105284 103.448418
v -0.057208 11.046652 103.653564
v 0.507346 10.602551 103.401390
v -3.556170 39.508404 97.272812
v -8.373641 36.670650 97.871979
v -8.977031 42.822109 91.544151
v -6.181981 30.209679 102.127106
v -7.210077 47.690769 86.015984
v -6.976780 46.708111 87.417809
v -7.440678 45.293438 89.149406
v -5.727865 45.484604 89.594032
v -4.958619 43.779915 92.095932
v -8.084396 44.191696 90.309547
v -7.934705 43.178188 91.740456
v -6.608922 43.540909 91.996323
v -4.090444 42.491653 93.718842
v -6.258770 41.980553 93.831062
v -7.525416 41.661160 93.597481
v -9.686795 41.364922 92.731400
v -3.560668 41.829685 94.659653
v -5.933916 40.999554 94.931610
v -4.988743 38.751961 97.524788
v -7.558028 40.409004 94.810265
v -7.587756 37.955605 97.127686
v -8.979080 37.622173 96.682655
v -3.924688 35.613941 99.737343
v -6.237270 35.089180 99.556305
v -1.157090 36.367649 99.562790
v -8.859383 34.221645 99.046661
v -6.308505 32.698406 100.841354
v -3.287751 33.432453 101.143845
v -0.539755 34.106945 100.958580
v -8.164114 32.303787 100.247169
v -3.388340 31.045475 102.314041
v 0.048812 31.724510 102.162018
v 0.326732 29.079634 103.218040
v -2.891623 28.597527 103.267838
v -2.322411 25.345421 104.207993
v -6.488225 27.630926 102.815399
v 0.357526 23.321106 104.507858
v -1.883566 20.872238 104.762711
v -4.214903 20.366823 104.624855
v -1.625420 18.284359 104.613075
v -4.178349 18.008959 104.452026
v -4.218089 16.282810 104.304588
v -1.450350 16.179327 104.433708
v -1.285297 12.766621 103.938606
v -1.381556 11.354910 103.766449
v -4.337334 13.082383 103.702225
v -3.817307 11.268535 103.461876
v -1.866152 9.001913 103.145836
v -4.163763 9.587286 102.076569
v -2.973823 9.068600 102.389900
v -6.172282 11.462030 101.870491
v -6.379427 11.375328 102.459846
v -7.820755 14.261200 102.162285
v -7.797324 13.981430 102.079178
v -7.951351 13.762760 102.643738
v -8.434230 16.956306 102.493965
v -6.456250 15.582088 102.745148
v -6.780261 15.412560 103.628021
v -8.556087 19.753510 102.787910
v -8.811213 19.294060 102.733719
v -8.970243 19.236414 103.351654
v -9.608287 23.114546 102.593323
v -9.409801 23.034172 102.155045
v -9.117568 22.779827 102.333092
v -9.325241 22.852114 102.811928
v -5.387360 23.285160 104.209290
v -9.877821 28.209530 101.075760
v -9.624080 28.019848 100.525627
v -10.118883 27.802017 101.059311
v -10.265490 30.329403 99.539177
v -9.994365 30.124826 98.980141
v -11.062744 33.522530 97.845299
v -10.868388 32.955833 97.375336
v -11.151381 33.194786 97.854134
v -9.456188 36.191921 97.656105
v -11.594390 36.323349 95.937531
v -10.968643 35.696499 95.835373
v -11.511882 39.305874 93.325348
v -11.332740 39.035248 92.981567
v -10.886223 42.046741 90.981781
v -9.854931 43.045975 89.153130
v -8.763929 46.260216 86.431801
v -8.452895 45.840061 86.097557
v -8.023926 47.478153 85.259239
v -7.775089 47.040672 84.929604
v -4.892828 46.985413 87.562218
v -5.831458 47.552250 85.469994
v -6.947178 48.172836 84.376747
v -7.094618 48.403122 84.655586
v -7.325939 47.884693 84.401848
v -2.300464 43.951199 91.065247
v -1.067092 42.903965 93.208397
v -0.346729 42.202591 94.193626
v -0.354342 41.653595 93.691551
v -0.334131 41.821629 94.597244
v -0.439453 41.293716 94.099396
v -1.337182 40.985706 95.631851
v -1.359712 40.465263 95.110359
v -2.654442 39.889042 96.939850
v 1.605099 39.332619 97.302513
v 1.322527 39.102470 96.599037
v 1.240457 39.541290 97.102516
v 2.722006 36.480499 98.688484
v 3.376914 34.323971 99.967873
v 3.890224 31.904676 101.082230
v 3.886271 28.190889 102.400429
v 4.122891 28.693201 102.211487
v 4.308343 28.923468 102.861816
v 2.906740 27.318281 103.703590
v 2.689770 27.050533 102.873459
v 4.081986 24.842979 103.762657
v 3.813438 24.766167 102.906357
v 3.911738 22.050283 103.967133
v 2.963303 16.260149 103.715851
v 2.809008 16.298248 103.073769
v 2.325204 14.080938 103.620354
v 2.238298 14.199968 102.880104
v 2.436560 14.554022 102.914391
v 2.578443 14.469770 103.611710
v 1.004324 12.861767 102.689171
v 1.522856 12.144680 102.706909
v 1.109250 12.862479 103.548889
v 1.550563 11.842949 103.411034
v 1.531978 11.890210 102.759598
v 0.441947 10.604305 102.792259
v -2.779294 7.876206 102.688004
v -2.696597 7.941708 102.377724
v -2.097699 7.894909 102.842331
v -2.076327 7.901165 102.491013
v -2.180089 6.775620 102.331161
v -2.196971 6.786767 102.593597
v -2.169830 5.684862 102.359062
v -2.177846 5.655646 102.181465
v -2.500605 6.826108 102.276802
v -2.402455 5.709617 102.144379
v -2.546712 6.778263 102.508743
v -2.414497 5.679364 102.297340
v -2.873096 1.172671 104.598000
v -3.677813 1.391829 103.203026
v -2.697277 2.701879 103.411377
v -1.562998 3.493676 104.062500
v -1.052229 2.583641 105.505554
v 0.705197 2.520683 107.830490
v 2.594324 3.232400 109.730072
v 1.956203 2.286938 109.925819
v 2.181981 1.697431 111.222076
v 2.255595 2.102742 110.651451
v 1.680875 0.533968 112.648689
v 0.827005 -0.047863 112.233307
v 3.077304 -0.423029 115.429161
v 2.457767 -0.293853 114.496422
v 3.706684 0.712567 115.064957
v 2.763705 -1.995720 116.900421
v 3.035800 -1.304943 116.431381
v 3.839340 -1.560404 117.945381
v 2.504390 -3.982119 118.671173
v 1.738356 -3.949908 117.613075
v 1.033211 -6.978020 119.375298
v 0.074566 -8.037563 118.785957
v 5.562999 -4.181436 121.168243
v 5.072103 -6.319061 121.577858
v 4.252043 -6.081518 120.869415
v 1.173261 -8.092527 119.867249
v 0.519011 -8.334894 119.392319
v 6.836464 -9.740507 124.272179
v 6.513240 -8.859344 123.637375
v 8.089044 -8.816427 124.840576
v 7.977607 -9.362692 124.936279
v 5.379148 -12.690790 125.001778
v 4.868612 -12.442492 124.465370
v 9.516437 -13.353642 126.467125
v 8.467153 -13.055162 125.995384
v 9.407394 -11.623974 125.866028
v 10.093014 -11.780153 126.166565
v 5.584443 -13.630402 125.244408
v 11.677224 -15.927418 128.332230
v 11.434748 -14.980288 127.841843
v 12.764155 -14.488791 128.366669
v 11.127536 -18.785109 129.253082
v 14.434988 -19.418110 130.011887
v 17.084324 -22.608784 131.037003
v 19.094040 -25.939409 131.553528
v 20.425655 -25.601864 131.997009
v 20.806969 -29.631639 131.634644
v 20.242945 -28.921228 131.612045
v 21.134207 -28.339964 131.901810
v 18.762228 -28.006655 131.428650
v 22.678148 -31.220198 131.913376
v 21.764751 -31.564165 131.574158
v 22.848383 -34.104538 131.443405
v 23.584063 -36.200001 131.414230
v 22.875248 -36.856388 131.219498
v 22.451437 -37.831043 131.182037
v 19.693344 -36.837162 130.596161
v 20.481094 -35.934666 130.760712
v 23.628342 -37.153042 131.377335
v 23.899195 -37.236580 131.451981
v 24.539410 -38.089245 131.797729
v 24.787924 -37.519585 131.791473
v 23.878008 -36.973072 131.468628
v 16.906393 -35.776276 130.005417
v 17.566778 -34.637897 130.193420
v 13.487303 -34.419449 129.056000
v 14.091208 -33.085907 129.369171
v 10.443446 -33.101063 127.885475
v 11.104562 -31.951967 128.333130
v 10.120704 -31.890764 127.891617
v 8.586576 -31.891840 127.279442
v 9.317414 -31.139185 127.734871
v 8.213237 -29.894537 127.746002
v 9.071905 -29.578047 128.087280
v 7.845557 -27.208124 128.348755
v 8.815610 -27.134375 128.613052
v 7.275884 -26.161942 127.889946
v 4.362864 -29.987009 125.664726
v 3.902547 -29.930250 125.422638
v 3.898194 -28.475706 125.367790
v 4.573076 -28.319597 125.793549
v 0.798340 -27.624647 123.624107
v 1.672187 -26.616156 124.049004
v -0.330095 -24.128466 122.437317
v -2.133552 -21.817715 120.608002
v -4.377178 -21.033804 118.384674
v -3.262908 -20.076649 119.180931
v -3.681802 -19.027555 118.569923
v -4.888949 -19.117611 117.466942
v -3.493558 -17.303261 118.504669
v -3.133170 -14.486645 118.395744
v -5.470802 -13.660860 114.086945
v -5.021206 -14.115648 114.933868
v -3.859648 -13.054373 116.417305
v -5.526480 -11.966324 112.983948
v -6.377396 -9.910433 109.723457
v -5.375506 -8.928078 110.727234
v -6.102799 -7.197085 107.479805
v -5.083951 -5.265898 107.316284
v -5.690968 -4.959368 105.768181
v -3.994736 -2.409923 106.143822
v -5.177051 -2.636335 104.204178
v -4.266328 -1.507983 104.653526
v -5.267962 -2.386416 103.993744
v -3.892323 -0.449581 104.448692
v -3.261074 -13.407801 117.689262
v 9.610555 -23.845335 129.151108
v 11.321814 -21.773016 129.551132
v 4.535921 -13.545897 124.617500
v 21.527124 -35.004303 131.139404
v 19.611500 -32.686378 131.063019
v 15.008299 -31.384073 130.136002
v 16.830357 -29.486174 130.998352
v 12.347872 -30.069193 129.373001
v 15.578996 -26.797491 130.755280
v 11.099874 -29.363699 128.955826
v 12.543838 -26.761419 129.926132
v 13.887221 -25.197918 130.325516
v 3.825643 -24.020597 125.501274
v 5.727844 -21.184031 126.683723
v 7.645839 -19.099663 127.550720
v 9.054725 -15.853661 127.371101
v 3.542896 -18.991735 125.157890
v 6.082727 -16.233599 126.207008
v 1.691425 -21.786257 123.925018
v 2.270246 -16.260767 123.767883
v -0.205147 -19.544994 122.121071
v -1.772763 -16.904848 120.160263
v 0.684336 -14.041451 121.799736
v -0.761434 -11.744116 119.652153
v 3.052201 -9.849594 121.956009
v -1.295749 -10.502533 118.587692
v -2.328936 -7.337222 115.185707
v 0.151663 -4.741934 116.417702
v -2.702619 -5.240887 112.565483
v 0.215974 -2.758848 114.523254
v 1.468518 -1.266650 114.480247
v -0.748050 -1.159118 111.358711
v -3.175625 -3.200700 109.373230
v -3.018769 -1.388541 107.319412
v -0.494651 0.293022 109.432610
v -2.947961 0.267519 105.522316
v -1.402957 1.748535 106.244431
v -3.870341 1.862196 104.987450
v -3.237280 3.082064 103.756172
v -1.784188 3.537568 106.011826
v 0.424810 3.326507 109.123566
v 1.335879 3.270178 110.416718
v 1.409171 4.117804 108.485535
v 0.376034 4.362917 106.698608
v -0.302345 3.691349 107.568069
v 1.557351 2.886579 111.478188
v 2.684920 3.041710 112.293777
v 0.007518 0.839844 112.859550
v 1.030298 1.402986 113.260941
v 2.276719 0.346751 116.087234
v 2.897397 1.505442 115.154915
v 1.685002 0.591584 115.191559
v 2.011865 -1.284031 117.692871
v 3.544104 -0.474491 118.089417
v 2.272842 -0.472672 117.189949
v 0.894492 -3.225834 118.461540
v 1.825774 -3.414703 119.225739
v 0.240987 -6.482714 120.079102
v -0.861630 -7.420871 119.623123
v 3.531132 -5.617716 121.917259
v 4.548652 -5.721249 122.557327
v 5.290141 -3.868920 121.650536
v 0.391043 -7.547899 120.852242
v -0.382196 -7.865998 120.378563
v 6.341550 -9.212374 125.406639
v 7.813832 -8.499207 125.393646
v 5.987270 -8.270645 124.704559
v 4.110771 -12.037283 125.524551
v 5.100858 -12.220600 125.960144
v 9.201477 -12.759102 127.613495
v 8.095177 -12.472269 127.157448
v 5.029240 -13.227404 126.427635
v 11.336252 -15.415861 129.575729
v 12.537782 -14.231865 129.078003
v 11.128923 -14.407436 128.973770
v 11.714441 -18.366039 130.647873
v 10.688502 -18.500263 130.392426
v 14.711082 -19.374811 131.372589
v 15.209329 -17.709715 131.077454
v 14.540497 -17.409098 130.913895
v 13.728052 -19.088022 131.168701
v 11.574723 -19.363691 130.808014
v 16.880943 -22.469894 132.241913
v 18.140533 -21.831781 132.156815
v 19.096466 -26.277796 132.843048
v 20.329363 -26.020699 132.825989
v 20.291683 -25.572992 132.842148
v 18.881910 -25.467024 132.779327
v 18.636826 -27.320139 132.736740
v 19.407856 -27.468641 132.761032
v 20.752415 -29.711187 132.892639
v 21.099302 -28.336313 132.904724
v 20.118095 -28.964617 132.887344
v 18.876720 -28.180014 132.741028
v 21.747467 -31.637800 132.762421
v 22.611330 -31.214903 132.651276
v 22.865255 -34.142597 132.641479
v 23.709562 -33.865311 132.497314
v 23.670122 -36.187130 132.580170
v 24.439280 -36.157269 132.410080
v 22.554447 -37.210377 132.328476
v 20.130541 -36.268669 131.887833
v 19.502260 -36.959446 131.365005
v 23.405497 -37.496059 132.488998
v 23.891594 -37.458652 132.557892
v 24.685581 -37.341011 132.322144
v 23.993561 -37.019390 132.560532
v 17.202271 -34.888748 131.330276
v 13.643300 -33.432957 130.408096
v 10.605084 -32.331497 129.405624
v 10.189969 -33.318859 128.629822
v 9.660604 -31.975401 129.073074
v 8.734595 -31.338503 128.854004
v 8.521697 -29.892904 129.175461
v 8.363387 -27.293200 129.773193
v 7.345464 -27.402712 129.211227
v 6.561114 -26.238136 129.011749
v 3.971739 -30.054766 126.447411
v 3.841181 -28.498682 126.880898
v 3.172124 -28.664259 126.369385
v 0.968957 -26.732882 124.936852
v -1.791927 -25.539812 122.511086
v -1.150393 -24.157324 123.354271
v -3.647701 -23.339315 120.735008
v -3.052129 -21.775391 121.503227
v -4.631471 -19.313595 119.616135
v -5.072865 -21.085894 118.959183
v -4.838070 -18.560307 119.289635
v -5.612697 -19.867189 118.168564
v -4.202160 -13.584814 118.891235
v -5.070755 -14.251553 118.083725
v -6.603080 -13.334002 114.660812
v -6.604415 -15.580633 115.550621
v -6.169647 -13.711668 115.623550
v -5.061893 -12.624424 117.103706
v -6.641191 -11.603962 113.468994
v -6.445526 -8.551498 111.096291
v -6.265432 -4.762042 107.691917
v -6.882988 -6.947340 107.750221
v -5.843634 -3.495905 107.081001
v -5.608272 -2.518698 105.678421
v -5.184790 -1.873459 106.544411
v -5.372771 -1.272172 105.376007
v -5.948328 -2.017209 104.350090
v -4.980566 0.087204 104.808609
v -5.236970 -0.086599 103.865318
v 7.696627 -26.178791 129.654816
v 10.672056 -19.532621 130.525650
v 18.298895 -27.920824 132.661072
v 3.815658 -13.194839 125.751404
v 23.036221 -36.590172 132.557083
v 21.310604 -35.152695 132.374283
v 19.766943 -32.606838 132.451569
v 17.946264 -33.887997 131.794128
v 14.585273 -31.643129 131.283524
v 18.985264 -30.501581 132.576691
v 17.294523 -28.955553 132.438065
v 16.000093 -30.187120 132.073975
v 12.083237 -30.311590 130.540787
v 13.672645 -28.093515 131.549164
v 14.901554 -26.935686 131.929260
v 17.501400 -25.429125 132.514221
v 10.621283 -29.636938 130.172256
v 12.177832 -26.887022 131.117325
v 8.517058 -24.242601 130.042236
v 13.551704 -25.145893 131.548340
v 10.938723 -21.696671 130.742401
v 12.481501 -20.539251 131.056778
v 5.039566 -21.087683 127.816139
v 7.041643 -18.897875 128.720123
v 3.054607 -24.026577 126.603958
v 9.587639 -16.328609 129.297516
v 5.515232 -16.013258 127.345840
v 2.838967 -18.882877 126.252289
v 0.871418 -21.740591 124.972076
v 7.579405 -14.515102 127.811546
v 1.453178 -16.038836 124.827965
v -1.108004 -19.423050 123.123306
v -2.716574 -16.702711 121.138588
v -0.206499 -13.721008 122.819763
v -2.006561 -10.741953 120.003937
v 3.062406 -10.269142 123.976761
v -4.729564 -10.858671 116.552727
v -3.454858 -6.761542 115.887604
v -1.478960 -4.551873 116.849266
v -3.819720 -4.708500 113.205330
v -1.612880 -2.544825 114.511909
v -1.635651 -1.034365 112.830925
v -4.029731 -3.041369 111.009750
v -4.066712 -0.352542 107.398376
v -3.981244 0.905693 106.032532
v -1.307644 1.629546 109.535545
v -1.701986 2.731972 107.348412
v -4.307107 1.740176 103.524246
v -0.660610 4.343864 105.526657
v -0.216488 3.793934 105.125420
v 2.184227 3.757792 110.129730
v 1.847766 3.568726 108.058067
v 0.782757 3.783630 106.275688
v 3.224476 2.488633 111.935234
v 3.256447 2.679037 111.605782
v 2.784148 3.292524 111.859520
v 3.184541 1.309892 115.600967
v 3.517277 0.865720 114.635574
v 3.391314 -0.912074 118.356773
v 4.047322 -0.974641 117.648071
v 5.114923 -4.087749 120.852554
v 4.807496 -3.739503 121.358986
v 7.649366 -9.046885 125.627663
v 9.771659 -11.459501 126.888855
v 9.191639 -11.307129 126.642166
v 12.513439 -14.601458 129.320923
v 12.855780 -14.964445 128.547195
v 11.970603 -18.753029 129.765366
v 15.303694 -17.806770 130.183807
v 14.729606 -17.688095 130.018433
v 18.310907 -21.908098 131.569168
v 20.418137 -26.011339 131.935593
v 21.434277 -28.704741 132.858261
v 21.460630 -28.687193 131.928619
v 19.669102 -27.447973 131.711472
v 23.745304 -33.905102 131.689865
v 24.518877 -36.130306 131.629944
v 22.323830 -37.917553 131.899109
v 23.786915 -38.218113 132.147797
v 23.912045 -38.093117 131.486771
v 24.404238 -38.035389 132.285858
v 16.717941 -35.813862 130.768494
v 13.364827 -34.473534 129.793488
v 8.523371 -32.734699 128.128189
v 8.972958 -32.496609 127.301949
v 8.059289 -32.189659 128.019562
v 7.728456 -30.108393 128.548141
v 5.366812 -28.887709 127.743034
v 5.982821 -28.780745 126.856865
v 3.447931 -30.047480 126.141083
v 0.479529 -27.835413 124.159904
v -1.285202 -25.522991 121.991333
v -3.117584 -23.159906 120.100815
v -5.722217 -19.177626 118.091545
v -4.830591 -19.854858 117.662376
v -5.515198 -16.881044 118.116013
v -4.529826 -16.904377 117.481476
v -3.998755 -14.568523 117.616791
v -6.823963 -15.538586 115.072670
v -5.747532 -15.707403 114.633698
v -5.532850 -15.777748 114.966591
v -7.223240 -12.779854 112.702820
v -6.362695 -12.834438 112.332199
v -7.076963 -9.677244 109.933037
v -6.525330 -4.532454 106.069122
v -5.845016 -5.415975 105.991470
v -6.676501 -5.085965 106.261841
v -5.995845 -2.273408 104.586319
v -4.652449 -2.886086 105.201637
v -4.566730 -0.355956 103.523758
v -1.954138 3.988983 104.390793
v -2.152566 4.627735 102.944145
v -1.897864 4.341401 102.754852
v -2.521864 3.951439 102.383926
v -2.860972 4.157795 102.614578
v -2.283613 5.372720 101.615562
v -2.652981 5.135540 101.449020
v -2.402290 4.994937 101.261337
v -2.080576 5.171995 101.483269
v -0.049700 2.189694 101.999550
v -0.292127 3.678255 101.661613
v 0.561305 2.651182 102.426643
v 0.587021 4.235036 102.290329
v 1.322396 3.226023 102.958664
v 3.053425 2.759954 104.428406
v 3.839760 3.633505 104.842514
v 4.722519 2.999960 105.848114
v 4.379230 2.155195 105.723457
v 2.709349 4.159152 103.746460
v 4.832497 1.368378 106.423477
v 4.748108 1.848807 106.149086
v 4.166436 -0.428372 106.672455
v 6.454141 -1.302756 108.609444
v 5.812674 -1.026981 108.047379
v 6.507272 -0.061419 108.444420
v 6.740408 -0.271763 108.680046
v 6.641402 -2.936794 109.147949
v 6.690805 -2.251125 109.025040
v 7.622642 -2.221695 109.909897
v 6.969156 -4.948516 109.753059
v 6.206903 -4.727848 109.082245
v 6.318493 -7.553369 109.366455
v 5.617256 -8.287668 108.673782
v 9.338748 -5.246774 111.026588
v 9.745380 -5.332817 111.177521
v 9.696157 -7.062127 110.783585
v 8.922944 -6.816551 110.436913
v 6.641912 -8.472279 109.322350
v 6.092581 -8.610386 108.962296
v 11.904675 -10.019215 111.366768
v 11.446230 -9.252892 111.246422
v 12.845332 -9.321539 111.970825
v 10.754163 -12.343306 110.763252
v 14.761315 -12.790102 111.443657
v 13.842089 -12.617334 111.307663
v 14.368631 -11.396017 111.617607
v 11.575386 -13.302025 110.844780
v 17.038027 -14.814335 111.689636
v 16.656658 -14.032618 111.687141
v 17.702667 -13.613358 112.105034
v 17.860500 -13.990522 112.062294
v 17.113827 -17.225233 111.418762
v 19.857128 -17.321621 111.434364
v 23.393703 -18.882446 111.330170
v 22.451355 -19.428947 110.825905
v 24.489529 -21.588676 109.867096
v 25.543182 -21.252165 110.174240
v 25.577961 -21.523678 109.991150
v 26.274326 -23.919436 108.502312
v 25.749460 -23.510683 108.781754
v 26.409836 -23.031904 109.103851
v 24.468634 -23.070585 109.101944
v 27.239153 -25.095821 107.708992
v 28.364346 -26.657389 106.646011
v 29.183355 -27.998648 105.839928
v 28.687746 -28.528013 105.542778
v 26.138155 -28.886148 105.401955
v 26.659395 -28.159048 105.754463
v 29.328758 -28.653105 105.483528
v 29.559313 -28.687380 105.482872
v 30.211912 -29.285383 105.377678
v 29.513260 -28.510061 105.586823
v 24.167448 -27.583513 106.065628
v 21.171333 -26.846506 106.333458
v 18.130177 -27.039984 105.611839
v 18.568886 -26.250711 106.262009
v 17.734005 -26.243631 106.060265
v 16.456234 -26.324995 105.767014
v 16.998594 -25.806107 106.280594
v 16.673992 -24.857399 107.088356
v 16.260229 -23.341295 108.322388
v 14.840676 -22.700020 108.283691
v 12.714931 -25.222054 105.662544
v 12.315184 -25.187609 105.552513
v 12.124140 -24.142271 106.011436
v 12.692101 -24.045912 106.305046
v 9.356377 -23.542828 105.350044
v 9.972388 -22.807756 105.916100
v 7.868671 -20.896273 105.806290
v 5.232031 -19.970243 104.734016
v 5.904899 -19.005499 105.462532
v 4.594011 -17.524401 105.147469
v 4.045119 -16.663935 105.110405
v 2.957728 -14.969448 105.140884
v 3.967390 -15.390083 105.636261
v 3.100524 -13.265224 105.986786
v 3.880732 -13.299053 106.488670
v 1.292627 -11.769339 103.921730
v 1.829718 -12.278639 104.327156
v 1.645823 -13.556049 103.829529
v 2.829657 -11.789801 105.637962
v 0.224569 -10.788971 103.038414
v 0.865145 -10.231718 103.721443
v 0.247024 -7.341620 103.140297
v -1.044149 -5.219618 101.488564
v -0.524096 -3.619794 101.937897
v -1.276054 -3.021588 100.997314
v -0.822737 -1.190192 101.206535
v -0.224854 -1.033992 101.978844
v -0.782802 0.027023 101.251831
v -1.336073 1.145655 100.869690
v -0.658018 0.907311 101.433250
v 3.536773 -12.335293 106.366730
v 16.553093 -21.043188 109.756462
v 17.678440 -19.398075 110.590729
v 10.658285 -13.231356 110.525085
v 27.410093 -27.433828 106.244873
v 25.639179 -26.112823 107.161781
v 21.789934 -25.721546 107.376060
v 23.095829 -24.326307 108.469460
v 19.459803 -25.025856 107.530479
v 21.763660 -22.571527 109.332687
v 18.346371 -24.618023 107.591080
v 19.292009 -22.826376 109.037460
v 20.196859 -21.606722 109.731483
v 11.541621 -21.046524 107.637192
v 12.844826 -19.074369 109.272064
v 14.202320 -17.531555 110.423599
v 14.858095 -14.926960 111.274925
v 10.650651 -17.431648 109.139336
v 12.432692 -15.358736 110.593086
v 9.373247 -19.349037 107.478241
v 9.113679 -15.287773 109.202599
v 7.350437 -17.532089 107.137436
v 5.506558 -15.324549 106.790802
v 7.306321 -13.378828 108.708488
v 5.568502 -11.332846 108.100288
v 8.637085 -10.040064 110.033165
v 4.834707 -10.213369 107.817047
v 3.107102 -7.082707 106.574432
v 4.892826 -5.193449 108.108170
v 2.143190 -4.837577 105.461189
v 4.395716 -3.179793 107.432030
v 5.168791 -1.886800 107.795219
v 2.951830 -1.219198 105.816437
v 1.018410 -2.468881 103.930817
v 0.588053 -0.509130 103.074150
v 2.660428 0.462770 104.918541
v 0.151718 1.243585 102.354836
v 1.273365 2.338808 103.231598
v -0.839424 2.375779 102.605507
v 0.722876 3.609582 103.713516
v 0.277649 4.411505 102.729866
v 1.410480 4.534330 103.539337
v 2.945183 2.870501 105.650604
v 3.859520 2.584316 106.466988
v 2.392781 4.362277 104.283539
v 2.092453 3.490806 104.735886
v 5.201318 2.402479 107.366791
v 4.246640 2.016668 107.070732
v 5.225217 2.069903 107.599358
v 3.526900 -0.145274 107.498199
v 4.308510 0.308888 107.881310
v 5.848734 -1.109759 109.415764
v 5.220361 -0.758935 108.917038
v 6.102099 -2.818696 110.025490
v 7.244527 -2.097623 110.441994
v 6.122711 -2.039005 109.920746
v 5.604243 -4.635173 110.012466
v 6.465931 -4.844075 110.405106
v 5.760589 -7.567476 110.110634
v 4.954977 -8.283875 109.567833
v 8.478724 -6.949074 111.408600
v 9.376428 -7.042909 111.734024
v 9.574091 -5.313222 111.653152
v 6.130557 -8.538710 110.282639
v 5.499210 -8.752050 109.908646
v 11.640226 -10.093235 112.401047
v 11.139705 -9.268333 112.256432
v 10.290567 -12.527464 111.726395
v 14.629026 -12.788748 112.492386
v 14.792006 -11.538265 112.368011
v 14.287683 -11.456148 112.298553
v 13.669884 -12.639381 112.368889
v 11.287748 -13.490768 111.876595
v 16.911457 -14.907053 112.781525
v 17.676104 -14.039892 112.769119
v 16.531761 -14.040390 112.717300
v 17.736561 -17.265320 112.500298
v 16.923077 -17.462879 112.368088
v 20.281559 -17.672272 112.392029
v 20.412848 -16.312092 112.705139
v 19.457523 -17.580704 112.436562
v 17.777393 -18.046600 112.286034
v 22.470304 -19.748428 111.750031
v 24.739023 -22.235701 110.669029
v 24.464060 -21.680466 110.921005
v 24.496687 -23.021467 110.279594
v 25.111944 -22.996300 110.174294
v 26.443111 -24.383589 109.375648
v 26.542755 -23.352970 109.822250
v 25.862492 -23.967323 109.686333
v 24.787685 -23.588083 109.966171
v 27.424738 -25.527071 108.531227
v 28.573391 -27.060469 107.484238
v 29.434229 -28.343164 106.666252
v 29.995043 -28.130659 106.483765
v 28.661678 -29.186731 106.240959
v 26.610882 -28.814699 106.475166
v 26.129038 -29.250147 105.925201
v 29.377117 -29.287401 106.178246
v 29.704840 -29.621889 105.652870
v 30.179283 -29.425955 105.756149
v 29.757454 -29.195810 106.194824
v 30.316076 -28.896013 105.993309
v 29.782267 -28.867739 106.337463
v 24.099527 -28.185919 106.822998
v 21.035435 -27.500875 106.995987
v 18.402693 -26.947901 106.942123
v 17.579229 -26.759695 106.915161
v 16.753572 -26.405500 107.063324
v 16.463326 -25.522884 107.806473
v 15.779429 -25.618605 107.360085
v 16.117233 -23.901684 109.135994
v 15.257908 -23.983311 108.793320
v 14.479434 -23.236778 109.122726
v 12.547433 -25.587629 106.232918
v 12.324826 -24.647600 107.085953
v 11.748821 -24.722467 106.727501
v 9.587628 -23.297071 106.573647
v 6.929579 -22.179247 105.512161
v 7.387702 -21.353586 106.525520
v 5.336101 -19.423161 106.199799
v 3.516924 -17.367189 105.845711
v 3.290449 -18.491701 104.812920
v 3.213174 -16.768026 105.890228
v 2.598970 -17.476061 104.717293
v 3.026646 -13.009201 107.249405
v 0.473104 -11.922272 104.547485
v 0.640178 -13.651358 104.107071
v 0.890589 -13.793104 104.412460
v 1.006771 -12.416574 105.063225
v 1.961604 -11.917952 106.385582
v 0.040575 -10.328281 104.294464
v -0.384905 -11.021555 103.401039
v -1.096520 -7.924399 102.477150
v -0.563444 -7.383438 103.631470
v -1.434910 -3.593600 102.487663
v -1.631822 -5.268090 101.839142
v -1.939728 -3.443610 101.397179
v -1.363792 -2.429321 102.446632
v -1.922318 -2.964097 101.435257
v -1.527013 -1.252178 101.760612
v -1.142284 -0.994167 102.558311
v -1.547508 -0.232721 101.949821
v -2.029785 -0.802358 101.103210
v -1.503670 0.978440 101.974411
v 15.448343 -23.195259 109.495026
v 17.058693 -18.238134 112.111305
v 24.298546 -23.482800 110.051727
v 10.242188 -13.470737 111.519379
v 28.992502 -28.734274 106.570984
v 27.459064 -27.968328 107.093292
v 25.970789 -26.468233 108.162910
v 24.622824 -27.491873 107.426224
v 21.679712 -26.343592 108.143661
v 25.130512 -25.158638 109.044930
v 23.617603 -24.323660 109.632561
v 22.715214 -25.310966 109.072655
v 19.472605 -25.614206 108.303452
v 20.583469 -24.080341 109.631989
v 21.447088 -23.161970 110.184166
v 23.355110 -21.816637 110.873810
v 18.206156 -25.281849 108.408051
v 19.216209 -23.357666 109.876503
v 15.903159 -21.801752 110.356735
v 20.127718 -22.016943 110.650970
v 17.564661 -19.789619 111.500504
v 18.659269 -18.794619 111.976547
v 12.484428 -19.487711 110.175194
v 13.899533 -17.866995 111.381302
v 11.125400 -21.537630 108.491867
v 15.634200 -15.777275 112.434113
v 12.150981 -15.664812 111.531967
v 10.270602 -17.826906 110.021133
v 8.904103 -19.794762 108.315529
v 13.628923 -14.383467 112.183716
v 8.627210 -15.612434 110.109192
v 6.801035 -17.924496 107.976646
v 4.911966 -15.660000 107.644226
v 6.744590 -13.634323 109.627144
v 4.543624 -10.958048 108.809464
v 9.019356 -10.974525 111.327110
v 1.912012 -10.435276 106.566460
v 2.282310 -7.099040 107.375832
v 3.684053 -5.487214 108.632233
v 1.320603 -4.863313 106.202797
v 2.960752 -3.351882 107.667473
v 2.488893 -1.755634 106.989723
v 0.603238 -3.026877 105.229782
v -0.332889 0.011207 103.582336
v -0.640120 1.348682 103.032555
v 1.887081 1.230088 105.524712
v 1.098726 2.631487 104.381706
v -0.918524 2.642287 101.156479
v -1.394138 2.674461 101.562904
v 1.755669 4.351794 103.024254
v 4.406271 3.171730 106.350510
v 3.503128 3.808126 105.375458
v 5.651021 1.888694 107.104698
v 5.599566 2.133348 106.932335
v 6.350908 -0.112311 109.314545
v 6.034708 0.115818 109.090660
v 4.818048 0.004374 107.087639
v 7.223532 -2.519052 110.496857
v 7.582202 -2.767277 109.940521
v 9.140325 -5.215728 111.534828
v 12.661205 -9.812271 112.493210
v 12.842089 -9.758112 111.862465
v 12.682960 -9.321434 112.498650
v 11.144311 -12.617918 111.881538
v 14.963261 -11.478985 111.714256
v 11.263129 -12.597389 111.012611
v 17.610556 -13.697256 112.720352
v 17.840235 -17.213907 111.715866
v 20.354616 -16.081034 112.027054
v 19.872000 -16.047417 112.003372
v 19.835249 -16.167316 112.753838
v 23.347141 -19.044926 111.790451
v 25.653053 -21.827988 110.630013
v 25.571587 -21.523184 110.798180
v 25.142685 -22.602789 109.409935
v 26.838329 -23.538939 109.631950
v 26.707933 -23.227596 108.973770
v 28.019482 -25.038311 108.516357
v 27.953650 -24.796564 107.983055
v 29.165716 -26.667734 107.397835
v 29.069115 -26.433931 106.806129
v 29.928331 -27.850451 105.930260
v 28.475645 -29.281298 105.222191
v 28.502674 -29.592245 105.714897
v 29.680115 -29.301893 105.213432
v 30.332008 -28.836050 105.544937
v 23.751022 -28.749037 106.151749
v 23.769461 -28.447252 105.603897
v 20.851046 -28.092119 106.228477
v 20.820797 -27.798563 105.710609
v 18.080894 -27.474924 106.090782
v 16.646889 -27.201044 106.088737
v 16.831444 -26.690756 105.540169
v 16.205500 -26.864168 106.241074
v 15.997888 -25.126791 106.817131
v 13.683989 -24.922779 107.424492
v 14.003121 -24.456493 106.772919
v 15.480878 -23.483288 108.199356
v 12.094666 -25.579191 106.066147
v 9.222655 -23.918486 105.689018
v 7.234265 -21.912235 105.100746
v 4.947627 -20.392649 105.173447
v 3.727415 -18.148626 104.357010
v 2.417596 -16.983566 104.908562
v 2.951419 -16.594427 104.406891
v 3.118220 -17.167274 104.288376
v 2.298239 -15.329985 105.692307
v 2.311502 -13.380526 106.527420
v 1.418844 -13.439323 103.636612
v -0.563177 -7.897888 102.183037
v -1.302716 -3.442749 101.014404
v -1.416344 -0.791677 100.630814
v -2.062489 -0.537895 101.018280
v -1.550636 -0.564573 100.574966
v -1.830215 1.108206 101.267372
v 0.024505 5.126754 101.709663
v -0.466790 4.856748 101.370354
v -0.699210 3.741456 102.087387
v -0.716183 4.869058 101.636703
v -0.176410 5.223810 101.966080
v -0.858020 5.931889 101.138428
v -0.677866 5.936674 100.933388
v -1.088289 6.926559 100.569588
v -0.961668 6.959155 100.436096
v -0.576462 6.112986 101.303711
v -0.416717 6.049198 101.121971
v -0.772883 7.021035 100.575409
v -0.889408 7.052864 100.683655
v 5.045044 5.390957 99.543991
v 3.210378 5.694298 99.727997
v 3.129914 7.161941 99.709442
v 4.727714 7.750126 99.528481
v 6.371254 10.016129 99.389145
v 5.822778 11.417404 99.314392
v 7.978003 11.740681 99.384903
v 9.244506 13.643194 99.567574
v 9.276583 12.212229 99.498611
v 8.605356 12.195072 99.414757
v 11.167671 10.897117 99.889107
v 13.617312 13.759634 99.648781
v 12.888395 12.959658 99.705284
v 15.689336 13.468374 99.658966
v 14.901420 13.771553 99.646202
v 15.526248 15.193001 99.710808
v 16.121414 14.906221 99.661690
v 18.238413 13.156956 99.543129
v 17.486876 12.151147 99.586388
v 21.000477 9.589853 98.977570
v 21.720320 15.188135 97.898773
v 21.090891 14.400059 98.245949
v 21.770636 10.829742 98.714905
v 21.608917 10.038857 98.797562
v 25.772081 16.046625 96.094437
v 24.766085 15.944782 96.499924
v 25.543335 17.622158 96.033363
v 27.709324 13.477427 95.998085
v 29.553024 17.232298 93.363251
v 29.063337 16.419239 93.999641
v 28.021671 17.695917 94.105270
v 28.311298 18.241951 93.707108
v 28.999853 13.776997 95.233940
v 32.453396 18.391405 91.388550
v 31.505960 18.443199 91.841949
v 31.519062 19.849411 91.475853
v 35.274696 17.920532 90.303558
v 34.959076 17.078667 90.607216
v 35.783203 19.454935 88.441795
v 38.455582 20.285385 85.435249
v 40.876144 20.368126 82.542397
v 41.930580 20.134975 81.417084
v 43.225986 19.873537 79.451447
v 42.777668 19.800444 80.196259
v 42.581223 20.833420 80.059860
v 42.809750 20.912054 79.669724
v 42.118187 19.104794 81.579079
v 44.379658 19.610926 77.747391
v 45.866016 19.118895 75.599014
v 47.229713 19.426662 73.489311
v 47.154537 18.637476 73.965599
v 47.460289 17.740862 73.984550
v 47.120380 15.225800 75.794960
v 46.632919 16.280085 75.844704
v 47.734539 18.203358 73.401848
v 47.831242 18.388725 73.212891
v 48.402355 18.010521 72.754349
v 47.675838 18.505388 73.377502
v 46.124287 13.493886 77.928291
v 45.507923 14.580162 78.200058
v 44.705574 11.292894 80.474731
v 44.056690 12.488211 80.945717
v 42.701698 10.447383 83.049416
v 42.382679 9.582481 83.527580
v 42.389126 8.220848 83.683640
v 41.820797 9.299232 84.390961
v 41.086895 10.021458 85.558533
v 39.914722 11.230311 87.290871
v 38.832943 10.274691 88.501480
v 39.785748 5.410698 87.326653
v 38.625595 5.659596 88.318909
v 38.806267 6.402033 88.153770
v 36.575802 4.367118 90.193092
v 33.906372 3.394445 92.131134
v 31.715475 0.824090 93.430992
v 31.186081 2.379441 93.745323
v 29.092770 1.754069 94.789680
v 28.000290 1.674718 95.359688
v 27.919809 0.063448 95.253319
v 27.311188 0.280357 95.604630
v 26.845972 2.589026 96.144989
v 24.956730 4.118711 97.392174
v 21.423561 0.900196 97.435036
v 22.305042 1.388220 97.274025
v 23.132645 -0.008908 96.748459
v 22.649303 3.380719 97.757782
v 19.669649 -0.137566 97.679733
v 19.552176 1.156406 97.897774
v 15.986955 1.665346 98.438263
v 12.577607 0.489764 98.397240
v 11.189363 2.041535 98.708038
v 10.362422 0.832036 98.529221
v 9.904878 1.053751 98.576599
v 8.135764 2.502795 98.770897
v 8.483728 3.618828 99.022858
v 7.279846 1.796950 98.801872
v 6.848137 3.173728 99.021873
v 6.011505 3.841920 99.261009
v 23.765722 4.214795 97.745300
v 38.172237 13.582771 88.801308
v 37.072514 15.944988 88.989243
v 28.535267 12.793151 95.683823
v 46.271732 17.626802 75.836891
v 44.809948 17.334049 78.315140
v 43.486778 14.283857 81.615929
v 42.826214 16.852442 81.844116
v 42.200096 12.682146 83.727348
v 40.983059 17.126019 84.014977
v 41.497360 11.945556 84.739433
v 40.479073 14.628536 85.646240
v 39.717468 16.491991 85.797646
v 35.881168 7.765866 90.848839
v 34.848442 10.978313 91.678764
v 34.068581 13.704318 91.947731
v 31.815016 16.142141 92.711342
v 32.436073 9.777092 93.614120
v 31.333580 13.340899 93.924759
v 33.403847 6.597202 92.751266
v 29.743063 9.533541 95.307045
v 30.749617 5.495476 94.399918
v 27.715780 4.741696 95.980049
v 26.973211 8.565495 96.667007
v 24.019405 7.651165 97.897247
v 24.321091 12.276550 97.468918
v 22.482798 7.374743 98.443840
v 18.058693 6.588433 99.313324
v 17.193703 10.117136 99.656235
v 14.853289 6.119236 99.521370
v 14.565269 10.233387 99.842201
v 13.534882 11.797962 99.815628
v 11.308143 8.867075 99.921730
v 11.276667 5.293322 99.507050
v 8.639369 5.321756 99.468048
v 8.988664 8.852188 99.681175
v 6.289287 5.332989 99.515617
v 5.804496 7.446483 99.635269
v 4.922333 5.190553 100.745583
v 4.510155 7.914109 100.752869
v 6.796219 10.786488 100.591034
v 7.726480 11.990057 100.545372
v 5.795922 11.561562 100.091522
v 4.395194 10.136137 100.098000
v 5.473745 9.738190 100.566490
v 8.693745 13.677011 100.258530
v 8.725216 12.448614 100.668480
v 11.081831 11.022917 101.188553
v 13.628876 13.857735 100.886040
v 12.196489 14.415682 100.691940
v 12.851717 13.148641 101.003883
v 15.832635 13.634617 100.893097
v 16.020020 15.083118 100.491722
v 14.943854 13.971294 100.937973
v 17.665970 12.283923 100.912560
v 20.930655 11.027341 100.294746
v 21.243469 9.601945 100.300613
v 21.574623 14.587669 99.439713
v 22.061970 15.546717 99.005638
v 22.159979 10.983622 99.964478
v 22.051956 10.073876 100.084290
v 26.268436 16.463057 97.214340
v 25.176647 16.337236 97.642853
v 28.239990 13.616627 97.189217
v 28.632439 14.425732 96.637917
v 30.008770 17.812115 94.406998
v 28.384996 18.046381 94.766975
v 29.539953 16.960577 95.081360
v 29.613369 14.114288 96.347092
v 33.032825 18.958059 92.447754
v 31.874495 20.134705 92.082840
v 31.964823 19.012663 92.861427
v 35.671173 18.323973 91.077568
v 35.612083 17.422174 91.560486
v 36.722343 20.289049 88.895653
v 35.144951 20.885233 89.870178
v 36.429996 19.639057 89.602615
v 36.428104 17.828993 90.698273
v 39.239925 20.755972 86.184563
v 38.724091 21.904421 85.670074
v 42.018070 20.797522 82.935623
v 41.463013 20.999006 83.488144
v 42.624229 19.934967 82.621529
v 44.182240 20.370279 80.008522
v 43.489559 21.308372 80.094696
v 43.300446 21.267050 80.534836
v 43.725929 20.272589 80.826706
v 43.167000 19.701181 81.999077
v 45.280651 20.104952 78.252029
v 44.898388 20.861639 77.867470
v 46.750065 19.658180 76.105080
v 46.437733 20.317532 75.639297
v 47.980404 19.234819 74.439705
v 48.494713 17.853165 74.499527
v 47.668743 16.389097 76.398132
v 47.757786 15.383667 76.198471
v 48.646347 17.162544 74.072990
v 48.760201 18.391003 73.859978
v 48.961567 18.164467 73.064880
v 48.767464 18.782230 73.593513
v 48.485207 19.061951 73.766922
v 46.498192 14.722912 78.812202
v 46.703373 13.690826 78.373550
v 45.041164 12.482397 81.516098
v 43.732960 10.405254 83.650917
v 43.821545 9.295189 83.037094
v 43.302517 9.756451 84.312607
v 42.773685 9.304462 85.165871
v 42.743061 8.048613 84.769852
v 42.090065 9.981185 86.235405
v 40.866302 11.365211 88.020844
v 39.714157 10.246164 89.430779
v 40.538902 7.580887 88.201126
v 39.729050 6.297350 89.022865
v 39.492603 5.515527 89.140533
v 40.200947 4.954855 88.105606
v 37.314430 4.221153 90.987785
v 37.478508 3.004056 90.359406
v 34.614246 3.220651 93.063194
v 32.305408 0.655063 93.964600
v 31.836626 2.160062 94.770576
v 28.969984 1.347645 96.294479
v 28.262592 1.408063 96.692589
v 27.829477 -0.050303 96.397011
v 28.320700 -0.262647 95.985023
v 24.777386 4.015966 98.803696
v 24.655714 2.723066 98.646385
v 21.669815 0.517979 98.610451
v 23.380768 -0.487572 97.740883
v 22.585861 1.083629 98.553925
v 22.913219 3.048968 99.085495
v 19.711317 0.762838 99.041153
v 15.958859 -0.246704 98.786499
v 16.052053 1.257146 99.508102
v 11.182148 1.617743 99.922882
v 12.641870 0.181050 99.164383
v 10.377366 0.524956 99.373512
v 9.919526 2.232513 100.061470
v 8.473958 3.215701 100.272232
v 7.258241 2.834499 100.197609
v 7.018633 1.611669 99.708153
v 5.968484 3.492122 100.425758
v 40.095268 11.366310 89.009514
v 36.367172 16.985397 91.069664
v 42.965981 19.379913 82.481812
v 29.152723 12.967334 96.854477
v 48.244926 18.588306 74.624504
v 47.261417 17.966583 76.452019
v 45.750504 18.112942 78.880058
v 46.164612 15.928837 79.078316
v 44.492142 14.386400 82.266640
v 44.526382 18.610258 80.591942
v 43.504005 18.084274 82.475510
v 44.077301 16.427568 82.488457
v 43.203400 12.913275 84.292686
v 42.452156 15.535191 84.912598
v 41.939892 17.118353 84.909576
v 41.300518 19.924154 84.292084
v 42.563358 12.033661 85.449692
v 41.428497 14.853918 86.351875
v 39.106979 13.031497 89.700035
v 40.575111 16.836828 86.594139
v 37.893764 16.253408 89.815887
v 37.322750 18.027460 89.578003
v 35.626167 11.054472 92.689339
v 34.802422 13.906128 92.977287
v 36.705959 7.722069 91.844521
v 33.481468 17.170691 92.969467
v 32.032242 13.563375 94.926704
v 33.179096 9.830809 94.624649
v 34.157578 6.517897 93.782051
v 31.332779 15.933775 94.601219
v 30.393568 9.545196 96.437622
v 31.425610 5.373346 95.506226
v 28.324972 4.617577 97.145996
v 27.534857 8.553338 97.881386
v 23.679478 7.406212 99.413948
v 26.039646 13.006066 98.141182
v 21.378181 3.863150 99.581139
v 18.237865 6.386061 100.677353
v 17.443850 9.254888 101.019104
v 15.015199 5.874460 100.828239
v 14.489523 9.041243 101.148865
v 12.319281 8.970919 101.230553
v 12.382485 5.511812 100.886520
v 8.074481 5.107385 100.751793
v 6.287432 5.138010 100.767036
v 8.240354 8.955586 100.985550
v 5.981026 8.201239 100.861038
v 3.235743 5.649933 100.442444
v 3.933745 4.292557 99.562988
v 3.965874 4.159608 100.307915
v 3.604813 8.863840 100.239151
v 3.650849 8.735121 99.469719
v 3.064349 7.269053 100.381790
v 7.177209 12.686228 100.127205
v 7.210006 12.545820 99.394066
v 4.445794 9.957397 99.327309
v 9.169404 13.686768 100.381927
v 8.885200 13.605356 99.502327
v 10.972139 12.190771 101.006439
v 12.630789 14.728861 100.598137
v 12.607338 14.571426 99.691452
v 12.208387 14.314699 99.705788
v 11.062471 11.961205 99.833839
v 15.543014 15.274939 100.509804
v 18.300179 13.198592 100.544167
v 20.200726 16.527777 99.121223
v 20.043499 16.353302 98.556442
v 19.773911 15.938213 98.758560
v 19.926966 16.116148 99.376198
v 20.711409 11.031711 99.191673
v 26.272236 17.562380 96.548729
v 25.964863 17.330183 95.852104
v 25.748461 17.829401 96.633987
v 28.637516 18.495344 94.415733
v 28.233744 13.964199 95.770157
v 32.285728 20.054203 92.006805
v 31.948797 19.772245 91.238350
v 35.429012 21.289129 89.342964
v 34.845634 20.903149 88.827385
v 34.672779 20.479507 89.192909
v 38.344341 21.720989 85.253426
v 41.795246 21.778831 82.261932
v 41.146481 21.440475 81.809311
v 40.928997 21.666420 82.054642
v 41.522564 21.970354 82.537254
v 42.707363 20.419033 82.047729
v 44.369312 20.570322 77.489685
v 45.881908 19.956446 75.231850
v 47.810169 19.713013 73.876869
v 48.071373 16.966732 73.714752
v 48.599522 18.595608 72.485970
v 48.920815 18.747944 72.822716
v 48.222122 19.035818 72.630493
v 48.493153 19.289333 73.032707
v 45.274334 11.516878 80.856407
v 43.138451 9.237364 82.655739
v 43.151390 8.168323 84.218903
v 42.001610 8.223160 84.254959
v 41.806992 9.035720 86.355118
v 41.076176 9.112593 85.794487
v 40.571007 10.341175 88.374390
v 39.810997 7.661608 87.458878
v 39.808567 10.392286 87.766190
v 39.593037 5.003116 87.549721
v 40.405830 5.459670 87.896782
v 36.947197 3.083843 90.025139
v 34.915161 1.734567 92.352272
v 34.512047 1.862690 91.796913
v 29.645836 -0.096220 95.324348
v 29.173767 0.156638 94.640083
v 26.373674 1.187378 97.521515
v 25.895702 1.581385 96.579948
v 24.482227 3.116168 97.563751
v 23.408516 0.260669 96.719315
v 23.742563 -0.135230 97.789047
v 19.933435 -0.549099 98.438248
v 15.930768 0.040728 98.108360
v 9.880030 0.804157 99.489174
v 8.279777 2.219712 99.809441
v 7.353563 1.565168 99.705925
v 6.972661 1.754768 98.902733
v 5.411639 2.800444 100.075424
v 5.312960 2.990135 99.337563
v 1.718608 6.725624 99.809502
v 1.724620 5.933918 99.838806
v 1.771367 5.897243 100.276199
v 1.681436 6.767199 100.216660
v 0.335599 5.970897 100.152794
v 0.281089 5.995813 99.828239
v 0.315340 6.406670 99.813858
v 0.289910 6.418387 100.115089
v 4.219298 8.274612 102.196564
v 2.422565 7.574633 101.830078
v 2.591160 10.006102 102.973122
v 1.090632 10.320246 102.914917
v 2.743688 12.631534 104.296227
v 3.160944 14.741652 105.522133
v 1.099504 11.728613 103.534828
v 2.873967 16.577866 106.664650
v 4.015107 15.656076 106.266655
v 3.446224 15.375853 105.945702
v 6.383975 15.285889 106.789520
v 6.909663 18.807631 108.534676
v 6.725046 17.808437 108.021545
v 8.887767 19.527197 109.166954
v 8.026159 19.410639 108.992096
v 8.441293 20.864733 109.873055
v 11.307170 20.515350 109.845741
v 11.222059 19.349367 109.233711
v 14.723044 20.151451 109.588356
v 15.823543 19.251612 108.943642
v 11.134021 23.829844 110.739594
v 11.151993 24.386707 110.809807
v 13.351700 24.573406 110.358589
v 13.218381 23.480652 110.150261
v 15.812585 20.724096 109.451881
v 16.116217 19.980310 109.167122
v 16.582640 28.046743 110.478668
v 15.720870 27.294355 110.452713
v 15.485641 29.221298 110.945068
v 16.039675 29.277130 110.817474
v 19.759037 26.953197 110.093964
v 19.481318 32.129219 109.783043
v 19.455807 30.932983 109.878342
v 17.802542 31.410357 110.094139
v 20.791986 28.177240 109.969505
v 21.549900 35.397060 109.454735
v 20.646542 34.768913 109.552048
v 19.888416 36.077045 109.761307
v 20.332085 36.335720 109.667580
v 24.395105 36.880775 109.285469
v 24.571411 35.912407 109.128113
v 24.145456 39.285072 108.355934
v 22.512400 39.200306 109.039284
v 26.305553 42.715763 106.880333
v 28.662678 45.379452 105.132858
v 28.357349 46.729553 104.970917
v 31.308510 47.654381 102.958687
v 30.884285 47.008194 103.450783
v 30.133984 47.806190 103.652252
v 30.568764 45.444366 104.211304
v 32.637383 48.851124 101.713654
v 34.003223 51.106289 100.085205
v 34.432880 50.247059 100.093666
v 35.998077 51.296383 98.877052
v 36.777489 50.717022 98.659447
v 36.706238 48.224861 99.502678
v 36.810192 51.508556 98.402519
v 36.807304 51.796860 98.335510
v 37.432919 52.687500 98.024368
v 36.588165 51.733345 98.475143
v 36.462521 45.152214 100.600304
v 36.119381 41.418480 101.787994
v 37.009537 37.542465 101.776848
v 35.894913 38.098457 102.444153
v 36.064087 37.020882 102.435860
v 36.437595 35.395164 102.443451
v 35.649193 36.095009 102.915306
v 34.965439 34.884766 103.859398
v 34.477360 35.730946 103.996040
v 32.927368 34.304535 105.697418
v 32.587135 35.261169 105.622566
v 32.068417 33.384750 105.976868
v 35.806274 30.570694 103.381493
v 35.849155 30.044504 103.360504
v 34.550327 29.724667 103.970085
v 34.299232 30.481035 104.167831
v 34.389114 26.035088 103.944466
v 33.312096 26.794907 104.457214
v 31.342295 23.800133 104.905342
v 30.770142 20.086603 104.329651
v 29.384447 20.914217 105.023994
v 28.809553 17.766018 104.275383
v 27.808281 18.918173 104.994606
v 26.841633 18.059462 105.096588
v 27.705315 16.799721 104.354233
v 27.013775 16.511000 104.541801
v 24.933191 16.389818 105.427238
v 25.229988 17.849533 105.753342
v 22.576977 17.551842 106.806213
v 21.327303 13.349331 104.360672
v 21.834538 14.225161 104.713196
v 20.945560 15.715429 106.039040
v 20.363813 11.592537 103.564713
v 19.497768 12.452286 104.217232
v 16.949020 9.789906 102.698349
v 16.034233 10.934530 103.640976
v 11.595861 8.881824 102.330269
v 11.051671 7.573811 101.376945
v 8.294229 8.722891 102.262009
v 8.307481 6.836804 100.936302
v 7.118952 7.616251 101.510918
v 8.052977 6.610031 100.903214
v 5.850150 6.601005 101.184227
v 5.980504 7.637520 101.688156
v 21.445158 16.897820 106.742722
v 29.564758 35.548458 107.282463
v 27.230364 36.817303 107.968292
v 20.904829 26.952734 109.838287
v 35.619247 49.129688 99.883095
v 34.262257 46.954113 101.512077
v 34.525154 42.235588 102.884399
v 32.452576 43.849934 103.841614
v 34.107986 39.291176 103.739906
v 30.468008 42.104790 105.271996
v 33.814968 37.864849 104.131462
v 31.296507 39.057289 105.624313
v 29.547344 40.105473 106.205772
v 30.691423 28.832533 106.109955
v 27.864519 30.477356 107.730293
v 25.593338 32.140564 108.742668
v 22.149260 32.642319 109.573235
v 26.250803 27.421371 108.179596
v 23.213112 29.578476 109.436340
v 29.005499 25.789259 106.518669
v 23.866842 25.119171 108.675049
v 27.151718 22.847433 106.658958
v 24.773319 20.041409 106.735428
v 21.864000 22.377836 108.562340
v 19.682396 19.660688 108.286751
v 17.337795 23.685326 109.774002
v 18.442600 18.452936 108.134506
v 14.937550 15.343908 107.057854
v 12.124493 17.566206 108.414757
v 12.382371 13.387096 105.931625
v 9.740574 16.350842 107.697044
v 7.945309 17.129320 107.906555
v 7.667093 13.724935 106.091881
v 9.729068 11.090238 104.334518
v 7.410080 9.916408 103.374969
v 5.670938 12.766581 105.044670
v 5.343544 8.817059 102.589569
v 3.696321 10.207357 103.335922
v 4.107404 7.443728 103.171745
v 2.399166 7.185224 102.473404
v 2.185202 9.408605 104.074966
v 0.900119 10.006938 103.649307
v 2.554377 12.822525 105.837456
v 2.682693 14.228916 106.586357
v 1.844859 14.741556 106.276970
v 0.876201 11.452200 104.287895
v 2.001012 11.394266 104.944969
v 2.590297 16.159033 107.313599
v 3.281126 14.989941 107.228180
v 2.988451 16.322943 107.598434
v 6.107647 14.680433 107.991867
v 5.360458 15.648767 108.234062
v 6.740575 18.256998 109.704254
v 5.187335 18.138021 109.233147
v 6.455584 17.276171 109.264725
v 8.795152 19.092937 110.406464
v 8.168726 20.533030 110.661537
v 7.820404 18.926888 110.261200
v 11.170785 18.857954 110.556984
v 11.237828 20.064114 110.796143
v 14.807665 19.684118 110.669983
v 15.897634 18.695608 110.240524
v 11.104524 23.725119 111.425003
v 13.415272 23.241014 111.481812
v 13.334982 24.448259 111.626038
v 11.133368 24.308235 111.447205
v 15.940711 20.385599 110.787941
v 16.355738 19.553347 110.510590
v 16.666773 28.032124 111.834969
v 16.106174 29.246128 111.650391
v 15.741418 27.209366 111.790421
v 20.024988 26.698183 111.421234
v 19.959280 27.802862 111.367523
v 19.443867 32.264381 111.118080
v 19.454859 31.027815 111.240654
v 21.024601 28.157387 111.330887
v 21.626617 35.570911 110.842667
v 20.620148 34.909733 110.862114
v 24.433704 36.986965 110.286072
v 24.850895 35.997589 110.360123
v 24.443647 40.146881 109.421913
v 22.625515 39.392761 109.979408
v 24.490234 39.134747 109.713936
v 25.417110 37.138020 110.019127
v 26.647345 43.066708 108.021614
v 29.376207 46.045044 106.060509
v 28.720356 45.665745 106.444580
v 30.431925 45.801819 105.658836
v 31.804762 48.203793 103.995682
v 30.467264 48.238319 104.506226
v 31.380348 47.496849 104.542419
v 31.102482 46.185669 105.194275
v 33.092072 49.399773 102.682213
v 34.846672 50.823025 101.074837
v 36.330883 51.907902 99.830696
v 37.566639 51.019356 99.538597
v 37.494671 48.505524 100.416115
v 38.168648 47.851944 99.880737
v 37.554127 51.895679 99.255569
v 37.593121 52.783939 98.503571
v 37.362751 52.345589 99.165024
v 36.887924 52.908257 98.750664
v 36.938332 52.348305 99.330132
v 37.185940 45.408543 101.564034
v 38.000526 44.909817 100.841751
v 37.749901 41.255928 101.766350
v 36.927032 41.575768 102.654732
v 36.761204 38.232609 103.341927
v 37.535923 37.708012 102.388786
v 36.690845 37.180927 103.544174
v 36.402573 36.141731 103.961525
v 37.134933 35.335045 103.108871
v 35.310524 35.815002 104.953285
v 33.269516 35.433079 106.676994
v 33.563046 34.304146 106.502571
v 32.763115 33.292580 107.125496
v 36.263863 30.603476 104.139801
v 35.079918 30.378511 105.247154
v 35.309528 29.589518 104.971298
v 33.962772 26.612835 105.387642
v 34.866314 26.045681 104.406998
v 33.153938 22.836491 104.829071
v 31.968367 23.511461 105.939423
v 29.977242 20.515244 106.105270
v 27.784277 17.768661 106.167297
v 27.091394 17.286381 106.302589
v 27.577827 16.082106 105.321281
v 28.170090 16.351370 105.038536
v 25.483452 15.815701 106.304192
v 22.338720 16.664715 107.990089
v 22.988955 15.664402 107.308578
v 21.644922 12.557915 105.373177
v 23.913754 13.416866 105.109047
v 22.127506 13.457695 105.862923
v 21.234552 14.894152 107.215958
v 19.748880 11.628111 105.165291
v 20.755003 10.999510 104.192154
v 17.070929 9.227705 103.216476
v 16.218788 10.093046 104.483063
v 11.711704 7.920361 103.272942
v 11.688773 6.964418 102.068466
v 10.241302 7.754317 103.187057
v 8.392555 7.758940 103.243172
v 7.555203 6.934320 102.598251
v 6.027601 6.743843 102.600807
v 32.496284 34.571957 107.305389
v 25.810410 36.251045 110.013138
v 31.062834 45.591064 105.440102
v 21.228678 26.775965 111.191040
v 36.914406 51.422821 99.845428
v 36.228947 49.540386 100.924774
v 34.582294 47.715916 102.658684
v 36.176579 46.074215 102.150047
v 35.280994 42.447258 103.873245
v 33.056511 46.668686 103.975746
v 32.276608 44.815506 105.129059
v 33.726242 43.760162 104.709839
v 34.796814 39.647533 104.699440
v 32.575428 41.061691 106.002029
v 31.220331 42.081802 106.423790
v 29.114386 44.327087 106.708382
v 34.626186 38.062538 105.190559
v 31.927572 39.312389 106.690422
v 30.608913 35.082302 108.222054
v 30.020618 40.366383 107.367897
v 27.689707 37.017124 109.131081
v 26.197155 38.281742 109.390984
v 28.400623 30.378803 108.956406
v 26.017143 32.111637 110.018623
v 31.338926 28.668240 107.293259
v 22.991568 34.093925 110.793053
v 23.597059 29.563852 110.682564
v 26.769415 27.289043 109.384773
v 29.607712 25.546061 107.695190
v 21.659075 31.286757 111.045387
v 24.316713 24.849352 109.940758
v 27.702976 22.495756 107.860374
v 25.261372 19.626799 107.966766
v 22.241486 22.005241 109.863853
v 19.374744 18.532907 109.455147
v 18.355917 24.711840 111.275330
v 19.376112 14.577635 107.435364
v 15.074670 14.567493 108.287376
v 12.702009 16.300093 109.415764
v 12.534363 12.598383 107.086685
v 10.227725 14.701736 108.404999
v 8.361826 13.603218 107.683228
v 10.433867 11.066855 106.067734
v 6.911304 8.828428 104.262955
v 5.329294 8.020684 103.655098
v 4.827561 11.835314 106.008087
v 3.296299 10.259161 104.804893
v 3.875017 6.881742 101.399429
v 3.905275 6.409634 102.039024
v 1.512864 8.710289 102.346519
v 2.026885 15.020908 105.566498
v 1.468287 13.527519 104.570114
v 1.284936 13.231346 105.324234
v 3.160050 16.740158 106.865982
v 5.687585 16.109079 107.109230
v 5.396991 18.634592 109.421494
v 5.556834 18.963402 108.526337
v 5.353625 18.568569 108.299706
v 7.751517 20.792376 109.816658
v 7.639799 20.455811 110.582352
v 15.486567 29.172527 111.644676
v 17.852108 32.169006 110.901520
v 17.782467 32.180660 110.042877
v 17.853672 31.516787 110.960327
v 19.961359 27.697632 110.258423
v 20.388786 36.321003 110.595505
v 19.975430 36.156208 110.549858
v 22.694862 40.113941 109.754112
v 22.457102 39.803028 108.929527
v 25.589115 44.002594 107.809410
v 25.403536 43.895462 107.224747
v 28.685848 47.065140 105.743050
v 28.013266 46.682686 105.203972
v 28.310228 46.950157 105.970703
v 30.284229 46.517738 105.350533
v 30.652723 48.583725 104.187828
v 30.327555 48.173740 103.407715
v 29.830334 46.257343 104.391518
v 32.362274 50.020191 102.485825
v 32.104073 49.738773 101.842346
v 34.241905 51.440159 100.791931
v 35.963867 52.496704 99.440315
v 35.658840 52.200527 98.771629
v 37.741772 47.639519 99.226509
v 37.782440 50.523476 98.333740
v 38.137466 50.760376 98.939110
v 37.939110 52.216236 98.515396
v 37.569126 51.995361 97.975143
v 36.836170 52.788338 98.190865
v 37.651192 44.714691 100.155174
v 37.418800 41.011574 101.131027
v 37.478203 35.900452 102.797173
v 36.834629 35.864677 102.059113
v 35.592930 34.873745 104.600113
v 35.134224 32.190258 105.276505
v 34.525116 32.298702 104.372726
v 36.353230 30.001900 104.064270
v 32.783134 23.036581 104.228943
v 31.329929 19.951405 104.960518
v 29.299322 17.432842 104.969711
v 23.804066 12.995411 104.801994
v 23.411346 13.768675 103.992577
v 23.501007 14.124506 104.167007
v 22.719532 16.450483 106.410614
v 13.887178 7.843367 102.548904
v 13.730299 8.451343 101.944962
v 11.082294 6.897099 102.104523
v 11.583626 7.633367 101.411064
v 8.839571 7.116991 102.371140
v 8.414952 6.224033 101.697861
v 8.654593 7.806880 101.481705
v 8.095147 6.105278 101.598969
v 5.971832 6.118234 101.819237
v 1.327301 8.420572 102.977211
v 0.541945 7.674580 101.779839
v 1.016481 6.803284 101.906868
v 0.998056 7.034823 101.505592
v 0.445140 7.481843 102.153748
v -1.628663 5.869586 100.751022
v -1.424102 5.620714 100.669022
v -0.550084 6.621820 101.439133
v -0.257391 6.268898 101.318382
v -0.491189 6.778557 101.169037
v -0.287094 6.429744 101.012718
v -1.482226 5.730717 100.466957
v -1.605562 5.987757 100.583893
v -7.328661 5.740579 101.764229
v -6.534711 6.573428 102.242767
v -5.666958 4.727774 101.017395
v -6.898092 4.244939 100.677208
v -8.032585 2.644424 99.606094
v -9.167985 1.340963 98.867661
v -6.523263 2.927002 99.538155
v -10.146423 0.836690 98.765198
v -9.625420 0.960768 98.699142
v -11.705809 1.307472 99.669662
v -13.439185 -0.727782 98.284882
v -12.920718 -0.149264 98.663643
v -12.279866 -0.956473 98.031517
v -12.576134 -1.162396 97.917076
v -15.095569 -0.775659 98.481476
v -14.451668 -0.878969 98.313782
v -14.829678 -1.904903 97.730209
v -16.621508 -0.086827 99.080536
v -19.643726 1.458719 99.939095
v -19.874548 -1.792370 96.717384
v -19.408424 -1.362206 97.284210
v -20.178783 0.680492 99.227112
v -20.104862 1.177591 99.634811
v -23.162014 -2.005043 95.258736
v -22.340902 -2.005893 95.542625
v -22.865591 -2.979412 94.499046
v -23.236389 -2.755798 94.524139
v -25.292688 -0.779984 96.057686
v -24.896587 -0.505023 96.412849
v -26.291086 -1.987965 93.036407
v -25.912037 -1.685987 93.808189
v -24.982738 -2.448188 93.270355
v -25.958117 -0.505460 95.812157
v -28.661757 -2.191190 91.297653
v -27.870871 -2.320142 91.545067
v -27.804777 -3.075549 90.668716
v -31.018213 -1.718773 90.878166
v -30.807610 -1.269491 91.449608
v -31.462988 -1.947721 88.976570
v -30.442802 -2.825142 88.974342
v -33.768635 -1.451649 86.703354
v -35.923267 -0.490304 84.836128
v -35.907410 -1.125656 83.929939
v -36.117683 -0.893608 83.877396
v -36.870853 0.043962 84.233063
v -38.083717 0.943632 83.098312
v -37.670956 0.710197 83.607414
v -37.084087 0.622447 84.810921
v -39.162117 1.743567 82.131729
v -40.539207 2.468987 80.367317
v -40.559250 2.853441 80.986870
v -41.794689 3.438410 79.501869
v -41.754753 3.749426 80.169441
v -42.063351 4.291195 80.596329
v -42.628483 4.847271 80.786911
v -41.361469 4.508752 82.454597
v -42.294735 4.218158 80.012413
v -42.373173 4.170514 79.807266
v -43.026546 4.272733 79.258316
v -42.892696 4.556958 79.693687
v -42.227280 4.038670 79.858063
v -40.400166 4.695296 84.737625
v -39.177734 5.000439 87.444984
v -38.083046 5.547184 89.710808
v -37.856373 5.934188 90.407051
v -37.952690 6.751830 91.125992
v -37.359886 5.797788 91.085876
v -36.623898 4.889728 91.504257
v -35.455612 3.462294 92.060532
v -34.570518 3.668260 93.256912
v -35.798580 7.255497 94.714813
v -35.658520 7.443649 95.040245
v -34.777905 6.782097 95.220512
v -34.877663 6.351168 94.781166
v -33.097351 7.021279 96.977539
v -31.522503 8.172628 99.105461
v -30.897736 7.093265 98.614334
v -29.254040 8.437228 100.569138
v -28.689356 7.342747 100.056412
v -26.995171 7.521257 100.965904
v -26.089811 7.442236 101.345100
v -26.159542 8.549259 102.002472
v -24.330521 7.196805 102.128822
v -25.040516 6.626432 101.413994
v -23.011759 5.917234 102.039780
v -23.323898 5.286503 101.486687
v -20.780136 7.763760 102.872742
v -21.452059 7.417993 102.570915
v -22.457632 8.275912 102.748398
v -21.528366 5.864703 101.995934
v -19.243706 7.601374 103.007858
v -16.453947 8.642772 103.549545
v -16.344624 7.430274 103.032097
v -12.506902 7.604976 102.904305
v -10.223428 6.740959 102.320969
v -8.967265 7.215742 102.475975
v -7.742716 7.367743 102.723129
v -8.234977 6.767785 102.306908
v -22.346130 5.200729 101.641457
v -33.768627 1.452167 91.937584
v -32.702835 -0.047946 90.960701
v -25.628204 -0.011926 96.539619
v -40.973530 3.674776 81.829712
v -39.627537 2.927000 83.546906
v -38.531708 3.595414 87.055786
v -37.793041 1.893378 86.024216
v -37.456448 3.844716 89.129814
v -36.129265 0.956102 87.272728
v -36.870800 3.953568 90.107460
v -35.782177 1.915117 89.459213
v -35.024723 0.718409 88.693642
v -32.230808 4.591449 95.849678
v -31.096720 2.243616 94.910919
v -30.248283 0.434216 93.831490
v -28.216307 -1.241579 93.165665
v -29.117752 2.436885 96.656601
v -27.946665 0.098973 95.216202
v -30.200941 4.785459 97.557205
v -26.864712 2.145224 97.801880
v -28.048376 5.068707 99.062996
v -25.575470 5.198317 100.355698
v -24.635687 2.482838 99.054543
v -22.268667 2.863883 100.192657
v -22.187946 0.004666 97.826317
v -21.030088 2.973786 100.633255
v -17.524439 3.597464 101.435577
v -16.540642 1.241341 100.038879
v -15.013388 4.171629 101.694603
v -14.441693 1.378649 100.034576
v -13.510621 0.486307 99.280022
v -11.970020 2.600800 100.613976
v -12.256194 5.119171 101.958839
v -10.176540 5.414885 101.846466
v -10.161959 2.978706 100.397919
v -8.317307 5.650941 101.806732
v -7.761773 4.274172 100.914886
v -7.142941 5.350165 102.639702
v -6.505612 6.324883 102.792496
v -6.607515 3.617454 101.400032
v -5.548610 4.366009 101.408104
v -5.864710 3.328801 100.607758
v -8.204264 1.559247 100.057671
v -8.849598 0.690079 99.508957
v -6.402673 2.473073 99.961372
v -7.243616 2.402578 100.479050
v -9.591633 0.223848 99.410126
v -11.515586 0.656643 100.462715
v -11.354981 -0.011425 99.811516
v -13.333348 -1.343832 99.052391
v -12.503808 -1.671315 98.441223
v -12.764494 -0.846447 99.428902
v -15.088699 -1.449574 99.219788
v -14.357634 -1.589023 99.071907
v -16.637466 -0.783917 99.895363
v -17.099455 -1.287723 99.257431
v -19.719656 0.834514 100.808304
v -18.259901 -2.853277 97.216156
v -19.672022 -2.070409 97.995918
v -20.020428 -2.557378 97.290695
v -20.365648 -0.019934 99.988037
v -20.340025 0.532083 100.475418
v -23.424372 -2.830986 95.818748
v -23.400562 -3.251911 94.884598
v -22.959349 -3.405012 94.804962
v -22.535416 -2.816794 96.126198
v -25.201166 -1.185765 97.146057
v -26.515448 -2.881966 93.471367
v -25.380175 -3.176980 93.129379
v -25.184994 -3.012170 93.555946
v -26.152519 -2.574152 94.286064
v -26.319592 -1.289987 96.406860
v -28.983366 -3.097415 91.752182
v -28.347830 -3.531746 90.945786
v -28.100590 -3.196943 91.968880
v -31.213646 -1.991344 91.937714
v -32.100391 -2.799358 88.923019
v -30.725334 -3.444339 89.248184
v -31.858370 -2.657341 89.672806
v -31.901047 -1.964639 91.210846
v -34.286224 -2.180351 87.003838
v -33.835522 -2.642083 86.132004
v -36.757080 -1.073889 84.931694
v -36.310448 -1.605499 84.125572
v -36.255653 -1.388739 85.187363
v -37.328987 -0.439886 85.133118
v -38.751614 0.264098 83.265671
v -38.328075 0.014938 83.833817
v -37.829258 -0.071453 84.845840
v -39.791187 1.095373 82.264374
v -39.464737 0.816207 81.658867
v -41.171341 2.177004 81.099472
v -40.914612 1.989592 80.486702
v -42.319244 3.055911 80.233177
v -42.196999 3.013829 79.642738
v -42.826168 3.872272 80.912285
v -42.122307 4.074698 82.797310
v -42.287270 4.809136 83.123978
v -43.035976 4.495395 80.949371
v -43.049774 3.776401 80.256721
v -43.048531 3.639102 79.905052
v -42.789246 3.411299 79.884254
v -41.117363 4.218236 85.102295
v -39.905422 4.639489 87.849373
v -38.847740 5.190799 90.153351
v -38.500603 5.367741 90.869041
v -38.511700 6.461985 91.522247
v -38.044048 5.342147 91.618530
v -38.150902 6.340749 91.926399
v -37.359741 4.501741 91.994598
v -36.132668 2.942254 92.504974
v -35.947788 3.485826 93.192169
v -35.187328 3.173969 93.904114
v -36.234562 6.899961 95.084015
v -35.538353 5.928660 95.424515
v -35.401741 6.412676 95.848991
v -33.622375 6.679533 97.585609
v -31.802208 7.963565 99.539047
v -31.388714 6.711981 99.324234
v -29.130518 6.956151 100.846481
v -26.798935 7.130207 102.133537
v -27.527510 8.427444 102.169716
v -26.201580 6.993222 102.347504
v -24.656223 6.980755 102.938202
v -23.067760 4.745331 102.454079
v -23.084902 5.672073 102.932762
v -20.901802 7.462007 103.823700
v -22.404636 8.312155 103.756439
v -21.585953 7.015221 103.556244
v -21.646856 5.460261 103.024422
v -19.300293 7.331097 103.940491
v -19.628843 8.429914 104.145119
v -16.439362 8.525145 104.125282
v -16.334520 7.212863 103.920471
v -12.428357 7.341316 103.892830
v -13.756499 8.451423 104.086555
v -11.372794 7.020907 103.670052
v -10.101885 7.326042 103.464577
v -10.138271 6.448740 103.322716
v -9.214876 6.867378 103.412254
v -9.162408 7.909567 103.638039
v -8.126832 6.482209 103.228088
v -7.771117 7.151853 103.295776
v -35.438404 2.588219 93.131401
v -31.885643 -1.573055 91.834641
v -37.653461 -0.054236 85.302299
v -26.000349 -0.716140 97.245987
v -42.561661 3.365416 80.654480
v -41.674858 3.067981 82.107147
v -39.684307 1.587504 84.023003
v -40.738262 3.351016 84.721603
v -39.260567 3.125703 87.464401
v -38.467571 1.237770 86.287018
v -38.181206 3.329391 89.424156
v -37.070011 0.941781 88.256348
v -36.140362 -1.027487 86.196732
v -37.643436 3.459936 90.563354
v -36.029202 0.694804 89.465347
v -34.470547 1.306318 92.802856
v -33.255318 -0.709492 91.386353
v -32.688911 -1.696062 90.411217
v -31.616758 1.656538 95.561150
v -30.722374 -0.238301 94.436050
v -32.798512 4.083917 96.545746
v -29.429602 -2.214741 92.916084
v -28.393810 -0.570770 95.792320
v -29.612139 1.868365 97.315979
v -30.712252 4.293450 98.290382
v -27.687777 -1.892730 94.486168
v -27.278913 1.561107 98.556450
v -28.495096 4.579754 99.862923
v -25.964460 4.691632 101.193779
v -24.974344 1.886942 99.872391
v -21.887634 2.386690 101.288925
v -23.429409 -0.963730 97.985222
v -20.330019 4.881543 102.937965
v -17.562962 3.102034 102.426964
v -16.686045 1.168699 101.330223
v -15.046513 3.731239 102.667206
v -14.360230 1.582824 101.429245
v -12.646204 1.836623 101.453842
v -12.992121 4.238124 102.795822
v -9.635885 5.046779 102.769775
v -8.222202 5.221194 102.715828
v -9.450339 2.414872 101.185738
v -7.736560 3.216504 101.382240
v -5.841769 5.667416 101.696190
v -5.977732 3.750070 100.162598
v -8.398947 0.484132 98.904121
v -8.499275 0.898358 98.487686
v -7.498490 1.825758 98.907356
v -7.398740 1.388837 99.351120
v -9.871703 -0.505923 98.674118
v -10.005013 -0.123443 98.161758
v -9.730087 -0.029278 98.126022
v -9.507865 -0.391082 98.584267
v -12.177101 -1.459977 98.632347
v -11.545720 0.650092 99.148781
v -15.159923 -2.236476 98.306046
v -15.325600 -1.763042 97.844482
v -14.767232 -2.315897 98.217697
v -17.140829 -0.807998 98.617912
v -19.363661 -0.057071 100.150436
v -18.466360 -3.038988 96.870247
v -18.404764 -2.656107 96.574333
v -18.206450 -2.445081 96.887268
v -19.286104 0.455807 99.418739
v -25.203804 -2.659584 92.770119
v -25.496410 -1.512095 96.429146
v -28.170393 -2.967884 90.559906
v -28.010565 -3.571789 90.947693
v -30.964153 -3.504981 88.727478
v -30.578316 -2.958115 88.547638
v -31.232798 -2.371022 91.214371
v -33.586178 -2.294255 85.931091
v -36.564240 -1.388749 84.039307
v -37.407139 -0.509437 84.539925
v -38.125420 -0.307955 82.878136
v -37.656433 0.216167 82.759720
v -37.448307 0.119491 83.044830
v -37.941177 -0.455660 83.180252
v -39.102497 1.233890 81.528099
v -41.831532 5.163452 82.912888
v -43.295105 4.255387 79.843369
v -43.239079 3.987331 79.419250
v -42.682350 3.963848 79.143257
v -42.841759 3.588986 79.299927
v -41.396755 5.063368 85.287521
v -40.993660 5.455185 85.068359
v -40.220963 5.536470 87.860237
v -39.822582 5.916451 87.695320
v -39.056343 6.177881 90.255692
v -38.554935 6.462250 90.012566
v -37.597164 6.539621 91.488838
v -37.198750 5.096797 92.493195
v -36.664883 5.378512 92.070160
v -35.395081 3.809080 92.748703
v -36.149906 5.366383 94.327148
v -35.633812 5.726114 93.783310
v -36.093620 7.159222 95.443779
v -33.900043 7.734392 97.728973
v -33.503712 7.890984 97.458694
v -29.686184 8.243489 101.012215
v -27.194998 8.620319 101.593178
v -25.997730 8.124471 102.801651
v -25.632141 8.319949 102.117676
v -26.437414 8.391031 102.641281
v -22.258184 8.469769 102.881813
v -22.658798 8.020244 103.638680
v -19.454895 8.528933 103.453873
v -13.748635 8.598865 103.441788
v -11.501232 8.211455 103.940140
v -11.580854 8.452162 103.229225
v -11.963037 8.566314 103.311340
v -11.925158 8.389013 104.004593
v -9.430448 7.903173 103.667015
v -9.432932 8.162794 102.966995
v -10.056638 7.619989 102.651138
v -9.185051 8.179980 103.043648
v -4.531433 4.919434 101.488937
v -4.599313 5.123607 101.241730
v -5.803174 5.375438 102.185646
v -4.662434 5.626103 101.619522
v -4.664163 5.450046 101.924347
v -2.410082 5.700861 101.521561
v -3.479792 5.347216 101.541611
v -3.547005 5.617072 101.770187
v -2.456731 5.888641 101.683624
v -3.526911 5.486096 101.350006
v -3.530253 5.751442 101.544479
v -2.420897 5.965186 101.524521
v -2.436926 5.776385 101.387268
v -4.533652 7.533500 102.020790
v -3.285588 7.899896 102.230118
v -4.028017 8.374416 102.675323
v -3.556901 7.399363 101.843597
v -3.978685 8.664653 102.281067
v -3.234791 8.090273 101.955032
v -3.557207 7.637631 101.568153
v -4.532804 7.884981 101.618126
v -1.500468 6.987765 101.064018
v -2.639162 7.333192 101.421791
v -1.630642 6.805520 100.907188
v -1.629447 6.712587 101.017670
v -2.638241 7.170856 101.611465
v -2.495710 7.483653 101.851433
v -2.444107 7.606637 101.656326
v -1.552519 6.927178 101.185959
v -5.403801 10.935635 103.546684
v -3.770248 9.338404 102.868210
v -5.573017 9.846006 102.916306
v -7.786256 8.094696 101.025589
v -6.769847 8.417269 101.563454
v -9.501184 8.570150 101.398560
v -11.747490 9.209932 101.789413
v -5.665559 12.067490 104.381729
v -7.294814 12.578808 104.694557
v -8.116904 10.938154 103.651772
v -6.026970 9.016685 102.307190
v -9.193849 9.511272 102.487740
v -9.812754 11.717710 104.011467
v -10.833899 10.301239 103.001724
v -11.587295 15.075571 105.576691
v -10.760291 17.765787 107.073746
v -14.208131 17.158718 106.057739
v -13.529161 19.911261 107.536880
v -13.914204 20.041533 107.497864
v -18.324768 18.471651 105.692657
v -18.292753 19.640310 106.343941
v -19.435411 19.010715 105.579826
v -18.849756 20.377712 106.600349
v -20.133425 20.101021 105.724594
v -15.133085 15.145765 104.880394
v -18.503014 17.063848 104.876350
v -12.387975 13.242173 104.495857
v -19.998341 22.927374 106.817039
v -21.288645 24.257786 106.851143
v -20.621891 25.262098 107.615143
v -21.242537 25.672852 107.541710
v -22.191591 25.607660 107.143204
v -22.913872 25.205770 106.519318
v -22.413057 25.838041 107.110161
v -23.990246 26.057652 106.226997
v -22.818747 27.123154 107.219162
v -25.494955 27.096207 105.560654
v -27.660894 30.849903 104.755165
v -27.194014 28.667282 104.550949
v -27.814631 28.990433 104.128250
v -29.524487 29.046568 102.813095
v -28.936289 29.995878 103.530296
v -30.071623 31.630871 102.515923
v -29.275625 32.486668 103.567146
v -29.065189 32.204769 103.607399
v -31.912933 34.029350 101.728645
v -32.080750 32.785702 101.111214
v -32.907669 33.351387 100.530540
v -33.847816 33.763123 99.844833
v -34.638115 34.112648 99.268066
v -20.499781 18.294910 104.686462
v -14.493889 9.848867 101.589470
v -16.548197 10.396944 101.345596
v -19.889309 11.814877 101.172409
v -23.278282 11.472271 100.015831
v -21.915541 12.729217 101.037773
v -23.803604 13.760624 100.863388
v -24.049496 12.013293 99.989624
v -25.831985 13.399678 99.927940
v -24.179039 17.483574 102.282013
v -24.896490 18.769735 102.562737
v -26.953428 19.338289 101.668938
v -30.473169 19.624933 99.095688
v -28.658335 19.541746 100.512207
v -30.111343 18.187223 98.683800
v -32.048817 22.151621 98.742409
v -32.838875 23.341200 98.352463
v -35.078884 25.247910 96.865204
v -34.373837 26.056601 97.624290
v -35.974724 27.323477 96.477646
v -34.951782 27.255634 97.338783
v -35.056725 27.729336 97.359482
v -34.930676 28.717131 97.794258
v -35.892189 30.181183 97.089355
v -36.691811 30.055099 96.465759
v -36.126011 30.562935 96.961044
v -36.154129 31.062027 97.080269
v -36.353329 32.339787 97.250191
v -37.232803 34.204475 97.162811
v -36.337559 33.647243 97.656540
v -36.419537 34.412922 97.893394
v -36.081593 34.670609 98.179543
v -36.301674 34.670113 98.025528
v -37.087444 35.680435 97.738754
v -36.760792 35.777115 98.018532
v -35.542385 34.463173 98.594025
v -20.339014 14.602570 102.885765
v -22.076099 15.664282 102.676193
v -16.828161 12.595488 102.907692
v -13.933806 11.468071 103.113487
v -22.010885 19.637608 104.453217
v -21.453402 21.873363 105.755081
v -22.567930 23.284006 105.861404
v -24.496464 24.716925 105.519196
v -26.554192 26.045130 104.590912
v -28.224760 27.684406 103.664772
v -31.035376 30.500484 101.719742
v -32.481400 31.690287 100.708595
v -24.085186 21.128143 104.127823
v -25.977358 23.141258 104.110306
v -26.969915 21.727793 102.935081
v -27.846369 24.748762 103.371712
v -29.214008 21.904123 101.380676
v -29.543835 26.483450 102.487968
v -30.859982 23.805086 100.618149
v -30.868580 28.014788 101.674721
v -32.342793 25.824940 99.841148
v -36.009789 34.106922 98.160316
v -35.551281 33.025387 98.314484
v -34.305065 32.470001 99.356384
v -35.233505 31.394863 98.184052
v -33.329365 31.428423 100.035133
v -34.429649 29.979130 98.683258
v -33.452339 27.325630 99.075386
v -31.981878 29.329039 100.930611
v -5.285689 10.417927 104.431213
v -5.480327 9.279803 103.761703
v -3.803600 9.090425 103.320045
v -4.103862 10.741230 104.343216
v -6.814305 7.602920 102.174728
v -4.987821 7.135875 101.493858
v -8.295844 6.657030 100.618729
v -6.487335 6.791906 100.893707
v -7.845214 7.273506 101.620392
v -10.045088 7.887765 102.129799
v -12.085321 8.194906 102.129707
v -5.702578 11.526177 105.073235
v -5.909020 13.425529 106.077309
v -7.263185 12.085295 105.606239
v -8.664218 12.686689 105.927559
v -8.142930 10.363062 104.506554
v -6.005143 8.296225 103.087021
v -9.271909 8.814677 103.244980
v -9.908711 11.158668 104.886635
v -10.963722 9.688998 103.787659
v -11.912061 8.482350 102.509079
v -11.709112 14.649763 106.529312
v -15.034340 16.939686 106.960526
v -14.133729 19.739990 108.245232
v -18.626120 18.061607 106.622627
v -19.082396 19.631241 107.056145
v -19.794704 18.673414 106.379509
v -19.200340 20.052738 107.155960
v -20.476522 19.779440 106.503334
v -18.834986 16.575356 105.825470
v -15.367894 14.663193 105.788399
v -12.570926 12.741797 105.400993
v -20.329111 22.573702 107.736740
v -21.643064 23.901930 107.782227
v -21.569113 25.441250 108.301193
v -23.010061 24.686850 107.492279
v -25.014687 25.325829 106.713982
v -23.175890 26.899328 107.960205
v -26.648670 26.391609 106.007614
v -28.149572 28.781664 105.186943
v -27.783611 30.731775 105.479279
v -29.365494 29.912165 104.149849
v -29.791325 29.236668 103.914406
v -30.452684 31.408064 103.471275
v -29.658951 32.326084 103.933182
v -32.649544 32.804794 101.909668
v -33.475437 33.378586 101.312569
v -34.090405 34.768524 100.718018
v -34.416775 33.796890 100.609550
v -35.196804 34.173656 100.007805
v -20.894547 17.929344 105.505188
v -14.760968 9.130270 102.355896
v -15.766087 7.643027 100.361069
v -16.860809 9.747697 102.073631
v -20.206320 11.181944 101.913994
v -22.253628 12.132887 101.804489
v -23.441820 11.288273 100.449829
v -24.238346 13.228868 101.687675
v -24.154892 11.693146 100.455994
v -26.018032 13.124094 100.495644
v -24.802622 15.400890 102.380844
v -24.674372 17.080181 103.152176
v -25.360828 18.325579 103.403839
v -27.480831 18.876350 102.457680
v -31.210522 19.190289 99.737061
v -30.984152 18.060478 99.000656
v -29.237778 19.085428 101.279121
v -32.811470 21.805634 99.338837
v -33.637783 23.028139 98.932327
v -33.926533 22.495686 97.857140
v -33.356110 21.425497 98.178970
v -35.173885 25.780325 98.188385
v -35.769108 27.001911 97.906891
v -35.886181 27.520014 97.939804
v -36.461788 27.492657 96.946396
v -35.735405 28.552881 98.436295
v -36.795334 30.194195 97.561249
v -36.975227 29.602856 97.034897
v -37.248310 30.816721 96.957840
v -36.932266 30.906416 97.586288
v -37.117390 32.204105 97.705132
v -37.108654 33.523869 98.086884
v -37.441692 34.077259 97.459564
v -37.145298 34.343292 98.286255
v -37.436939 35.260250 97.861725
v -36.783611 34.756481 98.736649
v -36.079071 34.562237 99.301712
v -36.011536 35.413353 99.144661
v -20.675932 14.086567 103.751282
v -22.527597 15.215549 103.603508
v -17.113855 12.040615 103.742599
v -14.160997 10.895389 103.938736
v -22.436743 19.252306 105.311966
v -21.845718 21.483889 106.625122
v -23.223091 23.073040 106.707069
v -30.194700 26.318039 103.291748
v -31.538364 27.895544 102.477211
v -32.644150 29.230812 101.715530
v -33.988628 31.339226 100.800743
v -24.527660 20.701155 105.020447
v -26.482534 22.794674 104.990883
v -27.523209 21.328039 103.801147
v -28.476158 24.511341 104.214996
v -29.846910 21.574537 102.144379
v -31.560667 23.543522 101.362358
v -33.057850 25.615816 100.544731
v -36.513069 32.586372 98.601204
v -35.970886 33.189285 99.366768
v -34.951542 32.371540 100.099594
v -35.967140 31.222830 98.851707
v -35.165768 29.826908 99.378441
v -34.186951 27.127848 99.771095
v -4.049219 11.020813 103.817078
v -5.050389 7.508005 101.028366
v -8.304077 7.098221 100.060951
v -6.503023 7.268140 100.431335
v -9.934552 6.622285 100.349701
v -9.864315 7.155673 99.853195
v -11.974817 8.850390 101.424583
v -11.512057 6.678240 100.059402
v -4.554924 11.749929 104.946930
v -4.526676 12.068233 104.382782
v -5.611843 13.149860 105.207199
v -5.703115 12.810033 105.866241
v -5.908829 13.668894 105.585640
v -8.543982 13.182497 105.231636
v -8.447589 15.445740 107.024536
v -8.292602 15.717306 106.546837
v -10.857334 17.534369 107.674500
v -13.639428 19.588919 108.228119
v -18.618820 19.290308 107.065887
v -18.811918 19.807411 106.433411
v -18.414457 23.537136 107.902298
v -18.696323 23.282345 108.477943
v -18.680351 23.964270 108.030655
v -18.963440 23.726162 108.514030
v -20.920921 24.994579 108.385597
v -22.426882 25.353786 107.944824
v -22.679033 25.467766 107.911926
v -24.717787 28.709490 106.620171
v -25.053139 28.556412 107.210899
v -27.331171 30.826094 105.011635
v -28.084787 30.707182 105.226036
v -29.380960 31.957222 104.111519
v -32.222366 33.863884 102.100342
v -32.747250 34.479000 101.084908
v -33.084549 34.282364 101.474586
v -33.767109 34.954845 100.361984
v -34.683067 35.294624 99.669746
v -34.898670 35.102093 100.053619
v -15.481403 8.132340 99.818054
v -17.671324 8.555953 100.285797
v -17.545465 8.869297 99.920799
v -20.833040 9.976055 100.391479
v -20.707613 10.276340 99.999268
v -25.605700 13.061571 99.868942
v -25.813173 12.792541 100.413086
v -27.739450 17.540888 101.361000
v -27.247034 17.956688 100.654236
v -25.495783 17.737848 101.794624
v -25.876507 17.268661 102.495590
v -30.713497 18.385597 98.487312
v -30.582977 17.816967 99.294701
v -33.720230 22.678812 97.473007
v -33.109859 21.534575 97.794174
v -35.483746 25.163174 97.246986
v -36.392975 27.124224 96.829636
v -36.016792 27.707392 96.539352
v -35.511600 28.808594 97.308907
v -36.417744 29.683599 96.590691
v -36.060970 28.653463 97.986076
v -37.098938 29.900183 96.902748
v -36.918983 30.962429 96.530151
v -37.430107 32.407803 97.150589
v -37.156422 32.555260 96.766663
v -37.241402 35.336910 97.590973
v -36.899834 35.654949 98.399124
v -37.304264 35.555752 98.092438
v -35.845211 35.596020 98.718346
v -11.488171 7.144575 99.725281
v -2.694310 3.309074 101.109398
v -2.226609 4.438942 100.536278
v -2.866861 4.579014 99.879646
v -3.766901 3.603000 99.972824
v -1.971659 4.189044 100.199196
v -3.371991 3.333528 99.512939
v -2.583293 4.417174 99.561043
v -2.322616 2.943259 100.612160
v -1.856722 5.507740 99.481102
v -1.486243 5.369302 99.866600
v -1.662373 5.541116 100.096275
v -2.065682 5.597312 99.704338
v -6.168052 0.766025 98.261299
v -4.349128 3.368255 98.754906
v -4.961599 1.018507 99.449997
v -2.280182 -1.108504 102.493217
v -2.897958 0.046010 101.556152
v -0.812523 -3.321962 104.706001
v -3.276261 -3.218629 103.244446
v -3.898884 -6.198781 104.657410
v -4.463491 -6.029130 104.184914
v -7.735037 0.072130 97.376144
v -8.652426 -1.984921 98.012299
v -6.826142 -2.284959 100.173767
v -3.941490 0.792933 100.548851
v -4.980434 -3.052602 102.241455
v -7.923578 -4.567278 100.565628
v -6.267613 -5.221055 102.621246
v -11.604075 -8.097723 98.406952
v -13.556986 -12.198456 98.003784
v -16.488806 -13.125330 94.909111
v -14.412814 -17.834667 99.299126
v -14.699584 -19.475454 99.436676
v -15.455592 -20.894327 98.729874
v -11.430036 -12.433729 100.622932
v -12.843929 -17.463173 100.806351
v -9.647966 -8.267593 100.761269
v -17.952948 -22.094963 95.722672
v -18.778637 -24.377998 95.130020
v -20.024969 -23.961924 93.724396
v -19.049889 -26.939337 95.110291
v -19.958706 -26.544664 94.196350
v -19.227032 -28.801668 94.826584
v -19.085644 -31.405325 94.537384
v -20.930908 -31.133253 92.442223
v -19.983252 -36.500530 91.613472
v -20.236490 -36.015961 91.474724
v -18.758261 -34.687679 93.697594
v -18.469570 -35.750637 93.659988
v -17.148174 -38.216137 94.459076
v -17.911600 -40.554695 91.852951
v -19.336618 -39.363831 90.777679
v -18.226448 -44.431313 90.235085
v -16.974445 -44.076725 91.599648
v -16.621756 -45.583443 91.392891
v -16.095528 -47.162025 91.412292
v -15.654078 -48.491253 91.424652
v -13.480990 -20.571074 100.761681
v -2.242874 -10.335482 107.507439
v -4.994961 -9.625940 105.327095
v -5.300592 -12.394697 106.078842
v -4.341187 -17.549978 108.774940
v -6.293150 -17.142763 106.763741
v -6.879229 -20.066992 107.110367
v -7.435020 -22.921349 107.218910
v -10.805413 -25.140228 103.637962
v -11.816710 -26.652891 102.757851
v -9.515326 -29.525923 104.834663
v -11.303949 -29.676752 103.326164
v -8.822979 -34.808990 104.811653
v -10.242275 -32.169846 103.995270
v -9.690300 -38.303059 102.972603
v -8.608562 -41.000751 103.225380
v -9.823358 -40.085361 102.084557
v -10.281365 -43.788521 99.910912
v -10.510209 -45.296791 98.890564
v -10.746711 -45.703045 98.434875
v -11.202777 -46.910255 97.522484
v -11.671737 -46.013420 97.342201
v -10.814353 -48.750072 96.987900
v -11.547073 -48.277489 96.185547
v -11.581934 -48.828171 95.886055
v -11.346667 -50.137783 95.880363
v -11.939183 -49.126480 95.372826
v -12.706142 -50.084854 94.113678
v -13.744405 -50.729912 92.730385
v -14.512716 -52.833076 91.438820
v -14.368618 -51.211891 91.983521
v -14.770906 -50.882004 91.529175
v -14.617157 -51.188923 91.644547
v -15.782022 -50.989704 90.455963
v -15.111228 -49.986664 91.490990
v -9.678029 -18.756285 104.362251
v -10.172034 -21.470604 104.322731
v -8.224023 -13.504536 104.185486
v -7.475616 -9.433544 103.492325
v -14.013932 -23.211544 100.242188
v -16.459560 -23.487156 97.658836
v -17.375418 -25.593391 96.871368
v -17.886391 -28.805201 96.513641
v -17.634443 -32.314846 96.217651
v -17.435240 -35.576382 95.302002
v -16.631062 -41.242294 93.599434
v -16.100183 -44.000168 93.012856
v -14.597548 -26.618883 99.925209
v -15.747324 -30.030348 98.969208
v -13.876465 -30.714403 100.960251
v -15.812345 -33.428925 98.274345
v -12.401815 -33.950829 101.936119
v -15.710550 -36.764759 97.280449
v -12.511021 -37.286758 100.749199
v -15.545059 -39.523994 96.273842
v -12.617989 -40.516197 99.311058
v -14.506597 -50.456993 92.109749
v -14.180757 -49.206074 93.048035
v -15.043673 -47.058624 93.066330
v -13.299757 -47.878933 94.632095
v -15.301682 -45.050644 93.730377
v -13.212427 -45.900116 95.792709
v -12.459124 -42.993946 98.200996
v -15.339705 -41.882149 95.381950
v -7.063397 1.548049 98.983322
v -5.792603 1.787328 100.234619
v -3.357986 0.726732 102.657539
v -2.719304 -0.446103 103.608307
v -1.244117 -2.887492 105.480026
v -4.038218 -3.144224 104.574791
v -8.112780 1.741848 97.101822
v -9.608704 -1.306375 98.774048
v -10.529001 -3.156517 99.151878
v -7.688431 -1.642281 101.053413
v -4.640891 1.552832 101.540337
v -5.679922 -2.429556 103.269958
v -8.831740 -4.006654 101.480965
v -7.047428 -4.698784 103.597847
v -5.119423 -5.499130 105.299187
v -12.669197 -7.620827 99.209442
v -14.777472 -12.670202 99.051231
v -17.361406 -12.912489 95.588341
v -15.490091 -17.580256 100.203209
v -15.651384 -19.380201 100.266602
v -16.383911 -20.798119 99.525566
v -13.920022 -17.187805 101.824951
v -12.437443 -12.066589 101.556953
v -10.634557 -7.831430 101.678528
v -19.045418 -21.912863 96.581139
v -20.233238 -20.788460 94.525208
v -20.955910 -23.852226 94.426399
v -19.889273 -24.217270 96.010239
v -21.152597 -24.898741 94.353203
v -20.098633 -26.367899 96.004967
v -20.829458 -25.951973 94.960083
v -20.881943 -26.321932 94.998970
v -19.751003 -29.333448 96.486290
v -21.613144 -27.759508 93.743378
v -19.594536 -32.115929 96.246429
v -19.797834 -35.612160 94.392700
v -19.165758 -38.080826 93.706284
v -18.677443 -38.232380 94.705414
v -19.111599 -40.498047 92.607803
v -19.939852 -39.383701 91.402374
v -18.107975 -44.441917 92.173424
v -17.737436 -45.958546 91.952713
v -17.192020 -47.548954 91.961205
v -17.100737 -49.113503 90.686844
v -16.727726 -48.892628 91.929489
v -14.452530 -20.491615 101.652916
v -5.733778 -9.200977 106.514290
v -6.027142 -12.078812 107.209999
v -3.430425 -12.919117 108.671486
v -7.044333 -16.837030 107.882950
v -4.744138 -17.361628 109.298615
v -7.681125 -19.798742 108.209259
v -5.847711 -21.125145 109.650543
v -8.354715 -22.782049 108.326683
v -7.138971 -25.181675 109.386482
v -6.861459 -24.772825 109.596947
v -10.216507 -24.519075 106.444336
v -11.846663 -25.132778 104.654694
v -12.798638 -26.595533 103.791695
v -12.224267 -29.699415 104.410889
v -9.607202 -35.141861 105.975014
v -8.372591 -33.736900 106.975647
v -11.147120 -32.263268 105.104446
v -10.457741 -38.736397 104.042450
v -10.589906 -40.586529 103.138397
v -9.063817 -40.980259 103.671295
v -11.042826 -44.319653 100.920151
v -11.289149 -45.860126 99.887421
v -10.087567 -47.043037 99.915108
v -11.561340 -46.303299 99.393158
v -12.578204 -46.590801 98.247879
v -12.327057 -49.139744 96.917488
v -11.454819 -49.170822 97.577927
v -11.429724 -49.545105 97.295959
v -12.670877 -49.729073 96.216293
v -13.378108 -50.702618 94.912148
v -12.814342 -51.389427 94.761902
v -14.391356 -51.372383 93.513741
v -13.879117 -52.326488 92.965324
v -14.980681 -51.849987 92.665390
v -14.864267 -52.908264 91.728951
v -15.649751 -51.529243 92.060211
v -15.602830 -52.344311 91.044197
v -16.155088 -50.398445 91.929619
v -10.637628 -18.500257 105.394440
v -11.259378 -21.364031 105.374298
v -9.119224 -13.177305 105.218178
v -8.340100 -9.032211 104.501953
v -15.034509 -23.140465 101.187302
v -17.486357 -23.371151 98.588120
v -18.493452 -25.896500 97.776367
v -16.792721 -37.106720 98.120667
v -16.647730 -39.916660 97.074867
v -16.427002 -42.285805 96.149658
v -16.367441 -45.463589 94.481010
v -15.647698 -26.528337 100.937325
v -16.826487 -30.065577 99.931358
v -14.925123 -30.776693 102.012207
v -16.911844 -33.687584 99.190895
v -13.363701 -34.185047 102.938866
v -13.488422 -37.647598 101.717621
v -13.567501 -40.940960 100.220230
v -14.555150 -49.922325 94.284103
v -15.666595 -49.397968 93.418045
v -16.074741 -47.459515 93.812897
v -14.221991 -48.361118 95.503426
v -14.178107 -46.387306 96.650314
v -13.406936 -43.450909 99.109047
v -4.831168 3.650855 99.170403
v -6.285013 2.354488 97.289589
v -6.853050 2.659868 97.774063
v -1.951908 2.845195 101.742325
v -1.520757 2.371215 101.250267
v -1.284303 -0.944785 104.366989
v -0.752925 -1.433829 103.736229
v -0.945002 0.646983 102.383102
v -1.339480 1.131156 103.024345
v -4.554795 -5.657409 105.649155
v -1.201391 -4.824754 106.442894
v -7.516982 1.368357 96.582588
v -8.405193 0.621161 98.184639
v -9.209136 -0.235453 96.324738
v -9.929226 0.114632 96.935776
v -9.956144 -0.756712 96.040924
v -10.484323 -0.424566 96.438057
v -9.818930 -3.584168 98.335632
v -12.460447 -4.389176 95.631668
v -12.989421 -4.220834 96.164894
v -14.428304 -8.277149 95.172394
v -15.118795 -8.022488 95.650726
v -16.411959 -12.591722 94.797585
v -17.183712 -12.262262 95.410187
v -15.704032 -18.284740 98.122108
v -16.545391 -18.172411 98.923805
v -15.985034 -18.946575 98.317558
v -16.759104 -18.915565 98.859863
v -16.433432 -19.282629 97.742737
v -17.077871 -19.275034 98.491798
v -19.273039 -20.271420 94.203369
v -19.957859 -20.221842 94.830467
v -19.658920 -20.792284 93.939087
v -20.215902 -24.950726 93.675224
v -19.865679 -26.137224 94.310066
v -20.690907 -27.765062 93.057495
v -21.685997 -31.202227 92.995674
v -20.881098 -36.300072 92.012764
v -20.607040 -36.720867 92.186989
v -18.328043 -37.872540 93.158470
v -19.438990 -39.793407 90.596413
v -19.914392 -39.995075 91.135651
v -18.692841 -44.543755 90.729797
v -17.748404 -45.897545 90.148529
v -18.230549 -46.015709 90.702271
v -17.215868 -47.620434 90.141884
v -17.656647 -47.741455 90.665848
v -16.647808 -49.129158 90.223915
v -2.792691 -10.155365 108.392693
v -3.067254 -13.105070 108.139580
v -5.337612 -21.213226 109.220978
v -6.155421 -22.186174 109.692223
v -5.669917 -22.436981 109.141594
v -6.491078 -25.350307 108.804634
v -6.236781 -24.904318 109.013458
v -11.318494 -26.860079 105.115410
v -10.343073 -29.567636 105.822563
v -10.541084 -26.976549 104.146545
v -8.173388 -34.453194 106.907120
v -7.598213 -34.536293 106.224098
v -7.652592 -33.655224 106.077461
v -8.440823 -39.476501 104.170280
v -8.934295 -39.547249 104.560699
v -9.657101 -44.635487 101.596611
v -9.127120 -44.367954 101.123932
v -9.638817 -46.820477 99.311478
v -10.397140 -47.307365 99.576874
v -9.879366 -47.084263 98.923424
v -12.108360 -47.189720 98.248840
v -10.857157 -49.338951 96.728828
v -11.896087 -50.264538 96.380623
v -12.332064 -51.310986 94.309326
v -13.512157 -52.277115 92.602432
v -15.140625 -52.402168 90.714699
v -14.808815 -52.816933 90.981308
v -15.250760 -52.855946 91.361061
v -16.283426 -50.908455 90.884056
v -0.958530 -5.210489 105.817253
v 0.641599 2.488373 99.550049
v -0.025987 3.352701 100.217476
v 0.083218 3.542108 99.859909
v 1.454499 3.015513 100.815224
v 0.460964 2.239994 100.076462
v 0.693298 3.962920 100.252502
v 0.531860 3.828794 100.651794
v 1.688965 3.210659 100.227684
v -0.546851 4.548761 100.070854
v -0.177483 4.803588 100.307701
v -0.289502 4.710709 100.580551
v -0.608322 4.398835 100.314651
v 1.248336 -0.766094 97.960854
v 1.880834 0.316944 98.910591
v 6.727874 2.899232 101.228287
v 5.518334 1.752849 100.463394
v 4.080291 1.665293 100.127663
v 4.566755 3.512918 100.799179
v 8.518435 2.150573 101.426468
v 7.087104 0.137733 100.512566
v 9.692671 -1.488258 100.787949
v 9.202542 -1.894089 100.510674
v 2.457710 -3.845996 97.123543
v 0.312479 -3.651476 96.343231
v 4.073553 -2.459112 98.640160
v 2.790127 1.073408 99.646408
v 6.026359 -1.220908 99.918770
v 5.614817 -4.213169 98.339119
v 7.410579 -3.094437 99.667915
v 6.350014 -8.539074 95.763634
v 2.195716 -7.871635 94.751213
v 8.734217 -11.648779 94.281967
v 7.367920 -14.387962 91.694702
v 13.284142 -14.419611 93.597687
v 12.780673 -15.645313 92.601814
v 14.511263 -15.252464 93.199867
v 13.175361 -16.610462 92.032829
v 15.108448 -16.383080 92.215790
v 10.563337 -9.995098 96.172737
v 14.059454 -12.994873 94.814461
v 7.976808 -7.000310 97.471893
v 14.133036 -18.854765 89.559990
v 11.731207 -19.283394 89.037064
v 15.418813 -20.356192 88.392151
v 16.128510 -21.885954 87.237488
v 17.311251 -21.501616 87.551613
v 16.373564 -22.107767 87.015923
v 18.598801 -22.311157 86.709770
v 16.671770 -23.137125 85.729126
v 20.568611 -23.116375 85.578018
v 18.991516 -24.530874 84.110497
v 22.934366 -23.994225 83.730865
v 23.845201 -24.129475 83.309784
v 26.491930 -23.912590 83.007568
v 25.365454 -24.757238 82.159004
v 27.130108 -25.334120 80.107109
v 30.096046 -25.795660 78.605118
v 31.313751 -26.031595 77.884857
v 30.736500 -27.067873 76.857948
v 32.726044 -26.151743 77.311813
v 32.253902 -27.233706 76.213875
v 33.913284 -26.254213 76.826134
v 33.648197 -27.294939 75.712341
v 16.244118 -14.644695 93.813271
v 14.477035 -1.634251 101.626381
v 12.222654 -3.657285 100.339729
v 14.537456 -4.924043 100.087883
v 16.574533 -3.337302 101.334030
v 18.134783 -7.478479 99.199020
v 20.332253 -9.028606 98.584885
v 22.401491 -10.522556 97.788704
v 21.719219 -14.083614 94.409279
v 22.241608 -15.459677 93.277069
v 24.967005 -16.121172 92.688004
v 30.322268 -15.893641 91.939896
v 27.501280 -16.130804 92.297012
v 30.269127 -14.520443 93.260391
v 31.024347 -14.793119 93.083893
v 32.094791 -17.834438 89.315826
v 33.853588 -17.225407 89.791664
v 33.121391 -18.563915 87.983238
v 36.346958 -19.484821 85.655968
v 35.076778 -20.225471 84.957428
v 35.811138 -20.934835 83.615562
v 35.885788 -21.269581 83.121437
v 35.427536 -22.137524 82.200584
v 36.820988 -22.815102 80.448982
v 37.131420 -23.034620 80.015213
v 38.227207 -23.304058 79.545082
v 37.060913 -23.431536 79.522629
v 38.250187 -24.520592 77.937569
v 37.101109 -24.393732 78.225510
v 37.998222 -25.824551 76.307014
v 36.761974 -25.470415 76.959831
v 37.680260 -26.842600 75.252884
v 36.661263 -26.153393 76.239288
v 36.107944 -26.365026 76.011810
v 36.439400 -26.347486 75.988930
v 37.405685 -27.076586 74.905365
v 36.876625 -27.202612 74.857079
v 35.469852 -27.233721 75.185310
v 35.283138 -26.331644 76.318710
v 17.393965 -10.862782 97.023323
v 19.322903 -12.250891 96.141151
v 13.740952 -7.749694 98.456795
v 10.584409 -5.643838 99.141228
v 17.932775 -16.028095 92.553513
v 16.405579 -18.134964 90.559959
v 17.454508 -19.644846 89.296707
v 19.651962 -21.217869 87.980576
v 22.361147 -22.253572 86.527328
v 24.640499 -23.230631 84.637932
v 28.715750 -24.537827 81.206825
v 30.832197 -25.061813 79.725548
v 20.272062 -17.733479 91.215164
v 22.196915 -19.904287 89.400520
v 24.066149 -18.613111 90.639107
v 24.571396 -21.159037 87.683632
v 27.426607 -18.546560 90.211105
v 26.847870 -22.243233 85.714569
v 29.563463 -19.804756 88.103264
v 28.693150 -23.066952 83.919891
v 31.529470 -21.017086 85.817802
v 36.072281 -26.002958 76.614777
v 35.541836 -25.301716 77.789680
v 33.586605 -25.263700 78.624428
v 35.368427 -24.118706 79.471977
v 32.172932 -24.779026 79.888634
v 34.269928 -23.363968 81.106651
v 33.117096 -21.743279 84.030258
v 30.280672 -23.716131 82.351746
v 0.592445 -1.260515 98.939735
v 1.279128 -0.129242 99.930534
v -0.628209 -0.656504 98.261383
v 3.784685 1.493968 101.342941
v 6.390731 2.609985 101.988991
v 5.248895 1.592337 101.681702
v 8.308163 1.922851 102.278625
v 7.241571 -0.511273 101.754936
v 10.169131 1.243327 102.442490
v 1.875673 -4.429917 98.108696
v 0.012503 -4.149610 97.063057
v 3.135972 -5.879179 97.919289
v 3.592913 -2.979118 99.702187
v 2.313052 0.730509 100.823196
v 5.668733 -1.613709 101.081207
v 5.195057 -4.802171 99.409401
v 7.085757 -3.590032 100.762184
v 8.962328 -2.285347 101.709602
v 5.902297 -9.288162 96.728775
v 4.126924 -11.420675 93.866798
v 9.057994 -12.874432 95.156113
v 13.041188 -15.260958 94.576050
v 12.691876 -16.335548 93.418106
v 14.408319 -16.042891 94.047386
v 13.216048 -17.170372 92.746292
v 15.000617 -17.152510 93.031853
v 13.841101 -13.830402 95.896751
v 10.266993 -10.737715 97.205902
v 7.627923 -7.700227 98.511459
v 13.925030 -19.733774 90.477318
v 15.228965 -21.258718 89.322914
v 16.828173 -22.205177 88.624557
v 15.887938 -22.650103 87.963989
v 19.421574 -22.983452 88.000725
v 21.552937 -23.841049 86.849266
v 23.546812 -25.220600 84.133751
v 22.873388 -26.327375 82.014229
v 26.073795 -25.217716 83.391251
v 26.946598 -26.346548 80.907372
v 25.373632 -26.620241 80.355553
v 29.569714 -27.395948 77.914337
v 30.198961 -26.898565 79.103104
v 31.425488 -27.122625 78.365601
v 32.383980 -27.662104 76.669548
v 32.849617 -27.230513 77.777107
v 34.040237 -27.317801 77.246536
v 16.168438 -15.458902 94.709824
v 12.061812 -4.157938 101.575157
v 14.445750 -5.452038 101.237907
v 16.495035 -3.590404 101.889847
v 18.038414 -8.030664 100.338432
v 20.240667 -9.636629 99.700539
v 22.373407 -11.276558 98.882698
v 22.427889 -13.428865 96.926239
v 21.720287 -14.985481 95.396355
v 23.404882 -15.167524 95.147499
v 22.230013 -16.293913 94.288338
v 25.056475 -16.933111 93.708412
v 30.726791 -16.703300 92.907265
v 27.659641 -16.955553 93.312675
v 32.550034 -18.663658 90.168373
v 33.624012 -19.416279 88.799461
v 33.879524 -17.677267 90.157150
v 35.588661 -21.083208 85.725227
v 36.542595 -20.039898 86.029732
v 36.337746 -21.818586 84.364159
v 36.415379 -22.195831 83.829216
v 37.655155 -21.574621 83.512215
v 35.889648 -23.132044 82.882225
v 36.514709 -22.948938 82.627533
v 37.485985 -23.800493 80.873253
v 38.238789 -23.195358 80.952843
v 37.579819 -24.285788 80.122520
v 37.636124 -25.201836 78.775146
v 37.319324 -26.265841 77.485443
v 37.191147 -26.915377 76.676231
v 36.501266 -27.352407 76.349297
v 36.791611 -27.580584 75.210197
v 35.404861 -27.372206 76.675995
v 35.388256 -27.638784 75.634453
v 17.234890 -11.607008 98.096947
v 19.243620 -13.157104 97.196327
v 13.548514 -8.413982 99.547043
v 10.336606 -6.255091 100.233047
v 17.866055 -16.888037 93.498726
v 16.296230 -18.983725 91.507484
v 17.631510 -20.720171 90.094368
v 27.044312 -23.300613 86.440117
v 28.908220 -24.158901 84.597679
v 30.497715 -24.798227 82.995819
v 32.398453 -25.845821 80.512573
v 20.203884 -18.613039 92.227158
v 22.199022 -20.852224 90.331551
v 24.131386 -19.547026 91.633621
v 24.724205 -22.203051 88.503754
v 27.637493 -19.467443 91.096222
v 29.855391 -20.783270 88.918816
v 31.859591 -21.993492 86.558495
v 36.408890 -25.903585 78.642250
v 35.318691 -26.635847 78.214371
v 33.813061 -26.296743 79.244865
v 35.739056 -25.091702 80.158165
v 34.624886 -24.375172 81.784660
v 33.472427 -22.729736 84.759018
v -0.220320 1.375655 99.537735
v 0.015722 1.692001 99.034294
v -0.369727 -0.273951 97.681717
v 2.290292 3.462709 101.109200
v 2.630818 3.669325 100.482910
v 4.283471 3.337482 101.551018
v 9.400303 -1.872566 101.886810
v 10.330064 1.325372 101.754654
v -0.578751 -2.034808 97.533348
v -0.270206 -1.652332 96.898178
v 0.576303 -2.708455 98.111221
v 0.944238 -2.319125 97.163445
v 0.364430 -4.463216 96.016563
v 0.067759 -4.800432 96.526443
v 3.420320 -5.412474 97.000793
v 2.074233 -8.271315 95.321815
v 4.389613 -10.916542 93.294846
v 6.939673 -14.129431 91.769409
v 6.638787 -14.678677 92.489754
v 7.147107 -15.065796 92.444458
v 13.269159 -16.124378 92.579498
v 13.174655 -16.780727 93.140800
v 11.682474 -19.859591 89.665924
v 11.912038 -19.789980 88.684509
v 11.921803 -20.288116 89.250320
v 14.176366 -21.228678 87.486626
v 14.024031 -21.993296 88.228096
v 14.863050 -21.742821 87.137077
v 14.745136 -22.532396 87.839561
v 16.171534 -22.827778 87.879539
v 16.597641 -23.931269 86.421104
v 18.985111 -25.207201 84.645607
v 22.680580 -25.667883 81.577087
v 23.192102 -25.630291 81.502937
v 23.354927 -26.250183 81.989006
v 25.341608 -26.088263 79.761551
v 25.576817 -26.324316 79.476433
v 25.763266 -26.811213 79.922195
v 25.437391 -25.553177 82.652527
v 29.465328 -26.949648 77.477577
v 30.860867 -27.530928 77.344681
v 33.646309 -27.683283 76.163368
v 14.463799 -2.055582 102.501770
v 19.725649 -6.305815 101.091972
v 19.823385 -6.020116 100.537636
v 22.402250 -8.594097 100.262909
v 22.491587 -8.184088 99.809219
v 23.137661 -9.234982 99.980011
v 23.302380 -8.901175 99.372238
v 25.025307 -11.131567 98.835938
v 25.170099 -10.630266 98.210014
v 24.983313 -10.260475 98.506050
v 24.875839 -10.755466 99.118233
v 26.090132 -15.327740 94.727272
v 25.988737 -14.589552 93.806221
v 23.416145 -14.528952 94.195671
v 31.006453 -15.265881 93.758438
v 30.406357 -15.179693 94.079323
v 34.635284 -18.278748 88.939705
v 34.647732 -17.890572 88.501198
v 37.674065 -21.226097 83.850746
v 37.439579 -20.752769 83.360527
v 37.426010 -21.041548 82.971802
v 38.038994 -23.089268 81.319862
v 37.720169 -22.383171 80.884811
v 36.347309 -22.065956 81.998444
v 38.071896 -22.624022 80.473480
v 38.316555 -23.825846 79.991554
v 38.307861 -24.967190 78.351845
v 38.040646 -26.161108 76.641396
v 37.722237 -27.173651 75.515137
v 37.420624 -27.473249 75.266342
v 2.154415 7.112953 104.200386
v 1.412609 6.778779 103.217995
v 1.862357 6.099132 102.896042
v 2.881516 5.936896 103.613838
v 3.133810 6.299421 103.169434
v 2.015174 6.344924 102.576836
v 1.649130 7.045481 102.921349
v 2.502988 7.501535 103.763680
v 0.974520 6.316627 101.903122
v -0.191504 5.871196 100.896606
v 0.753463 6.740917 102.111038
v -0.338795 6.154646 101.035049
v -0.431320 6.046592 101.151489
v 0.592134 6.556538 102.313622
v 0.888784 6.149008 102.137909
v -0.215203 5.774802 101.053459
v 6.668751 5.280467 104.017250
v 3.838475 5.398927 102.928505
v 5.468042 6.282254 104.430336
v 4.570138 9.986697 106.475616
v 4.402020 8.743795 105.615463
v 4.590800 12.660022 108.350014
v 6.149823 10.460586 108.100677
v 7.912609 11.792715 110.373978
v 8.226822 11.188009 110.162239
v 8.192317 4.287048 104.121544
v 7.528298 3.635651 103.008926
v 9.755384 4.773149 105.607224
v 10.276324 2.783740 104.158119
v 9.474861 3.133255 103.940018
v 11.226460 4.773585 106.800858
v 8.267886 6.710585 106.728516
v 4.729073 7.375671 104.986488
v 7.155802 8.891144 107.906364
v 10.177218 7.133581 108.154663
v 9.062121 9.107031 109.362701
v 15.174324 5.781124 108.903427
v 14.085247 2.694334 105.890045
v 19.105217 6.360368 110.565254
v 22.944563 8.883430 113.628487
v 24.186804 9.546864 114.341660
v 25.501730 7.818814 113.593521
v 25.838453 9.585728 114.490311
v 17.243116 8.574969 111.919189
v 21.369444 10.156771 114.121635
v 13.452950 7.783899 110.090767
v 29.067553 7.770552 113.396927
v 31.322510 8.228509 113.923134
v 33.403046 8.171963 114.211311
v 33.300190 9.357969 114.778526
v 33.787861 8.293915 114.277634
v 34.853786 10.147081 115.175362
v 36.824352 11.567326 115.665146
v 38.309212 9.641674 114.613091
v 42.221279 13.031145 115.179268
v 39.468105 13.388244 115.841087
v 40.145325 14.159206 116.015907
v 41.054707 16.603113 116.882248
v 44.248898 16.782782 115.776505
v 44.869106 14.992477 115.130814
v 47.932846 18.285521 115.752800
v 46.559433 19.299772 116.259468
v 47.611855 20.322237 116.405518
v 48.851665 19.404030 115.934830
v 48.544941 21.555161 116.687820
v 49.899151 20.712730 116.236794
v 49.333099 22.591362 116.922966
v 23.899147 11.287664 115.262886
v 8.965881 15.729460 113.263863
v 10.526506 12.865024 112.365891
v 12.314732 14.212765 113.919037
v 15.841651 16.058512 116.277664
v 17.300941 19.354647 119.103981
v 18.038424 17.201326 117.659798
v 20.281694 18.288788 118.817192
v 20.951494 20.563089 120.454353
v 24.855892 16.236563 117.905693
v 26.755091 16.098372 118.042107
v 28.492704 18.174313 119.204445
v 30.572765 23.023613 120.969475
v 29.583359 20.410755 120.075455
v 29.247601 24.068298 121.549873
v 34.296120 23.863813 120.868408
v 34.111340 25.646561 121.698143
v 35.718605 26.149307 121.456871
v 36.051399 24.538237 120.736588
v 39.333576 27.144039 120.970222
v 39.920063 25.742481 120.268517
v 42.148224 27.716185 120.440651
v 41.574211 26.176748 119.985435
v 42.171116 26.127857 119.831459
v 42.612087 27.601545 120.300232
v 43.645752 26.249470 119.634056
v 43.259762 25.388918 119.403419
v 45.076721 27.415865 119.601280
v 45.387676 26.465620 119.098457
v 45.640476 27.645639 119.584976
v 45.939083 26.674356 119.035019
v 46.531109 26.466297 118.849449
v 48.760956 27.121250 118.797623
v 48.105442 26.158318 118.419167
v 49.615021 25.456573 117.900864
v 50.552197 25.098923 117.685791
v 50.678055 24.537905 117.377518
v 50.788177 24.836702 117.502380
v 52.301571 24.906761 117.318993
v 50.177673 23.801758 117.211792
v 19.440529 13.886295 116.142349
v 21.625687 14.921679 117.114342
v 15.133793 12.220032 113.863167
v 12.198526 10.540194 111.795448
v 26.265913 12.169922 115.840805
v 28.607780 9.984908 114.792709
v 30.858786 10.246884 115.144058
v 33.558231 11.473573 116.014679
v 36.147438 13.451574 116.726654
v 38.861000 15.150009 116.885162
v 43.447041 18.431787 116.891640
v 45.513687 20.178726 117.035767
v 29.117285 13.450498 116.831055
v 32.486198 14.186773 117.527779
v 31.338650 16.329325 118.608986
v 35.301559 15.793444 118.008369
v 32.667576 19.325365 119.788612
v 38.143139 17.442350 118.163940
v 35.680283 20.778622 119.870773
v 40.546345 18.835987 118.112091
v 38.729885 22.133554 119.717567
v 49.999382 24.620308 117.615799
v 48.532040 24.380604 117.871773
v 47.299767 22.598593 117.581131
v 46.495949 24.640217 118.409492
v 45.636116 21.466913 117.617241
v 44.490692 23.875956 118.720261
v 40.978428 23.356522 119.500717
v 42.589703 20.070450 118.017365
v 6.119359 4.312456 104.715050
v 4.874375 5.381489 105.157501
v 3.582013 8.229231 106.479851
v 3.748992 9.500158 107.348373
v 5.783865 10.072452 109.448692
v 5.039313 13.455025 110.351944
v 7.684590 3.628777 104.870934
v 9.286863 3.819624 106.391754
v 7.734612 5.868638 107.582237
v 3.995550 6.616882 105.831871
v 6.504853 8.210452 108.822548
v 9.705202 6.305737 109.079567
v 8.539674 8.408400 110.298470
v 7.587153 10.604524 111.158455
v 14.876348 4.856952 109.823524
v 13.925316 2.294966 106.476112
v 17.758663 2.562879 108.027809
v 19.445522 5.856930 112.027069
v 21.759907 3.157764 109.906067
v 22.220562 3.393407 110.313416
v 22.766535 8.084320 114.701759
v 24.196682 7.360148 114.258095
v 24.850018 7.574146 114.511955
v 24.109426 8.914124 115.353767
v 25.404903 7.453184 114.446770
v 25.766890 8.964439 115.465378
v 21.123211 9.367791 115.280594
v 16.942055 7.775661 112.955696
v 13.101236 6.961452 111.085014
v 28.968969 6.989607 114.460960
v 28.899078 5.096633 112.899017
v 32.114727 6.161078 114.047256
v 31.236597 7.448674 115.018188
v 32.884781 8.413111 115.738358
v 33.347397 7.451207 115.056076
v 33.619118 7.611515 115.218483
v 34.684486 10.316679 116.877480
v 36.756546 11.850780 117.454628
v 38.401047 9.196859 115.374573
v 42.362598 12.769695 115.950996
v 40.228382 13.198271 117.083473
v 42.090931 14.853748 117.021149
v 41.551926 15.483397 117.682053
v 44.331120 15.966854 116.836372
v 44.954517 14.828901 115.811455
v 47.970253 18.074291 116.367317
v 47.005421 18.723648 117.273430
v 48.064465 19.762520 117.404221
v 49.919369 20.530773 116.867508
v 49.003643 21.014408 117.673782
v 50.689919 21.678602 117.077789
v 49.813576 22.067900 117.868782
v 23.812859 10.658879 116.336884
v 9.962217 12.285874 113.484634
v 11.850655 13.690229 115.020386
v 15.400078 15.520311 117.382019
v 17.653257 16.640308 118.778740
v 17.239521 18.993475 119.623062
v 20.032316 17.706587 120.027771
v 18.112347 19.320478 120.093788
v 20.815590 20.081036 121.125931
v 22.886997 16.857487 119.754326
v 24.791698 15.614197 119.129631
v 25.629812 17.004272 119.811638
v 26.623550 15.498343 119.241798
v 28.371908 17.672352 120.445084
v 30.588238 22.802170 122.313210
v 29.099045 23.704571 122.300278
v 29.496758 19.961996 121.350929
v 34.420963 23.691326 122.160172
v 36.232552 24.399115 122.035385
v 34.176857 25.374365 122.226639
v 40.141472 25.615084 121.538292
v 41.831551 26.050629 121.261665
v 42.208866 27.595324 121.169090
v 42.486938 25.986914 121.101517
v 43.619019 25.156366 120.660011
v 45.984249 26.448460 120.250717
v 45.362736 27.249454 120.452705
v 46.868835 26.369877 119.995255
v 48.451458 26.107660 119.509926
v 49.976158 25.435352 118.977058
v 50.720978 26.230539 118.620102
v 50.943031 25.084246 118.665207
v 52.096397 25.562271 118.180702
v 51.249088 24.297014 118.341995
v 52.289276 24.580454 117.747696
v 50.684425 23.294891 118.095695
v 19.156538 13.199085 117.272614
v 21.491472 14.218250 118.354729
v 14.772602 11.544984 114.947464
v 11.782004 9.845819 112.827003
v 26.180202 11.517454 116.979881
v 28.499098 9.301366 115.908012
v 31.101685 9.708549 116.400620
v 38.429966 16.940399 119.365868
v 40.896038 18.337967 119.305550
v 42.956646 19.584080 119.181252
v 46.009212 20.998905 118.761719
v 28.998266 12.776997 118.029900
v 32.492901 13.548067 118.735214
v 31.311914 15.743999 119.885071
v 35.499588 15.248079 119.253746
v 32.754471 18.887844 121.042557
v 35.881069 20.389439 121.140923
v 38.993401 21.788744 120.948151
v 48.632595 24.686657 119.228958
v 49.083298 23.407913 118.806938
v 47.652386 22.150135 118.705208
v 46.807907 24.339697 119.616074
v 44.829578 23.542353 119.934212
v 41.265221 23.029676 120.739342
v 3.631074 4.954947 103.367157
v 6.005003 4.188005 102.804207
v 5.783060 3.678379 103.325226
v 1.911028 8.036184 104.560158
v 2.312606 8.527856 104.136795
v 3.202255 10.994420 107.549965
v 3.639166 11.546307 106.980133
v 2.821687 10.071308 105.341522
v 2.329939 9.628710 105.867897
v 4.088834 12.238415 109.012833
v 7.320854 11.181681 111.267937
v 5.511649 13.732686 109.867851
v 7.251756 3.075231 103.548454
v 9.221870 2.506049 104.609070
v 10.059373 2.275238 104.585136
v 10.819065 4.149635 107.608337
v 17.892992 3.140858 107.448853
v 21.978405 3.813479 109.209465
v 22.345350 4.053590 109.488869
v 24.316761 7.922188 113.316910
v 24.818346 8.087810 113.781960
v 28.954708 5.536680 112.140961
v 29.605629 5.467082 112.233887
v 29.558817 5.128417 112.929489
v 32.152130 6.807956 113.150772
v 32.968399 7.170597 113.481102
v 32.986240 6.545284 114.377678
v 35.483974 8.170935 114.009148
v 35.526287 7.582395 114.920349
v 42.243736 12.308727 115.791519
v 42.031628 12.559004 115.021240
v 41.862873 15.289934 116.190361
v 44.397610 14.536394 115.853798
v 44.433567 14.878010 115.108734
v 48.872330 19.194136 116.604836
v 50.736355 21.952181 116.532440
v 8.644120 15.370035 114.138527
v 10.775516 16.377312 115.438118
v 11.012523 16.659100 114.923012
v 14.232404 17.806871 117.784027
v 14.451816 18.121843 117.260773
v 18.357231 19.726639 119.535271
v 20.431936 20.561291 120.390366
v 20.313192 20.116749 121.065308
v 26.892719 19.293604 120.811058
v 26.991493 19.731745 119.678940
v 25.854559 17.490009 118.761772
v 28.695442 23.539577 121.189453
v 28.624712 23.189085 122.219124
v 35.677376 25.868420 121.987961
v 39.518745 26.961388 121.638123
v 42.677292 27.436863 121.095932
v 43.870255 25.830027 120.656609
v 45.754372 27.414888 120.327339
v 46.879696 27.272758 119.985786
v 46.801929 27.539131 119.330132
v 48.799183 26.872620 119.374184
v 50.707886 26.421850 118.169525
v 52.037201 25.741095 117.787125
v 52.351105 25.425104 117.528671
v 52.378269 25.173895 118.018974
v 51.584915 23.279160 117.454704
v 51.644089 23.630350 116.938156
v 0.025862 7.071247 103.722221
v -0.141515 7.359789 102.295372
v -1.203386 8.029547 103.681404
v -1.122402 7.596829 102.432556
v -0.398554 7.048729 102.488380
v 0.410605 7.534313 103.476021
v -0.816757 7.947244 102.307800
v -0.752134 8.541433 103.498268
v -1.129419 7.038804 99.562401
v -1.179525 7.251164 101.192650
v -0.971491 7.492680 101.107147
v -1.248318 6.897945 99.611809
v -0.948305 6.684936 99.681946
v -0.734288 6.927570 101.257057
v -0.563492 7.136675 101.099854
v -0.857443 6.800841 99.557671
v 2.991689 7.291519 106.415268
v 1.344483 6.818764 103.771683
v 1.528895 7.974696 105.954147
v -1.341657 11.312870 106.838684
v -0.650951 10.094130 106.110535
v -2.081618 11.071145 104.818192
v -1.172337 12.034443 109.125145
v -1.458983 13.609185 112.000671
v -0.929570 13.094480 112.060608
v 4.398136 6.651205 107.505554
v 4.635777 7.392779 109.664238
v 5.823262 5.815375 108.221977
v 2.283185 8.888481 109.550499
v 0.328732 8.849542 105.886940
v 0.139268 10.714700 109.694138
v 2.851339 9.655199 111.874886
v 0.737215 11.269775 112.057732
v 6.751833 9.438326 115.646538
v 8.767013 10.830647 119.386925
v 12.594268 9.382845 120.633194
v 9.382307 14.038662 124.097374
v 9.787614 14.946165 125.400322
v 11.018221 15.371651 126.527206
v 5.903645 12.495165 119.218925
v 7.502963 14.897890 123.454773
v 4.154763 10.937724 115.440796
v 14.726879 14.417225 127.715111
v 16.111734 15.378307 129.493515
v 17.626331 15.799641 131.005569
v 16.909235 16.920340 131.327774
v 17.866238 16.009699 131.286072
v 17.726877 18.056103 132.545746
v 18.669807 19.919744 134.047363
v 20.975321 18.429436 134.216568
v 22.954914 22.736814 136.814117
v 23.013456 22.229280 136.602249
v 20.247866 22.375496 135.665405
v 20.498911 23.300024 136.165359
v 20.108292 25.905621 137.258530
v 21.500328 24.837801 137.270889
v 23.309271 26.950851 138.263062
v 24.638325 25.353710 138.236008
v 24.262392 30.000628 139.882462
v 24.771740 31.271235 140.567581
v 26.280619 30.686440 140.997894
v 25.050772 32.713295 141.278168
v 25.289747 33.926407 141.876022
v 8.571083 16.550634 125.864326
v -3.327760 17.581247 114.762543
v -0.825612 15.151749 115.178352
v -0.657985 16.808935 117.465034
v 0.299161 19.319321 121.446739
v 0.949822 20.883383 123.854469
v 1.788023 22.421896 126.106514
v 0.398264 24.612226 127.342598
v 6.527548 21.538523 128.283508
v 8.008230 21.846685 129.564301
v 6.316917 25.421667 130.802597
v 8.194752 24.257189 131.437485
v 7.613737 29.490015 133.812851
v 7.997978 26.697439 132.660660
v 10.469210 31.243093 135.930664
v 10.699427 33.836601 137.115479
v 11.798527 32.356651 136.837372
v 13.664151 35.751419 138.832626
v 14.905169 34.541973 138.708557
v 16.303585 35.402206 139.445313
v 16.889893 35.510124 139.683395
v 18.207333 35.065605 140.043777
v 19.843803 36.688465 141.001694
v 20.275537 37.036983 141.268326
v 20.580109 38.090611 141.974899
v 20.915987 36.986248 141.489120
v 22.520782 37.092804 142.110443
v 24.223059 36.794960 142.648636
v 25.195971 36.679554 143.066162
v 25.621655 36.171436 142.927277
v 25.561535 36.488155 143.076157
v 26.660854 37.455410 144.004730
v 26.888372 35.528606 143.216370
v 25.499035 35.323883 142.539917
v 3.810716 18.014366 123.689255
v 4.727468 19.502043 125.754608
v 2.133320 15.489544 119.285767
v 1.435490 13.264500 115.895203
v 9.910962 17.961267 127.721817
v 12.967751 16.416656 128.435745
v 14.503490 17.194315 130.080215
v 15.849416 19.007204 132.359161
v 17.019470 21.562725 134.380981
v 18.694254 23.913572 136.036240
v 21.583130 28.322470 138.583450
v 22.733719 30.567089 139.829208
v 11.293408 19.855000 130.189331
v 13.403990 21.350792 132.767426
v 11.299502 23.138338 132.811432
v 14.987485 23.606800 134.761368
v 10.921661 26.374413 134.380341
v 16.779272 25.938978 136.495850
v 12.943680 28.557253 136.172379
v 18.406303 27.925905 137.809219
v 15.162427 30.669876 137.797256
v 24.910070 36.070389 142.707443
v 23.631088 35.453300 142.046921
v 23.250191 33.387234 141.189011
v 21.600872 35.177525 141.238159
v 22.164471 31.843805 140.292709
v 19.983379 33.898144 140.335983
v 16.806810 32.461617 138.891281
v 19.808399 29.669386 138.879730
v 2.361503 6.126191 106.738892
v 0.828782 6.863861 106.270309
v -1.711067 9.305649 106.374474
v -2.414619 10.551605 107.106812
v -3.820840 13.248650 108.499329
v -2.191447 11.442132 110.060867
v -2.329642 12.776283 112.435646
v -4.165958 14.589588 110.106812
v 3.694537 5.803234 107.874184
v 4.014502 6.254260 110.108635
v 5.366087 5.066940 108.676025
v 1.540463 7.840761 110.004929
v -0.590538 7.837828 106.206169
v -0.775573 9.795547 110.116989
v 2.111249 8.630472 112.425163
v -0.081639 10.361959 112.576584
v -1.907684 12.269119 112.549950
v 6.178389 8.359118 116.306061
v 8.275819 10.283323 120.856628
v 8.781865 13.101362 124.948677
v 10.700037 13.107223 126.096710
v 9.264792 14.205709 126.249001
v 11.216156 13.125015 126.389069
v 10.519797 14.647240 127.347527
v 6.793051 13.947105 124.335526
v 5.226490 11.531048 119.964539
v 3.468142 9.941650 116.121948
v 14.191629 13.518169 128.605637
v 15.546609 11.728150 127.398979
v 17.179256 13.479115 130.236984
v 15.567558 14.480820 130.417648
v 17.586687 14.048351 131.014954
v 16.222113 15.788620 131.950638
v 16.514849 18.042643 133.855301
v 19.049761 15.659601 132.936630
v 17.458647 20.037996 135.483185
v 22.663675 22.442968 137.566330
v 20.151770 22.263449 137.183105
v 22.777382 21.963892 137.395477
v 21.285717 24.384123 138.138672
v 20.296228 24.831842 138.316193
v 22.930714 26.060617 139.262817
v 24.146206 29.443382 141.046936
v 24.666143 30.733374 141.722076
v 25.941412 30.423880 141.587570
v 24.953199 32.197063 142.424255
v 26.511494 33.322720 142.901001
v 25.229895 33.436203 143.000427
v 8.002522 15.806801 126.759079
v -1.818525 14.338646 115.815872
v -4.030649 17.068327 115.326553
v -1.573431 16.078459 118.144684
v -0.596158 18.578264 122.143791
v 0.096651 20.131767 124.599815
v -1.324219 22.328373 124.876068
v 0.993724 21.674049 127.012848
v -0.987014 22.828569 125.776695
v 0.001047 24.079500 127.869392
v 3.666678 21.532198 128.586060
v 5.884111 20.793867 129.316818
v 5.805392 22.337482 130.292404
v 7.319819 21.110279 130.534607
v 5.656426 24.861736 131.723969
v 7.466168 23.618601 132.441162
v 6.863775 29.157892 134.964493
v 5.244830 29.080881 133.661087
v 7.262771 26.117704 133.710297
v 9.826982 30.991011 137.101624
v 11.189243 32.151150 138.045944
v 10.412094 33.499352 137.556534
v 9.179012 32.619804 136.880661
v 14.343073 34.360432 139.916443
v 13.452074 35.556179 139.518600
v 15.766198 35.230083 140.680374
v 15.749213 36.883148 140.714981
v 16.406982 35.337738 140.950027
v 17.789957 34.812672 141.332550
v 19.628399 36.718334 142.331146
v 20.515348 36.874397 142.661636
v 22.149107 37.033634 143.238419
v 23.865210 36.770283 143.771378
v 24.487907 37.780247 143.865295
v 24.919264 36.676773 144.125427
v 25.554399 35.985836 144.100937
v 26.684195 36.572227 144.214798
v 26.446135 37.167965 144.451019
v 25.493910 34.861935 143.627197
v 26.612589 35.117512 143.639679
v 3.062973 17.159266 124.515274
v 4.037428 18.657536 126.765236
v 1.348355 14.631907 120.025368
v 0.642720 12.378491 116.558418
v 9.309103 17.188269 128.673264
v 12.369411 15.608845 129.355652
v 14.067079 16.605625 131.321381
v 16.402548 25.402102 137.715240
v 18.084414 27.408880 139.059464
v 19.515526 29.170734 140.114807
v 21.883875 31.366741 141.513901
v 10.633533 19.047768 131.172134
v 12.831671 20.608206 133.831314
v 10.645506 22.435606 133.908401
v 14.523446 23.001143 135.966385
v 10.336563 25.849697 135.516693
v 12.428671 28.107311 137.387939
v 14.711153 30.283060 139.014481
v 22.812696 35.671326 143.221481
v 23.744413 34.529114 143.239639
v 22.960712 32.926617 142.379166
v 21.192381 34.848988 142.461395
v 19.600193 33.542210 141.584335
v 16.365011 32.097824 140.128036
v 1.019295 6.285072 104.046585
v 3.460854 6.134132 105.078438
v 3.089927 5.523949 105.418465
v -1.843471 8.869377 103.764336
v -1.382798 9.496662 103.616791
v -3.342372 11.906005 106.829170
v -2.778944 12.614731 106.575897
v -2.689499 10.462788 104.993378
v -3.116702 13.849833 108.217690
v -3.559133 15.023752 109.967766
v 4.698360 5.929065 106.219131
v 4.284611 5.253034 106.545280
v 6.421673 5.638933 108.919052
v 6.111605 5.038994 109.183311
v 5.095363 7.648070 111.559288
v 4.428900 6.853973 112.035034
v 8.459272 6.323156 112.694786
v 8.071847 5.833410 113.118645
v 10.470263 7.560874 116.284027
v 10.151393 6.898204 116.731110
v 12.527091 9.076150 120.194092
v 12.087924 8.305045 120.694389
v 12.153932 8.619112 121.298004
v 10.911653 13.429152 124.744804
v 10.380280 12.755487 125.502701
v 10.992672 13.677799 125.426994
v 11.723330 13.588057 125.705597
v 15.944596 12.248104 126.764488
v 16.429445 12.327467 127.243828
v 16.051767 11.916899 127.823647
v 17.596161 14.214409 129.459732
v 17.964428 14.748617 130.205627
v 17.244198 14.989962 131.733994
v 17.325241 15.203209 132.023224
v 19.425642 16.318186 132.102966
v 20.695215 17.940010 134.944046
v 23.930586 24.720135 138.589233
v 24.328854 25.135210 137.961136
v 24.333488 25.152491 138.870468
v 25.924208 29.354496 140.371262
v 25.632526 29.099302 140.924774
v 26.621363 32.230721 141.788818
v 26.298840 31.999470 142.343185
v 26.813457 33.655071 142.451721
v -3.349394 18.487177 117.635674
v -2.914297 18.871271 117.327118
v -2.339322 20.562986 121.595772
v -1.921541 20.976898 121.267143
v -1.047522 22.750261 124.451256
v -0.549561 23.343346 125.427094
v 0.377625 24.159801 128.228683
v 0.777452 24.734131 127.712296
v 6.505761 22.968803 129.513000
v 5.451734 29.707251 133.978577
v 5.938549 30.172216 133.412872
v 5.841880 29.537233 132.815140
v 9.380910 32.922310 136.377472
v 16.113464 37.051395 140.058823
v 16.209677 36.843002 140.950897
v 16.600435 37.059895 140.232315
v 17.829912 35.551411 141.431366
v 18.809441 37.357132 142.061066
v 19.055773 37.527122 141.161240
v 18.167984 36.005234 140.406433
v 19.160698 37.628704 142.181870
v 19.463686 37.895821 141.473267
v 20.309393 37.786221 142.591614
v 22.324892 37.898674 143.278214
v 22.583735 38.188103 142.753159
v 24.704430 38.007473 143.465408
v 26.025997 37.477039 144.385330
v 26.173800 37.675774 144.006088
v 26.874926 36.939575 143.838425

vt 0.573198 0.016746
vt 0.573400 0.031575
vt 0.564743 0.032845
vt 0.563597 0.017973
vt 0.553073 0.033491
vt 0.550443 0.017716
vt 0.583677 0.013341
vt 0.581910 0.031616
vt 0.572068 0.041473
vt 0.565949 0.041969
vt 0.580381 0.041516
vt 0.554840 0.042038
vt 0.571907 0.051482
vt 0.565907 0.051891
vt 0.577586 0.051660
vt 0.558038 0.052010
vt 0.570954 0.061410
vt 0.567191 0.061803
vt 0.575171 0.060380
vt 0.562360 0.062071
vt 0.570568 0.066028
vt 0.568363 0.066201
vt 0.572703 0.066697
vt 0.566131 0.066812
vt 0.570730 0.069109
vt 0.568760 0.069121
vt 0.798034 0.540420
vt 0.798033 0.558531
vt 0.795197 0.558909
vt 0.795198 0.540308
vt 0.798034 0.567871
vt 0.795197 0.567536
vt 0.798033 0.577731
vt 0.795197 0.576861
vt 0.795197 0.586403
vt 0.798033 0.587460
vt 0.798034 0.595743
vt 0.795198 0.595501
vt 0.798034 0.601618
vt 0.795197 0.600963
vt 0.798034 0.605707
vt 0.795197 0.605359
vt 0.783872 0.551422
vt 0.783872 0.556678
vt 0.781037 0.557366
vt 0.781037 0.551074
vt 0.781037 0.566509
vt 0.783873 0.566170
vt 0.783872 0.579201
vt 0.781037 0.579012
vt 0.783872 0.588463
vt 0.781037 0.588540
vt 0.783872 0.595796
vt 0.781037 0.596116
vt 0.783872 0.609457
vt 0.781036 0.609813
vt 0.617403 0.068015
vt 0.617580 0.070319
vt 0.615423 0.070383
vt 0.615720 0.068063
vt 0.613068 0.067888
vt 0.619784 0.067924
vt 0.614621 0.062455
vt 0.619312 0.062792
vt 0.610491 0.062258
vt 0.623042 0.062058
vt 0.613389 0.053497
vt 0.619888 0.052785
vt 0.607695 0.053554
vt 0.626107 0.050680
vt 0.613103 0.041813
vt 0.622512 0.041417
vt 0.604598 0.042748
vt 0.628344 0.040462
vt 0.612076 0.032514
vt 0.622934 0.032184
vt 0.602322 0.031971
vt 0.630207 0.032056
vt 0.622988 0.014083
vt 0.611703 0.014990
vt 0.600052 0.014198
vt 0.632177 0.016183
vt 0.774016 0.028764
vt 0.760214 0.029028
vt 0.759745 0.016269
vt 0.774426 0.014935
vt 0.748076 0.028398
vt 0.748619 0.015902
vt 0.786493 0.011000
vt 0.786817 0.026896
vt 0.772735 0.038591
vt 0.760723 0.038669
vt 0.748170 0.035736
vt 0.786000 0.038580
vt 0.771888 0.050162
vt 0.761262 0.048697
vt 0.749643 0.045202
vt 0.782740 0.053625
vt 0.780241 0.066748
vt 0.770867 0.059688
vt 0.761990 0.058769
vt 0.754129 0.057159
vt 0.763593 0.067578
vt 0.771265 0.068216
vt 0.757618 0.066083
vt 0.778686 0.072432
vt 0.773129 0.077425
vt 0.768161 0.076277
vt 0.763729 0.075930
vt 0.778455 0.078216
vt 0.771092 0.082761
vt 0.773625 0.083057
vt 0.767833 0.082977
vt 0.776846 0.084322
vt 0.773405 0.088714
vt 0.771338 0.087984
vt 0.775231 0.087694
vt 0.768604 0.522097
vt 0.768604 0.529547
vt 0.765189 0.528749
vt 0.765189 0.521292
vt 0.765189 0.539101
vt 0.768604 0.539358
vt 0.768604 0.551731
vt 0.765189 0.550969
vt 0.765189 0.560352
vt 0.768604 0.560687
vt 0.765190 0.570903
vt 0.768604 0.571168
vt 0.765189 0.579716
vt 0.768604 0.579832
vt 0.765190 0.591889
vt 0.768604 0.593388
vt 0.752774 0.542613
vt 0.752774 0.548039
vt 0.749359 0.548252
vt 0.749360 0.542413
vt 0.749359 0.537594
vt 0.752774 0.537204
vt 0.752775 0.529945
vt 0.749359 0.530411
vt 0.752774 0.524652
vt 0.749360 0.524867
vt 0.765189 0.597555
vt 0.768604 0.599963
vt 0.768604 0.603613
vt 0.765189 0.603827
vt 0.749359 0.560403
vt 0.752774 0.560835
vt 0.749359 0.575827
vt 0.752774 0.576487
vt 0.749359 0.587238
vt 0.752774 0.588053
vt 0.752774 0.604011
vt 0.749358 0.603148
vt 0.768604 0.508465
vt 0.765190 0.508373
vt 0.731152 0.014033
vt 0.731683 0.025941
vt 0.720537 0.028184
vt 0.721399 0.013973
vt 0.706324 0.027603
vt 0.707809 0.012089
vt 0.694684 0.026626
vt 0.695427 0.010566
vt 0.719837 0.040013
vt 0.705877 0.039133
vt 0.695803 0.038234
vt 0.731700 0.033300
vt 0.730918 0.043507
vt 0.698668 0.053338
vt 0.706991 0.054337
vt 0.721437 0.054893
vt 0.728374 0.055778
vt 0.701015 0.066142
vt 0.709032 0.064866
vt 0.721124 0.064836
vt 0.725027 0.065794
vt 0.715509 0.073842
vt 0.707846 0.072772
vt 0.701647 0.072637
vt 0.719264 0.076672
vt 0.712255 0.079341
vt 0.707239 0.078186
vt 0.702543 0.077612
vt 0.714168 0.083956
vt 0.709727 0.083829
vt 0.706767 0.083278
vt 0.704286 0.083697
vt 0.705918 0.086821
vt 0.707984 0.088141
vt 0.709707 0.087848
vt 0.781538 0.497355
vt 0.784093 0.497931
vt 0.784093 0.507228
vt 0.781538 0.506346
vt 0.781538 0.487430
vt 0.784093 0.488078
vt 0.781538 0.479271
vt 0.784093 0.479343
vt 0.781538 0.515269
vt 0.784093 0.515360
vt 0.781538 0.523611
vt 0.784093 0.523441
vt 0.781538 0.532558
vt 0.784093 0.532923
vt 0.781538 0.472409
vt 0.784093 0.472282
vt 0.812567 0.597481
vt 0.812567 0.606749
vt 0.810003 0.606028
vt 0.810003 0.597772
vt 0.812566 0.590031
vt 0.810003 0.590211
vt 0.812567 0.581119
vt 0.810003 0.581363
vt 0.812567 0.573120
vt 0.810003 0.573428
vt 0.810003 0.562510
vt 0.812567 0.562304
vt 0.810003 0.553966
vt 0.812566 0.553524
vt 0.810003 0.546118
vt 0.812566 0.545692
vt 0.812566 0.538306
vt 0.810003 0.538835
vt 0.810003 0.533102
vt 0.812566 0.532459
vt 0.812567 0.528969
vt 0.810003 0.529194
vt 0.784093 0.540948
vt 0.781538 0.540658
vt 0.810003 0.527333
vt 0.812567 0.527857
vt 0.784093 0.543965
vt 0.781538 0.543443
vt 0.909403 0.080841
vt 0.908905 0.082663
vt 0.908264 0.082338
vt 0.908132 0.080731
vt 0.907213 0.077773
vt 0.909622 0.077861
vt 0.906864 0.080833
vt 0.905136 0.077549
vt 0.911474 0.078048
vt 0.909887 0.082297
vt 0.906319 0.072362
vt 0.909507 0.071892
vt 0.913133 0.071324
vt 0.902663 0.072883
vt 0.909447 0.064483
vt 0.914830 0.063127
vt 0.904413 0.064972
vt 0.899687 0.066999
vt 0.909526 0.057063
vt 0.902988 0.057679
vt 0.916815 0.052478
vt 0.896542 0.060057
vt 0.909490 0.044199
vt 0.899295 0.044351
vt 0.892475 0.051353
vt 0.889761 0.043778
vt 0.919681 0.042763
vt 0.899522 0.033731
vt 0.910625 0.033076
vt 0.887748 0.033550
vt 0.921681 0.033344
vt 0.899316 0.024701
vt 0.911753 0.024388
vt 0.887939 0.023462
vt 0.922742 0.025107
vt 0.900493 0.016407
vt 0.911783 0.017174
vt 0.889443 0.012021
vt 0.923420 0.018039
vt 0.371264 0.014769
vt 0.381753 0.014416
vt 0.384442 0.026995
vt 0.371854 0.022936
vt 0.360002 0.021937
vt 0.372021 0.032028
vt 0.360938 0.030997
vt 0.352000 0.030352
vt 0.351136 0.023151
vt 0.384717 0.037059
vt 0.375204 0.045932
vt 0.361045 0.046465
vt 0.355440 0.048277
vt 0.353113 0.039038
vt 0.384036 0.047723
vt 0.374839 0.055136
vt 0.363632 0.058133
vt 0.358194 0.058670
vt 0.382085 0.055636
vt 0.373701 0.065407
vt 0.366000 0.065496
vt 0.360596 0.068680
vt 0.379054 0.064610
vt 0.361895 0.076963
vt 0.366729 0.075066
vt 0.376152 0.072042
vt 0.374184 0.078578
vt 0.371481 0.074816
vt 0.369329 0.082170
vt 0.366666 0.082230
vt 0.364313 0.084023
vt 0.372171 0.083657
vt 0.367055 0.085522
vt 0.368870 0.085942
vt 0.370019 0.087026
vt 0.366537 0.087971
vt 0.368119 0.087362
vt 0.368460 0.088564
vt 0.367781 0.088617
vt 0.781538 0.497355
vt 0.784093 0.497931
vt 0.784093 0.507228
vt 0.781538 0.506346
vt 0.781538 0.487430
vt 0.784093 0.488078
vt 0.781538 0.479271
vt 0.784093 0.479343
vt 0.781538 0.515269
vt 0.784093 0.515360
vt 0.781538 0.523611
vt 0.784093 0.523441
vt 0.781538 0.532558
vt 0.784093 0.532923
vt 0.812566 0.590031
vt 0.812567 0.597481
vt 0.810003 0.597772
vt 0.810003 0.590211
vt 0.812567 0.581119
vt 0.810003 0.581363
vt 0.812567 0.573120
vt 0.810003 0.573428
vt 0.810003 0.562510
vt 0.812567 0.562304
vt 0.810003 0.553966
vt 0.812566 0.553524
vt 0.810003 0.546118
vt 0.812566 0.545692
vt 0.812566 0.538306
vt 0.810003 0.538835
vt 0.810003 0.533102
vt 0.812566 0.532459
vt 0.812567 0.528969
vt 0.810003 0.529194
vt 0.784093 0.540948
vt 0.781538 0.540658
vt 0.810003 0.527333
vt 0.812567 0.527857
vt 0.784093 0.543965
vt 0.781538 0.543443
vt 0.909403 0.080841
vt 0.908905 0.082663
vt 0.908264 0.082338
vt 0.908132 0.080731
vt 0.907213 0.077773
vt 0.909622 0.077861
vt 0.906864 0.080833
vt 0.905136 0.077549
vt 0.911474 0.078048
vt 0.909887 0.082297
vt 0.906319 0.072362
vt 0.909507 0.071892
vt 0.913133 0.071324
vt 0.902663 0.072883
vt 0.909447 0.064483
vt 0.914830 0.063127
vt 0.904413 0.064972
vt 0.899687 0.066999
vt 0.909526 0.057063
vt 0.902988 0.057679
vt 0.916815 0.052478
vt 0.896542 0.060057
vt 0.909490 0.044199
vt 0.899295 0.044351
vt 0.892475 0.051353
vt 0.889761 0.043778
vt 0.919681 0.042763
vt 0.899522 0.033731
vt 0.910625 0.033076
vt 0.887748 0.033550
vt 0.921681 0.033344
vt 0.899316 0.024701
vt 0.911753 0.024388
vt 0.887939 0.023462
vt 0.922742 0.025107
vt 0.371854 0.022936
vt 0.384442 0.026995
vt 0.384717 0.037059
vt 0.372021 0.032028
vt 0.375204 0.045932
vt 0.361045 0.046465
vt 0.360938 0.030997
vt 0.355440 0.048277
vt 0.353113 0.039038
vt 0.352000 0.030352
vt 0.384036 0.047723
vt 0.374839 0.055136
vt 0.363632 0.058133
vt 0.358194 0.058670
vt 0.382085 0.055636
vt 0.373701 0.065407
vt 0.366000 0.065496
vt 0.360596 0.068680
vt 0.379054 0.064610
vt 0.361895 0.076963
vt 0.366729 0.075066
vt 0.376152 0.072042
vt 0.374184 0.078578
vt 0.371481 0.074816
vt 0.369329 0.082170
vt 0.366666 0.082230
vt 0.364313 0.084023
vt 0.372171 0.083657
vt 0.367055 0.085522
vt 0.368870 0.085942
vt 0.370019 0.087026
vt 0.366537 0.087971
vt 0.368119 0.087362
vt 0.368460 0.088564
vt 0.367781 0.088617
vt 0.781538 0.497355
vt 0.784093 0.497931
vt 0.784093 0.507228
vt 0.781538 0.506346
vt 0.781538 0.487430
vt 0.784093 0.488078
vt 0.781538 0.479271
vt 0.784093 0.479343
vt 0.781538 0.515269
vt 0.784093 0.515360
vt 0.781538 0.523611
vt 0.784093 0.523441
vt 0.781538 0.532558
vt 0.784093 0.532923
vt 0.781538 0.472409
vt 0.784093 0.472282
vt 0.781538 0.465086
vt 0.784093 0.464980
vt 0.812567 0.597481
vt 0.812567 0.606749
vt 0.810003 0.606028
vt 0.810003 0.597772
vt 0.812566 0.590031
vt 0.810003 0.590211
vt 0.812567 0.581119
vt 0.810003 0.581363
vt 0.812567 0.573120
vt 0.810003 0.573428
vt 0.810003 0.562510
vt 0.812567 0.562304
vt 0.810003 0.553966
vt 0.812566 0.553524
vt 0.810003 0.546118
vt 0.812566 0.545692
vt 0.812566 0.538306
vt 0.810003 0.538835
vt 0.810003 0.533102
vt 0.812566 0.532459
vt 0.812567 0.528969
vt 0.810003 0.529194
vt 0.784093 0.540948
vt 0.781538 0.540658
vt 0.810003 0.527333
vt 0.812567 0.527857
vt 0.784093 0.543965
vt 0.781538 0.543443
vt 0.909403 0.080841
vt 0.908905 0.082663
vt 0.908264 0.082338
vt 0.908132 0.080731
vt 0.907213 0.077773
vt 0.909622 0.077861
vt 0.906864 0.080833
vt 0.905136 0.077549
vt 0.911474 0.078048
vt 0.909887 0.082297
vt 0.906319 0.072362
vt 0.909507 0.071892
vt 0.913133 0.071324
vt 0.902663 0.072883
vt 0.909447 0.064483
vt 0.914830 0.063127
vt 0.904413 0.064972
vt 0.899687 0.066999
vt 0.909526 0.057063
vt 0.902988 0.057679
vt 0.916815 0.052478
vt 0.896542 0.060057
vt 0.909490 0.044199
vt 0.899295 0.044351
vt 0.892475 0.051353
vt 0.889761 0.043778
vt 0.919681 0.042763
vt 0.899522 0.033731
vt 0.910625 0.033076
vt 0.887748 0.033550
vt 0.921681 0.033344
vt 0.899316 0.024701
vt 0.911753 0.024388
vt 0.887939 0.023462
vt 0.922742 0.025107
vt 0.900493 0.016407
vt 0.911783 0.017174
vt 0.889443 0.012021
vt 0.923420 0.018039
vt 0.923139 0.010744
vt 0.360229 0.013162
vt 0.371264 0.014769
vt 0.371854 0.022936
vt 0.360002 0.021937
vt 0.381753 0.014416
vt 0.384442 0.026995
vt 0.351537 0.015780
vt 0.351136 0.023151
vt 0.372021 0.032028
vt 0.360938 0.030997
vt 0.352000 0.030352
vt 0.384717 0.037059
vt 0.375204 0.045932
vt 0.361045 0.046465
vt 0.355440 0.048277
vt 0.353113 0.039038
vt 0.384036 0.047723
vt 0.374839 0.055136
vt 0.363632 0.058133
vt 0.358194 0.058670
vt 0.382085 0.055636
vt 0.373701 0.065407
vt 0.366000 0.065496
vt 0.360596 0.068680
vt 0.379054 0.064610
vt 0.361895 0.076963
vt 0.366729 0.075066
vt 0.376152 0.072042
vt 0.374184 0.078578
vt 0.371481 0.074816
vt 0.369329 0.082170
vt 0.366666 0.082230
vt 0.364313 0.084023
vt 0.372171 0.083657
vt 0.367055 0.085522
vt 0.368870 0.085942
vt 0.370019 0.087026
vt 0.366537 0.087971
vt 0.368119 0.087362
vt 0.368460 0.088564
vt 0.367781 0.088617
vt 0.769785 0.861657
vt 0.745704 0.924050
vt 0.734992 0.907485
vt 0.836767 0.936861
vt 0.816544 0.862517
vt 0.856208 0.900306
vt 0.855669 0.886522
vt 0.851762 0.877212
vt 0.809189 0.938384
vt 0.780937 0.939839
vt 0.406758 0.748928
vt 0.411159 0.792413
vt 0.384052 0.793426
vt 0.396410 0.764147
vt 0.447330 0.761767
vt 0.443153 0.795412
vt 0.425789 0.793733
vt 0.423447 0.743196
vt 0.710597 0.877093
vt 0.728339 0.869931
vt 0.722674 0.889334
vt 0.697912 0.885610
vt 0.716969 0.902560
vt 0.713565 0.917241
vt 0.685992 0.910241
vt 0.727718 0.924532
vt 0.736556 0.934711
vt 0.718672 0.959380
vt 0.707225 0.953507
vt 0.686601 0.951538
vt 0.343931 0.792287
vt 0.338795 0.761928
vt 0.356567 0.729727
vt 0.381940 0.744908
vt 0.341108 0.744576
vt 0.387472 0.737082
vt 0.404132 0.736436
vt 0.436720 0.734811
vt 0.676158 0.731098
vt 0.674078 0.757412
vt 0.662854 0.758403
vt 0.661076 0.728740
vt 0.672783 0.768368
vt 0.671591 0.703661
vt 0.686347 0.704146
vt 0.326014 0.728887
vt 0.326151 0.743392
vt 0.326639 0.761279
vt 0.311760 0.795687
vt 0.711938 0.969935
vt 0.701600 0.976422
vt 0.591962 0.818568
vt 0.586062 0.835051
vt 0.576938 0.836649
vt 0.587924 0.799364
vt 0.589954 0.851776
vt 0.580763 0.855143
vt 0.685983 0.693092
vt 0.677343 0.691979
vt 0.596675 0.859659
vt 0.586671 0.869437
vt 0.742342 0.692454
vt 0.744857 0.701656
vt 0.783674 0.691943
vt 0.784052 0.700299
vt 0.807631 0.693225
vt 0.805033 0.703909
vt 0.817503 0.700718
vt 0.821039 0.709347
vt 0.810670 0.714523
vt 0.749695 0.846705
vt 0.745239 0.828584
vt 0.759949 0.837264
vt 0.758547 0.847538
vt 0.820844 0.738311
vt 0.561007 0.759915
vt 0.537905 0.756432
vt 0.535619 0.743013
vt 0.562077 0.748078
vt 0.584778 0.762833
vt 0.582063 0.750816
vt 0.503455 0.759368
vt 0.504410 0.744763
vt 0.465679 0.739066
vt 0.466325 0.755870
vt 0.701621 0.774708
vt 0.731505 0.777178
vt 0.771796 0.777017
vt 0.812675 0.755020
vt 0.800498 0.737615
vt 0.799103 0.772738
vt 0.839346 0.946026
vt 0.815139 0.960449
vt 0.778128 0.968052
vt 0.778066 0.954370
vt 0.755333 0.946204
vt 0.750241 0.968010
vt 0.863737 0.957619
vt 0.569679 0.781157
vt 0.557957 0.775139
vt 0.562325 0.795583
vt 0.553372 0.790648
vt 0.800026 0.799759
vt 0.811950 0.806855
vt 0.804388 0.821059
vt 0.787784 0.839016
vt 0.749071 0.812516
vt 0.749701 0.799124
vt 0.543174 0.771159
vt 0.522953 0.777513
vt 0.519712 0.786083
vt 0.479313 0.790329
vt 0.604666 0.832048
vt 0.609586 0.845406
vt 0.605677 0.861566
vt 0.605460 0.812543
vt 0.610020 0.788842
vt 0.725939 0.979069
vt 0.823272 0.982991
vt 0.843013 0.980299
vt 0.856087 0.969791
vt 0.717570 0.823868
vt 0.719283 0.800926
vt 0.735597 0.800859
vt 0.738604 0.843107
vt 0.711633 0.847529
vt 0.666472 0.853977
vt 0.661148 0.826899
vt 0.774879 0.994336
vt 0.657368 0.796166
vt 0.702063 0.792695
vt 0.832252 0.737750
vt 0.472920 0.881805
vt 0.475047 0.892542
vt 0.453129 0.890857
vt 0.453251 0.881135
vt 0.422325 0.876311
vt 0.423441 0.886405
vt 0.387699 0.879121
vt 0.387927 0.868383
vt 0.373850 0.865625
vt 0.375678 0.876798
vt 0.366171 0.876540
vt 0.361281 0.865810
vt 0.351453 0.876778
vt 0.349331 0.870651
vt 0.369868 0.851534
vt 0.361041 0.853326
vt 0.368881 0.836340
vt 0.358860 0.841454
vt 0.352263 0.832603
vt 0.361615 0.825104
vt 0.337347 0.829687
vt 0.338310 0.821514
vt 0.321057 0.874259
vt 0.321924 0.881419
vt 0.311759 0.884863
vt 0.313032 0.874954
vt 0.385174 0.980142
vt 0.378289 0.974931
vt 0.382372 0.966560
vt 0.394352 0.974012
vt 0.384311 0.955186
vt 0.401593 0.961231
vt 0.389823 0.945745
vt 0.400545 0.948577
vt 0.401299 0.932024
vt 0.389704 0.931400
vt 0.396243 0.919059
vt 0.385876 0.926783
vt 0.322775 0.822925
vt 0.322799 0.829551
vt 0.308751 0.822717
vt 0.310415 0.833741
vt 0.345779 0.855303
vt 0.325608 0.853988
vt 0.305699 0.850552
vt 0.311713 0.860990
vt 0.381106 0.823171
vt 0.383400 0.829453
vt 0.399622 0.835733
vt 0.400455 0.824079
vt 0.421042 0.826617
vt 0.419740 0.840997
vt 0.443829 0.835207
vt 0.443264 0.843550
vt 0.462584 0.834514
vt 0.460118 0.845368
vt 0.472394 0.835280
vt 0.475054 0.847723
vt 0.486951 0.833759
vt 0.502112 0.835191
vt 0.505650 0.843459
vt 0.496641 0.851930
vt 0.483499 0.861162
vt 0.492896 0.862047
vt 0.481462 0.877482
vt 0.492679 0.879346
vt 0.494354 0.891478
vt 0.482396 0.891110
vt 0.514007 0.887574
vt 0.503965 0.893632
vt 0.525209 0.893189
vt 0.531774 0.883013
vt 0.533860 0.893274
vt 0.547479 0.887314
vt 0.542231 0.894595
vt 0.543233 0.876984
vt 0.528270 0.832066
vt 0.534830 0.838720
vt 0.277939 0.951301
vt 0.276049 0.971268
vt 0.267762 0.964033
vt 0.267159 0.947837
vt 0.267738 0.933311
vt 0.279398 0.932302
vt 0.541529 0.831919
vt 0.540564 0.844784
vt 0.275010 0.924579
vt 0.510322 0.867712
vt 0.527279 0.863669
vt 0.543315 0.859751
vt 0.292919 0.924166
vt 0.291859 0.914798
vt 0.530698 0.822520
vt 0.543350 0.811974
vt 0.317426 0.913246
vt 0.316784 0.922023
vt 0.346087 0.913446
vt 0.347016 0.922693
vt 0.375222 0.922651
vt 0.374971 0.915025
vt 0.496565 0.825036
vt 0.465609 0.825294
vt 0.519628 0.942507
vt 0.535146 0.947150
vt 0.536397 0.961616
vt 0.520050 0.961116
vt 0.533886 0.926283
vt 0.517936 0.920996
vt 0.515435 0.980303
vt 0.534240 0.974929
vt 0.482771 0.947864
vt 0.480137 0.919949
vt 0.500147 0.920483
vt 0.487973 0.980016
vt 0.421091 0.975324
vt 0.421751 0.944790
vt 0.439603 0.926691
vt 0.435177 0.982804
vt 0.460211 0.982205
vt 0.308525 0.973513
vt 0.308236 0.979270
vt 0.277729 0.979909
vt 0.338647 0.983254
vt 0.340796 0.975353
vt 0.364458 0.978274
vt 0.365130 0.983021
vt 0.305881 0.951929
vt 0.343480 0.951156
vt 0.367244 0.952798
vt 0.380085 0.940988
vt 0.632096 0.946638
vt 0.614761 0.977887
vt 0.586513 0.977677
vt 0.591950 0.947878
vt 0.591833 0.916923
vt 0.621728 0.916902
vt 0.660136 0.976645
vt 0.649652 0.979830
vt 0.670844 0.959547
vt 0.666134 0.971102
vt 0.646677 0.917083
vt 0.664279 0.921542
vt 0.667492 0.931496
vt 0.556472 0.937971
vt 0.558602 0.930050
vt 0.562148 0.922639
vt 0.561058 0.973613
vt 0.555701 0.965504
vt 0.555572 0.957182
vt 0.567508 0.974206
vt 0.051069 0.370943
vt 0.074485 0.371092
vt 0.077828 0.439517
vt 0.054647 0.438386
vt 0.097680 0.369225
vt 0.100361 0.436764
vt 0.127012 0.367708
vt 0.131354 0.436182
vt 0.157694 0.366495
vt 0.158845 0.434892
vt 0.186651 0.366072
vt 0.185880 0.434651
vt 0.213010 0.367427
vt 0.209986 0.436057
vt 0.239775 0.369189
vt 0.236131 0.438672
vt 0.261319 0.371099
vt 0.257800 0.440752
vt 0.281832 0.371999
vt 0.276124 0.440618
vt 0.302385 0.372914
vt 0.296802 0.440845
vt 0.317617 0.372478
vt 0.312907 0.441160
vt 0.029544 0.372478
vt 0.032364 0.441160
vt 0.048048 0.306753
vt 0.071579 0.306251
vt 0.095311 0.305441
vt 0.124108 0.303365
vt 0.156648 0.303134
vt 0.187255 0.302853
vt 0.216035 0.304690
vt 0.243163 0.304905
vt 0.264830 0.306086
vt 0.286359 0.307209
vt 0.307025 0.308195
vt 0.322235 0.307645
vt 0.026858 0.307645
vt 0.069668 0.249088
vt 0.045777 0.249425
vt 0.044296 0.193584
vt 0.068644 0.193683
vt 0.093789 0.249004
vt 0.093236 0.194150
vt 0.122733 0.246474
vt 0.121933 0.192307
vt 0.155699 0.247612
vt 0.155472 0.193946
vt 0.187746 0.247560
vt 0.188263 0.194261
vt 0.218890 0.250644
vt 0.220562 0.197365
vt 0.245564 0.249164
vt 0.246295 0.195053
vt 0.267097 0.249854
vt 0.266031 0.195828
vt 0.288824 0.250368
vt 0.288973 0.195077
vt 0.309589 0.250602
vt 0.310115 0.194638
vt 0.325498 0.250198
vt 0.326942 0.194180
vt 0.024726 0.250198
vt 0.022518 0.194180
vt 0.069209 0.142327
vt 0.043857 0.141245
vt 0.045498 0.098926
vt 0.072803 0.101562
vt 0.093999 0.143102
vt 0.096680 0.102880
vt 0.122063 0.143846
vt 0.124220 0.104040
vt 0.155706 0.144338
vt 0.157030 0.104404
vt 0.188412 0.144658
vt 0.188434 0.105115
vt 0.220454 0.145347
vt 0.218237 0.104539
vt 0.245266 0.144358
vt 0.242967 0.103510
vt 0.262756 0.146315
vt 0.262832 0.103464
vt 0.287748 0.143370
vt 0.286499 0.101059
vt 0.309979 0.142328
vt 0.309885 0.099815
vt 0.328363 0.141284
vt 0.329325 0.098010
vt 0.019718 0.141284
vt 0.018310 0.098010
vt 0.087120 0.823145
vt 0.103056 0.820025
vt 0.111881 0.871536
vt 0.096247 0.873001
vt 0.121886 0.817669
vt 0.127508 0.869171
vt 0.143319 0.815778
vt 0.145334 0.866228
vt 0.160071 0.815101
vt 0.160690 0.864537
vt 0.180283 0.815073
vt 0.177877 0.863028
vt 0.201199 0.815769
vt 0.198522 0.863889
vt 0.222244 0.817607
vt 0.214618 0.868700
vt 0.233431 0.819098
vt 0.227400 0.870683
vt 0.250735 0.821732
vt 0.241534 0.870141
vt 0.262115 0.824021
vt 0.253787 0.874794
vt 0.277257 0.826545
vt 0.266736 0.876882
vt 0.071574 0.826545
vt 0.084124 0.876882
vt 0.107707 0.652062
vt 0.132776 0.653567
vt 0.137422 0.739342
vt 0.114014 0.740054
vt 0.085090 0.649734
vt 0.092366 0.740334
vt 0.062813 0.653329
vt 0.072846 0.741370
vt 0.041187 0.657682
vt 0.054110 0.745833
vt 0.288527 0.655848
vt 0.304942 0.657682
vt 0.292782 0.745833
vt 0.276971 0.744148
vt 0.270153 0.656179
vt 0.262128 0.741216
vt 0.252753 0.657307
vt 0.244102 0.743447
vt 0.228705 0.655178
vt 0.226222 0.741526
vt 0.204895 0.651157
vt 0.203673 0.735217
vt 0.183436 0.649711
vt 0.181412 0.735349
vt 0.158051 0.652861
vt 0.158804 0.737936
vt 0.103518 0.512439
vt 0.134374 0.513578
vt 0.133523 0.568383
vt 0.104440 0.567137
vt 0.081552 0.514809
vt 0.083614 0.566635
vt 0.058238 0.513162
vt 0.060149 0.566933
vt 0.037266 0.517416
vt 0.040353 0.570626
vt 0.291107 0.516174
vt 0.307544 0.517416
vt 0.305379 0.570626
vt 0.289235 0.569448
vt 0.271127 0.517047
vt 0.270518 0.570749
vt 0.254654 0.518659
vt 0.253851 0.572665
vt 0.232342 0.517422
vt 0.230479 0.571629
vt 0.207006 0.514648
vt 0.205637 0.568728
vt 0.185244 0.513071
vt 0.186280 0.566392
vt 0.159615 0.513018
vt 0.159101 0.568048
vt 0.077723 0.062875
vt 0.050508 0.059216
vt 0.057571 0.016623
vt 0.083148 0.019841
vt 0.099872 0.064983
vt 0.104630 0.022111
vt 0.126491 0.065722
vt 0.130903 0.023271
vt 0.158389 0.064773
vt 0.161917 0.024118
vt 0.188358 0.065489
vt 0.190086 0.023307
vt 0.216053 0.064745
vt 0.215290 0.022894
vt 0.240629 0.063718
vt 0.237241 0.021886
vt 0.262761 0.061251
vt 0.257387 0.020535
vt 0.283580 0.060650
vt 0.276270 0.019602
vt 0.306231 0.058933
vt 0.296318 0.017351
vt 0.324648 0.055610
vt 0.312461 0.010553
vt 0.023499 0.055610
vt 0.033939 0.010553
vt 0.110060 0.925607
vt 0.123265 0.920600
vt 0.139025 0.959265
vt 0.132780 0.965057
vt 0.135609 0.916695
vt 0.147619 0.955868
vt 0.149746 0.912748
vt 0.156057 0.953385
vt 0.160461 0.910916
vt 0.166560 0.952364
vt 0.170921 0.911714
vt 0.176038 0.951802
vt 0.176046 0.912026
vt 0.184791 0.913165
vt 0.188757 0.953758
vt 0.195169 0.913860
vt 0.206327 0.915347
vt 0.197004 0.955938
vt 0.201350 0.914653
vt 0.211157 0.916592
vt 0.218400 0.918480
vt 0.204308 0.958892
vt 0.222459 0.919827
vt 0.211298 0.961856
vt 0.227322 0.921442
vt 0.240249 0.926551
vt 0.219395 0.965382
vt 0.232526 0.923428
vt 0.250367 0.929572
vt 0.227816 0.968645
vt 0.101861 0.929572
vt 0.126688 0.968645
vt 0.192976 0.970666
vt 0.194840 0.964635
vt 0.203908 0.967947
vt 0.200196 0.974407
vt 0.187026 0.962036
vt 0.185478 0.967858
vt 0.175253 0.966514
vt 0.175764 0.960364
vt 0.168224 0.968238
vt 0.167437 0.960488
vt 0.158050 0.961717
vt 0.160727 0.969974
vt 0.146700 0.966099
vt 0.152204 0.973769
vt 0.135766 0.973956
vt 0.143979 0.980671
vt 0.208643 0.977987
vt 0.213978 0.971951
vt 0.223247 0.978405
vt 0.215636 0.984192
vt 0.170767 0.976947
vt 0.176778 0.975531
vt 0.183232 0.976280
vt 0.189010 0.978236
vt 0.195425 0.981530
vt 0.201559 0.985211
vt 0.206275 0.989905
vt 0.154927 0.986157
vt 0.159582 0.980621
vt 0.165101 0.977665
vt 0.185277 0.984966
vt 0.189203 0.986743
vt 0.192981 0.989698
vt 0.196206 0.993054
vt 0.167021 0.987845
vt 0.164897 0.990485
vt 0.172201 0.985349
vt 0.177788 0.984671
vt 0.181157 0.984689
vt 0.049367 0.963555
vt 0.046968 0.967239
vt 0.043376 0.965315
vt 0.046612 0.961579
vt 0.041019 0.962159
vt 0.041683 0.968531
vt 0.037747 0.967115
vt 0.038896 0.970766
vt 0.044449 0.970516
vt 0.043703 0.973463
vt 0.046411 0.969305
vt 0.049099 0.971938
vt 0.051092 0.967562
vt 0.044547 0.967848
vt 0.061271 0.613208
vt 0.040727 0.616578
vt 0.305650 0.616578
vt 0.289274 0.615563
vt 0.270999 0.616740
vt 0.253914 0.618453
vt 0.229608 0.616942
vt 0.205046 0.613553
vt 0.186418 0.610708
vt 0.158454 0.614040
vt 0.132588 0.614589
vt 0.104980 0.613690
vt 0.084385 0.611218
vt 0.472920 0.881805
vt 0.475047 0.892542
vt 0.453129 0.890857
vt 0.453251 0.881135
vt 0.422325 0.876311
vt 0.423441 0.886405
vt 0.387699 0.879121
vt 0.387927 0.868383
vt 0.373850 0.865625
vt 0.375678 0.876798
vt 0.366171 0.876540
vt 0.361281 0.865810
vt 0.351453 0.876778
vt 0.349331 0.870651
vt 0.369868 0.851534
vt 0.361041 0.853326
vt 0.368881 0.836340
vt 0.358860 0.841454
vt 0.352263 0.832603
vt 0.361615 0.825104
vt 0.337347 0.829687
vt 0.338310 0.821514
vt 0.321057 0.874259
vt 0.321924 0.881419
vt 0.311759 0.884863
vt 0.313032 0.874954
vt 0.385174 0.980142
vt 0.378289 0.974931
vt 0.382372 0.966560
vt 0.394352 0.974012
vt 0.384311 0.955186
vt 0.401593 0.961231
vt 0.389823 0.945745
vt 0.400545 0.948577
vt 0.401299 0.932024
vt 0.389704 0.931400
vt 0.396243 0.919059
vt 0.385876 0.926783
vt 0.322775 0.822925
vt 0.322799 0.829551
vt 0.308751 0.822717
vt 0.310415 0.833741
vt 0.345779 0.855303
vt 0.325608 0.853988
vt 0.305699 0.850552
vt 0.311713 0.860990
vt 0.381106 0.823171
vt 0.383400 0.829453
vt 0.399622 0.835733
vt 0.400455 0.824079
vt 0.421042 0.826617
vt 0.419740 0.840997
vt 0.443829 0.835207
vt 0.443264 0.843550
vt 0.462584 0.834514
vt 0.460118 0.845368
vt 0.472394 0.835280
vt 0.475054 0.847723
vt 0.486951 0.833759
vt 0.502112 0.835191
vt 0.505650 0.843459
vt 0.496641 0.851930
vt 0.483499 0.861162
vt 0.492896 0.862047
vt 0.481462 0.877482
vt 0.492679 0.879346
vt 0.494354 0.891478
vt 0.482396 0.891110
vt 0.514007 0.887574
vt 0.503965 0.893632
vt 0.525209 0.893189
vt 0.531774 0.883013
vt 0.533860 0.893274
vt 0.547479 0.887314
vt 0.542231 0.894595
vt 0.543233 0.876984
vt 0.528270 0.832066
vt 0.534830 0.838720
vt 0.277939 0.951301
vt 0.276049 0.971268
vt 0.267762 0.964033
vt 0.267159 0.947837
vt 0.267738 0.933311
vt 0.279398 0.932302
vt 0.541529 0.831919
vt 0.540564 0.844784
vt 0.275010 0.924579
vt 0.510322 0.867712
vt 0.527279 0.863669
vt 0.543315 0.859751
vt 0.292919 0.924166
vt 0.291859 0.914798
vt 0.530698 0.822520
vt 0.543350 0.811974
vt 0.317426 0.913246
vt 0.316784 0.922023
vt 0.346087 0.913446
vt 0.347016 0.922693
vt 0.375222 0.922651
vt 0.374971 0.915025
vt 0.496565 0.825036
vt 0.465609 0.825294
vt 0.519628 0.942507
vt 0.535146 0.947150
vt 0.536397 0.961616
vt 0.520050 0.961116
vt 0.533886 0.926283
vt 0.517936 0.920996
vt 0.515435 0.980303
vt 0.534240 0.974929
vt 0.482771 0.947864
vt 0.480137 0.919949
vt 0.500147 0.920483
vt 0.487973 0.980016
vt 0.421091 0.975324
vt 0.421751 0.944790
vt 0.439603 0.926691
vt 0.435177 0.982804
vt 0.460211 0.982205
vt 0.308525 0.973513
vt 0.308236 0.979270
vt 0.277729 0.979909
vt 0.338647 0.983254
vt 0.340796 0.975353
vt 0.364458 0.978274
vt 0.365130 0.983021
vt 0.305881 0.951929
vt 0.343480 0.951156
vt 0.367244 0.952798
vt 0.380085 0.940988
vt 0.632096 0.946638
vt 0.614761 0.977887
vt 0.586513 0.977677
vt 0.591950 0.947878
vt 0.591833 0.916923
vt 0.621728 0.916902
vt 0.660136 0.976645
vt 0.649652 0.979830
vt 0.670844 0.959547
vt 0.666134 0.971102
vt 0.646677 0.917083
vt 0.664279 0.921542
vt 0.667492 0.931496
vt 0.556472 0.937971
vt 0.558602 0.930050
vt 0.562148 0.922639
vt 0.561058 0.973613
vt 0.555701 0.965504
vt 0.555572 0.957182
vt 0.567508 0.974206
vt 0.908803 0.511162
vt 0.900416 0.500944
vt 0.912612 0.495950
vt 0.925094 0.496336
vt 0.928920 0.510248
vt 0.937957 0.501859
vt 0.946813 0.525669
vt 0.959037 0.522110
vt 0.967431 0.534701
vt 0.960018 0.540503
vt 0.947765 0.509400
vt 0.974966 0.549693
vt 0.975003 0.552791
vt 0.962952 0.551862
vt 0.963349 0.546145
vt 0.959505 0.567016
vt 0.950447 0.566977
vt 0.972370 0.590283
vt 0.966325 0.583364
vt 0.978366 0.578951
vt 0.980149 0.582542
vt 0.968067 0.607502
vt 0.971301 0.601115
vt 0.982711 0.607662
vt 0.979761 0.612400
vt 0.963375 0.628799
vt 0.955534 0.621649
vt 0.943255 0.648604
vt 0.930673 0.649497
vt 0.986047 0.651817
vt 0.988941 0.655259
vt 0.976263 0.668229
vt 0.970855 0.660925
vt 0.939829 0.658178
vt 0.933563 0.655435
vt 0.976341 0.706690
vt 0.977242 0.697457
vt 0.989804 0.707576
vt 0.986696 0.710937
vt 0.954523 0.723769
vt 0.951444 0.718123
vt 0.978549 0.751844
vt 0.973137 0.743687
vt 0.986367 0.738959
vt 0.990048 0.743955
vt 0.951315 0.731330
vt 0.980267 0.783878
vt 0.983203 0.775215
vt 0.994757 0.779479
vt 0.993073 0.783308
vt 0.966964 0.808937
vt 0.962061 0.802499
vt 0.979355 0.826324
vt 0.991413 0.817997
vt 0.994093 0.822152
vt 0.988491 0.865215
vt 0.976767 0.861337
vt 0.968405 0.892544
vt 0.978229 0.898960
vt 0.975629 0.901099
vt 0.962700 0.904603
vt 0.955002 0.923386
vt 0.956431 0.916094
vt 0.965000 0.918649
vt 0.964605 0.922519
vt 0.954103 0.902066
vt 0.955309 0.943689
vt 0.947960 0.939615
vt 0.943536 0.964390
vt 0.937455 0.959645
vt 0.933328 0.980737
vt 0.927960 0.975086
vt 0.920040 0.973930
vt 0.911745 0.976427
vt 0.903389 0.954025
vt 0.913203 0.954161
vt 0.922152 0.980260
vt 0.923074 0.982453
vt 0.921398 0.991405
vt 0.917793 0.987033
vt 0.926202 0.989866
vt 0.924658 0.980986
vt 0.894959 0.931393
vt 0.905549 0.929406
vt 0.883898 0.903383
vt 0.895520 0.900008
vt 0.873320 0.877357
vt 0.884545 0.875446
vt 0.878780 0.868881
vt 0.867917 0.864730
vt 0.869539 0.859137
vt 0.878812 0.859951
vt 0.880928 0.846709
vt 0.887887 0.850607
vt 0.896594 0.831481
vt 0.902644 0.836773
vt 0.898374 0.821533
vt 0.874442 0.828597
vt 0.855867 0.825074
vt 0.853064 0.821882
vt 0.860875 0.813001
vt 0.866500 0.816370
vt 0.844612 0.788730
vt 0.855981 0.788028
vt 0.840780 0.762260
vt 0.854651 0.759555
vt 0.838293 0.734538
vt 0.852202 0.732223
vt 0.837485 0.710612
vt 0.851014 0.712190
vt 0.852418 0.702015
vt 0.839044 0.698980
vt 0.842081 0.693584
vt 0.855951 0.682036
vt 0.862497 0.692437
vt 0.871491 0.671411
vt 0.879087 0.676909
vt 0.855590 0.644425
vt 0.858561 0.652400
vt 0.847297 0.661108
vt 0.845354 0.658486
vt 0.875653 0.656612
vt 0.849002 0.628678
vt 0.860164 0.628819
vt 0.854313 0.597777
vt 0.868212 0.599511
vt 0.860963 0.570213
vt 0.875338 0.559879
vt 0.865650 0.551986
vt 0.867909 0.548335
vt 0.881438 0.534835
vt 0.890852 0.538583
vt 0.876197 0.527104
vt 0.888306 0.524570
vt 0.876187 0.524356
vt 0.888296 0.511344
vt 0.894833 0.518042
vt 0.881571 0.666751
vt 0.926061 0.823543
vt 0.947326 0.821801
vt 0.944274 0.724257
vt 0.924811 0.955958
vt 0.929324 0.932041
vt 0.912069 0.897011
vt 0.934376 0.898290
vt 0.904629 0.873713
vt 0.943364 0.876015
vt 0.901462 0.862176
vt 0.926227 0.857410
vt 0.943089 0.856814
vt 0.885591 0.786748
vt 0.914355 0.782399
vt 0.938149 0.781810
vt 0.963556 0.768230
vt 0.910764 0.754847
vt 0.942198 0.752929
vt 0.882309 0.759309
vt 0.914847 0.728433
vt 0.879219 0.732028
vt 0.879012 0.703028
vt 0.912214 0.701408
vt 0.909778 0.673405
vt 0.947452 0.684697
vt 0.909881 0.659410
vt 0.908518 0.620898
vt 0.938785 0.617102
vt 0.907438 0.593645
vt 0.941992 0.594974
vt 0.955947 0.587716
vt 0.933323 0.566400
vt 0.903347 0.563157
vt 0.905549 0.541164
vt 0.934927 0.546844
vt 0.907377 0.521554
vt 0.925560 0.519121
vt 0.851724 0.058433
vt 0.846442 0.044481
vt 0.859884 0.049106
vt 0.828608 0.057586
vt 0.832539 0.044437
vt 0.819325 0.050268
vt 0.806410 0.079242
vt 0.797148 0.088158
vt 0.790207 0.083664
vt 0.798395 0.071024
vt 0.809108 0.057928
vt 0.814020 0.067172
vt 0.783413 0.097427
vt 0.794308 0.097075
vt 0.783888 0.101549
vt 0.808523 0.115901
vt 0.798516 0.116083
vt 0.787403 0.140466
vt 0.778659 0.133051
vt 0.780929 0.129061
vt 0.792541 0.133109
vt 0.791645 0.158882
vt 0.779272 0.162078
vt 0.777234 0.158230
vt 0.787979 0.151681
vt 0.804829 0.173104
vt 0.797543 0.179775
vt 0.819284 0.200548
vt 0.831761 0.200801
vt 0.774310 0.207413
vt 0.791156 0.216428
vt 0.784329 0.223582
vt 0.771481 0.211154
vt 0.822071 0.211334
vt 0.829279 0.208494
vt 0.785989 0.263417
vt 0.776072 0.267898
vt 0.772718 0.264195
vt 0.784602 0.253479
vt 0.813657 0.273253
vt 0.807676 0.280164
vt 0.784401 0.309312
vt 0.773794 0.301899
vt 0.776583 0.297431
vt 0.789865 0.300773
vt 0.813051 0.287671
vt 0.784673 0.341729
vt 0.772847 0.341523
vt 0.770744 0.338615
vt 0.780763 0.332783
vt 0.797607 0.364750
vt 0.804552 0.359395
vt 0.786588 0.389416
vt 0.773954 0.382658
vt 0.775929 0.376881
vt 0.790401 0.381724
vt 0.804082 0.370038
vt 0.792642 0.420874
vt 0.781778 0.424669
vt 0.803465 0.455834
vt 0.795217 0.461795
vt 0.792698 0.459141
vt 0.799724 0.450061
vt 0.812295 0.458711
vt 0.809119 0.464279
vt 0.816304 0.484577
vt 0.806505 0.483703
vt 0.805901 0.479679
vt 0.814835 0.476703
vt 0.816320 0.464775
vt 0.823476 0.500843
vt 0.816403 0.504237
vt 0.833806 0.520758
vt 0.827748 0.524826
vt 0.842775 0.536219
vt 0.838710 0.541182
vt 0.855193 0.534196
vt 0.861857 0.514089
vt 0.870515 0.513434
vt 0.861870 0.536315
vt 0.852530 0.540983
vt 0.855942 0.547325
vt 0.851342 0.550241
vt 0.849838 0.543894
vt 0.845285 0.548787
vt 0.846508 0.542390
vt 0.868706 0.488572
vt 0.878210 0.490006
vt 0.888834 0.461945
vt 0.879335 0.458667
vt 0.890067 0.433711
vt 0.900629 0.435685
vt 0.893417 0.425825
vt 0.906330 0.421902
vt 0.894599 0.416671
vt 0.905673 0.416063
vt 0.886015 0.408208
vt 0.893107 0.403700
vt 0.869507 0.394512
vt 0.876646 0.388369
vt 0.874093 0.377255
vt 0.898905 0.383075
vt 0.916583 0.379091
vt 0.906393 0.370761
vt 0.912117 0.366892
vt 0.919908 0.375450
vt 0.915600 0.341064
vt 0.927152 0.342390
vt 0.929489 0.313531
vt 0.915557 0.311666
vt 0.931365 0.286642
vt 0.916865 0.283335
vt 0.916536 0.255617
vt 0.931316 0.260912
vt 0.914275 0.249200
vt 0.926208 0.243867
vt 0.929565 0.248465
vt 0.911805 0.232130
vt 0.884440 0.222542
vt 0.895029 0.219661
vt 0.909964 0.192940
vt 0.921811 0.206815
vt 0.919148 0.210167
vt 0.906451 0.201202
vt 0.889706 0.205651
vt 0.905088 0.176890
vt 0.917405 0.177582
vt 0.910521 0.145000
vt 0.896627 0.147205
vt 0.888328 0.107196
vt 0.903208 0.117872
vt 0.897809 0.099285
vt 0.881921 0.097257
vt 0.894796 0.095416
vt 0.881227 0.083378
vt 0.872183 0.086100
vt 0.874248 0.075504
vt 0.885755 0.074943
vt 0.885063 0.072178
vt 0.867177 0.065408
vt 0.873035 0.059878
vt 0.866512 0.384460
vt 0.810427 0.365463
vt 0.817799 0.459801
vt 0.821023 0.279727
vt 0.848524 0.534167
vt 0.848229 0.515998
vt 0.839831 0.493304
vt 0.857929 0.488294
vt 0.861764 0.455756
vt 0.830473 0.477575
vt 0.836919 0.458174
vt 0.867782 0.433048
vt 0.837302 0.432534
vt 0.806989 0.441311
vt 0.871707 0.420415
vt 0.836222 0.415509
vt 0.850223 0.379076
vt 0.821407 0.379546
vt 0.805864 0.382347
vt 0.854908 0.337821
vt 0.829783 0.338048
vt 0.884996 0.341032
vt 0.800256 0.337707
vt 0.824365 0.309547
vt 0.857402 0.309969
vt 0.887108 0.312796
vt 0.803570 0.312371
vt 0.852102 0.282609
vt 0.889045 0.284486
vt 0.887658 0.254855
vt 0.853392 0.254609
vt 0.854554 0.218361
vt 0.813839 0.251734
vt 0.880499 0.193865
vt 0.854792 0.170706
vt 0.829914 0.167546
vt 0.855621 0.143378
vt 0.828539 0.142483
vt 0.826890 0.124185
vt 0.855978 0.121094
vt 0.855439 0.084720
vt 0.853452 0.069809
vt 0.823254 0.089912
vt 0.827534 0.070217
vt 0.323702 0.652488
vt 0.323271 0.645918
vt 0.337144 0.645918
vt 0.337770 0.652489
vt 0.333964 0.664142
vt 0.333817 0.670793
vt 0.319037 0.670793
vt 0.319413 0.664142
vt 0.380215 0.664143
vt 0.379544 0.670794
vt 0.364017 0.670793
vt 0.364602 0.664143
vt 0.346591 0.670793
vt 0.347099 0.664142
vt 0.400405 0.664142
vt 0.399965 0.670793
vt 0.396788 0.670793
vt 0.396109 0.664143
vt 0.421472 0.664143
vt 0.421627 0.670793
vt 0.541940 0.670494
vt 0.542068 0.663226
vt 0.546591 0.663225
vt 0.547106 0.670494
vt 0.571391 0.663225
vt 0.571560 0.670494
vt 0.509061 0.670494
vt 0.507010 0.663225
vt 0.513582 0.663225
vt 0.513765 0.670494
vt 0.481362 0.670494
vt 0.480483 0.663226
vt 0.449713 0.670494
vt 0.448708 0.663226
vt 0.690354 0.682680
vt 0.690006 0.676149
vt 0.695051 0.676149
vt 0.694594 0.682680
vt 0.738179 0.676149
vt 0.739083 0.682680
vt 0.632232 0.682680
vt 0.632296 0.676149
vt 0.636971 0.676149
vt 0.637210 0.682680
vt 0.598482 0.682680
vt 0.597802 0.676149
vt 0.539748 0.686642
vt 0.539072 0.679772
vt 0.545439 0.679772
vt 0.545573 0.686642
vt 0.581896 0.679772
vt 0.582611 0.686642
vt 0.495838 0.686642
vt 0.495991 0.679772
vt 0.500955 0.679772
vt 0.499109 0.686642
vt 0.461102 0.686642
vt 0.460257 0.679772
vt 0.348647 0.680371
vt 0.347665 0.686956
vt 0.342897 0.686957
vt 0.342050 0.680371
vt 0.318910 0.686956
vt 0.317145 0.680371
vt 0.391419 0.680371
vt 0.391476 0.686956
vt 0.430483 0.680371
vt 0.431044 0.686956
vt 0.427153 0.686956
vt 0.427287 0.680371
vt 0.443951 0.680371
vt 0.445010 0.686956
vt 0.585223 0.721559
vt 0.585223 0.713553
vt 0.590349 0.713553
vt 0.590349 0.721559
vt 0.605210 0.713553
vt 0.605210 0.721559
vt 0.562382 0.721559
vt 0.562382 0.713553
vt 0.538781 0.721559
vt 0.538781 0.713553
vt 0.519293 0.721559
vt 0.519293 0.713553
vt 0.460447 0.721559
vt 0.460447 0.713553
vt 0.485065 0.713553
vt 0.485065 0.721559
vt 0.497455 0.721559
vt 0.497455 0.713553
vt 0.502954 0.713553
vt 0.502954 0.721559
vt 0.508583 0.713553
vt 0.508583 0.721559
vt 0.435458 0.721559
vt 0.435458 0.713553
vt 0.404596 0.721559
vt 0.404596 0.713553
vt 0.375632 0.721559
vt 0.375632 0.713553
vt 0.361232 0.721559
vt 0.361232 0.713553
vt 0.355335 0.721559
vt 0.355335 0.713553
vt 0.337084 0.721559
vt 0.337084 0.713553
vt 0.314223 0.721559
vt 0.314223 0.713553
vt 0.340093 0.698055
vt 0.341648 0.704893
vt 0.318264 0.704893
vt 0.315695 0.698055
vt 0.365101 0.698055
vt 0.365679 0.704893
vt 0.361222 0.704894
vt 0.359864 0.698055
vt 0.401246 0.698055
vt 0.402568 0.704893
vt 0.432131 0.698055
vt 0.431857 0.704893
vt 0.461044 0.698055
vt 0.462710 0.704893
vt 0.488332 0.698055
vt 0.488794 0.704893
vt 0.507322 0.698055
vt 0.508320 0.704893
vt 0.501529 0.704894
vt 0.501467 0.698055
vt 0.526913 0.698055
vt 0.527908 0.704894
vt 0.549553 0.698055
vt 0.548852 0.704893
vt 0.946578 0.332683
vt 0.939427 0.332181
vt 0.939427 0.328439
vt 0.946578 0.328145
vt 0.939427 0.298450
vt 0.946578 0.299184
vt 0.946578 0.365268
vt 0.939427 0.366262
vt 0.946578 0.402174
vt 0.939427 0.401742
vt 0.946578 0.433522
vt 0.939427 0.433797
vt 0.946578 0.459364
vt 0.939427 0.460627
vt 0.939427 0.455294
vt 0.946578 0.454599
vt 0.946578 0.478432
vt 0.939427 0.482362
vt 0.375454 0.652489
vt 0.376114 0.645918
vt 0.385295 0.645918
vt 0.385599 0.652489
vt 0.372417 0.652489
vt 0.371625 0.645918
vt 0.354853 0.652489
vt 0.353724 0.645918
vt 0.564231 0.134905
vt 0.558542 0.135691
vt 0.558149 0.123379
vt 0.561591 0.122985
vt 0.922590 0.484211
vt 0.915508 0.483778
vt 0.544263 0.136448
vt 0.538423 0.137856
vt 0.537361 0.125448
vt 0.540964 0.124499
vt 0.843163 0.032399
vt 0.835540 0.032532
vt 0.836123 0.008708
vt 0.839282 0.008454
vt 0.840839 0.020380
vt 0.836668 0.020627
vt 0.539927 0.112630
vt 0.537215 0.113280
vt 0.537803 0.101337
vt 0.539611 0.100739
vt 0.920368 0.472215
vt 0.916896 0.471805
vt 0.916414 0.459828
vt 0.918868 0.460249
vt 0.560634 0.111128
vt 0.558084 0.111266
vt 0.558720 0.099308
vt 0.560373 0.099276
vt 0.908803 0.511162
vt 0.900416 0.500944
vt 0.912612 0.495950
vt 0.925094 0.496336
vt 0.928920 0.510248
vt 0.937957 0.501859
vt 0.946813 0.525669
vt 0.959037 0.522110
vt 0.967431 0.534701
vt 0.960018 0.540503
vt 0.947765 0.509400
vt 0.974966 0.549693
vt 0.975003 0.552791
vt 0.962952 0.551862
vt 0.963349 0.546145
vt 0.959505 0.567016
vt 0.950447 0.566977
vt 0.972370 0.590283
vt 0.966325 0.583364
vt 0.978366 0.578951
vt 0.980149 0.582542
vt 0.968067 0.607502
vt 0.971301 0.601115
vt 0.982711 0.607662
vt 0.979761 0.612400
vt 0.963375 0.628799
vt 0.955534 0.621649
vt 0.943255 0.648604
vt 0.930673 0.649497
vt 0.986047 0.651817
vt 0.988941 0.655259
vt 0.976263 0.668229
vt 0.970855 0.660925
vt 0.939829 0.658178
vt 0.933563 0.655435
vt 0.976341 0.706690
vt 0.977242 0.697457
vt 0.989804 0.707576
vt 0.986696 0.710937
vt 0.954523 0.723769
vt 0.951444 0.718123
vt 0.978549 0.751844
vt 0.973137 0.743687
vt 0.986367 0.738959
vt 0.990048 0.743955
vt 0.951315 0.731330
vt 0.980267 0.783878
vt 0.983203 0.775215
vt 0.994757 0.779479
vt 0.993073 0.783308
vt 0.966964 0.808937
vt 0.962061 0.802499
vt 0.979355 0.826324
vt 0.991413 0.817997
vt 0.994093 0.822152
vt 0.988491 0.865215
vt 0.976767 0.861337
vt 0.968405 0.892544
vt 0.978229 0.898960
vt 0.975629 0.901099
vt 0.962700 0.904603
vt 0.955002 0.923386
vt 0.956431 0.916094
vt 0.965000 0.918649
vt 0.964605 0.922519
vt 0.954103 0.902066
vt 0.955309 0.943689
vt 0.947960 0.939615
vt 0.943536 0.964390
vt 0.937455 0.959645
vt 0.933328 0.980737
vt 0.927960 0.975086
vt 0.920040 0.973930
vt 0.911745 0.976427
vt 0.903389 0.954025
vt 0.913203 0.954161
vt 0.922152 0.980260
vt 0.923074 0.982453
vt 0.921398 0.991405
vt 0.917793 0.987033
vt 0.926202 0.989866
vt 0.924658 0.980986
vt 0.894959 0.931393
vt 0.905549 0.929406
vt 0.883898 0.903383
vt 0.895520 0.900008
vt 0.873320 0.877357
vt 0.884545 0.875446
vt 0.878780 0.868881
vt 0.867917 0.864730
vt 0.869539 0.859137
vt 0.878812 0.859951
vt 0.880928 0.846709
vt 0.887887 0.850607
vt 0.896594 0.831481
vt 0.902644 0.836773
vt 0.898374 0.821533
vt 0.874442 0.828597
vt 0.855867 0.825074
vt 0.853064 0.821882
vt 0.860875 0.813001
vt 0.866500 0.816370
vt 0.844612 0.788730
vt 0.855981 0.788028
vt 0.840780 0.762260
vt 0.854651 0.759555
vt 0.838293 0.734538
vt 0.852202 0.732223
vt 0.837485 0.710612
vt 0.851014 0.712190
vt 0.852418 0.702015
vt 0.839044 0.698980
vt 0.842081 0.693584
vt 0.855951 0.682036
vt 0.862497 0.692437
vt 0.871491 0.671411
vt 0.879087 0.676909
vt 0.855590 0.644425
vt 0.858561 0.652400
vt 0.847297 0.661108
vt 0.845354 0.658486
vt 0.875653 0.656612
vt 0.849002 0.628678
vt 0.860164 0.628819
vt 0.854313 0.597777
vt 0.868212 0.599511
vt 0.860963 0.570213
vt 0.875338 0.559879
vt 0.865650 0.551986
vt 0.867909 0.548335
vt 0.881438 0.534835
vt 0.890852 0.538583
vt 0.876197 0.527104
vt 0.888306 0.524570
vt 0.876187 0.524356
vt 0.888296 0.511344
vt 0.894833 0.518042
vt 0.881571 0.666751
vt 0.926061 0.823543
vt 0.947326 0.821801
vt 0.944274 0.724257
vt 0.924811 0.955958
vt 0.929324 0.932041
vt 0.912069 0.897011
vt 0.934376 0.898290
vt 0.904629 0.873713
vt 0.943364 0.876015
vt 0.901462 0.862176
vt 0.926227 0.857410
vt 0.943089 0.856814
vt 0.885591 0.786748
vt 0.914355 0.782399
vt 0.938149 0.781810
vt 0.963556 0.768230
vt 0.910764 0.754847
vt 0.942198 0.752929
vt 0.882309 0.759309
vt 0.914847 0.728433
vt 0.879219 0.732028
vt 0.879012 0.703028
vt 0.912214 0.701408
vt 0.909778 0.673405
vt 0.947452 0.684697
vt 0.909881 0.659410
vt 0.908518 0.620898
vt 0.938785 0.617102
vt 0.907438 0.593645
vt 0.941992 0.594974
vt 0.955947 0.587716
vt 0.933323 0.566400
vt 0.903347 0.563157
vt 0.905549 0.541164
vt 0.934927 0.546844
vt 0.907377 0.521554
vt 0.925560 0.519121
vt 0.851724 0.058433
vt 0.846442 0.044481
vt 0.859884 0.049106
vt 0.828608 0.057586
vt 0.832539 0.044437
vt 0.819325 0.050268
vt 0.806410 0.079242
vt 0.797148 0.088158
vt 0.790207 0.083664
vt 0.798395 0.071024
vt 0.809108 0.057928
vt 0.814020 0.067172
vt 0.783413 0.097427
vt 0.794308 0.097075
vt 0.783888 0.101549
vt 0.808523 0.115901
vt 0.798516 0.116083
vt 0.787403 0.140466
vt 0.778659 0.133051
vt 0.780929 0.129061
vt 0.792541 0.133109
vt 0.791645 0.158882
vt 0.779272 0.162078
vt 0.777234 0.158230
vt 0.787979 0.151681
vt 0.804829 0.173104
vt 0.797543 0.179775
vt 0.819284 0.200548
vt 0.831761 0.200801
vt 0.774310 0.207413
vt 0.791156 0.216428
vt 0.784329 0.223582
vt 0.771481 0.211154
vt 0.822071 0.211334
vt 0.829279 0.208494
vt 0.785989 0.263417
vt 0.776072 0.267898
vt 0.772718 0.264195
vt 0.784602 0.253479
vt 0.813657 0.273253
vt 0.807676 0.280164
vt 0.784401 0.309312
vt 0.773794 0.301899
vt 0.776583 0.297431
vt 0.789865 0.300773
vt 0.813051 0.287671
vt 0.784673 0.341729
vt 0.772847 0.341523
vt 0.770744 0.338615
vt 0.780763 0.332783
vt 0.797607 0.364750
vt 0.804552 0.359395
vt 0.786588 0.389416
vt 0.773954 0.382658
vt 0.775929 0.376881
vt 0.790401 0.381724
vt 0.804082 0.370038
vt 0.792642 0.420874
vt 0.781778 0.424669
vt 0.803465 0.455834
vt 0.795217 0.461795
vt 0.792698 0.459141
vt 0.799724 0.450061
vt 0.812295 0.458711
vt 0.809119 0.464279
vt 0.816304 0.484577
vt 0.806505 0.483703
vt 0.805901 0.479679
vt 0.814835 0.476703
vt 0.816320 0.464775
vt 0.823476 0.500843
vt 0.816403 0.504237
vt 0.833806 0.520758
vt 0.827748 0.524826
vt 0.842775 0.536219
vt 0.838710 0.541182
vt 0.855193 0.534196
vt 0.861857 0.514089
vt 0.870515 0.513434
vt 0.861870 0.536315
vt 0.852530 0.540983
vt 0.855942 0.547325
vt 0.851342 0.550241
vt 0.849838 0.543894
vt 0.845285 0.548787
vt 0.846508 0.542390
vt 0.868706 0.488572
vt 0.878210 0.490006
vt 0.888834 0.461945
vt 0.879335 0.458667
vt 0.890067 0.433711
vt 0.900629 0.435685
vt 0.893417 0.425825
vt 0.906330 0.421902
vt 0.894599 0.416671
vt 0.905673 0.416063
vt 0.886015 0.408208
vt 0.893107 0.403700
vt 0.869507 0.394512
vt 0.876646 0.388369
vt 0.874093 0.377255
vt 0.898905 0.383075
vt 0.916583 0.379091
vt 0.906393 0.370761
vt 0.912117 0.366892
vt 0.919908 0.375450
vt 0.915600 0.341064
vt 0.927152 0.342390
vt 0.929489 0.313531
vt 0.915557 0.311666
vt 0.931365 0.286642
vt 0.916865 0.283335
vt 0.916536 0.255617
vt 0.931316 0.260912
vt 0.914275 0.249200
vt 0.926208 0.243867
vt 0.929565 0.248465
vt 0.911805 0.232130
vt 0.884440 0.222542
vt 0.895029 0.219661
vt 0.909964 0.192940
vt 0.921811 0.206815
vt 0.919148 0.210167
vt 0.906451 0.201202
vt 0.889706 0.205651
vt 0.905088 0.176890
vt 0.917405 0.177582
vt 0.910521 0.145000
vt 0.896627 0.147205
vt 0.888328 0.107196
vt 0.903208 0.117872
vt 0.897809 0.099285
vt 0.881921 0.097257
vt 0.894796 0.095416
vt 0.881227 0.083378
vt 0.872183 0.086100
vt 0.874248 0.075504
vt 0.885755 0.074943
vt 0.885063 0.072178
vt 0.867177 0.065408
vt 0.873035 0.059878
vt 0.866512 0.384460
vt 0.810427 0.365463
vt 0.817799 0.459801
vt 0.821023 0.279727
vt 0.848524 0.534167
vt 0.848229 0.515998
vt 0.839831 0.493304
vt 0.857929 0.488294
vt 0.861764 0.455756
vt 0.830473 0.477575
vt 0.829597 0.459005
vt 0.844241 0.457343
vt 0.867782 0.433048
vt 0.844266 0.431798
vt 0.830339 0.433271
vt 0.806989 0.441311
vt 0.871707 0.420415
vt 0.845342 0.415991
vt 0.850223 0.379076
vt 0.827103 0.415028
vt 0.821407 0.379546
vt 0.805864 0.382347
vt 0.854908 0.337821
vt 0.829783 0.338048
vt 0.884996 0.341032
vt 0.800256 0.337707
vt 0.824365 0.309547
vt 0.857402 0.309969
vt 0.887108 0.312796
vt 0.803570 0.312371
vt 0.852102 0.282609
vt 0.889045 0.284486
vt 0.887658 0.254855
vt 0.853392 0.254609
vt 0.854554 0.218361
vt 0.813839 0.251734
vt 0.880499 0.193865
vt 0.854792 0.170706
vt 0.829914 0.167546
vt 0.855621 0.143378
vt 0.828539 0.142483
vt 0.826890 0.124185
vt 0.855978 0.121094
vt 0.855439 0.084720
vt 0.853452 0.069809
vt 0.823254 0.089912
vt 0.827534 0.070217
vt 0.323702 0.652488
vt 0.323271 0.645918
vt 0.337144 0.645918
vt 0.337770 0.652489
vt 0.333964 0.664142
vt 0.333817 0.670793
vt 0.319037 0.670793
vt 0.319413 0.664142
vt 0.380215 0.664143
vt 0.379544 0.670794
vt 0.364017 0.670793
vt 0.364602 0.664143
vt 0.346591 0.670793
vt 0.347099 0.664142
vt 0.400405 0.664142
vt 0.399965 0.670793
vt 0.396788 0.670793
vt 0.396109 0.664143
vt 0.421472 0.664143
vt 0.421627 0.670793
vt 0.541940 0.670494
vt 0.542068 0.663226
vt 0.546591 0.663225
vt 0.547106 0.670494
vt 0.571391 0.663225
vt 0.571560 0.670494
vt 0.509061 0.670494
vt 0.507010 0.663225
vt 0.513582 0.663225
vt 0.513765 0.670494
vt 0.481362 0.670494
vt 0.480483 0.663226
vt 0.449713 0.670494
vt 0.448708 0.663226
vt 0.690354 0.682680
vt 0.690006 0.676149
vt 0.695051 0.676149
vt 0.694594 0.682680
vt 0.738179 0.676149
vt 0.739083 0.682680
vt 0.632232 0.682680
vt 0.632296 0.676149
vt 0.636971 0.676149
vt 0.637210 0.682680
vt 0.598482 0.682680
vt 0.597802 0.676149
vt 0.539748 0.686642
vt 0.539072 0.679772
vt 0.545439 0.679772
vt 0.545573 0.686642
vt 0.581896 0.679772
vt 0.582611 0.686642
vt 0.495838 0.686642
vt 0.495991 0.679772
vt 0.500955 0.679772
vt 0.499109 0.686642
vt 0.461102 0.686642
vt 0.460257 0.679772
vt 0.348647 0.680371
vt 0.347665 0.686956
vt 0.342897 0.686957
vt 0.342050 0.680371
vt 0.318910 0.686956
vt 0.317145 0.680371
vt 0.391419 0.680371
vt 0.391476 0.686956
vt 0.430483 0.680371
vt 0.431044 0.686956
vt 0.427153 0.686956
vt 0.427287 0.680371
vt 0.443951 0.680371
vt 0.445010 0.686956
vt 0.585223 0.721559
vt 0.585223 0.713553
vt 0.590349 0.713553
vt 0.590349 0.721559
vt 0.605210 0.713553
vt 0.605210 0.721559
vt 0.562382 0.721559
vt 0.562382 0.713553
vt 0.538781 0.721559
vt 0.538781 0.713553
vt 0.519293 0.721559
vt 0.519293 0.713553
vt 0.460447 0.721559
vt 0.460447 0.713553
vt 0.485065 0.713553
vt 0.485065 0.721559
vt 0.497455 0.721559
vt 0.497455 0.713553
vt 0.502954 0.713553
vt 0.502954 0.721559
vt 0.508583 0.713553
vt 0.508583 0.721559
vt 0.435458 0.721559
vt 0.435458 0.713553
vt 0.404596 0.721559
vt 0.404596 0.713553
vt 0.375632 0.721559
vt 0.375632 0.713553
vt 0.361232 0.721559
vt 0.361232 0.713553
vt 0.355335 0.721559
vt 0.355335 0.713553
vt 0.337084 0.721559
vt 0.337084 0.713553
vt 0.314223 0.721559
vt 0.314223 0.713553
vt 0.340093 0.698055
vt 0.341648 0.704893
vt 0.318264 0.704893
vt 0.315695 0.698055
vt 0.365101 0.698055
vt 0.365679 0.704893
vt 0.361222 0.704894
vt 0.359864 0.698055
vt 0.401246 0.698055
vt 0.402568 0.704893
vt 0.432131 0.698055
vt 0.431857 0.704893
vt 0.461044 0.698055
vt 0.462710 0.704893
vt 0.488332 0.698055
vt 0.488794 0.704893
vt 0.507322 0.698055
vt 0.508320 0.704893
vt 0.501529 0.704894
vt 0.501467 0.698055
vt 0.526913 0.698055
vt 0.527908 0.704894
vt 0.549553 0.698055
vt 0.548852 0.704893
vt 0.946578 0.332683
vt 0.939427 0.332181
vt 0.939427 0.328439
vt 0.946578 0.328145
vt 0.939427 0.298450
vt 0.946578 0.299184
vt 0.946578 0.365268
vt 0.939427 0.366262
vt 0.946578 0.402174
vt 0.939427 0.401742
vt 0.946578 0.433522
vt 0.939427 0.433797
vt 0.946578 0.459364
vt 0.939427 0.460627
vt 0.939427 0.455294
vt 0.946578 0.454599
vt 0.946578 0.478432
vt 0.939427 0.482362
vt 0.375454 0.652489
vt 0.376114 0.645918
vt 0.385295 0.645918
vt 0.385599 0.652489
vt 0.372417 0.652489
vt 0.371625 0.645918
vt 0.354853 0.652489
vt 0.353724 0.645918
vt 0.564231 0.134905
vt 0.558542 0.135691
vt 0.558149 0.123379
vt 0.561591 0.122985
vt 0.922590 0.484211
vt 0.915508 0.483778
vt 0.544263 0.136448
vt 0.538423 0.137856
vt 0.537361 0.125448
vt 0.540964 0.124499
vt 0.843163 0.032399
vt 0.835540 0.032532
vt 0.836123 0.008708
vt 0.839282 0.008454
vt 0.840839 0.020380
vt 0.836668 0.020627
vt 0.539927 0.112630
vt 0.537215 0.113280
vt 0.537803 0.101337
vt 0.539611 0.100739
vt 0.920368 0.472215
vt 0.916896 0.471805
vt 0.916414 0.459828
vt 0.918868 0.460249
vt 0.560634 0.111128
vt 0.558084 0.111266
vt 0.558720 0.099308
vt 0.560373 0.099276
vt 0.908803 0.511162
vt 0.900416 0.500944
vt 0.912612 0.495950
vt 0.925094 0.496336
vt 0.928920 0.510248
vt 0.937957 0.501859
vt 0.946813 0.525669
vt 0.959037 0.522110
vt 0.967431 0.534701
vt 0.960018 0.540503
vt 0.947765 0.509400
vt 0.974966 0.549693
vt 0.975003 0.552791
vt 0.962952 0.551862
vt 0.963349 0.546145
vt 0.959505 0.567016
vt 0.950447 0.566977
vt 0.972370 0.590283
vt 0.966325 0.583364
vt 0.978366 0.578951
vt 0.980149 0.582542
vt 0.968067 0.607502
vt 0.971301 0.601115
vt 0.982711 0.607662
vt 0.979761 0.612400
vt 0.963375 0.628799
vt 0.955534 0.621649
vt 0.943255 0.648604
vt 0.930673 0.649497
vt 0.986047 0.651817
vt 0.988941 0.655259
vt 0.976263 0.668229
vt 0.970855 0.660925
vt 0.939829 0.658178
vt 0.933563 0.655435
vt 0.976341 0.706690
vt 0.977242 0.697457
vt 0.989804 0.707576
vt 0.986696 0.710937
vt 0.954523 0.723769
vt 0.951444 0.718123
vt 0.978549 0.751844
vt 0.973137 0.743687
vt 0.986367 0.738959
vt 0.990048 0.743955
vt 0.951315 0.731330
vt 0.980267 0.783878
vt 0.983203 0.775215
vt 0.994757 0.779479
vt 0.993073 0.783308
vt 0.966964 0.808937
vt 0.962061 0.802499
vt 0.979355 0.826324
vt 0.991413 0.817997
vt 0.994093 0.822152
vt 0.988491 0.865215
vt 0.976767 0.861337
vt 0.968405 0.892544
vt 0.978229 0.898960
vt 0.975629 0.901099
vt 0.962700 0.904603
vt 0.955002 0.923386
vt 0.956431 0.916094
vt 0.965000 0.918649
vt 0.964605 0.922519
vt 0.954103 0.902066
vt 0.955309 0.943689
vt 0.947960 0.939615
vt 0.943536 0.964390
vt 0.937455 0.959645
vt 0.933328 0.980737
vt 0.927960 0.975086
vt 0.920040 0.973930
vt 0.911745 0.976427
vt 0.903389 0.954025
vt 0.913203 0.954161
vt 0.922152 0.980260
vt 0.923074 0.982453
vt 0.921398 0.991405
vt 0.917793 0.987033
vt 0.926202 0.989866
vt 0.924658 0.980986
vt 0.894959 0.931393
vt 0.905549 0.929406
vt 0.883898 0.903383
vt 0.895520 0.900008
vt 0.873320 0.877357
vt 0.884545 0.875446
vt 0.878780 0.868881
vt 0.867917 0.864730
vt 0.869539 0.859137
vt 0.878812 0.859951
vt 0.880928 0.846709
vt 0.887887 0.850607
vt 0.896594 0.831481
vt 0.902644 0.836773
vt 0.898374 0.821533
vt 0.874442 0.828597
vt 0.855867 0.825074
vt 0.853064 0.821882
vt 0.860875 0.813001
vt 0.866500 0.816370
vt 0.844612 0.788730
vt 0.855981 0.788028
vt 0.840780 0.762260
vt 0.854651 0.759555
vt 0.838293 0.734538
vt 0.852202 0.732223
vt 0.837485 0.710612
vt 0.851014 0.712190
vt 0.852418 0.702015
vt 0.839044 0.698980
vt 0.842081 0.693584
vt 0.855951 0.682036
vt 0.862497 0.692437
vt 0.871491 0.671411
vt 0.879087 0.676909
vt 0.855590 0.644425
vt 0.858561 0.652400
vt 0.847297 0.661108
vt 0.845354 0.658486
vt 0.875653 0.656612
vt 0.849002 0.628678
vt 0.860164 0.628819
vt 0.854313 0.597777
vt 0.868212 0.599511
vt 0.860963 0.570213
vt 0.875338 0.559879
vt 0.865650 0.551986
vt 0.867909 0.548335
vt 0.881438 0.534835
vt 0.890852 0.538583
vt 0.876197 0.527104
vt 0.888306 0.524570
vt 0.876187 0.524356
vt 0.888296 0.511344
vt 0.894833 0.518042
vt 0.881571 0.666751
vt 0.926061 0.823543
vt 0.947326 0.821801
vt 0.944274 0.724257
vt 0.924811 0.955958
vt 0.929324 0.932041
vt 0.912069 0.897011
vt 0.934376 0.898290
vt 0.904629 0.873713
vt 0.943364 0.876015
vt 0.901462 0.862176
vt 0.926227 0.857410
vt 0.943089 0.856814
vt 0.885591 0.786748
vt 0.914355 0.782399
vt 0.938149 0.781810
vt 0.963556 0.768230
vt 0.910764 0.754847
vt 0.942198 0.752929
vt 0.882309 0.759309
vt 0.914847 0.728433
vt 0.879219 0.732028
vt 0.879012 0.703028
vt 0.912214 0.701408
vt 0.909778 0.673405
vt 0.947452 0.684697
vt 0.909881 0.659410
vt 0.908518 0.620898
vt 0.938785 0.617102
vt 0.907438 0.593645
vt 0.941992 0.594974
vt 0.955947 0.587716
vt 0.933323 0.566400
vt 0.903347 0.563157
vt 0.905549 0.541164
vt 0.934927 0.546844
vt 0.907377 0.521554
vt 0.925560 0.519121
vt 0.851724 0.058433
vt 0.846442 0.044481
vt 0.859884 0.049106
vt 0.828608 0.057586
vt 0.832539 0.044437
vt 0.819325 0.050268
vt 0.806410 0.079242
vt 0.797148 0.088158
vt 0.790207 0.083664
vt 0.798395 0.071024
vt 0.809108 0.057928
vt 0.814020 0.067172
vt 0.783413 0.097427
vt 0.794308 0.097075
vt 0.783888 0.101549
vt 0.808523 0.115901
vt 0.798516 0.116083
vt 0.787403 0.140466
vt 0.778659 0.133051
vt 0.780929 0.129061
vt 0.792541 0.133109
vt 0.791645 0.158882
vt 0.779272 0.162078
vt 0.777234 0.158230
vt 0.787979 0.151681
vt 0.804829 0.173104
vt 0.797543 0.179775
vt 0.819284 0.200548
vt 0.831761 0.200801
vt 0.774310 0.207413
vt 0.791156 0.216428
vt 0.784329 0.223582
vt 0.771481 0.211154
vt 0.822071 0.211334
vt 0.829279 0.208494
vt 0.785989 0.263417
vt 0.776072 0.267898
vt 0.772718 0.264195
vt 0.784602 0.253479
vt 0.813657 0.273253
vt 0.807676 0.280164
vt 0.784401 0.309312
vt 0.773794 0.301899
vt 0.776583 0.297431
vt 0.789865 0.300773
vt 0.813051 0.287671
vt 0.784673 0.341729
vt 0.772847 0.341523
vt 0.770744 0.338615
vt 0.780763 0.332783
vt 0.797607 0.364750
vt 0.804552 0.359395
vt 0.786588 0.389416
vt 0.773954 0.382658
vt 0.775929 0.376881
vt 0.790401 0.381724
vt 0.804082 0.370038
vt 0.792642 0.420874
vt 0.781778 0.424669
vt 0.803465 0.455834
vt 0.795217 0.461795
vt 0.792698 0.459141
vt 0.799724 0.450061
vt 0.812295 0.458711
vt 0.809119 0.464279
vt 0.816304 0.484577
vt 0.806505 0.483703
vt 0.805901 0.479679
vt 0.814835 0.476703
vt 0.816320 0.464775
vt 0.823476 0.500843
vt 0.816403 0.504237
vt 0.833806 0.520758
vt 0.827748 0.524826
vt 0.842775 0.536219
vt 0.838710 0.541182
vt 0.855193 0.534196
vt 0.861857 0.514089
vt 0.870515 0.513434
vt 0.861870 0.536315
vt 0.852530 0.540983
vt 0.855942 0.547325
vt 0.851342 0.550241
vt 0.849838 0.543894
vt 0.845285 0.548787
vt 0.846508 0.542390
vt 0.868706 0.488572
vt 0.878210 0.490006
vt 0.888834 0.461945
vt 0.879335 0.458667
vt 0.890067 0.433711
vt 0.900629 0.435685
vt 0.893417 0.425825
vt 0.906330 0.421902
vt 0.894599 0.416671
vt 0.905673 0.416063
vt 0.886015 0.408208
vt 0.893107 0.403700
vt 0.869507 0.394512
vt 0.876646 0.388369
vt 0.874093 0.377255
vt 0.898905 0.383075
vt 0.916583 0.379091
vt 0.906393 0.370761
vt 0.912117 0.366892
vt 0.919908 0.375450
vt 0.915600 0.341064
vt 0.927152 0.342390
vt 0.929489 0.313531
vt 0.915557 0.311666
vt 0.931365 0.286642
vt 0.916865 0.283335
vt 0.916536 0.255617
vt 0.931316 0.260912
vt 0.914275 0.249200
vt 0.926208 0.243867
vt 0.929565 0.248465
vt 0.911805 0.232130
vt 0.884440 0.222542
vt 0.895029 0.219661
vt 0.909964 0.192940
vt 0.921811 0.206815
vt 0.919148 0.210167
vt 0.906451 0.201202
vt 0.889706 0.205651
vt 0.905088 0.176890
vt 0.917405 0.177582
vt 0.910521 0.145000
vt 0.896627 0.147205
vt 0.888328 0.107196
vt 0.903208 0.117872
vt 0.897809 0.099285
vt 0.881921 0.097257
vt 0.894796 0.095416
vt 0.881227 0.083378
vt 0.872183 0.086100
vt 0.874248 0.075504
vt 0.885755 0.074943
vt 0.885063 0.072178
vt 0.867177 0.065408
vt 0.873035 0.059878
vt 0.866512 0.384460
vt 0.810427 0.365463
vt 0.817799 0.459801
vt 0.821023 0.279727
vt 0.848524 0.534167
vt 0.848229 0.515998
vt 0.839831 0.493304
vt 0.857929 0.488294
vt 0.861764 0.455756
vt 0.830473 0.477575
vt 0.829597 0.459005
vt 0.844241 0.457343
vt 0.867782 0.433048
vt 0.844266 0.431798
vt 0.830339 0.433271
vt 0.806989 0.441311
vt 0.871707 0.420415
vt 0.845342 0.415991
vt 0.850223 0.379076
vt 0.827103 0.415028
vt 0.821407 0.379546
vt 0.805864 0.382347
vt 0.854908 0.337821
vt 0.829783 0.338048
vt 0.884996 0.341032
vt 0.800256 0.337707
vt 0.824365 0.309547
vt 0.857402 0.309969
vt 0.887108 0.312796
vt 0.803570 0.312371
vt 0.852102 0.282609
vt 0.889045 0.284486
vt 0.887658 0.254855
vt 0.853392 0.254609
vt 0.854554 0.218361
vt 0.813839 0.251734
vt 0.880499 0.193865
vt 0.854792 0.170706
vt 0.829914 0.167546
vt 0.855621 0.143378
vt 0.828539 0.142483
vt 0.826890 0.124185
vt 0.855978 0.121094
vt 0.855439 0.084720
vt 0.853452 0.069809
vt 0.823254 0.089912
vt 0.827534 0.070217
vt 0.323702 0.652488
vt 0.323271 0.645918
vt 0.337144 0.645918
vt 0.337770 0.652489
vt 0.333964 0.664142
vt 0.333817 0.670793
vt 0.319037 0.670793
vt 0.319413 0.664142
vt 0.380215 0.664143
vt 0.379544 0.670794
vt 0.364017 0.670793
vt 0.364602 0.664143
vt 0.346591 0.670793
vt 0.347099 0.664142
vt 0.400405 0.664142
vt 0.399965 0.670793
vt 0.396788 0.670793
vt 0.396109 0.664143
vt 0.421472 0.664143
vt 0.421627 0.670793
vt 0.541940 0.670494
vt 0.542068 0.663226
vt 0.546591 0.663225
vt 0.547106 0.670494
vt 0.571391 0.663225
vt 0.571560 0.670494
vt 0.509061 0.670494
vt 0.507010 0.663225
vt 0.513582 0.663225
vt 0.513765 0.670494
vt 0.481362 0.670494
vt 0.480483 0.663226
vt 0.449713 0.670494
vt 0.448708 0.663226
vt 0.690354 0.682680
vt 0.690006 0.676149
vt 0.695051 0.676149
vt 0.694594 0.682680
vt 0.738179 0.676149
vt 0.739083 0.682680
vt 0.632232 0.682680
vt 0.632296 0.676149
vt 0.636971 0.676149
vt 0.637210 0.682680
vt 0.598482 0.682680
vt 0.597802 0.676149
vt 0.539748 0.686642
vt 0.539072 0.679772
vt 0.545439 0.679772
vt 0.545573 0.686642
vt 0.581896 0.679772
vt 0.582611 0.686642
vt 0.495838 0.686642
vt 0.495991 0.679772
vt 0.500955 0.679772
vt 0.499109 0.686642
vt 0.461102 0.686642
vt 0.460257 0.679772
vt 0.348647 0.680371
vt 0.347665 0.686956
vt 0.342897 0.686957
vt 0.342050 0.680371
vt 0.318910 0.686956
vt 0.317145 0.680371
vt 0.391419 0.680371
vt 0.391476 0.686956
vt 0.430483 0.680371
vt 0.431044 0.686956
vt 0.427153 0.686956
vt 0.427287 0.680371
vt 0.443951 0.680371
vt 0.445010 0.686956
vt 0.585223 0.721559
vt 0.585223 0.713553
vt 0.590349 0.713553
vt 0.590349 0.721559
vt 0.605210 0.713553
vt 0.605210 0.721559
vt 0.562382 0.721559
vt 0.562382 0.713553
vt 0.538781 0.721559
vt 0.538781 0.713553
vt 0.519293 0.721559
vt 0.519293 0.713553
vt 0.460447 0.721559
vt 0.460447 0.713553
vt 0.485065 0.713553
vt 0.485065 0.721559
vt 0.497455 0.721559
vt 0.497455 0.713553
vt 0.502954 0.713553
vt 0.502954 0.721559
vt 0.508583 0.713553
vt 0.508583 0.721559
vt 0.435458 0.721559
vt 0.435458 0.713553
vt 0.404596 0.721559
vt 0.404596 0.713553
vt 0.375632 0.721559
vt 0.375632 0.713553
vt 0.361232 0.721559
vt 0.361232 0.713553
vt 0.355335 0.721559
vt 0.355335 0.713553
vt 0.337084 0.721559
vt 0.337084 0.713553
vt 0.314223 0.721559
vt 0.314223 0.713553
vt 0.340093 0.698055
vt 0.341648 0.704893
vt 0.318264 0.704893
vt 0.315695 0.698055
vt 0.365101 0.698055
vt 0.365679 0.704893
vt 0.361222 0.704894
vt 0.359864 0.698055
vt 0.401246 0.698055
vt 0.402568 0.704893
vt 0.432131 0.698055
vt 0.431857 0.704893
vt 0.461044 0.698055
vt 0.462710 0.704893
vt 0.488332 0.698055
vt 0.488794 0.704893
vt 0.507322 0.698055
vt 0.508320 0.704893
vt 0.501529 0.704894
vt 0.501467 0.698055
vt 0.526913 0.698055
vt 0.527908 0.704894
vt 0.549553 0.698055
vt 0.548852 0.704893
vt 0.946578 0.332683
vt 0.939427 0.332181
vt 0.939427 0.328439
vt 0.946578 0.328145
vt 0.939427 0.298450
vt 0.946578 0.299184
vt 0.946578 0.365268
vt 0.939427 0.366262
vt 0.946578 0.402174
vt 0.939427 0.401742
vt 0.946578 0.433522
vt 0.939427 0.433797
vt 0.946578 0.459364
vt 0.939427 0.460627
vt 0.939427 0.455294
vt 0.946578 0.454599
vt 0.946578 0.478432
vt 0.939427 0.482362
vt 0.375454 0.652489
vt 0.376114 0.645918
vt 0.385295 0.645918
vt 0.385599 0.652489
vt 0.372417 0.652489
vt 0.371625 0.645918
vt 0.354853 0.652489
vt 0.353724 0.645918
vt 0.564231 0.134905
vt 0.558542 0.135691
vt 0.558149 0.123379
vt 0.561591 0.122985
vt 0.922590 0.484211
vt 0.915508 0.483778
vt 0.544263 0.136448
vt 0.538423 0.137856
vt 0.537361 0.125448
vt 0.540964 0.124499
vt 0.843163 0.032399
vt 0.835540 0.032532
vt 0.836668 0.020627
vt 0.840839 0.020380
vt 0.537215 0.113280
vt 0.539927 0.112630
vt 0.916896 0.471805
vt 0.920368 0.472215
vt 0.558084 0.111266
vt 0.560634 0.111128
vt 0.908803 0.511162
vt 0.900416 0.500944
vt 0.912612 0.495950
vt 0.917764 0.510786
vt 0.925094 0.496336
vt 0.928920 0.510248
vt 0.937957 0.501859
vt 0.946813 0.525669
vt 0.959037 0.522110
vt 0.967431 0.534701
vt 0.960018 0.540503
vt 0.947765 0.509400
vt 0.974966 0.549693
vt 0.975003 0.552791
vt 0.962952 0.551862
vt 0.963349 0.546145
vt 0.959505 0.567016
vt 0.950447 0.566977
vt 0.972370 0.590283
vt 0.966325 0.583364
vt 0.978366 0.578951
vt 0.980149 0.582542
vt 0.968067 0.607502
vt 0.971301 0.601115
vt 0.982711 0.607662
vt 0.979761 0.612400
vt 0.963375 0.628799
vt 0.955534 0.621649
vt 0.943255 0.648604
vt 0.930673 0.649497
vt 0.986047 0.651817
vt 0.988941 0.655259
vt 0.976263 0.668229
vt 0.970855 0.660925
vt 0.939829 0.658178
vt 0.933563 0.655435
vt 0.976341 0.706690
vt 0.977242 0.697457
vt 0.989804 0.707576
vt 0.986696 0.710937
vt 0.954523 0.723769
vt 0.951444 0.718123
vt 0.978549 0.751844
vt 0.973137 0.743687
vt 0.986367 0.738959
vt 0.990048 0.743955
vt 0.951315 0.731330
vt 0.980267 0.783878
vt 0.983203 0.775215
vt 0.994757 0.779479
vt 0.993073 0.783308
vt 0.966964 0.808937
vt 0.962061 0.802499
vt 0.979355 0.826324
vt 0.991413 0.817997
vt 0.994093 0.822152
vt 0.988491 0.865215
vt 0.976767 0.861337
vt 0.968405 0.892544
vt 0.978229 0.898960
vt 0.975629 0.901099
vt 0.962700 0.904603
vt 0.955002 0.923386
vt 0.956431 0.916094
vt 0.965000 0.918649
vt 0.964605 0.922519
vt 0.954103 0.902066
vt 0.955309 0.943689
vt 0.947960 0.939615
vt 0.943536 0.964390
vt 0.937455 0.959645
vt 0.933328 0.980737
vt 0.927960 0.975086
vt 0.920040 0.973930
vt 0.911745 0.976427
vt 0.903389 0.954025
vt 0.913203 0.954161
vt 0.922152 0.980260
vt 0.923074 0.982453
vt 0.921398 0.991405
vt 0.917793 0.987033
vt 0.926202 0.989866
vt 0.924658 0.980986
vt 0.894959 0.931393
vt 0.905549 0.929406
vt 0.883898 0.903383
vt 0.895520 0.900008
vt 0.873320 0.877357
vt 0.884545 0.875446
vt 0.878780 0.868881
vt 0.867917 0.864730
vt 0.869539 0.859137
vt 0.878812 0.859951
vt 0.880928 0.846709
vt 0.887887 0.850607
vt 0.896594 0.831481
vt 0.902644 0.836773
vt 0.898374 0.821533
vt 0.874442 0.828597
vt 0.855867 0.825074
vt 0.853064 0.821882
vt 0.860875 0.813001
vt 0.866500 0.816370
vt 0.844612 0.788730
vt 0.855981 0.788028
vt 0.840780 0.762260
vt 0.854651 0.759555
vt 0.838293 0.734538
vt 0.852202 0.732223
vt 0.837485 0.710612
vt 0.851014 0.712190
vt 0.852418 0.702015
vt 0.839044 0.698980
vt 0.842081 0.693584
vt 0.855951 0.682036
vt 0.862497 0.692437
vt 0.871491 0.671411
vt 0.879087 0.676909
vt 0.855590 0.644425
vt 0.858561 0.652400
vt 0.847297 0.661108
vt 0.845354 0.658486
vt 0.875653 0.656612
vt 0.849002 0.628678
vt 0.860164 0.628819
vt 0.854313 0.597777
vt 0.868212 0.599511
vt 0.860963 0.570213
vt 0.875338 0.559879
vt 0.865650 0.551986
vt 0.867909 0.548335
vt 0.881438 0.534835
vt 0.890852 0.538583
vt 0.876197 0.527104
vt 0.888306 0.524570
vt 0.876187 0.524356
vt 0.888296 0.511344
vt 0.894833 0.518042
vt 0.881571 0.666751
vt 0.926061 0.823543
vt 0.947326 0.821801
vt 0.944274 0.724257
vt 0.924811 0.955958
vt 0.929324 0.932041
vt 0.912069 0.897011
vt 0.934376 0.898290
vt 0.904629 0.873713
vt 0.943364 0.876015
vt 0.901462 0.862176
vt 0.926227 0.857410
vt 0.943089 0.856814
vt 0.885591 0.786748
vt 0.914355 0.782399
vt 0.938149 0.781810
vt 0.963556 0.768230
vt 0.910764 0.754847
vt 0.942198 0.752929
vt 0.882309 0.759309
vt 0.914847 0.728433
vt 0.879219 0.732028
vt 0.879012 0.703028
vt 0.912214 0.701408
vt 0.909778 0.673405
vt 0.947452 0.684697
vt 0.909881 0.659410
vt 0.908518 0.620898
vt 0.938785 0.617102
vt 0.907438 0.593645
vt 0.941992 0.594974
vt 0.955947 0.587716
vt 0.933323 0.566400
vt 0.903347 0.563157
vt 0.905549 0.541164
vt 0.934927 0.546844
vt 0.907377 0.521554
vt 0.925560 0.519121
vt 0.851724 0.058433
vt 0.846442 0.044481
vt 0.859884 0.049106
vt 0.828608 0.057586
vt 0.832539 0.044437
vt 0.819325 0.050268
vt 0.806410 0.079242
vt 0.797148 0.088158
vt 0.790207 0.083664
vt 0.798395 0.071024
vt 0.809108 0.057928
vt 0.814020 0.067172
vt 0.783413 0.097427
vt 0.794308 0.097075
vt 0.783888 0.101549
vt 0.808523 0.115901
vt 0.798516 0.116083
vt 0.787403 0.140466
vt 0.778659 0.133051
vt 0.780929 0.129061
vt 0.792541 0.133109
vt 0.791645 0.158882
vt 0.779272 0.162078
vt 0.777234 0.158230
vt 0.787979 0.151681
vt 0.804829 0.173104
vt 0.797543 0.179775
vt 0.819284 0.200548
vt 0.831761 0.200801
vt 0.774310 0.207413
vt 0.791156 0.216428
vt 0.784329 0.223582
vt 0.771481 0.211154
vt 0.822071 0.211334
vt 0.829279 0.208494
vt 0.785989 0.263417
vt 0.776072 0.267898
vt 0.772718 0.264195
vt 0.784602 0.253479
vt 0.813657 0.273253
vt 0.807676 0.280164
vt 0.784401 0.309312
vt 0.773794 0.301899
vt 0.776583 0.297431
vt 0.789865 0.300773
vt 0.813051 0.287671
vt 0.784673 0.341729
vt 0.772847 0.341523
vt 0.770744 0.338615
vt 0.780763 0.332783
vt 0.797607 0.364750
vt 0.804552 0.359395
vt 0.786588 0.389416
vt 0.773954 0.382658
vt 0.775929 0.376881
vt 0.790401 0.381724
vt 0.804082 0.370038
vt 0.792642 0.420874
vt 0.781778 0.424669
vt 0.803465 0.455834
vt 0.795217 0.461795
vt 0.792698 0.459141
vt 0.799724 0.450061
vt 0.812295 0.458711
vt 0.809119 0.464279
vt 0.816304 0.484577
vt 0.806505 0.483703
vt 0.805901 0.479679
vt 0.814835 0.476703
vt 0.816320 0.464775
vt 0.823476 0.500843
vt 0.816403 0.504237
vt 0.833806 0.520758
vt 0.827748 0.524826
vt 0.842775 0.536219
vt 0.838710 0.541182
vt 0.855193 0.534196
vt 0.861857 0.514089
vt 0.870515 0.513434
vt 0.861870 0.536315
vt 0.852530 0.540983
vt 0.855942 0.547325
vt 0.851342 0.550241
vt 0.849838 0.543894
vt 0.845285 0.548787
vt 0.846508 0.542390
vt 0.868706 0.488572
vt 0.878210 0.490006
vt 0.888834 0.461945
vt 0.879335 0.458667
vt 0.890067 0.433711
vt 0.900629 0.435685
vt 0.893417 0.425825
vt 0.906330 0.421902
vt 0.894599 0.416671
vt 0.905673 0.416063
vt 0.886015 0.408208
vt 0.893107 0.403700
vt 0.869507 0.394512
vt 0.876646 0.388369
vt 0.874093 0.377255
vt 0.898905 0.383075
vt 0.916583 0.379091
vt 0.906393 0.370761
vt 0.912117 0.366892
vt 0.919908 0.375450
vt 0.915600 0.341064
vt 0.927152 0.342390
vt 0.929489 0.313531
vt 0.915557 0.311666
vt 0.931365 0.286642
vt 0.916865 0.283335
vt 0.916536 0.255617
vt 0.931316 0.260912
vt 0.914275 0.249200
vt 0.926208 0.243867
vt 0.929565 0.248465
vt 0.911805 0.232130
vt 0.884440 0.222542
vt 0.895029 0.219661
vt 0.909964 0.192940
vt 0.921811 0.206815
vt 0.919148 0.210167
vt 0.906451 0.201202
vt 0.889706 0.205651
vt 0.905088 0.176890
vt 0.917405 0.177582
vt 0.910521 0.145000
vt 0.896627 0.147205
vt 0.888328 0.107196
vt 0.903208 0.117872
vt 0.897809 0.099285
vt 0.881921 0.097257
vt 0.894796 0.095416
vt 0.881227 0.083378
vt 0.872183 0.086100
vt 0.874248 0.075504
vt 0.885755 0.074943
vt 0.885063 0.072178
vt 0.867177 0.065408
vt 0.873035 0.059878
vt 0.866512 0.384460
vt 0.810427 0.365463
vt 0.817799 0.459801
vt 0.821023 0.279727
vt 0.848524 0.534167
vt 0.848229 0.515998
vt 0.839831 0.493304
vt 0.857929 0.488294
vt 0.861764 0.455756
vt 0.830473 0.477575
vt 0.829597 0.459005
vt 0.844241 0.457343
vt 0.867782 0.433048
vt 0.844266 0.431798
vt 0.830339 0.433271
vt 0.806989 0.441311
vt 0.871707 0.420415
vt 0.845342 0.415991
vt 0.850223 0.379076
vt 0.827103 0.415028
vt 0.821407 0.379546
vt 0.805864 0.382347
vt 0.854908 0.337821
vt 0.829783 0.338048
vt 0.884996 0.341032
vt 0.800256 0.337707
vt 0.824365 0.309547
vt 0.857402 0.309969
vt 0.887108 0.312796
vt 0.803570 0.312371
vt 0.852102 0.282609
vt 0.889045 0.284486
vt 0.887658 0.254855
vt 0.853392 0.254609
vt 0.854554 0.218361
vt 0.813839 0.251734
vt 0.880499 0.193865
vt 0.854792 0.170706
vt 0.829914 0.167546
vt 0.855621 0.143378
vt 0.828539 0.142483
vt 0.826890 0.124185
vt 0.855978 0.121094
vt 0.855439 0.084720
vt 0.853452 0.069809
vt 0.823254 0.089912
vt 0.827534 0.070217
vt 0.323702 0.652488
vt 0.323271 0.645918
vt 0.337144 0.645918
vt 0.337770 0.652489
vt 0.333964 0.664142
vt 0.333817 0.670793
vt 0.319037 0.670793
vt 0.319413 0.664142
vt 0.380215 0.664143
vt 0.379544 0.670794
vt 0.364017 0.670793
vt 0.364602 0.664143
vt 0.346591 0.670793
vt 0.347099 0.664142
vt 0.400405 0.664142
vt 0.399965 0.670793
vt 0.396788 0.670793
vt 0.396109 0.664143
vt 0.421472 0.664143
vt 0.421627 0.670793
vt 0.541940 0.670494
vt 0.542068 0.663226
vt 0.546591 0.663225
vt 0.547106 0.670494
vt 0.571391 0.663225
vt 0.571560 0.670494
vt 0.509061 0.670494
vt 0.507010 0.663225
vt 0.513582 0.663225
vt 0.513765 0.670494
vt 0.481362 0.670494
vt 0.480483 0.663226
vt 0.449713 0.670494
vt 0.448708 0.663226
vt 0.690354 0.682680
vt 0.690006 0.676149
vt 0.695051 0.676149
vt 0.694594 0.682680
vt 0.738179 0.676149
vt 0.739083 0.682680
vt 0.632232 0.682680
vt 0.632296 0.676149
vt 0.636971 0.676149
vt 0.637210 0.682680
vt 0.598482 0.682680
vt 0.597802 0.676149
vt 0.539748 0.686642
vt 0.539072 0.679772
vt 0.545439 0.679772
vt 0.545573 0.686642
vt 0.581896 0.679772
vt 0.582611 0.686642
vt 0.495838 0.686642
vt 0.495991 0.679772
vt 0.500955 0.679772
vt 0.499109 0.686642
vt 0.461102 0.686642
vt 0.460257 0.679772
vt 0.348647 0.680371
vt 0.347665 0.686956
vt 0.342897 0.686957
vt 0.342050 0.680371
vt 0.318910 0.686956
vt 0.317145 0.680371
vt 0.391419 0.680371
vt 0.391476 0.686956
vt 0.430483 0.680371
vt 0.431044 0.686956
vt 0.427153 0.686956
vt 0.427287 0.680371
vt 0.443951 0.680371
vt 0.445010 0.686956
vt 0.585223 0.721559
vt 0.585223 0.713553
vt 0.590349 0.713553
vt 0.590349 0.721559
vt 0.605210 0.713553
vt 0.605210 0.721559
vt 0.562382 0.721559
vt 0.562382 0.713553
vt 0.538781 0.721559
vt 0.538781 0.713553
vt 0.519293 0.721559
vt 0.519293 0.713553
vt 0.460447 0.721559
vt 0.460447 0.713553
vt 0.485065 0.713553
vt 0.485065 0.721559
vt 0.497455 0.721559
vt 0.497455 0.713553
vt 0.502954 0.713553
vt 0.502954 0.721559
vt 0.508583 0.713553
vt 0.508583 0.721559
vt 0.435458 0.721559
vt 0.435458 0.713553
vt 0.404596 0.721559
vt 0.404596 0.713553
vt 0.375632 0.721559
vt 0.375632 0.713553
vt 0.361232 0.721559
vt 0.361232 0.713553
vt 0.355335 0.721559
vt 0.355335 0.713553
vt 0.337084 0.721559
vt 0.337084 0.713553
vt 0.314223 0.721559
vt 0.314223 0.713553
vt 0.340093 0.698055
vt 0.341648 0.704893
vt 0.318264 0.704893
vt 0.315695 0.698055
vt 0.365101 0.698055
vt 0.365679 0.704893
vt 0.361222 0.704894
vt 0.359864 0.698055
vt 0.401246 0.698055
vt 0.402568 0.704893
vt 0.432131 0.698055
vt 0.431857 0.704893
vt 0.461044 0.698055
vt 0.462710 0.704893
vt 0.488332 0.698055
vt 0.488794 0.704893
vt 0.507322 0.698055
vt 0.508320 0.704893
vt 0.501529 0.704894
vt 0.501467 0.698055
vt 0.526913 0.698055
vt 0.527908 0.704894
vt 0.549553 0.698055
vt 0.548852 0.704893
vt 0.946578 0.332683
vt 0.939427 0.332181
vt 0.939427 0.328439
vt 0.946578 0.328145
vt 0.939427 0.298450
vt 0.946578 0.299184
vt 0.946578 0.365268
vt 0.939427 0.366262
vt 0.946578 0.402174
vt 0.939427 0.401742
vt 0.946578 0.433522
vt 0.939427 0.433797
vt 0.946578 0.459364
vt 0.939427 0.460627
vt 0.939427 0.455294
vt 0.946578 0.454599
vt 0.946578 0.478432
vt 0.939427 0.482362
vt 0.375454 0.652489
vt 0.376114 0.645918
vt 0.385295 0.645918
vt 0.385599 0.652489
vt 0.372417 0.652489
vt 0.371625 0.645918
vt 0.354853 0.652489
vt 0.353724 0.645918
vt 0.564231 0.134905
vt 0.558542 0.135691
vt 0.558149 0.123379
vt 0.561591 0.122985
vt 0.922590 0.484211
vt 0.915508 0.483778
vt 0.544263 0.136448
vt 0.538423 0.137856
vt 0.537361 0.125448
vt 0.540964 0.124499
vt 0.843163 0.032399
vt 0.835540 0.032532
vt 0.836123 0.008708
vt 0.839282 0.008454
vt 0.840839 0.020380
vt 0.836668 0.020627
vt 0.539927 0.112630
vt 0.537215 0.113280
vt 0.537803 0.101337
vt 0.539611 0.100739
vt 0.920368 0.472215
vt 0.916896 0.471805
vt 0.916414 0.459828
vt 0.918868 0.460249
vt 0.560634 0.111128
vt 0.558084 0.111266
vt 0.558720 0.099308
vt 0.560373 0.099276
vt 0.908803 0.511162
vt 0.900416 0.500944
vt 0.912612 0.495950
vt 0.925094 0.496336
vt 0.928920 0.510248
vt 0.937957 0.501859
vt 0.946813 0.525669
vt 0.959037 0.522110
vt 0.967431 0.534701
vt 0.960018 0.540503
vt 0.947765 0.509400
vt 0.974966 0.549693
vt 0.975003 0.552791
vt 0.962952 0.551862
vt 0.963349 0.546145
vt 0.959505 0.567016
vt 0.950447 0.566977
vt 0.972370 0.590283
vt 0.966325 0.583364
vt 0.978366 0.578951
vt 0.980149 0.582542
vt 0.968067 0.607502
vt 0.971301 0.601115
vt 0.982711 0.607662
vt 0.979761 0.612400
vt 0.963375 0.628799
vt 0.955534 0.621649
vt 0.943255 0.648604
vt 0.930673 0.649497
vt 0.986047 0.651817
vt 0.988941 0.655259
vt 0.976263 0.668229
vt 0.970855 0.660925
vt 0.939829 0.658178
vt 0.933563 0.655435
vt 0.976341 0.706690
vt 0.977242 0.697457
vt 0.989804 0.707576
vt 0.986696 0.710937
vt 0.954523 0.723769
vt 0.951444 0.718123
vt 0.978549 0.751844
vt 0.973137 0.743687
vt 0.986367 0.738959
vt 0.990048 0.743955
vt 0.951315 0.731330
vt 0.980267 0.783878
vt 0.983203 0.775215
vt 0.994757 0.779479
vt 0.993073 0.783308
vt 0.966964 0.808937
vt 0.962061 0.802499
vt 0.979355 0.826324
vt 0.991413 0.817997
vt 0.994093 0.822152
vt 0.988491 0.865215
vt 0.976767 0.861337
vt 0.968405 0.892544
vt 0.978229 0.898960
vt 0.975629 0.901099
vt 0.962700 0.904603
vt 0.955002 0.923386
vt 0.956431 0.916094
vt 0.965000 0.918649
vt 0.964605 0.922519
vt 0.954103 0.902066
vt 0.955309 0.943689
vt 0.947960 0.939615
vt 0.943536 0.964390
vt 0.937455 0.959645
vt 0.933328 0.980737
vt 0.927960 0.975086
vt 0.920040 0.973930
vt 0.911745 0.976427
vt 0.903389 0.954025
vt 0.913203 0.954161
vt 0.922152 0.980260
vt 0.923074 0.982453
vt 0.921398 0.991405
vt 0.917793 0.987033
vt 0.926202 0.989866
vt 0.924658 0.980986
vt 0.894959 0.931393
vt 0.905549 0.929406
vt 0.883898 0.903383
vt 0.895520 0.900008
vt 0.873320 0.877357
vt 0.884545 0.875446
vt 0.878780 0.868881
vt 0.867917 0.864730
vt 0.869539 0.859137
vt 0.878812 0.859951
vt 0.880928 0.846709
vt 0.887887 0.850607
vt 0.896594 0.831481
vt 0.902644 0.836773
vt 0.898374 0.821533
vt 0.874442 0.828597
vt 0.855867 0.825074
vt 0.853064 0.821882
vt 0.860875 0.813001
vt 0.866500 0.816370
vt 0.844612 0.788730
vt 0.855981 0.788028
vt 0.840780 0.762260
vt 0.854651 0.759555
vt 0.838293 0.734538
vt 0.852202 0.732223
vt 0.837485 0.710612
vt 0.851014 0.712190
vt 0.852418 0.702015
vt 0.839044 0.698980
vt 0.842081 0.693584
vt 0.855951 0.682036
vt 0.862497 0.692437
vt 0.871491 0.671411
vt 0.879087 0.676909
vt 0.855590 0.644425
vt 0.858561 0.652400
vt 0.847297 0.661108
vt 0.845354 0.658486
vt 0.875653 0.656612
vt 0.849002 0.628678
vt 0.860164 0.628819
vt 0.854313 0.597777
vt 0.868212 0.599511
vt 0.860963 0.570213
vt 0.875338 0.559879
vt 0.865650 0.551986
vt 0.867909 0.548335
vt 0.881438 0.534835
vt 0.890852 0.538583
vt 0.876197 0.527104
vt 0.888306 0.524570
vt 0.876187 0.524356
vt 0.888296 0.511344
vt 0.894833 0.518042
vt 0.881571 0.666751
vt 0.926061 0.823543
vt 0.947326 0.821801
vt 0.944274 0.724257
vt 0.924811 0.955958
vt 0.929324 0.932041
vt 0.912069 0.897011
vt 0.934376 0.898290
vt 0.904629 0.873713
vt 0.943364 0.876015
vt 0.901462 0.862176
vt 0.926227 0.857410
vt 0.943089 0.856814
vt 0.885591 0.786748
vt 0.914355 0.782399
vt 0.938149 0.781810
vt 0.963556 0.768230
vt 0.910764 0.754847
vt 0.942198 0.752929
vt 0.882309 0.759309
vt 0.914847 0.728433
vt 0.879219 0.732028
vt 0.879012 0.703028
vt 0.912214 0.701408
vt 0.909778 0.673405
vt 0.947452 0.684697
vt 0.909881 0.659410
vt 0.908518 0.620898
vt 0.938785 0.617102
vt 0.907438 0.593645
vt 0.941992 0.594974
vt 0.955947 0.587716
vt 0.933323 0.566400
vt 0.903347 0.563157
vt 0.905549 0.541164
vt 0.934927 0.546844
vt 0.907377 0.521554
vt 0.925560 0.519121
vt 0.851724 0.058433
vt 0.846442 0.044481
vt 0.859884 0.049106
vt 0.828608 0.057586
vt 0.832539 0.044437
vt 0.819325 0.050268
vt 0.806410 0.079242
vt 0.797148 0.088158
vt 0.790207 0.083664
vt 0.798395 0.071024
vt 0.809108 0.057928
vt 0.814020 0.067172
vt 0.783413 0.097427
vt 0.794308 0.097075
vt 0.783888 0.101549
vt 0.808523 0.115901
vt 0.798516 0.116083
vt 0.787403 0.140466
vt 0.778659 0.133051
vt 0.780929 0.129061
vt 0.792541 0.133109
vt 0.791645 0.158882
vt 0.779272 0.162078
vt 0.777234 0.158230
vt 0.787979 0.151681
vt 0.804829 0.173104
vt 0.797543 0.179775
vt 0.819284 0.200548
vt 0.831761 0.200801
vt 0.774310 0.207413
vt 0.791156 0.216428
vt 0.784329 0.223582
vt 0.771481 0.211154
vt 0.822071 0.211334
vt 0.829279 0.208494
vt 0.785989 0.263417
vt 0.776072 0.267898
vt 0.772718 0.264195
vt 0.784602 0.253479
vt 0.813657 0.273253
vt 0.807676 0.280164
vt 0.784401 0.309312
vt 0.773794 0.301899
vt 0.776583 0.297431
vt 0.789865 0.300773
vt 0.813051 0.287671
vt 0.784673 0.341729
vt 0.772847 0.341523
vt 0.770744 0.338615
vt 0.780763 0.332783
vt 0.797607 0.364750
vt 0.804552 0.359395
vt 0.786588 0.389416
vt 0.773954 0.382658
vt 0.775929 0.376881
vt 0.790401 0.381724
vt 0.804082 0.370038
vt 0.792642 0.420874
vt 0.781778 0.424669
vt 0.803465 0.455834
vt 0.795217 0.461795
vt 0.792698 0.459141
vt 0.799724 0.450061
vt 0.812295 0.458711
vt 0.809119 0.464279
vt 0.816304 0.484577
vt 0.806505 0.483703
vt 0.805901 0.479679
vt 0.814835 0.476703
vt 0.816320 0.464775
vt 0.823476 0.500843
vt 0.816403 0.504237
vt 0.833806 0.520758
vt 0.827748 0.524826
vt 0.842775 0.536219
vt 0.838710 0.541182
vt 0.855193 0.534196
vt 0.861857 0.514089
vt 0.870515 0.513434
vt 0.861870 0.536315
vt 0.852530 0.540983
vt 0.855942 0.547325
vt 0.851342 0.550241
vt 0.849838 0.543894
vt 0.845285 0.548787
vt 0.846508 0.542390
vt 0.868706 0.488572
vt 0.878210 0.490006
vt 0.888834 0.461945
vt 0.879335 0.458667
vt 0.890067 0.433711
vt 0.900629 0.435685
vt 0.893417 0.425825
vt 0.906330 0.421902
vt 0.894599 0.416671
vt 0.905673 0.416063
vt 0.886015 0.408208
vt 0.893107 0.403700
vt 0.869507 0.394512
vt 0.876646 0.388369
vt 0.874093 0.377255
vt 0.898905 0.383075
vt 0.916583 0.379091
vt 0.906393 0.370761
vt 0.912117 0.366892
vt 0.919908 0.375450
vt 0.915600 0.341064
vt 0.927152 0.342390
vt 0.929489 0.313531
vt 0.915557 0.311666
vt 0.931365 0.286642
vt 0.916865 0.283335
vt 0.916536 0.255617
vt 0.931316 0.260912
vt 0.914275 0.249200
vt 0.926208 0.243867
vt 0.929565 0.248465
vt 0.911805 0.232130
vt 0.884440 0.222542
vt 0.895029 0.219661
vt 0.909964 0.192940
vt 0.921811 0.206815
vt 0.919148 0.210167
vt 0.906451 0.201202
vt 0.889706 0.205651
vt 0.905088 0.176890
vt 0.917405 0.177582
vt 0.910521 0.145000
vt 0.896627 0.147205
vt 0.888328 0.107196
vt 0.903208 0.117872
vt 0.897809 0.099285
vt 0.881921 0.097257
vt 0.894796 0.095416
vt 0.881227 0.083378
vt 0.872183 0.086100
vt 0.874248 0.075504
vt 0.885755 0.074943
vt 0.885063 0.072178
vt 0.867177 0.065408
vt 0.873035 0.059878
vt 0.866512 0.384460
vt 0.810427 0.365463
vt 0.817799 0.459801
vt 0.821023 0.279727
vt 0.848524 0.534167
vt 0.848229 0.515998
vt 0.839831 0.493304
vt 0.857929 0.488294
vt 0.861764 0.455756
vt 0.830473 0.477575
vt 0.829597 0.459005
vt 0.844241 0.457343
vt 0.867782 0.433048
vt 0.844266 0.431798
vt 0.830339 0.433271
vt 0.806989 0.441311
vt 0.871707 0.420415
vt 0.845342 0.415991
vt 0.850223 0.379076
vt 0.827103 0.415028
vt 0.821407 0.379546
vt 0.805864 0.382347
vt 0.854908 0.337821
vt 0.829783 0.338048
vt 0.884996 0.341032
vt 0.800256 0.337707
vt 0.824365 0.309547
vt 0.857402 0.309969
vt 0.887108 0.312796
vt 0.803570 0.312371
vt 0.852102 0.282609
vt 0.889045 0.284486
vt 0.887658 0.254855
vt 0.853392 0.254609
vt 0.854554 0.218361
vt 0.813839 0.251734
vt 0.880499 0.193865
vt 0.854792 0.170706
vt 0.829914 0.167546
vt 0.855621 0.143378
vt 0.828539 0.142483
vt 0.826890 0.124185
vt 0.855978 0.121094
vt 0.855439 0.084720
vt 0.853452 0.069809
vt 0.823254 0.089912
vt 0.827534 0.070217
vt 0.323702 0.652488
vt 0.323271 0.645918
vt 0.337144 0.645918
vt 0.337770 0.652489
vt 0.333964 0.664142
vt 0.333817 0.670793
vt 0.319037 0.670793
vt 0.319413 0.664142
vt 0.380215 0.664143
vt 0.379544 0.670794
vt 0.364017 0.670793
vt 0.364602 0.664143
vt 0.346591 0.670793
vt 0.347099 0.664142
vt 0.400405 0.664142
vt 0.399965 0.670793
vt 0.396788 0.670793
vt 0.396109 0.664143
vt 0.421472 0.664143
vt 0.421627 0.670793
vt 0.541940 0.670494
vt 0.542068 0.663226
vt 0.546591 0.663225
vt 0.547106 0.670494
vt 0.571391 0.663225
vt 0.571560 0.670494
vt 0.509061 0.670494
vt 0.507010 0.663225
vt 0.513582 0.663225
vt 0.513765 0.670494
vt 0.481362 0.670494
vt 0.480483 0.663226
vt 0.449713 0.670494
vt 0.448708 0.663226
vt 0.690354 0.682680
vt 0.690006 0.676149
vt 0.695051 0.676149
vt 0.694594 0.682680
vt 0.738179 0.676149
vt 0.739083 0.682680
vt 0.632232 0.682680
vt 0.632296 0.676149
vt 0.636971 0.676149
vt 0.637210 0.682680
vt 0.598482 0.682680
vt 0.597802 0.676149
vt 0.539748 0.686642
vt 0.539072 0.679772
vt 0.545439 0.679772
vt 0.545573 0.686642
vt 0.581896 0.679772
vt 0.582611 0.686642
vt 0.495838 0.686642
vt 0.495991 0.679772
vt 0.500955 0.679772
vt 0.499109 0.686642
vt 0.461102 0.686642
vt 0.460257 0.679772
vt 0.348647 0.680371
vt 0.347665 0.686956
vt 0.342897 0.686957
vt 0.342050 0.680371
vt 0.318910 0.686956
vt 0.317145 0.680371
vt 0.391419 0.680371
vt 0.391476 0.686956
vt 0.430483 0.680371
vt 0.431044 0.686956
vt 0.427153 0.686956
vt 0.427287 0.680371
vt 0.443951 0.680371
vt 0.445010 0.686956
vt 0.585223 0.721559
vt 0.585223 0.713553
vt 0.590349 0.713553
vt 0.590349 0.721559
vt 0.605210 0.713553
vt 0.605210 0.721559
vt 0.562382 0.721559
vt 0.562382 0.713553
vt 0.538781 0.721559
vt 0.538781 0.713553
vt 0.519293 0.721559
vt 0.519293 0.713553
vt 0.460447 0.721559
vt 0.460447 0.713553
vt 0.485065 0.713553
vt 0.485065 0.721559
vt 0.497455 0.721559
vt 0.497455 0.713553
vt 0.502954 0.713553
vt 0.502954 0.721559
vt 0.508583 0.713553
vt 0.508583 0.721559
vt 0.435458 0.721559
vt 0.435458 0.713553
vt 0.404596 0.721559
vt 0.404596 0.713553
vt 0.375632 0.721559
vt 0.375632 0.713553
vt 0.361232 0.721559
vt 0.361232 0.713553
vt 0.355335 0.721559
vt 0.355335 0.713553
vt 0.337084 0.721559
vt 0.337084 0.713553
vt 0.314223 0.721559
vt 0.314223 0.713553
vt 0.340093 0.698055
vt 0.341648 0.704893
vt 0.318264 0.704893
vt 0.315695 0.698055
vt 0.365101 0.698055
vt 0.365679 0.704893
vt 0.361222 0.704894
vt 0.359864 0.698055
vt 0.401246 0.698055
vt 0.402568 0.704893
vt 0.432131 0.698055
vt 0.431857 0.704893
vt 0.461044 0.698055
vt 0.462710 0.704893
vt 0.488332 0.698055
vt 0.488794 0.704893
vt 0.507322 0.698055
vt 0.508320 0.704893
vt 0.501529 0.704894
vt 0.501467 0.698055
vt 0.526913 0.698055
vt 0.527908 0.704894
vt 0.549553 0.698055
vt 0.548852 0.704893
vt 0.946578 0.332683
vt 0.939427 0.332181
vt 0.939427 0.328439
vt 0.946578 0.328145
vt 0.939427 0.298450
vt 0.946578 0.299184
vt 0.946578 0.365268
vt 0.939427 0.366262
vt 0.946578 0.402174
vt 0.939427 0.401742
vt 0.946578 0.433522
vt 0.939427 0.433797
vt 0.946578 0.459364
vt 0.939427 0.460627
vt 0.939427 0.455294
vt 0.946578 0.454599
vt 0.946578 0.478432
vt 0.939427 0.482362
vt 0.375454 0.652489
vt 0.376114 0.645918
vt 0.385295 0.645918
vt 0.385599 0.652489
vt 0.372417 0.652489
vt 0.371625 0.645918
vt 0.354853 0.652489
vt 0.353724 0.645918
vt 0.564231 0.134905
vt 0.558542 0.135691
vt 0.558149 0.123379
vt 0.561591 0.122985
vt 0.922590 0.484211
vt 0.915508 0.483778
vt 0.544263 0.136448
vt 0.538423 0.137856
vt 0.537361 0.125448
vt 0.540964 0.124499
vt 0.843163 0.032399
vt 0.835540 0.032532
vt 0.836668 0.020627
vt 0.840839 0.020380
vt 0.537215 0.113280
vt 0.539927 0.112630
vt 0.916896 0.471805
vt 0.920368 0.472215
vt 0.558084 0.111266
vt 0.560634 0.111128
vt 0.908803 0.511162
vt 0.900416 0.500944
vt 0.912612 0.495950
vt 0.925094 0.496336
vt 0.928920 0.510248
vt 0.937957 0.501859
vt 0.946813 0.525669
vt 0.959037 0.522110
vt 0.967431 0.534701
vt 0.960018 0.540503
vt 0.947765 0.509400
vt 0.974966 0.549693
vt 0.975003 0.552791
vt 0.962952 0.551862
vt 0.963349 0.546145
vt 0.959505 0.567016
vt 0.950447 0.566977
vt 0.972370 0.590283
vt 0.966325 0.583364
vt 0.978366 0.578951
vt 0.980149 0.582542
vt 0.968067 0.607502
vt 0.971301 0.601115
vt 0.982711 0.607662
vt 0.979761 0.612400
vt 0.963375 0.628799
vt 0.955534 0.621649
vt 0.943255 0.648604
vt 0.930673 0.649497
vt 0.986047 0.651817
vt 0.988941 0.655259
vt 0.976263 0.668229
vt 0.970855 0.660925
vt 0.939829 0.658178
vt 0.933563 0.655435
vt 0.976341 0.706690
vt 0.977242 0.697457
vt 0.989804 0.707576
vt 0.986696 0.710937
vt 0.954523 0.723769
vt 0.951444 0.718123
vt 0.978549 0.751844
vt 0.973137 0.743687
vt 0.986367 0.738959
vt 0.990048 0.743955
vt 0.951315 0.731330
vt 0.980267 0.783878
vt 0.983203 0.775215
vt 0.994757 0.779479
vt 0.993073 0.783308
vt 0.966964 0.808937
vt 0.962061 0.802499
vt 0.979355 0.826324
vt 0.991413 0.817997
vt 0.994093 0.822152
vt 0.988491 0.865215
vt 0.976767 0.861337
vt 0.968405 0.892544
vt 0.978229 0.898960
vt 0.975629 0.901099
vt 0.962700 0.904603
vt 0.955002 0.923386
vt 0.956431 0.916094
vt 0.965000 0.918649
vt 0.964605 0.922519
vt 0.954103 0.902066
vt 0.955309 0.943689
vt 0.947960 0.939615
vt 0.943536 0.964390
vt 0.937455 0.959645
vt 0.933328 0.980737
vt 0.927960 0.975086
vt 0.920040 0.973930
vt 0.911745 0.976427
vt 0.903389 0.954025
vt 0.913203 0.954161
vt 0.922152 0.980260
vt 0.923074 0.982453
vt 0.921398 0.991405
vt 0.917793 0.987033
vt 0.926202 0.989866
vt 0.924658 0.980986
vt 0.894959 0.931393
vt 0.905549 0.929406
vt 0.883898 0.903383
vt 0.895520 0.900008
vt 0.873320 0.877357
vt 0.884545 0.875446
vt 0.878780 0.868881
vt 0.867917 0.864730
vt 0.869539 0.859137
vt 0.878812 0.859951
vt 0.880928 0.846709
vt 0.887887 0.850607
vt 0.896594 0.831481
vt 0.902644 0.836773
vt 0.898374 0.821533
vt 0.874442 0.828597
vt 0.855867 0.825074
vt 0.853064 0.821882
vt 0.860875 0.813001
vt 0.866500 0.816370
vt 0.844612 0.788730
vt 0.855981 0.788028
vt 0.840780 0.762260
vt 0.854651 0.759555
vt 0.838293 0.734538
vt 0.852202 0.732223
vt 0.837485 0.710612
vt 0.851014 0.712190
vt 0.852418 0.702015
vt 0.839044 0.698980
vt 0.842081 0.693584
vt 0.855951 0.682036
vt 0.862497 0.692437
vt 0.871491 0.671411
vt 0.879087 0.676909
vt 0.855590 0.644425
vt 0.858561 0.652400
vt 0.847297 0.661108
vt 0.845354 0.658486
vt 0.875653 0.656612
vt 0.849002 0.628678
vt 0.860164 0.628819
vt 0.854313 0.597777
vt 0.868212 0.599511
vt 0.860963 0.570213
vt 0.875338 0.559879
vt 0.865650 0.551986
vt 0.867909 0.548335
vt 0.881438 0.534835
vt 0.890852 0.538583
vt 0.876197 0.527104
vt 0.888306 0.524570
vt 0.876187 0.524356
vt 0.888296 0.511344
vt 0.894833 0.518042
vt 0.881571 0.666751
vt 0.926061 0.823543
vt 0.947326 0.821801
vt 0.944274 0.724257
vt 0.924811 0.955958
vt 0.929324 0.932041
vt 0.912069 0.897011
vt 0.934376 0.898290
vt 0.904629 0.873713
vt 0.943364 0.876015
vt 0.901462 0.862176
vt 0.926227 0.857410
vt 0.943089 0.856814
vt 0.885591 0.786748
vt 0.914355 0.782399
vt 0.938149 0.781810
vt 0.963556 0.768230
vt 0.910764 0.754847
vt 0.942198 0.752929
vt 0.882309 0.759309
vt 0.914847 0.728433
vt 0.879219 0.732028
vt 0.879012 0.703028
vt 0.912214 0.701408
vt 0.909778 0.673405
vt 0.947452 0.684697
vt 0.909881 0.659410
vt 0.908518 0.620898
vt 0.938785 0.617102
vt 0.907438 0.593645
vt 0.941992 0.594974
vt 0.955947 0.587716
vt 0.933323 0.566400
vt 0.903347 0.563157
vt 0.905549 0.541164
vt 0.934927 0.546844
vt 0.907377 0.521554
vt 0.925560 0.519121
vt 0.851724 0.058433
vt 0.846442 0.044481
vt 0.859884 0.049106
vt 0.828608 0.057586
vt 0.832539 0.044437
vt 0.819325 0.050268
vt 0.806410 0.079242
vt 0.797148 0.088158
vt 0.790207 0.083664
vt 0.798395 0.071024
vt 0.809108 0.057928
vt 0.814020 0.067172
vt 0.783413 0.097427
vt 0.794308 0.097075
vt 0.783888 0.101549
vt 0.808523 0.115901
vt 0.798516 0.116083
vt 0.787403 0.140466
vt 0.778659 0.133051
vt 0.780929 0.129061
vt 0.792541 0.133109
vt 0.791645 0.158882
vt 0.779272 0.162078
vt 0.777234 0.158230
vt 0.787979 0.151681
vt 0.804829 0.173104
vt 0.797543 0.179775
vt 0.819284 0.200548
vt 0.831761 0.200801
vt 0.774310 0.207413
vt 0.791156 0.216428
vt 0.784329 0.223582
vt 0.771481 0.211154
vt 0.822071 0.211334
vt 0.829279 0.208494
vt 0.785989 0.263417
vt 0.776072 0.267898
vt 0.772718 0.264195
vt 0.784602 0.253479
vt 0.813657 0.273253
vt 0.807676 0.280164
vt 0.784401 0.309312
vt 0.773794 0.301899
vt 0.776583 0.297431
vt 0.789865 0.300773
vt 0.813051 0.287671
vt 0.784673 0.341729
vt 0.772847 0.341523
vt 0.770744 0.338615
vt 0.780763 0.332783
vt 0.797607 0.364750
vt 0.804552 0.359395
vt 0.786588 0.389416
vt 0.773954 0.382658
vt 0.775929 0.376881
vt 0.790401 0.381724
vt 0.804082 0.370038
vt 0.792642 0.420874
vt 0.781778 0.424669
vt 0.803465 0.455834
vt 0.795217 0.461795
vt 0.792698 0.459141
vt 0.799724 0.450061
vt 0.812295 0.458711
vt 0.809119 0.464279
vt 0.816304 0.484577
vt 0.806505 0.483703
vt 0.805901 0.479679
vt 0.814835 0.476703
vt 0.816320 0.464775
vt 0.823476 0.500843
vt 0.816403 0.504237
vt 0.833806 0.520758
vt 0.827748 0.524826
vt 0.842775 0.536219
vt 0.838710 0.541182
vt 0.855193 0.534196
vt 0.861857 0.514089
vt 0.870515 0.513434
vt 0.861870 0.536315
vt 0.852530 0.540983
vt 0.855942 0.547325
vt 0.851342 0.550241
vt 0.849838 0.543894
vt 0.845285 0.548787
vt 0.846508 0.542390
vt 0.868706 0.488572
vt 0.878210 0.490006
vt 0.888834 0.461945
vt 0.879335 0.458667
vt 0.890067 0.433711
vt 0.900629 0.435685
vt 0.893417 0.425825
vt 0.906330 0.421902
vt 0.894599 0.416671
vt 0.905673 0.416063
vt 0.886015 0.408208
vt 0.893107 0.403700
vt 0.869507 0.394512
vt 0.876646 0.388369
vt 0.874093 0.377255
vt 0.898905 0.383075
vt 0.916583 0.379091
vt 0.906393 0.370761
vt 0.912117 0.366892
vt 0.919908 0.375450
vt 0.915600 0.341064
vt 0.927152 0.342390
vt 0.929489 0.313531
vt 0.915557 0.311666
vt 0.931365 0.286642
vt 0.916865 0.283335
vt 0.916536 0.255617
vt 0.931316 0.260912
vt 0.914275 0.249200
vt 0.926208 0.243867
vt 0.929565 0.248465
vt 0.911805 0.232130
vt 0.884440 0.222542
vt 0.895029 0.219661
vt 0.909964 0.192940
vt 0.921811 0.206815
vt 0.919148 0.210167
vt 0.906451 0.201202
vt 0.889706 0.205651
vt 0.905088 0.176890
vt 0.917405 0.177582
vt 0.910521 0.145000
vt 0.896627 0.147205
vt 0.888328 0.107196
vt 0.903208 0.117872
vt 0.897809 0.099285
vt 0.881921 0.097257
vt 0.894796 0.095416
vt 0.881227 0.083378
vt 0.872183 0.086100
vt 0.874248 0.075504
vt 0.885755 0.074943
vt 0.885063 0.072178
vt 0.867177 0.065408
vt 0.873035 0.059878
vt 0.866512 0.384460
vt 0.810427 0.365463
vt 0.817799 0.459801
vt 0.821023 0.279727
vt 0.848524 0.534167
vt 0.848229 0.515998
vt 0.839831 0.493304
vt 0.857929 0.488294
vt 0.861764 0.455756
vt 0.830473 0.477575
vt 0.829597 0.459005
vt 0.844241 0.457343
vt 0.867782 0.433048
vt 0.844266 0.431798
vt 0.830339 0.433271
vt 0.806989 0.441311
vt 0.871707 0.420415
vt 0.845342 0.415991
vt 0.850223 0.379076
vt 0.827103 0.415028
vt 0.821407 0.379546
vt 0.805864 0.382347
vt 0.854908 0.337821
vt 0.829783 0.338048
vt 0.884996 0.341032
vt 0.800256 0.337707
vt 0.824365 0.309547
vt 0.857402 0.309969
vt 0.887108 0.312796
vt 0.803570 0.312371
vt 0.852102 0.282609
vt 0.889045 0.284486
vt 0.887658 0.254855
vt 0.853392 0.254609
vt 0.854554 0.218361
vt 0.813839 0.251734
vt 0.880499 0.193865
vt 0.854792 0.170706
vt 0.829914 0.167546
vt 0.855621 0.143378
vt 0.828539 0.142483
vt 0.826890 0.124185
vt 0.855978 0.121094
vt 0.855439 0.084720
vt 0.853452 0.069809
vt 0.823254 0.089912
vt 0.827534 0.070217
vt 0.323702 0.652488
vt 0.323271 0.645918
vt 0.337144 0.645918
vt 0.337770 0.652489
vt 0.333964 0.664142
vt 0.333817 0.670793
vt 0.319037 0.670793
vt 0.319413 0.664142
vt 0.380215 0.664143
vt 0.379544 0.670794
vt 0.364017 0.670793
vt 0.364602 0.664143
vt 0.346591 0.670793
vt 0.347099 0.664142
vt 0.400405 0.664142
vt 0.399965 0.670793
vt 0.396788 0.670793
vt 0.396109 0.664143
vt 0.421472 0.664143
vt 0.421627 0.670793
vt 0.541940 0.670494
vt 0.542068 0.663226
vt 0.546591 0.663225
vt 0.547106 0.670494
vt 0.571391 0.663225
vt 0.571560 0.670494
vt 0.509061 0.670494
vt 0.507010 0.663225
vt 0.513582 0.663225
vt 0.513765 0.670494
vt 0.481362 0.670494
vt 0.480483 0.663226
vt 0.449713 0.670494
vt 0.448708 0.663226
vt 0.690354 0.682680
vt 0.690006 0.676149
vt 0.695051 0.676149
vt 0.694594 0.682680
vt 0.738179 0.676149
vt 0.739083 0.682680
vt 0.632232 0.682680
vt 0.632296 0.676149
vt 0.636971 0.676149
vt 0.637210 0.682680
vt 0.598482 0.682680
vt 0.597802 0.676149
vt 0.539748 0.686642
vt 0.539072 0.679772
vt 0.545439 0.679772
vt 0.545573 0.686642
vt 0.581896 0.679772
vt 0.582611 0.686642
vt 0.495838 0.686642
vt 0.495991 0.679772
vt 0.500955 0.679772
vt 0.499109 0.686642
vt 0.461102 0.686642
vt 0.460257 0.679772
vt 0.348647 0.680371
vt 0.347665 0.686956
vt 0.342897 0.686957
vt 0.342050 0.680371
vt 0.318910 0.686956
vt 0.317145 0.680371
vt 0.391419 0.680371
vt 0.391476 0.686956
vt 0.430483 0.680371
vt 0.431044 0.686956
vt 0.427153 0.686956
vt 0.427287 0.680371
vt 0.443951 0.680371
vt 0.445010 0.686956
vt 0.585223 0.721559
vt 0.585223 0.713553
vt 0.590349 0.713553
vt 0.590349 0.721559
vt 0.605210 0.713553
vt 0.605210 0.721559
vt 0.562382 0.721559
vt 0.562382 0.713553
vt 0.538781 0.721559
vt 0.538781 0.713553
vt 0.519293 0.721559
vt 0.519293 0.713553
vt 0.460447 0.721559
vt 0.460447 0.713553
vt 0.485065 0.713553
vt 0.485065 0.721559
vt 0.497455 0.721559
vt 0.497455 0.713553
vt 0.502954 0.713553
vt 0.502954 0.721559
vt 0.508583 0.713553
vt 0.508583 0.721559
vt 0.435458 0.721559
vt 0.435458 0.713553
vt 0.404596 0.721559
vt 0.404596 0.713553
vt 0.375632 0.721559
vt 0.375632 0.713553
vt 0.361232 0.721559
vt 0.361232 0.713553
vt 0.355335 0.721559
vt 0.355335 0.713553
vt 0.337084 0.721559
vt 0.337084 0.713553
vt 0.314223 0.721559
vt 0.314223 0.713553
vt 0.340093 0.698055
vt 0.341648 0.704893
vt 0.318264 0.704893
vt 0.315695 0.698055
vt 0.365101 0.698055
vt 0.365679 0.704893
vt 0.361222 0.704894
vt 0.359864 0.698055
vt 0.401246 0.698055
vt 0.402568 0.704893
vt 0.432131 0.698055
vt 0.431857 0.704893
vt 0.461044 0.698055
vt 0.462710 0.704893
vt 0.488332 0.698055
vt 0.488794 0.704893
vt 0.507322 0.698055
vt 0.508320 0.704893
vt 0.501529 0.704894
vt 0.501467 0.698055
vt 0.526913 0.698055
vt 0.527908 0.704894
vt 0.549553 0.698055
vt 0.548852 0.704893
vt 0.946578 0.332683
vt 0.939427 0.332181
vt 0.939427 0.328439
vt 0.946578 0.328145
vt 0.939427 0.298450
vt 0.946578 0.299184
vt 0.946578 0.365268
vt 0.939427 0.366262
vt 0.946578 0.402174
vt 0.939427 0.401742
vt 0.946578 0.433522
vt 0.939427 0.433797
vt 0.946578 0.459364
vt 0.939427 0.460627
vt 0.939427 0.455294
vt 0.946578 0.454599
vt 0.946578 0.478432
vt 0.939427 0.482362
vt 0.375454 0.652489
vt 0.376114 0.645918
vt 0.385295 0.645918
vt 0.385599 0.652489
vt 0.372417 0.652489
vt 0.371625 0.645918
vt 0.354853 0.652489
vt 0.353724 0.645918
vt 0.564231 0.134905
vt 0.558542 0.135691
vt 0.558149 0.123379
vt 0.561591 0.122985
vt 0.922590 0.484211
vt 0.915508 0.483778
vt 0.544263 0.136448
vt 0.538423 0.137856
vt 0.537361 0.125448
vt 0.540964 0.124499
vt 0.843163 0.032399
vt 0.835540 0.032532
vt 0.836123 0.008708
vt 0.839282 0.008454
vt 0.840839 0.020380
vt 0.836668 0.020627
vt 0.539927 0.112630
vt 0.537215 0.113280
vt 0.537803 0.101337
vt 0.539611 0.100739
vt 0.920368 0.472215
vt 0.916896 0.471805
vt 0.916414 0.459828
vt 0.918868 0.460249
vt 0.560634 0.111128
vt 0.558084 0.111266
vt 0.558720 0.099308
vt 0.560373 0.099276
vt 0.908803 0.511162
vt 0.900416 0.500944
vt 0.912612 0.495950
vt 0.925094 0.496336
vt 0.928920 0.510248
vt 0.937957 0.501859
vt 0.946813 0.525669
vt 0.959037 0.522110
vt 0.967431 0.534701
vt 0.960018 0.540503
vt 0.947765 0.509400
vt 0.974966 0.549693
vt 0.975003 0.552791
vt 0.962952 0.551862
vt 0.963349 0.546145
vt 0.959505 0.567016
vt 0.950447 0.566977
vt 0.972370 0.590283
vt 0.966325 0.583364
vt 0.978366 0.578951
vt 0.980149 0.582542
vt 0.968067 0.607502
vt 0.971301 0.601115
vt 0.982711 0.607662
vt 0.979761 0.612400
vt 0.963375 0.628799
vt 0.955534 0.621649
vt 0.943255 0.648604
vt 0.930673 0.649497
vt 0.986047 0.651817
vt 0.988941 0.655259
vt 0.976263 0.668229
vt 0.970855 0.660925
vt 0.939829 0.658178
vt 0.933563 0.655435
vt 0.976341 0.706690
vt 0.977242 0.697457
vt 0.989804 0.707576
vt 0.986696 0.710937
vt 0.954523 0.723769
vt 0.951444 0.718123
vt 0.978549 0.751844
vt 0.973137 0.743687
vt 0.986367 0.738959
vt 0.990048 0.743955
vt 0.951315 0.731330
vt 0.980267 0.783878
vt 0.983203 0.775215
vt 0.994757 0.779479
vt 0.993073 0.783308
vt 0.966964 0.808937
vt 0.962061 0.802499
vt 0.979355 0.826324
vt 0.991413 0.817997
vt 0.994093 0.822152
vt 0.988491 0.865215
vt 0.976767 0.861337
vt 0.968405 0.892544
vt 0.978229 0.898960
vt 0.975629 0.901099
vt 0.962700 0.904603
vt 0.955002 0.923386
vt 0.956431 0.916094
vt 0.965000 0.918649
vt 0.964605 0.922519
vt 0.954103 0.902066
vt 0.955309 0.943689
vt 0.947960 0.939615
vt 0.943536 0.964390
vt 0.937455 0.959645
vt 0.933328 0.980737
vt 0.927960 0.975086
vt 0.920040 0.973930
vt 0.911745 0.976427
vt 0.903389 0.954025
vt 0.913203 0.954161
vt 0.922152 0.980260
vt 0.923074 0.982453
vt 0.921398 0.991405
vt 0.917793 0.987033
vt 0.926202 0.989866
vt 0.924658 0.980986
vt 0.894959 0.931393
vt 0.905549 0.929406
vt 0.883898 0.903383
vt 0.895520 0.900008
vt 0.873320 0.877357
vt 0.884545 0.875446
vt 0.878780 0.868881
vt 0.867917 0.864730
vt 0.869539 0.859137
vt 0.878812 0.859951
vt 0.880928 0.846709
vt 0.887887 0.850607
vt 0.896594 0.831481
vt 0.902644 0.836773
vt 0.898374 0.821533
vt 0.874442 0.828597
vt 0.855867 0.825074
vt 0.853064 0.821882
vt 0.860875 0.813001
vt 0.866500 0.816370
vt 0.844612 0.788730
vt 0.855981 0.788028
vt 0.840780 0.762260
vt 0.854651 0.759555
vt 0.838293 0.734538
vt 0.852202 0.732223
vt 0.837485 0.710612
vt 0.851014 0.712190
vt 0.852418 0.702015
vt 0.839044 0.698980
vt 0.842081 0.693584
vt 0.855951 0.682036
vt 0.862497 0.692437
vt 0.871491 0.671411
vt 0.879087 0.676909
vt 0.855590 0.644425
vt 0.858561 0.652400
vt 0.847297 0.661108
vt 0.845354 0.658486
vt 0.875653 0.656612
vt 0.849002 0.628678
vt 0.860164 0.628819
vt 0.854313 0.597777
vt 0.868212 0.599511
vt 0.860963 0.570213
vt 0.875338 0.559879
vt 0.865650 0.551986
vt 0.867909 0.548335
vt 0.881438 0.534835
vt 0.890852 0.538583
vt 0.876197 0.527104
vt 0.888306 0.524570
vt 0.876187 0.524356
vt 0.888296 0.511344
vt 0.894833 0.518042
vt 0.881571 0.666751
vt 0.926061 0.823543
vt 0.947326 0.821801
vt 0.944274 0.724257
vt 0.924811 0.955958
vt 0.929324 0.932041
vt 0.912069 0.897011
vt 0.934376 0.898290
vt 0.904629 0.873713
vt 0.943364 0.876015
vt 0.901462 0.862176
vt 0.926227 0.857410
vt 0.943089 0.856814
vt 0.885591 0.786748
vt 0.914355 0.782399
vt 0.938149 0.781810
vt 0.963556 0.768230
vt 0.910764 0.754847
vt 0.942198 0.752929
vt 0.882309 0.759309
vt 0.914847 0.728433
vt 0.879219 0.732028
vt 0.879012 0.703028
vt 0.912214 0.701408
vt 0.909778 0.673405
vt 0.947452 0.684697
vt 0.909881 0.659410
vt 0.908518 0.620898
vt 0.938785 0.617102
vt 0.907438 0.593645
vt 0.941992 0.594974
vt 0.955947 0.587716
vt 0.933323 0.566400
vt 0.903347 0.563157
vt 0.905549 0.541164
vt 0.934927 0.546844
vt 0.907377 0.521554
vt 0.925560 0.519121
vt 0.851724 0.058433
vt 0.846442 0.044481
vt 0.859884 0.049106
vt 0.828608 0.057586
vt 0.832539 0.044437
vt 0.819325 0.050268
vt 0.806410 0.079242
vt 0.797148 0.088158
vt 0.790207 0.083664
vt 0.798395 0.071024
vt 0.809108 0.057928
vt 0.814020 0.067172
vt 0.783413 0.097427
vt 0.794308 0.097075
vt 0.783888 0.101549
vt 0.808523 0.115901
vt 0.798516 0.116083
vt 0.787403 0.140466
vt 0.778659 0.133051
vt 0.780929 0.129061
vt 0.792541 0.133109
vt 0.791645 0.158882
vt 0.779272 0.162078
vt 0.777234 0.158230
vt 0.787979 0.151681
vt 0.804829 0.173104
vt 0.797543 0.179775
vt 0.819284 0.200548
vt 0.831761 0.200801
vt 0.774310 0.207413
vt 0.791156 0.216428
vt 0.784329 0.223582
vt 0.771481 0.211154
vt 0.822071 0.211334
vt 0.829279 0.208494
vt 0.785989 0.263417
vt 0.776072 0.267898
vt 0.772718 0.264195
vt 0.784602 0.253479
vt 0.813657 0.273253
vt 0.807676 0.280164
vt 0.784401 0.309312
vt 0.773794 0.301899
vt 0.776583 0.297431
vt 0.789865 0.300773
vt 0.813051 0.287671
vt 0.784673 0.341729
vt 0.772847 0.341523
vt 0.770744 0.338615
vt 0.780763 0.332783
vt 0.797607 0.364750
vt 0.804552 0.359395
vt 0.786588 0.389416
vt 0.773954 0.382658
vt 0.775929 0.376881
vt 0.790401 0.381724
vt 0.804082 0.370038
vt 0.792642 0.420874
vt 0.781778 0.424669
vt 0.803465 0.455834
vt 0.795217 0.461795
vt 0.792698 0.459141
vt 0.799724 0.450061
vt 0.812295 0.458711
vt 0.809119 0.464279
vt 0.816304 0.484577
vt 0.806505 0.483703
vt 0.805901 0.479679
vt 0.814835 0.476703
vt 0.816320 0.464775
vt 0.823476 0.500843
vt 0.816403 0.504237
vt 0.833806 0.520758
vt 0.827748 0.524826
vt 0.842775 0.536219
vt 0.838710 0.541182
vt 0.855193 0.534196
vt 0.861857 0.514089
vt 0.870515 0.513434
vt 0.861870 0.536315
vt 0.852530 0.540983
vt 0.855942 0.547325
vt 0.851342 0.550241
vt 0.849838 0.543894
vt 0.845285 0.548787
vt 0.846508 0.542390
vt 0.868706 0.488572
vt 0.878210 0.490006
vt 0.888834 0.461945
vt 0.879335 0.458667
vt 0.890067 0.433711
vt 0.900629 0.435685
vt 0.893417 0.425825
vt 0.906330 0.421902
vt 0.894599 0.416671
vt 0.905673 0.416063
vt 0.886015 0.408208
vt 0.893107 0.403700
vt 0.869507 0.394512
vt 0.876646 0.388369
vt 0.874093 0.377255
vt 0.898905 0.383075
vt 0.916583 0.379091
vt 0.906393 0.370761
vt 0.912117 0.366892
vt 0.919908 0.375450
vt 0.915600 0.341064
vt 0.927152 0.342390
vt 0.929489 0.313531
vt 0.915557 0.311666
vt 0.931365 0.286642
vt 0.916865 0.283335
vt 0.916536 0.255617
vt 0.931316 0.260912
vt 0.914275 0.249200
vt 0.926208 0.243867
vt 0.929565 0.248465
vt 0.911805 0.232130
vt 0.884440 0.222542
vt 0.895029 0.219661
vt 0.909964 0.192940
vt 0.921811 0.206815
vt 0.919148 0.210167
vt 0.906451 0.201202
vt 0.889706 0.205651
vt 0.905088 0.176890
vt 0.917405 0.177582
vt 0.910521 0.145000
vt 0.896627 0.147205
vt 0.888328 0.107196
vt 0.903208 0.117872
vt 0.897809 0.099285
vt 0.881921 0.097257
vt 0.894796 0.095416
vt 0.881227 0.083378
vt 0.872183 0.086100
vt 0.874248 0.075504
vt 0.885755 0.074943
vt 0.885063 0.072178
vt 0.867177 0.065408
vt 0.873035 0.059878
vt 0.866512 0.384460
vt 0.810427 0.365463
vt 0.817799 0.459801
vt 0.821023 0.279727
vt 0.848524 0.534167
vt 0.848229 0.515998
vt 0.835152 0.485440
vt 0.857929 0.488294
vt 0.861764 0.455756
vt 0.836919 0.458174
vt 0.867782 0.433048
vt 0.837302 0.432534
vt 0.806989 0.441311
vt 0.871707 0.420415
vt 0.836222 0.415509
vt 0.850223 0.379076
vt 0.821407 0.379546
vt 0.805864 0.382347
vt 0.854908 0.337821
vt 0.829783 0.338048
vt 0.884996 0.341032
vt 0.800256 0.337707
vt 0.824365 0.309547
vt 0.857402 0.309969
vt 0.887108 0.312796
vt 0.803570 0.312371
vt 0.852102 0.282609
vt 0.889045 0.284486
vt 0.887658 0.254855
vt 0.853392 0.254609
vt 0.854554 0.218361
vt 0.813839 0.251734
vt 0.880499 0.193865
vt 0.854792 0.170706
vt 0.829914 0.167546
vt 0.855621 0.143378
vt 0.828539 0.142483
vt 0.826890 0.124185
vt 0.855978 0.121094
vt 0.855439 0.084720
vt 0.853452 0.069809
vt 0.823254 0.089912
vt 0.827534 0.070217
vt 0.323702 0.652488
vt 0.323271 0.645918
vt 0.337144 0.645918
vt 0.337770 0.652489
vt 0.333964 0.664142
vt 0.333817 0.670793
vt 0.319037 0.670793
vt 0.319413 0.664142
vt 0.380215 0.664143
vt 0.379544 0.670794
vt 0.364017 0.670793
vt 0.364602 0.664143
vt 0.346591 0.670793
vt 0.347099 0.664142
vt 0.400405 0.664142
vt 0.399965 0.670793
vt 0.396788 0.670793
vt 0.396109 0.664143
vt 0.421472 0.664143
vt 0.421627 0.670793
vt 0.541940 0.670494
vt 0.542068 0.663226
vt 0.546591 0.663225
vt 0.547106 0.670494
vt 0.571391 0.663225
vt 0.571560 0.670494
vt 0.509061 0.670494
vt 0.507010 0.663225
vt 0.513582 0.663225
vt 0.513765 0.670494
vt 0.481362 0.670494
vt 0.480483 0.663226
vt 0.449713 0.670494
vt 0.448708 0.663226
vt 0.690354 0.682680
vt 0.690006 0.676149
vt 0.695051 0.676149
vt 0.694594 0.682680
vt 0.738179 0.676149
vt 0.739083 0.682680
vt 0.632232 0.682680
vt 0.632296 0.676149
vt 0.636971 0.676149
vt 0.637210 0.682680
vt 0.598482 0.682680
vt 0.597802 0.676149
vt 0.539748 0.686642
vt 0.539072 0.679772
vt 0.545439 0.679772
vt 0.545573 0.686642
vt 0.581896 0.679772
vt 0.582611 0.686642
vt 0.495838 0.686642
vt 0.495991 0.679772
vt 0.500955 0.679772
vt 0.499109 0.686642
vt 0.461102 0.686642
vt 0.460257 0.679772
vt 0.348647 0.680371
vt 0.347665 0.686956
vt 0.342897 0.686957
vt 0.342050 0.680371
vt 0.318910 0.686956
vt 0.317145 0.680371
vt 0.391419 0.680371
vt 0.391476 0.686956
vt 0.430483 0.680371
vt 0.431044 0.686956
vt 0.427153 0.686956
vt 0.427287 0.680371
vt 0.443951 0.680371
vt 0.445010 0.686956
vt 0.585223 0.721559
vt 0.585223 0.713553
vt 0.590349 0.713553
vt 0.590349 0.721559
vt 0.605210 0.713553
vt 0.605210 0.721559
vt 0.562382 0.721559
vt 0.562382 0.713553
vt 0.538781 0.721559
vt 0.538781 0.713553
vt 0.519293 0.721559
vt 0.519293 0.713553
vt 0.460447 0.721559
vt 0.460447 0.713553
vt 0.485065 0.713553
vt 0.485065 0.721559
vt 0.497455 0.721559
vt 0.497455 0.713553
vt 0.502954 0.713553
vt 0.502954 0.721559
vt 0.508583 0.713553
vt 0.508583 0.721559
vt 0.435458 0.721559
vt 0.435458 0.713553
vt 0.404596 0.721559
vt 0.404596 0.713553
vt 0.375632 0.721559
vt 0.375632 0.713553
vt 0.361232 0.721559
vt 0.361232 0.713553
vt 0.355335 0.721559
vt 0.355335 0.713553
vt 0.337084 0.721559
vt 0.337084 0.713553
vt 0.314223 0.721559
vt 0.314223 0.713553
vt 0.340093 0.698055
vt 0.341648 0.704893
vt 0.318264 0.704893
vt 0.315695 0.698055
vt 0.365101 0.698055
vt 0.365679 0.704893
vt 0.361222 0.704894
vt 0.359864 0.698055
vt 0.401246 0.698055
vt 0.402568 0.704893
vt 0.432131 0.698055
vt 0.431857 0.704893
vt 0.461044 0.698055
vt 0.462710 0.704893
vt 0.488332 0.698055
vt 0.488794 0.704893
vt 0.507322 0.698055
vt 0.508320 0.704893
vt 0.501529 0.704894
vt 0.501467 0.698055
vt 0.526913 0.698055
vt 0.527908 0.704894
vt 0.549553 0.698055
vt 0.548852 0.704893
vt 0.946578 0.332683
vt 0.939427 0.332181
vt 0.939427 0.328439
vt 0.946578 0.328145
vt 0.939427 0.298450
vt 0.946578 0.299184
vt 0.946578 0.365268
vt 0.939427 0.366262
vt 0.946578 0.402174
vt 0.939427 0.401742
vt 0.946578 0.433522
vt 0.939427 0.433797
vt 0.946578 0.459364
vt 0.939427 0.460627
vt 0.939427 0.455294
vt 0.946578 0.454599
vt 0.946578 0.478432
vt 0.939427 0.482362
vt 0.375454 0.652489
vt 0.376114 0.645918
vt 0.385295 0.645918
vt 0.385599 0.652489
vt 0.372417 0.652489
vt 0.371625 0.645918
vt 0.354853 0.652489
vt 0.353724 0.645918
vt 0.564231 0.134905
vt 0.558542 0.135691
vt 0.558149 0.123379
vt 0.561591 0.122985
vt 0.922590 0.484211
vt 0.915508 0.483778
vt 0.544263 0.136448
vt 0.538423 0.137856
vt 0.537361 0.125448
vt 0.540964 0.124499
vt 0.843163 0.032399
vt 0.835540 0.032532
vt 0.836123 0.008708
vt 0.839282 0.008454
vt 0.840839 0.020380
vt 0.836668 0.020627
vt 0.539927 0.112630
vt 0.537215 0.113280
vt 0.537803 0.101337
vt 0.539611 0.100739
vt 0.920368 0.472215
vt 0.916896 0.471805
vt 0.916414 0.459828
vt 0.918868 0.460249
vt 0.560634 0.111128
vt 0.558084 0.111266
vt 0.558720 0.099308
vt 0.560373 0.099276
vt 0.486685 0.056887
vt 0.480468 0.057405
vt 0.481333 0.044893
vt 0.485590 0.044337
vt 0.437610 0.072945
vt 0.441608 0.057260
vt 0.452831 0.057940
vt 0.456759 0.073406
vt 0.513503 0.057402
vt 0.506733 0.058068
vt 0.507439 0.045093
vt 0.512077 0.044894
vt 0.650114 0.076323
vt 0.653777 0.061042
vt 0.664456 0.061144
vt 0.668685 0.076496
vt 0.655775 0.045814
vt 0.655705 0.026660
vt 0.660018 0.026698
vt 0.662237 0.045874
vt 0.511595 0.032547
vt 0.508401 0.032541
vt 0.508955 0.016847
vt 0.510804 0.016874
vt 0.443591 0.041635
vt 0.445421 0.021895
vt 0.450211 0.022766
vt 0.450518 0.042434
vt 0.485304 0.032088
vt 0.482319 0.032508
vt 0.482910 0.017321
vt 0.484688 0.016789
vt 0.630789 0.107942
vt 0.619769 0.094361
vt 0.639975 0.078998
vt 0.646086 0.101990
vt 0.708065 0.111084
vt 0.688797 0.112814
vt 0.675606 0.104670
vt 0.692899 0.093141
vt 0.677546 0.079348
vt 0.718557 0.128137
vt 0.692023 0.135033
vt 0.704729 0.162817
vt 0.697446 0.163846
vt 0.616136 0.119232
vt 0.609218 0.107157
vt 0.619392 0.140194
vt 0.594539 0.133521
vt 0.600129 0.126572
vt 0.617435 0.157914
vt 0.646469 0.138199
vt 0.660550 0.100318
vt 0.673604 0.139836
vt 0.646937 0.162177
vt 0.673050 0.163508
vt 0.616630 0.205099
vt 0.576731 0.215459
vt 0.583770 0.173973
vt 0.610548 0.248149
vt 0.571134 0.260895
vt 0.572607 0.265976
vt 0.626663 0.301543
vt 0.611253 0.309770
vt 0.629508 0.317250
vt 0.612261 0.316511
vt 0.606215 0.321168
vt 0.623048 0.332807
vt 0.642837 0.243853
vt 0.646303 0.293258
vt 0.645628 0.200770
vt 0.588922 0.352490
vt 0.566018 0.340001
vt 0.562907 0.346008
vt 0.584775 0.376020
vt 0.566298 0.376549
vt 0.566977 0.386261
vt 0.576262 0.395967
vt 0.588907 0.400019
vt 0.575815 0.400068
vt 0.590145 0.417718
vt 0.566118 0.414049
vt 0.594946 0.441371
vt 0.568064 0.446380
vt 0.580838 0.494390
vt 0.577147 0.490629
vt 0.598694 0.472072
vt 0.602831 0.481535
vt 0.622674 0.499543
vt 0.605198 0.501868
vt 0.605089 0.527365
vt 0.584986 0.524281
vt 0.585901 0.519905
vt 0.600988 0.564521
vt 0.617636 0.556913
vt 0.621996 0.570270
vt 0.606850 0.576981
vt 0.629068 0.583405
vt 0.614193 0.591634
vt 0.635034 0.594541
vt 0.621879 0.604146
vt 0.648936 0.323273
vt 0.744245 0.195116
vt 0.709949 0.197844
vt 0.719378 0.223725
vt 0.749487 0.222547
vt 0.755648 0.266699
vt 0.728416 0.269555
vt 0.760548 0.303002
vt 0.733591 0.297870
vt 0.737226 0.325647
vt 0.760640 0.315280
vt 0.761712 0.339751
vt 0.759660 0.344687
vt 0.705465 0.373295
vt 0.696181 0.357070
vt 0.686951 0.373770
vt 0.722608 0.393901
vt 0.700877 0.399817
vt 0.738955 0.440567
vt 0.718188 0.419716
vt 0.752552 0.426675
vt 0.755908 0.434627
vt 0.728924 0.475801
vt 0.747769 0.484075
vt 0.743747 0.499303
vt 0.725921 0.493680
vt 0.733804 0.533333
vt 0.716826 0.530600
vt 0.723781 0.558651
vt 0.711707 0.546424
vt 0.707957 0.551351
vt 0.720187 0.561978
vt 0.701692 0.564689
vt 0.695359 0.556675
vt 0.704785 0.581151
vt 0.693341 0.579127
vt 0.704093 0.586907
vt 0.692356 0.584837
vt 0.696980 0.596153
vt 0.687157 0.588842
vt 0.682599 0.610633
vt 0.676048 0.600404
vt 0.665559 0.623778
vt 0.661591 0.609728
vt 0.652435 0.632287
vt 0.653504 0.616121
vt 0.646952 0.614512
vt 0.649508 0.616851
vt 0.647372 0.633201
vt 0.642463 0.630375
vt 0.633320 0.619064
vt 0.642425 0.606845
vt 0.693807 0.294862
vt 0.696563 0.321023
vt 0.690050 0.243225
vt 0.680867 0.204490
vt 0.647932 0.349229
vt 0.615052 0.359779
vt 0.608606 0.381820
vt 0.610381 0.412242
vt 0.617971 0.443709
vt 0.620401 0.474438
vt 0.627026 0.527053
vt 0.632971 0.551920
vt 0.649679 0.381605
vt 0.643575 0.415485
vt 0.670545 0.415772
vt 0.646268 0.447011
vt 0.694047 0.440781
vt 0.647943 0.478168
vt 0.692978 0.472586
vt 0.648584 0.504376
vt 0.689837 0.503857
vt 0.651753 0.608932
vt 0.657373 0.595346
vt 0.647064 0.577245
vt 0.670609 0.579640
vt 0.645591 0.558337
vt 0.674667 0.559327
vt 0.689059 0.527869
vt 0.649280 0.526807
vt 0.478121 0.102902
vt 0.461977 0.097582
vt 0.467194 0.076043
vt 0.487998 0.091124
vt 0.428155 0.100259
vt 0.428854 0.075119
vt 0.398403 0.107717
vt 0.412381 0.089044
vt 0.414784 0.108637
vt 0.386379 0.125299
vt 0.411430 0.136834
vt 0.401181 0.159447
vt 0.375378 0.142905
vt 0.498965 0.103243
vt 0.491093 0.113921
vt 0.514558 0.129851
vt 0.490378 0.135549
vt 0.508631 0.123132
vt 0.490449 0.154194
vt 0.461622 0.134574
vt 0.445509 0.095878
vt 0.432609 0.136276
vt 0.461591 0.159370
vt 0.434093 0.160985
vt 0.407747 0.160952
vt 0.494135 0.202877
vt 0.524889 0.171921
vt 0.534379 0.213247
vt 0.498524 0.255233
vt 0.540637 0.258390
vt 0.539206 0.264852
vt 0.485044 0.301899
vt 0.499778 0.310535
vt 0.500045 0.318094
vt 0.482050 0.318898
vt 0.503907 0.322466
vt 0.488976 0.334234
vt 0.464411 0.293750
vt 0.467324 0.243089
vt 0.463764 0.199385
vt 0.524254 0.352877
vt 0.545985 0.340491
vt 0.548688 0.346672
vt 0.547617 0.377356
vt 0.528879 0.376859
vt 0.547190 0.387735
vt 0.525679 0.397347
vt 0.538658 0.396522
vt 0.537952 0.400113
vt 0.513361 0.422526
vt 0.548321 0.416141
vt 0.508026 0.447458
vt 0.546599 0.449147
vt 0.533275 0.498894
vt 0.514762 0.482616
vt 0.537172 0.495703
vt 0.510459 0.507312
vt 0.499636 0.504355
vt 0.511951 0.529448
vt 0.528580 0.522753
vt 0.528938 0.528593
vt 0.513976 0.568634
vt 0.499863 0.562683
vt 0.495804 0.576250
vt 0.507981 0.581369
vt 0.500770 0.596224
vt 0.488809 0.589638
vt 0.494037 0.607761
vt 0.483041 0.601116
vt 0.462263 0.325524
vt 0.396021 0.196742
vt 0.361184 0.195948
vt 0.387171 0.223958
vt 0.357604 0.223390
vt 0.379000 0.270437
vt 0.352527 0.268113
vt 0.374531 0.299360
vt 0.349393 0.306076
vt 0.371710 0.328595
vt 0.348881 0.316802
vt 0.351095 0.347599
vt 0.348691 0.342950
vt 0.392984 0.350381
vt 0.414637 0.360910
vt 0.404373 0.376051
vt 0.423929 0.376813
vt 0.387329 0.398752
vt 0.409589 0.403720
vt 0.370667 0.447245
vt 0.355181 0.438809
vt 0.357551 0.432518
vt 0.392277 0.424449
vt 0.381691 0.482889
vt 0.385090 0.501232
vt 0.369339 0.504238
vt 0.365440 0.489938
vt 0.394774 0.538949
vt 0.379690 0.541257
vt 0.400603 0.555292
vt 0.388928 0.565910
vt 0.404675 0.560908
vt 0.392726 0.569349
vt 0.417843 0.566719
vt 0.413371 0.573188
vt 0.420320 0.590942
vt 0.409437 0.590599
vt 0.410407 0.594216
vt 0.418226 0.602643
vt 0.426117 0.597641
vt 0.437414 0.609061
vt 0.432983 0.616387
vt 0.452170 0.617903
vt 0.450325 0.628821
vt 0.460895 0.624384
vt 0.464061 0.637407
vt 0.469718 0.623294
vt 0.474827 0.634293
vt 0.469243 0.638068
vt 0.476178 0.613912
vt 0.483472 0.622539
vt 0.415892 0.296137
vt 0.413918 0.324002
vt 0.418512 0.243467
vt 0.427081 0.203678
vt 0.463726 0.351539
vt 0.497249 0.361113
vt 0.504024 0.387301
vt 0.466254 0.484219
vt 0.466390 0.510695
vt 0.466132 0.533155
vt 0.470421 0.564064
vt 0.462399 0.383768
vt 0.469471 0.418818
vt 0.441490 0.419576
vt 0.467352 0.452312
vt 0.417742 0.446430
vt 0.419488 0.479199
vt 0.423082 0.511061
vt 0.450899 0.602943
vt 0.464891 0.600435
vt 0.469025 0.582809
vt 0.443797 0.586339
vt 0.439643 0.566692
vt 0.424231 0.535540
vt 0.537509 0.642914
vt 0.538129 0.650247
vt 0.512228 0.650247
vt 0.511765 0.642914
vt 0.602055 0.658372
vt 0.604387 0.666797
vt 0.593301 0.666796
vt 0.591601 0.658372
vt 0.647518 0.658372
vt 0.648506 0.666796
vt 0.625838 0.666796
vt 0.624823 0.658372
vt 0.666920 0.658372
vt 0.666992 0.666796
vt 0.970161 0.040834
vt 0.961078 0.040834
vt 0.961078 0.008696
vt 0.970161 0.008696
vt 0.687572 0.658372
vt 0.688015 0.666796
vt 0.497270 0.650247
vt 0.496805 0.642914
vt 0.991262 0.445256
vt 0.981552 0.445871
vt 0.981552 0.431128
vt 0.991262 0.430817
vt 0.969121 0.447712
vt 0.959506 0.448020
vt 0.959506 0.431390
vt 0.969121 0.430433
vt 0.959507 0.420754
vt 0.969121 0.420590
vt 0.968436 0.398213
vt 0.959429 0.398366
vt 0.959396 0.363232
vt 0.968468 0.363321
vt 0.959390 0.326465
vt 0.968526 0.326600
vt 0.981766 0.009582
vt 0.991143 0.009714
vt 0.991142 0.059334
vt 0.981766 0.059761
vt 0.991142 0.106034
vt 0.981766 0.105888
vt 0.991142 0.110999
vt 0.981766 0.111667
vt 0.991142 0.161671
vt 0.981766 0.163472
vt 0.991143 0.168603
vt 0.981766 0.169952
vt 0.991142 0.177061
vt 0.981766 0.175403
vt 0.991142 0.222764
vt 0.981766 0.222261
vt 0.991142 0.229747
vt 0.981766 0.230213
vt 0.991143 0.259743
vt 0.981766 0.259895
vt 0.991142 0.267960
vt 0.981766 0.268389
vt 0.981766 0.278340
vt 0.991143 0.279374
vt 0.991142 0.282989
vt 0.981766 0.281065
vt 0.991142 0.297744
vt 0.981766 0.296947
vt 0.991143 0.329110
vt 0.981766 0.328176
vt 0.981766 0.382102
vt 0.991142 0.381248
vt 0.991142 0.387161
vt 0.981766 0.387888
vt 0.991142 0.413405
vt 0.981766 0.412627
vt 0.949222 0.259623
vt 0.942513 0.257534
vt 0.942513 0.253793
vt 0.949222 0.253605
vt 0.949221 0.279786
vt 0.942513 0.279230
vt 0.942513 0.208860
vt 0.949222 0.209339
vt 0.942513 0.194396
vt 0.949222 0.194843
vt 0.942513 0.177590
vt 0.949222 0.177861
vt 0.942513 0.161210
vt 0.949221 0.162862
vt 0.970161 0.079079
vt 0.961078 0.079079
vt 0.970161 0.107081
vt 0.961078 0.107081
vt 0.970161 0.164403
vt 0.961078 0.164403
vt 0.970161 0.212098
vt 0.961078 0.212098
vt 0.970161 0.225900
vt 0.961078 0.225900
vt 0.970161 0.257771
vt 0.961078 0.257771
vt 0.961078 0.252584
vt 0.970161 0.252584
vt 0.970161 0.307304
vt 0.961078 0.307304
vt 0.341993 0.402398
vt 0.333652 0.402631
vt 0.333652 0.383880
vt 0.341994 0.382937
vt 0.341993 0.440223
vt 0.333651 0.442806
vt 0.333652 0.434783
vt 0.341993 0.434698
vt 0.341993 0.525295
vt 0.333651 0.527714
vt 0.333651 0.503407
vt 0.341993 0.502900
vt 0.341993 0.577202
vt 0.333651 0.576675
vt 0.341993 0.609333
vt 0.333651 0.610325
vt 0.341993 0.614832
vt 0.333651 0.615556
vt 0.341994 0.631690
vt 0.333651 0.631725
vt 0.949221 0.023372
vt 0.942513 0.022844
vt 0.942513 0.010343
vt 0.949221 0.010316
vt 0.949221 0.026929
vt 0.942513 0.027531
vt 0.949221 0.037636
vt 0.942513 0.038208
vt 0.949222 0.058282
vt 0.942513 0.059099
vt 0.949221 0.084433
vt 0.942513 0.085091
vt 0.949222 0.107639
vt 0.942513 0.107388
vt 0.949221 0.123131
vt 0.942513 0.121060
vt 0.942513 0.114286
vt 0.949222 0.114515
vt 0.949221 0.141592
vt 0.942513 0.139018
vt 0.729448 0.145321
vt 0.548971 0.642914
vt 0.549746 0.650247
vt 0.486685 0.056887
vt 0.480468 0.057405
vt 0.481333 0.044893
vt 0.485590 0.044337
vt 0.437610 0.072945
vt 0.441608 0.057260
vt 0.452831 0.057940
vt 0.456759 0.073406
vt 0.513503 0.057402
vt 0.506733 0.058068
vt 0.507439 0.045093
vt 0.512077 0.044894
vt 0.650114 0.076323
vt 0.653777 0.061042
vt 0.664456 0.061144
vt 0.668685 0.076496
vt 0.655775 0.045814
vt 0.662237 0.045874
vt 0.508401 0.032541
vt 0.511595 0.032547
vt 0.443591 0.041635
vt 0.450518 0.042434
vt 0.482319 0.032508
vt 0.485304 0.032088
vt 0.630789 0.107942
vt 0.619769 0.094361
vt 0.639975 0.078998
vt 0.646086 0.101990
vt 0.708065 0.111084
vt 0.688797 0.112814
vt 0.675606 0.104670
vt 0.692899 0.093141
vt 0.677546 0.079348
vt 0.718557 0.128137
vt 0.692023 0.135033
vt 0.704729 0.162817
vt 0.697446 0.163846
vt 0.616136 0.119232
vt 0.609218 0.107157
vt 0.619392 0.140194
vt 0.594539 0.133521
vt 0.600129 0.126572
vt 0.617435 0.157914
vt 0.646469 0.138199
vt 0.660550 0.100318
vt 0.673604 0.139836
vt 0.646937 0.162177
vt 0.673050 0.163508
vt 0.616630 0.205099
vt 0.576731 0.215459
vt 0.583770 0.173973
vt 0.610548 0.248149
vt 0.571134 0.260895
vt 0.572607 0.265976
vt 0.626663 0.301543
vt 0.611253 0.309770
vt 0.629508 0.317250
vt 0.612261 0.316511
vt 0.606215 0.321168
vt 0.623048 0.332807
vt 0.642837 0.243853
vt 0.646303 0.293258
vt 0.645628 0.200770
vt 0.588922 0.352490
vt 0.566018 0.340001
vt 0.562907 0.346008
vt 0.584775 0.376020
vt 0.566298 0.376549
vt 0.566977 0.386261
vt 0.576262 0.395967
vt 0.588907 0.400019
vt 0.575815 0.400068
vt 0.590145 0.417718
vt 0.566118 0.414049
vt 0.594946 0.441371
vt 0.568064 0.446380
vt 0.580838 0.494390
vt 0.577147 0.490629
vt 0.598694 0.472072
vt 0.602831 0.481535
vt 0.622674 0.499543
vt 0.605198 0.501868
vt 0.605089 0.527365
vt 0.584986 0.524281
vt 0.585901 0.519905
vt 0.600988 0.564521
vt 0.617636 0.556913
vt 0.621996 0.570270
vt 0.606850 0.576981
vt 0.629068 0.583405
vt 0.614193 0.591634
vt 0.635034 0.594541
vt 0.621879 0.604146
vt 0.648936 0.323273
vt 0.744245 0.195116
vt 0.709949 0.197844
vt 0.719378 0.223725
vt 0.749487 0.222547
vt 0.755648 0.266699
vt 0.728416 0.269555
vt 0.760548 0.303002
vt 0.733591 0.297870
vt 0.737226 0.325647
vt 0.760640 0.315280
vt 0.761712 0.339751
vt 0.759660 0.344687
vt 0.705465 0.373295
vt 0.696181 0.357070
vt 0.686951 0.373770
vt 0.722608 0.393901
vt 0.700877 0.399817
vt 0.738955 0.440567
vt 0.718188 0.419716
vt 0.752552 0.426675
vt 0.755908 0.434627
vt 0.728924 0.475801
vt 0.747769 0.484075
vt 0.743747 0.499303
vt 0.725921 0.493680
vt 0.733804 0.533333
vt 0.716826 0.530600
vt 0.723781 0.558651
vt 0.711707 0.546424
vt 0.707957 0.551351
vt 0.720187 0.561978
vt 0.701692 0.564689
vt 0.695359 0.556675
vt 0.704785 0.581151
vt 0.693341 0.579127
vt 0.704093 0.586907
vt 0.692356 0.584837
vt 0.696980 0.596153
vt 0.687157 0.588842
vt 0.682599 0.610633
vt 0.676048 0.600404
vt 0.665559 0.623778
vt 0.661591 0.609728
vt 0.652435 0.632287
vt 0.653504 0.616121
vt 0.646952 0.614512
vt 0.649508 0.616851
vt 0.647372 0.633201
vt 0.642463 0.630375
vt 0.633320 0.619064
vt 0.642425 0.606845
vt 0.693807 0.294862
vt 0.696563 0.321023
vt 0.690050 0.243225
vt 0.680867 0.204490
vt 0.647932 0.349229
vt 0.615052 0.359779
vt 0.608606 0.381820
vt 0.610381 0.412242
vt 0.617971 0.443709
vt 0.620401 0.474438
vt 0.627026 0.527053
vt 0.632971 0.551920
vt 0.649679 0.381605
vt 0.643575 0.415485
vt 0.670545 0.415772
vt 0.646268 0.447011
vt 0.694047 0.440781
vt 0.647943 0.478168
vt 0.692978 0.472586
vt 0.648584 0.504376
vt 0.689837 0.503857
vt 0.651753 0.608932
vt 0.657373 0.595346
vt 0.647064 0.577245
vt 0.670609 0.579640
vt 0.645591 0.558337
vt 0.674667 0.559327
vt 0.689059 0.527869
vt 0.649280 0.526807
vt 0.478121 0.102902
vt 0.461977 0.097582
vt 0.467194 0.076043
vt 0.487998 0.091124
vt 0.428155 0.100259
vt 0.428854 0.075119
vt 0.398403 0.107717
vt 0.412381 0.089044
vt 0.414784 0.108637
vt 0.386379 0.125299
vt 0.411430 0.136834
vt 0.401181 0.159447
vt 0.375378 0.142905
vt 0.498965 0.103243
vt 0.491093 0.113921
vt 0.514558 0.129851
vt 0.490378 0.135549
vt 0.508631 0.123132
vt 0.490449 0.154194
vt 0.461622 0.134574
vt 0.445509 0.095878
vt 0.432609 0.136276
vt 0.461591 0.159370
vt 0.434093 0.160985
vt 0.407747 0.160952
vt 0.494135 0.202877
vt 0.524889 0.171921
vt 0.534379 0.213247
vt 0.498524 0.255233
vt 0.540637 0.258390
vt 0.539206 0.264852
vt 0.485044 0.301899
vt 0.499778 0.310535
vt 0.500045 0.318094
vt 0.482050 0.318898
vt 0.503907 0.322466
vt 0.488976 0.334234
vt 0.464411 0.293750
vt 0.467324 0.243089
vt 0.463764 0.199385
vt 0.524254 0.352877
vt 0.545985 0.340491
vt 0.548688 0.346672
vt 0.547617 0.377356
vt 0.528879 0.376859
vt 0.547190 0.387735
vt 0.525679 0.397347
vt 0.538658 0.396522
vt 0.537952 0.400113
vt 0.513361 0.422526
vt 0.548321 0.416141
vt 0.508026 0.447458
vt 0.546599 0.449147
vt 0.533275 0.498894
vt 0.514762 0.482616
vt 0.537172 0.495703
vt 0.510459 0.507312
vt 0.499636 0.504355
vt 0.511951 0.529448
vt 0.528580 0.522753
vt 0.528938 0.528593
vt 0.513976 0.568634
vt 0.499863 0.562683
vt 0.495804 0.576250
vt 0.507981 0.581369
vt 0.500770 0.596224
vt 0.488809 0.589638
vt 0.494037 0.607761
vt 0.483041 0.601116
vt 0.462263 0.325524
vt 0.396021 0.196742
vt 0.361184 0.195948
vt 0.387171 0.223958
vt 0.357604 0.223390
vt 0.379000 0.270437
vt 0.352527 0.268113
vt 0.374531 0.299360
vt 0.349393 0.306076
vt 0.371710 0.328595
vt 0.348881 0.316802
vt 0.351095 0.347599
vt 0.348691 0.342950
vt 0.392984 0.350381
vt 0.414637 0.360910
vt 0.404373 0.376051
vt 0.423929 0.376813
vt 0.387329 0.398752
vt 0.409589 0.403720
vt 0.370667 0.447245
vt 0.355181 0.438809
vt 0.357551 0.432518
vt 0.392277 0.424449
vt 0.381691 0.482889
vt 0.385090 0.501232
vt 0.369339 0.504238
vt 0.365440 0.489938
vt 0.394774 0.538949
vt 0.379690 0.541257
vt 0.400603 0.555292
vt 0.388928 0.565910
vt 0.404675 0.560908
vt 0.392726 0.569349
vt 0.417843 0.566719
vt 0.413371 0.573188
vt 0.420320 0.590942
vt 0.409437 0.590599
vt 0.410407 0.594216
vt 0.418226 0.602643
vt 0.426117 0.597641
vt 0.437414 0.609061
vt 0.432983 0.616387
vt 0.452170 0.617903
vt 0.450325 0.628821
vt 0.460895 0.624384
vt 0.464061 0.637407
vt 0.469718 0.623294
vt 0.474827 0.634293
vt 0.469243 0.638068
vt 0.476178 0.613912
vt 0.483472 0.622539
vt 0.415892 0.296137
vt 0.413918 0.324002
vt 0.418512 0.243467
vt 0.427081 0.203678
vt 0.463726 0.351539
vt 0.497249 0.361113
vt 0.504024 0.387301
vt 0.466254 0.484219
vt 0.466390 0.510695
vt 0.466132 0.533155
vt 0.470421 0.564064
vt 0.462399 0.383768
vt 0.469471 0.418818
vt 0.441490 0.419576
vt 0.467352 0.452312
vt 0.417742 0.446430
vt 0.419488 0.479199
vt 0.423082 0.511061
vt 0.450899 0.602943
vt 0.464891 0.600435
vt 0.469025 0.582809
vt 0.443797 0.586339
vt 0.439643 0.566692
vt 0.424231 0.535540
vt 0.537509 0.642914
vt 0.538129 0.650247
vt 0.512228 0.650247
vt 0.511765 0.642914
vt 0.602055 0.658372
vt 0.604387 0.666797
vt 0.593301 0.666796
vt 0.591601 0.658372
vt 0.647518 0.658372
vt 0.648506 0.666796
vt 0.625838 0.666796
vt 0.624823 0.658372
vt 0.666920 0.658372
vt 0.666992 0.666796
vt 0.970161 0.040834
vt 0.961078 0.040834
vt 0.961078 0.008696
vt 0.970161 0.008696
vt 0.687572 0.658372
vt 0.688015 0.666796
vt 0.497270 0.650247
vt 0.496805 0.642914
vt 0.991262 0.445256
vt 0.981552 0.445871
vt 0.981552 0.431128
vt 0.991262 0.430817
vt 0.969121 0.447712
vt 0.959506 0.448020
vt 0.959506 0.431390
vt 0.969121 0.430433
vt 0.959507 0.420754
vt 0.969121 0.420590
vt 0.968436 0.398213
vt 0.959429 0.398366
vt 0.959396 0.363232
vt 0.968468 0.363321
vt 0.959390 0.326465
vt 0.968526 0.326600
vt 0.981766 0.009582
vt 0.991143 0.009714
vt 0.991142 0.059334
vt 0.981766 0.059761
vt 0.991142 0.106034
vt 0.981766 0.105888
vt 0.991142 0.110999
vt 0.981766 0.111667
vt 0.991142 0.161671
vt 0.981766 0.163472
vt 0.991143 0.168603
vt 0.981766 0.169952
vt 0.991142 0.177061
vt 0.981766 0.175403
vt 0.991142 0.222764
vt 0.981766 0.222261
vt 0.991142 0.229747
vt 0.981766 0.230213
vt 0.991143 0.259743
vt 0.981766 0.259895
vt 0.991142 0.267960
vt 0.981766 0.268389
vt 0.981766 0.278340
vt 0.991143 0.279374
vt 0.991142 0.282989
vt 0.981766 0.281065
vt 0.991142 0.297744
vt 0.981766 0.296947
vt 0.991143 0.329110
vt 0.981766 0.328176
vt 0.981766 0.382102
vt 0.991142 0.381248
vt 0.991142 0.387161
vt 0.981766 0.387888
vt 0.991142 0.413405
vt 0.981766 0.412627
vt 0.949222 0.259623
vt 0.942513 0.257534
vt 0.942513 0.253793
vt 0.949222 0.253605
vt 0.949221 0.279786
vt 0.942513 0.279230
vt 0.942513 0.208860
vt 0.949222 0.209339
vt 0.942513 0.194396
vt 0.949222 0.194843
vt 0.942513 0.177590
vt 0.949222 0.177861
vt 0.942513 0.161210
vt 0.949221 0.162862
vt 0.970161 0.079079
vt 0.961078 0.079079
vt 0.970161 0.107081
vt 0.961078 0.107081
vt 0.970161 0.164403
vt 0.961078 0.164403
vt 0.970161 0.212098
vt 0.961078 0.212098
vt 0.970161 0.225900
vt 0.961078 0.225900
vt 0.970161 0.257771
vt 0.961078 0.257771
vt 0.961078 0.252584
vt 0.970161 0.252584
vt 0.970161 0.307304
vt 0.961078 0.307304
vt 0.341993 0.402398
vt 0.333652 0.402631
vt 0.333652 0.383880
vt 0.341994 0.382937
vt 0.341993 0.440223
vt 0.333651 0.442806
vt 0.333652 0.434783
vt 0.341993 0.434698
vt 0.341993 0.525295
vt 0.333651 0.527714
vt 0.333651 0.503407
vt 0.341993 0.502900
vt 0.341993 0.577202
vt 0.333651 0.576675
vt 0.341993 0.609333
vt 0.333651 0.610325
vt 0.341993 0.614832
vt 0.333651 0.615556
vt 0.341994 0.631690
vt 0.333651 0.631725
vt 0.949221 0.023372
vt 0.942513 0.022844
vt 0.942513 0.010343
vt 0.949221 0.010316
vt 0.949221 0.026929
vt 0.942513 0.027531
vt 0.949221 0.037636
vt 0.942513 0.038208
vt 0.949222 0.058282
vt 0.942513 0.059099
vt 0.949221 0.084433
vt 0.942513 0.085091
vt 0.949222 0.107639
vt 0.942513 0.107388
vt 0.949221 0.123131
vt 0.942513 0.121060
vt 0.942513 0.114286
vt 0.949222 0.114515
vt 0.949221 0.141592
vt 0.942513 0.139018
vt 0.729448 0.145321
vt 0.548971 0.642914
vt 0.549746 0.650247
vt 0.486685 0.056887
vt 0.480468 0.057405
vt 0.481333 0.044893
vt 0.485590 0.044337
vt 0.437610 0.072945
vt 0.441608 0.057260
vt 0.452831 0.057940
vt 0.456759 0.073406
vt 0.513503 0.057402
vt 0.506733 0.058068
vt 0.507439 0.045093
vt 0.512077 0.044894
vt 0.650114 0.076323
vt 0.653777 0.061042
vt 0.664456 0.061144
vt 0.668685 0.076496
vt 0.655775 0.045814
vt 0.662237 0.045874
vt 0.508401 0.032541
vt 0.511595 0.032547
vt 0.443591 0.041635
vt 0.450518 0.042434
vt 0.482319 0.032508
vt 0.485304 0.032088
vt 0.630789 0.107942
vt 0.619769 0.094361
vt 0.639975 0.078998
vt 0.646086 0.101990
vt 0.708065 0.111084
vt 0.688797 0.112814
vt 0.675606 0.104670
vt 0.692899 0.093141
vt 0.677546 0.079348
vt 0.718557 0.128137
vt 0.692023 0.135033
vt 0.704729 0.162817
vt 0.697446 0.163846
vt 0.616136 0.119232
vt 0.609218 0.107157
vt 0.619392 0.140194
vt 0.594539 0.133521
vt 0.600129 0.126572
vt 0.617435 0.157914
vt 0.646469 0.138199
vt 0.660550 0.100318
vt 0.673604 0.139836
vt 0.646937 0.162177
vt 0.673050 0.163508
vt 0.616630 0.205099
vt 0.576731 0.215459
vt 0.583770 0.173973
vt 0.610548 0.248149
vt 0.571134 0.260895
vt 0.572607 0.265976
vt 0.626663 0.301543
vt 0.611253 0.309770
vt 0.629508 0.317250
vt 0.612261 0.316511
vt 0.606215 0.321168
vt 0.623048 0.332807
vt 0.642837 0.243853
vt 0.646303 0.293258
vt 0.645628 0.200770
vt 0.588922 0.352490
vt 0.566018 0.340001
vt 0.562907 0.346008
vt 0.584775 0.376020
vt 0.566298 0.376549
vt 0.566977 0.386261
vt 0.576262 0.395967
vt 0.588907 0.400019
vt 0.575815 0.400068
vt 0.590145 0.417718
vt 0.566118 0.414049
vt 0.594946 0.441371
vt 0.568064 0.446380
vt 0.580838 0.494390
vt 0.577147 0.490629
vt 0.598694 0.472072
vt 0.602831 0.481535
vt 0.622674 0.499543
vt 0.605198 0.501868
vt 0.605089 0.527365
vt 0.584986 0.524281
vt 0.585901 0.519905
vt 0.600988 0.564521
vt 0.617636 0.556913
vt 0.621996 0.570270
vt 0.606850 0.576981
vt 0.629068 0.583405
vt 0.614193 0.591634
vt 0.635034 0.594541
vt 0.621879 0.604146
vt 0.648936 0.323273
vt 0.744245 0.195116
vt 0.709949 0.197844
vt 0.719378 0.223725
vt 0.749487 0.222547
vt 0.755648 0.266699
vt 0.728416 0.269555
vt 0.760548 0.303002
vt 0.733591 0.297870
vt 0.737226 0.325647
vt 0.760640 0.315280
vt 0.761712 0.339751
vt 0.759660 0.344687
vt 0.705465 0.373295
vt 0.696181 0.357070
vt 0.686951 0.373770
vt 0.722608 0.393901
vt 0.700877 0.399817
vt 0.738955 0.440567
vt 0.718188 0.419716
vt 0.752552 0.426675
vt 0.755908 0.434627
vt 0.728924 0.475801
vt 0.747769 0.484075
vt 0.743747 0.499303
vt 0.725921 0.493680
vt 0.733804 0.533333
vt 0.716826 0.530600
vt 0.723781 0.558651
vt 0.711707 0.546424
vt 0.707957 0.551351
vt 0.720187 0.561978
vt 0.701692 0.564689
vt 0.695359 0.556675
vt 0.704785 0.581151
vt 0.693341 0.579127
vt 0.704093 0.586907
vt 0.692356 0.584837
vt 0.696980 0.596153
vt 0.687157 0.588842
vt 0.682599 0.610633
vt 0.676048 0.600404
vt 0.665559 0.623778
vt 0.661591 0.609728
vt 0.652435 0.632287
vt 0.653504 0.616121
vt 0.646952 0.614512
vt 0.649508 0.616851
vt 0.647372 0.633201
vt 0.642463 0.630375
vt 0.633320 0.619064
vt 0.642425 0.606845
vt 0.693807 0.294862
vt 0.696563 0.321023
vt 0.690050 0.243225
vt 0.680867 0.204490
vt 0.647932 0.349229
vt 0.615052 0.359779
vt 0.608606 0.381820
vt 0.610381 0.412242
vt 0.617971 0.443709
vt 0.620401 0.474438
vt 0.627026 0.527053
vt 0.632971 0.551920
vt 0.649679 0.381605
vt 0.643575 0.415485
vt 0.670545 0.415772
vt 0.646268 0.447011
vt 0.694047 0.440781
vt 0.647943 0.478168
vt 0.692978 0.472586
vt 0.648584 0.504376
vt 0.689837 0.503857
vt 0.651753 0.608932
vt 0.657373 0.595346
vt 0.647064 0.577245
vt 0.670609 0.579640
vt 0.645591 0.558337
vt 0.674667 0.559327
vt 0.689059 0.527869
vt 0.649280 0.526807
vt 0.478121 0.102902
vt 0.461977 0.097582
vt 0.467194 0.076043
vt 0.487998 0.091124
vt 0.428155 0.100259
vt 0.428854 0.075119
vt 0.398403 0.107717
vt 0.412381 0.089044
vt 0.414784 0.108637
vt 0.386379 0.125299
vt 0.411430 0.136834
vt 0.401181 0.159447
vt 0.375378 0.142905
vt 0.498965 0.103243
vt 0.491093 0.113921
vt 0.514558 0.129851
vt 0.490378 0.135549
vt 0.508631 0.123132
vt 0.490449 0.154194
vt 0.461622 0.134574
vt 0.445509 0.095878
vt 0.432609 0.136276
vt 0.461591 0.159370
vt 0.434093 0.160985
vt 0.407747 0.160952
vt 0.494135 0.202877
vt 0.524889 0.171921
vt 0.534379 0.213247
vt 0.498524 0.255233
vt 0.540637 0.258390
vt 0.539206 0.264852
vt 0.485044 0.301899
vt 0.499778 0.310535
vt 0.500045 0.318094
vt 0.482050 0.318898
vt 0.503907 0.322466
vt 0.488976 0.334234
vt 0.464411 0.293750
vt 0.467324 0.243089
vt 0.463764 0.199385
vt 0.524254 0.352877
vt 0.545985 0.340491
vt 0.548688 0.346672
vt 0.547617 0.377356
vt 0.528879 0.376859
vt 0.547190 0.387735
vt 0.525679 0.397347
vt 0.538658 0.396522
vt 0.537952 0.400113
vt 0.513361 0.422526
vt 0.548321 0.416141
vt 0.508026 0.447458
vt 0.546599 0.449147
vt 0.533275 0.498894
vt 0.514762 0.482616
vt 0.537172 0.495703
vt 0.510459 0.507312
vt 0.499636 0.504355
vt 0.511951 0.529448
vt 0.528580 0.522753
vt 0.528938 0.528593
vt 0.513976 0.568634
vt 0.499863 0.562683
vt 0.495804 0.576250
vt 0.507981 0.581369
vt 0.500770 0.596224
vt 0.488809 0.589638
vt 0.494037 0.607761
vt 0.483041 0.601116
vt 0.462263 0.325524
vt 0.396021 0.196742
vt 0.361184 0.195948
vt 0.387171 0.223958
vt 0.357604 0.223390
vt 0.379000 0.270437
vt 0.352527 0.268113
vt 0.374531 0.299360
vt 0.349393 0.306076
vt 0.371710 0.328595
vt 0.348881 0.316802
vt 0.351095 0.347599
vt 0.348691 0.342950
vt 0.392984 0.350381
vt 0.414637 0.360910
vt 0.404373 0.376051
vt 0.423929 0.376813
vt 0.387329 0.398752
vt 0.409589 0.403720
vt 0.370667 0.447245
vt 0.355181 0.438809
vt 0.357551 0.432518
vt 0.392277 0.424449
vt 0.381691 0.482889
vt 0.385090 0.501232
vt 0.369339 0.504238
vt 0.365440 0.489938
vt 0.394774 0.538949
vt 0.379690 0.541257
vt 0.400603 0.555292
vt 0.388928 0.565910
vt 0.404675 0.560908
vt 0.392726 0.569349
vt 0.417843 0.566719
vt 0.413371 0.573188
vt 0.420320 0.590942
vt 0.409437 0.590599
vt 0.410407 0.594216
vt 0.418226 0.602643
vt 0.426117 0.597641
vt 0.437414 0.609061
vt 0.432983 0.616387
vt 0.452170 0.617903
vt 0.450325 0.628821
vt 0.460895 0.624384
vt 0.464061 0.637407
vt 0.469718 0.623294
vt 0.474827 0.634293
vt 0.469243 0.638068
vt 0.476178 0.613912
vt 0.483472 0.622539
vt 0.415892 0.296137
vt 0.413918 0.324002
vt 0.418512 0.243467
vt 0.427081 0.203678
vt 0.463726 0.351539
vt 0.497249 0.361113
vt 0.504024 0.387301
vt 0.466254 0.484219
vt 0.466390 0.510695
vt 0.466132 0.533155
vt 0.470421 0.564064
vt 0.462399 0.383768
vt 0.469471 0.418818
vt 0.441490 0.419576
vt 0.467352 0.452312
vt 0.417742 0.446430
vt 0.419488 0.479199
vt 0.423082 0.511061
vt 0.450899 0.602943
vt 0.464891 0.600435
vt 0.469025 0.582809
vt 0.443797 0.586339
vt 0.439643 0.566692
vt 0.424231 0.535540
vt 0.537509 0.642914
vt 0.538129 0.650247
vt 0.512228 0.650247
vt 0.511765 0.642914
vt 0.602055 0.658372
vt 0.604387 0.666797
vt 0.593301 0.666796
vt 0.591601 0.658372
vt 0.647518 0.658372
vt 0.648506 0.666796
vt 0.625838 0.666796
vt 0.624823 0.658372
vt 0.666920 0.658372
vt 0.666992 0.666796
vt 0.970161 0.040834
vt 0.961078 0.040834
vt 0.961078 0.008696
vt 0.970161 0.008696
vt 0.687572 0.658372
vt 0.688015 0.666796
vt 0.497270 0.650247
vt 0.496805 0.642914
vt 0.991262 0.445256
vt 0.981552 0.445871
vt 0.981552 0.431128
vt 0.991262 0.430817
vt 0.969121 0.447712
vt 0.959506 0.448020
vt 0.959506 0.431390
vt 0.969121 0.430433
vt 0.959507 0.420754
vt 0.969121 0.420590
vt 0.968436 0.398213
vt 0.959429 0.398366
vt 0.959396 0.363232
vt 0.968468 0.363321
vt 0.959390 0.326465
vt 0.968526 0.326600
vt 0.981766 0.009582
vt 0.991143 0.009714
vt 0.991142 0.059334
vt 0.981766 0.059761
vt 0.991142 0.106034
vt 0.981766 0.105888
vt 0.991142 0.110999
vt 0.981766 0.111667
vt 0.991142 0.161671
vt 0.981766 0.163472
vt 0.991143 0.168603
vt 0.981766 0.169952
vt 0.991142 0.177061
vt 0.981766 0.175403
vt 0.991142 0.222764
vt 0.981766 0.222261
vt 0.991142 0.229747
vt 0.981766 0.230213
vt 0.991143 0.259743
vt 0.981766 0.259895
vt 0.991142 0.267960
vt 0.981766 0.268389
vt 0.981766 0.278340
vt 0.991143 0.279374
vt 0.991142 0.282989
vt 0.981766 0.281065
vt 0.991142 0.297744
vt 0.981766 0.296947
vt 0.991143 0.329110
vt 0.981766 0.328176
vt 0.981766 0.382102
vt 0.991142 0.381248
vt 0.991142 0.387161
vt 0.981766 0.387888
vt 0.991142 0.413405
vt 0.981766 0.412627
vt 0.949222 0.259623
vt 0.942513 0.257534
vt 0.942513 0.253793
vt 0.949222 0.253605
vt 0.949221 0.279786
vt 0.942513 0.279230
vt 0.942513 0.208860
vt 0.949222 0.209339
vt 0.942513 0.194396
vt 0.949222 0.194843
vt 0.942513 0.177590
vt 0.949222 0.177861
vt 0.942513 0.161210
vt 0.949221 0.162862
vt 0.970161 0.079079
vt 0.961078 0.079079
vt 0.970161 0.107081
vt 0.961078 0.107081
vt 0.970161 0.164403
vt 0.961078 0.164403
vt 0.970161 0.212098
vt 0.961078 0.212098
vt 0.970161 0.225900
vt 0.961078 0.225900
vt 0.970161 0.257771
vt 0.961078 0.257771
vt 0.961078 0.252584
vt 0.970161 0.252584
vt 0.970161 0.307304
vt 0.961078 0.307304
vt 0.341993 0.402398
vt 0.333652 0.402631
vt 0.333652 0.383880
vt 0.341994 0.382937
vt 0.341993 0.440223
vt 0.333651 0.442806
vt 0.333652 0.434783
vt 0.341993 0.434698
vt 0.341993 0.525295
vt 0.333651 0.527714
vt 0.333651 0.503407
vt 0.341993 0.502900
vt 0.341993 0.577202
vt 0.333651 0.576675
vt 0.341993 0.609333
vt 0.333651 0.610325
vt 0.341993 0.614832
vt 0.333651 0.615556
vt 0.341994 0.631690
vt 0.333651 0.631725
vt 0.949221 0.023372
vt 0.942513 0.022844
vt 0.942513 0.010343
vt 0.949221 0.010316
vt 0.949221 0.026929
vt 0.942513 0.027531
vt 0.949221 0.037636
vt 0.942513 0.038208
vt 0.949222 0.058282
vt 0.942513 0.059099
vt 0.949221 0.084433
vt 0.942513 0.085091
vt 0.949222 0.107639
vt 0.942513 0.107388
vt 0.949221 0.123131
vt 0.942513 0.121060
vt 0.942513 0.114286
vt 0.949222 0.114515
vt 0.949221 0.141592
vt 0.942513 0.139018
vt 0.729448 0.145321
vt 0.548971 0.642914
vt 0.549746 0.650247
vt 0.486685 0.056887
vt 0.480468 0.057405
vt 0.481333 0.044893
vt 0.485590 0.044337
vt 0.437610 0.072945
vt 0.441608 0.057260
vt 0.452831 0.057940
vt 0.456759 0.073406
vt 0.513503 0.057402
vt 0.506733 0.058068
vt 0.507439 0.045093
vt 0.512077 0.044894
vt 0.650114 0.076323
vt 0.653777 0.061042
vt 0.664456 0.061144
vt 0.668685 0.076496
vt 0.655775 0.045814
vt 0.655705 0.026660
vt 0.660018 0.026698
vt 0.662237 0.045874
vt 0.511595 0.032547
vt 0.508401 0.032541
vt 0.508955 0.016847
vt 0.510804 0.016874
vt 0.443591 0.041635
vt 0.445421 0.021895
vt 0.450211 0.022766
vt 0.450518 0.042434
vt 0.485304 0.032088
vt 0.482319 0.032508
vt 0.482910 0.017321
vt 0.484688 0.016789
vt 0.630789 0.107942
vt 0.619769 0.094361
vt 0.639975 0.078998
vt 0.646086 0.101990
vt 0.708065 0.111084
vt 0.688797 0.112814
vt 0.675606 0.104670
vt 0.692899 0.093141
vt 0.677546 0.079348
vt 0.718557 0.128137
vt 0.692023 0.135033
vt 0.704729 0.162817
vt 0.697446 0.163846
vt 0.616136 0.119232
vt 0.609218 0.107157
vt 0.619392 0.140194
vt 0.594539 0.133521
vt 0.600129 0.126572
vt 0.617435 0.157914
vt 0.646469 0.138199
vt 0.660550 0.100318
vt 0.673604 0.139836
vt 0.646937 0.162177
vt 0.673050 0.163508
vt 0.616630 0.205099
vt 0.576731 0.215459
vt 0.583770 0.173973
vt 0.610548 0.248149
vt 0.571134 0.260895
vt 0.572607 0.265976
vt 0.626663 0.301543
vt 0.611253 0.309770
vt 0.629508 0.317250
vt 0.612261 0.316511
vt 0.606215 0.321168
vt 0.623048 0.332807
vt 0.642837 0.243853
vt 0.646303 0.293258
vt 0.645628 0.200770
vt 0.588922 0.352490
vt 0.566018 0.340001
vt 0.562907 0.346008
vt 0.584775 0.376020
vt 0.566298 0.376549
vt 0.566977 0.386261
vt 0.576262 0.395967
vt 0.588907 0.400019
vt 0.575815 0.400068
vt 0.590145 0.417718
vt 0.566118 0.414049
vt 0.594946 0.441371
vt 0.568064 0.446380
vt 0.580838 0.494390
vt 0.577147 0.490629
vt 0.598694 0.472072
vt 0.602831 0.481535
vt 0.622674 0.499543
vt 0.605198 0.501868
vt 0.605089 0.527365
vt 0.584986 0.524281
vt 0.585901 0.519905
vt 0.600988 0.564521
vt 0.617636 0.556913
vt 0.621996 0.570270
vt 0.606850 0.576981
vt 0.629068 0.583405
vt 0.614193 0.591634
vt 0.635034 0.594541
vt 0.621879 0.604146
vt 0.648936 0.323273
vt 0.744245 0.195116
vt 0.709949 0.197844
vt 0.719378 0.223725
vt 0.749487 0.222547
vt 0.755648 0.266699
vt 0.728416 0.269555
vt 0.760548 0.303002
vt 0.733591 0.297870
vt 0.737226 0.325647
vt 0.760640 0.315280
vt 0.761712 0.339751
vt 0.759660 0.344687
vt 0.705465 0.373295
vt 0.696181 0.357070
vt 0.686951 0.373770
vt 0.722608 0.393901
vt 0.700877 0.399817
vt 0.738955 0.440567
vt 0.718188 0.419716
vt 0.752552 0.426675
vt 0.755908 0.434627
vt 0.728924 0.475801
vt 0.747769 0.484075
vt 0.743747 0.499303
vt 0.725921 0.493680
vt 0.733804 0.533333
vt 0.716826 0.530600
vt 0.723781 0.558651
vt 0.711707 0.546424
vt 0.707957 0.551351
vt 0.720187 0.561978
vt 0.701692 0.564689
vt 0.695359 0.556675
vt 0.704785 0.581151
vt 0.693341 0.579127
vt 0.704093 0.586907
vt 0.692356 0.584837
vt 0.696980 0.596153
vt 0.687157 0.588842
vt 0.682599 0.610633
vt 0.676048 0.600404
vt 0.665559 0.623778
vt 0.661591 0.609728
vt 0.652435 0.632287
vt 0.653504 0.616121
vt 0.646952 0.614512
vt 0.649508 0.616851
vt 0.647372 0.633201
vt 0.642463 0.630375
vt 0.633320 0.619064
vt 0.642425 0.606845
vt 0.693807 0.294862
vt 0.696563 0.321023
vt 0.690050 0.243225
vt 0.680867 0.204490
vt 0.647932 0.349229
vt 0.615052 0.359779
vt 0.608606 0.381820
vt 0.610381 0.412242
vt 0.617971 0.443709
vt 0.620401 0.474438
vt 0.627026 0.527053
vt 0.632971 0.551920
vt 0.649679 0.381605
vt 0.643575 0.415485
vt 0.670545 0.415772
vt 0.646268 0.447011
vt 0.694047 0.440781
vt 0.647943 0.478168
vt 0.692978 0.472586
vt 0.648584 0.504376
vt 0.689837 0.503857
vt 0.651753 0.608932
vt 0.657373 0.595346
vt 0.647064 0.577245
vt 0.670609 0.579640
vt 0.645591 0.558337
vt 0.674667 0.559327
vt 0.689059 0.527869
vt 0.649280 0.526807
vt 0.478121 0.102902
vt 0.461977 0.097582
vt 0.467194 0.076043
vt 0.487998 0.091124
vt 0.428155 0.100259
vt 0.428854 0.075119
vt 0.398403 0.107717
vt 0.412381 0.089044
vt 0.414784 0.108637
vt 0.386379 0.125299
vt 0.411430 0.136834
vt 0.401181 0.159447
vt 0.375378 0.142905
vt 0.498965 0.103243
vt 0.491093 0.113921
vt 0.514558 0.129851
vt 0.490378 0.135549
vt 0.508631 0.123132
vt 0.490449 0.154194
vt 0.461622 0.134574
vt 0.445509 0.095878
vt 0.432609 0.136276
vt 0.461591 0.159370
vt 0.434093 0.160985
vt 0.407747 0.160952
vt 0.494135 0.202877
vt 0.524889 0.171921
vt 0.534379 0.213247
vt 0.498524 0.255233
vt 0.540637 0.258390
vt 0.539206 0.264852
vt 0.485044 0.301899
vt 0.499778 0.310535
vt 0.500045 0.318094
vt 0.482050 0.318898
vt 0.503907 0.322466
vt 0.488976 0.334234
vt 0.464411 0.293750
vt 0.467324 0.243089
vt 0.463764 0.199385
vt 0.524254 0.352877
vt 0.545985 0.340491
vt 0.548688 0.346672
vt 0.547617 0.377356
vt 0.528879 0.376859
vt 0.547190 0.387735
vt 0.525679 0.397347
vt 0.538658 0.396522
vt 0.537952 0.400113
vt 0.513361 0.422526
vt 0.548321 0.416141
vt 0.508026 0.447458
vt 0.546599 0.449147
vt 0.533275 0.498894
vt 0.514762 0.482616
vt 0.537172 0.495703
vt 0.510459 0.507312
vt 0.499636 0.504355
vt 0.511951 0.529448
vt 0.528580 0.522753
vt 0.528938 0.528593
vt 0.513976 0.568634
vt 0.499863 0.562683
vt 0.495804 0.576250
vt 0.507981 0.581369
vt 0.500770 0.596224
vt 0.488809 0.589638
vt 0.494037 0.607761
vt 0.483041 0.601116
vt 0.462263 0.325524
vt 0.396021 0.196742
vt 0.361184 0.195948
vt 0.387171 0.223958
vt 0.357604 0.223390
vt 0.379000 0.270437
vt 0.352527 0.268113
vt 0.374531 0.299360
vt 0.349393 0.306076
vt 0.371710 0.328595
vt 0.348881 0.316802
vt 0.351095 0.347599
vt 0.348691 0.342950
vt 0.392984 0.350381
vt 0.414637 0.360910
vt 0.404373 0.376051
vt 0.423929 0.376813
vt 0.387329 0.398752
vt 0.409589 0.403720
vt 0.370667 0.447245
vt 0.355181 0.438809
vt 0.357551 0.432518
vt 0.392277 0.424449
vt 0.381691 0.482889
vt 0.385090 0.501232
vt 0.369339 0.504238
vt 0.365440 0.489938
vt 0.394774 0.538949
vt 0.379690 0.541257
vt 0.400603 0.555292
vt 0.388928 0.565910
vt 0.404675 0.560908
vt 0.392726 0.569349
vt 0.417843 0.566719
vt 0.413371 0.573188
vt 0.420320 0.590942
vt 0.409437 0.590599
vt 0.410407 0.594216
vt 0.418226 0.602643
vt 0.426117 0.597641
vt 0.437414 0.609061
vt 0.432983 0.616387
vt 0.452170 0.617903
vt 0.450325 0.628821
vt 0.460895 0.624384
vt 0.464061 0.637407
vt 0.469718 0.623294
vt 0.474827 0.634293
vt 0.469243 0.638068
vt 0.476178 0.613912
vt 0.483472 0.622539
vt 0.415892 0.296137
vt 0.413918 0.324002
vt 0.418512 0.243467
vt 0.427081 0.203678
vt 0.463726 0.351539
vt 0.497249 0.361113
vt 0.504024 0.387301
vt 0.466254 0.484219
vt 0.466390 0.510695
vt 0.466132 0.533155
vt 0.470421 0.564064
vt 0.462399 0.383768
vt 0.469471 0.418818
vt 0.441490 0.419576
vt 0.467352 0.452312
vt 0.417742 0.446430
vt 0.419488 0.479199
vt 0.423082 0.511061
vt 0.450899 0.602943
vt 0.464891 0.600435
vt 0.469025 0.582809
vt 0.443797 0.586339
vt 0.439643 0.566692
vt 0.424231 0.535540
vt 0.537509 0.642914
vt 0.538129 0.650247
vt 0.512228 0.650247
vt 0.511765 0.642914
vt 0.602055 0.658372
vt 0.604387 0.666797
vt 0.593301 0.666796
vt 0.591601 0.658372
vt 0.647518 0.658372
vt 0.648506 0.666796
vt 0.625838 0.666796
vt 0.624823 0.658372
vt 0.666920 0.658372
vt 0.666992 0.666796
vt 0.970161 0.040834
vt 0.961078 0.040834
vt 0.961078 0.008696
vt 0.970161 0.008696
vt 0.687572 0.658372
vt 0.688015 0.666796
vt 0.497270 0.650247
vt 0.496805 0.642914
vt 0.991262 0.445256
vt 0.981552 0.445871
vt 0.981552 0.431128
vt 0.991262 0.430817
vt 0.969121 0.447712
vt 0.959506 0.448020
vt 0.959506 0.431390
vt 0.969121 0.430433
vt 0.959507 0.420754
vt 0.969121 0.420590
vt 0.968436 0.398213
vt 0.959429 0.398366
vt 0.959396 0.363232
vt 0.968468 0.363321
vt 0.959390 0.326465
vt 0.968526 0.326600
vt 0.981766 0.009582
vt 0.991143 0.009714
vt 0.991142 0.059334
vt 0.981766 0.059761
vt 0.991142 0.106034
vt 0.981766 0.105888
vt 0.991142 0.110999
vt 0.981766 0.111667
vt 0.991142 0.161671
vt 0.981766 0.163472
vt 0.991143 0.168603
vt 0.981766 0.169952
vt 0.991142 0.177061
vt 0.981766 0.175403
vt 0.991142 0.222764
vt 0.981766 0.222261
vt 0.991142 0.229747
vt 0.981766 0.230213
vt 0.991143 0.259743
vt 0.981766 0.259895
vt 0.991142 0.267960
vt 0.981766 0.268389
vt 0.981766 0.278340
vt 0.991143 0.279374
vt 0.991142 0.282989
vt 0.981766 0.281065
vt 0.991142 0.297744
vt 0.981766 0.296947
vt 0.991143 0.329110
vt 0.981766 0.328176
vt 0.981766 0.382102
vt 0.991142 0.381248
vt 0.991142 0.387161
vt 0.981766 0.387888
vt 0.991142 0.413405
vt 0.981766 0.412627
vt 0.949222 0.259623
vt 0.942513 0.257534
vt 0.942513 0.253793
vt 0.949222 0.253605
vt 0.949221 0.279786
vt 0.942513 0.279230
vt 0.942513 0.208860
vt 0.949222 0.209339
vt 0.942513 0.194396
vt 0.949222 0.194843
vt 0.942513 0.177590
vt 0.949222 0.177861
vt 0.942513 0.161210
vt 0.949221 0.162862
vt 0.970161 0.079079
vt 0.961078 0.079079
vt 0.970161 0.107081
vt 0.961078 0.107081
vt 0.970161 0.164403
vt 0.961078 0.164403
vt 0.970161 0.212098
vt 0.961078 0.212098
vt 0.970161 0.225900
vt 0.961078 0.225900
vt 0.970161 0.257771
vt 0.961078 0.257771
vt 0.961078 0.252584
vt 0.970161 0.252584
vt 0.970161 0.307304
vt 0.961078 0.307304
vt 0.341993 0.402398
vt 0.333652 0.402631
vt 0.333652 0.383880
vt 0.341994 0.382937
vt 0.341993 0.440223
vt 0.333651 0.442806
vt 0.333652 0.434783
vt 0.341993 0.434698
vt 0.341993 0.525295
vt 0.333651 0.527714
vt 0.333651 0.503407
vt 0.341993 0.502900
vt 0.341993 0.577202
vt 0.333651 0.576675
vt 0.341993 0.609333
vt 0.333651 0.610325
vt 0.341993 0.614832
vt 0.333651 0.615556
vt 0.341994 0.631690
vt 0.333651 0.631725
vt 0.949221 0.023372
vt 0.942513 0.022844
vt 0.942513 0.010343
vt 0.949221 0.010316
vt 0.949221 0.026929
vt 0.942513 0.027531
vt 0.949221 0.037636
vt 0.942513 0.038208
vt 0.949222 0.058282
vt 0.942513 0.059099
vt 0.949221 0.084433
vt 0.942513 0.085091
vt 0.949222 0.107639
vt 0.942513 0.107388
vt 0.949221 0.123131
vt 0.942513 0.121060
vt 0.942513 0.114286
vt 0.949222 0.114515
vt 0.949221 0.141592
vt 0.942513 0.139018
vt 0.729448 0.145321
vt 0.548971 0.642914
vt 0.549746 0.650247
vt 0.486685 0.056887
vt 0.480468 0.057405
vt 0.481333 0.044893
vt 0.485590 0.044337
vt 0.437610 0.072945
vt 0.441608 0.057260
vt 0.452831 0.057940
vt 0.456759 0.073406
vt 0.513503 0.057402
vt 0.506733 0.058068
vt 0.507439 0.045093
vt 0.512077 0.044894
vt 0.650114 0.076323
vt 0.653777 0.061042
vt 0.664456 0.061144
vt 0.668685 0.076496
vt 0.655775 0.045814
vt 0.655705 0.026660
vt 0.660018 0.026698
vt 0.662237 0.045874
vt 0.511595 0.032547
vt 0.508401 0.032541
vt 0.508955 0.016847
vt 0.510804 0.016874
vt 0.443591 0.041635
vt 0.445421 0.021895
vt 0.450211 0.022766
vt 0.450518 0.042434
vt 0.485304 0.032088
vt 0.482319 0.032508
vt 0.482910 0.017321
vt 0.484688 0.016789
vt 0.630789 0.107942
vt 0.619769 0.094361
vt 0.639975 0.078998
vt 0.646086 0.101990
vt 0.708065 0.111084
vt 0.688797 0.112814
vt 0.675606 0.104670
vt 0.692899 0.093141
vt 0.677546 0.079348
vt 0.718557 0.128137
vt 0.692023 0.135033
vt 0.704729 0.162817
vt 0.697446 0.163846
vt 0.616136 0.119232
vt 0.609218 0.107157
vt 0.619392 0.140194
vt 0.594539 0.133521
vt 0.600129 0.126572
vt 0.617435 0.157914
vt 0.646469 0.138199
vt 0.660550 0.100318
vt 0.673604 0.139836
vt 0.646937 0.162177
vt 0.673050 0.163508
vt 0.616630 0.205099
vt 0.576731 0.215459
vt 0.583770 0.173973
vt 0.610548 0.248149
vt 0.571134 0.260895
vt 0.572607 0.265976
vt 0.626663 0.301543
vt 0.611253 0.309770
vt 0.629508 0.317250
vt 0.612261 0.316511
vt 0.606215 0.321168
vt 0.623048 0.332807
vt 0.642837 0.243853
vt 0.646303 0.293258
vt 0.645628 0.200770
vt 0.588922 0.352490
vt 0.566018 0.340001
vt 0.562907 0.346008
vt 0.584775 0.376020
vt 0.566298 0.376549
vt 0.566977 0.386261
vt 0.576262 0.395967
vt 0.588907 0.400019
vt 0.575815 0.400068
vt 0.590145 0.417718
vt 0.566118 0.414049
vt 0.594946 0.441371
vt 0.568064 0.446380
vt 0.580838 0.494390
vt 0.577147 0.490629
vt 0.598694 0.472072
vt 0.602831 0.481535
vt 0.622674 0.499543
vt 0.605198 0.501868
vt 0.605089 0.527365
vt 0.584986 0.524281
vt 0.585901 0.519905
vt 0.600988 0.564521
vt 0.617636 0.556913
vt 0.621996 0.570270
vt 0.606850 0.576981
vt 0.629068 0.583405
vt 0.614193 0.591634
vt 0.635034 0.594541
vt 0.621879 0.604146
vt 0.648936 0.323273
vt 0.744245 0.195116
vt 0.709949 0.197844
vt 0.719378 0.223725
vt 0.749487 0.222547
vt 0.755648 0.266699
vt 0.728416 0.269555
vt 0.760548 0.303002
vt 0.733591 0.297870
vt 0.737226 0.325647
vt 0.760640 0.315280
vt 0.761712 0.339751
vt 0.759660 0.344687
vt 0.705465 0.373295
vt 0.696181 0.357070
vt 0.686951 0.373770
vt 0.722608 0.393901
vt 0.700877 0.399817
vt 0.738955 0.440567
vt 0.718188 0.419716
vt 0.752552 0.426675
vt 0.755908 0.434627
vt 0.728924 0.475801
vt 0.747769 0.484075
vt 0.743747 0.499303
vt 0.725921 0.493680
vt 0.733804 0.533333
vt 0.716826 0.530600
vt 0.723781 0.558651
vt 0.711707 0.546424
vt 0.707957 0.551351
vt 0.720187 0.561978
vt 0.701692 0.564689
vt 0.695359 0.556675
vt 0.704785 0.581151
vt 0.693341 0.579127
vt 0.704093 0.586907
vt 0.692356 0.584837
vt 0.696980 0.596153
vt 0.687157 0.588842
vt 0.682599 0.610633
vt 0.676048 0.600404
vt 0.665559 0.623778
vt 0.661591 0.609728
vt 0.652435 0.632287
vt 0.653504 0.616121
vt 0.646952 0.614512
vt 0.649508 0.616851
vt 0.647372 0.633201
vt 0.642463 0.630375
vt 0.633320 0.619064
vt 0.642425 0.606845
vt 0.693807 0.294862
vt 0.696563 0.321023
vt 0.690050 0.243225
vt 0.680867 0.204490
vt 0.647932 0.349229
vt 0.615052 0.359779
vt 0.608606 0.381820
vt 0.610381 0.412242
vt 0.617971 0.443709
vt 0.620401 0.474438
vt 0.627026 0.527053
vt 0.632971 0.551920
vt 0.649679 0.381605
vt 0.643575 0.415485
vt 0.670545 0.415772
vt 0.646268 0.447011
vt 0.694047 0.440781
vt 0.647943 0.478168
vt 0.692978 0.472586
vt 0.648584 0.504376
vt 0.689837 0.503857
vt 0.651753 0.608932
vt 0.657373 0.595346
vt 0.647064 0.577245
vt 0.670609 0.579640
vt 0.645591 0.558337
vt 0.674667 0.559327
vt 0.689059 0.527869
vt 0.649280 0.526807
vt 0.478121 0.102902
vt 0.461977 0.097582
vt 0.467194 0.076043
vt 0.487998 0.091124
vt 0.428155 0.100259
vt 0.428854 0.075119
vt 0.398403 0.107717
vt 0.412381 0.089044
vt 0.414784 0.108637
vt 0.386379 0.125299
vt 0.411430 0.136834
vt 0.401181 0.159447
vt 0.375378 0.142905
vt 0.498965 0.103243
vt 0.491093 0.113921
vt 0.514558 0.129851
vt 0.490378 0.135549
vt 0.508631 0.123132
vt 0.490449 0.154194
vt 0.461622 0.134574
vt 0.445509 0.095878
vt 0.432609 0.136276
vt 0.461591 0.159370
vt 0.434093 0.160985
vt 0.407747 0.160952
vt 0.494135 0.202877
vt 0.524889 0.171921
vt 0.534379 0.213247
vt 0.498524 0.255233
vt 0.540637 0.258390
vt 0.539206 0.264852
vt 0.485044 0.301899
vt 0.499778 0.310535
vt 0.500045 0.318094
vt 0.482050 0.318898
vt 0.503907 0.322466
vt 0.488976 0.334234
vt 0.464411 0.293750
vt 0.467324 0.243089
vt 0.463764 0.199385
vt 0.524254 0.352877
vt 0.545985 0.340491
vt 0.548688 0.346672
vt 0.547617 0.377356
vt 0.528879 0.376859
vt 0.547190 0.387735
vt 0.525679 0.397347
vt 0.538658 0.396522
vt 0.537952 0.400113
vt 0.513361 0.422526
vt 0.548321 0.416141
vt 0.508026 0.447458
vt 0.546599 0.449147
vt 0.533275 0.498894
vt 0.514762 0.482616
vt 0.537172 0.495703
vt 0.510459 0.507312
vt 0.499636 0.504355
vt 0.511951 0.529448
vt 0.528580 0.522753
vt 0.528938 0.528593
vt 0.513976 0.568634
vt 0.499863 0.562683
vt 0.495804 0.576250
vt 0.507981 0.581369
vt 0.500770 0.596224
vt 0.488809 0.589638
vt 0.494037 0.607761
vt 0.483041 0.601116
vt 0.462263 0.325524
vt 0.396021 0.196742
vt 0.361184 0.195948
vt 0.387171 0.223958
vt 0.357604 0.223390
vt 0.379000 0.270437
vt 0.352527 0.268113
vt 0.374531 0.299360
vt 0.349393 0.306076
vt 0.371710 0.328595
vt 0.348881 0.316802
vt 0.351095 0.347599
vt 0.348691 0.342950
vt 0.392984 0.350381
vt 0.414637 0.360910
vt 0.404373 0.376051
vt 0.423929 0.376813
vt 0.387329 0.398752
vt 0.409589 0.403720
vt 0.370667 0.447245
vt 0.355181 0.438809
vt 0.357551 0.432518
vt 0.392277 0.424449
vt 0.381691 0.482889
vt 0.385090 0.501232
vt 0.369339 0.504238
vt 0.365440 0.489938
vt 0.394774 0.538949
vt 0.379690 0.541257
vt 0.400603 0.555292
vt 0.388928 0.565910
vt 0.404675 0.560908
vt 0.392726 0.569349
vt 0.417843 0.566719
vt 0.413371 0.573188
vt 0.420320 0.590942
vt 0.409437 0.590599
vt 0.410407 0.594216
vt 0.418226 0.602643
vt 0.426117 0.597641
vt 0.437414 0.609061
vt 0.432983 0.616387
vt 0.452170 0.617903
vt 0.450325 0.628821
vt 0.460895 0.624384
vt 0.464061 0.637407
vt 0.469718 0.623294
vt 0.474827 0.634293
vt 0.469243 0.638068
vt 0.476178 0.613912
vt 0.483472 0.622539
vt 0.415892 0.296137
vt 0.413918 0.324002
vt 0.418512 0.243467
vt 0.427081 0.203678
vt 0.463726 0.351539
vt 0.497249 0.361113
vt 0.504024 0.387301
vt 0.466254 0.484219
vt 0.466390 0.510695
vt 0.466132 0.533155
vt 0.470421 0.564064
vt 0.462399 0.383768
vt 0.469471 0.418818
vt 0.441490 0.419576
vt 0.467352 0.452312
vt 0.417742 0.446430
vt 0.419488 0.479199
vt 0.423082 0.511061
vt 0.450899 0.602943
vt 0.464891 0.600435
vt 0.469025 0.582809
vt 0.443797 0.586339
vt 0.439643 0.566692
vt 0.424231 0.535540
vt 0.537509 0.642914
vt 0.538129 0.650247
vt 0.512228 0.650247
vt 0.511765 0.642914
vt 0.602055 0.658372
vt 0.604387 0.666797
vt 0.593301 0.666796
vt 0.591601 0.658372
vt 0.647518 0.658372
vt 0.648506 0.666796
vt 0.625838 0.666796
vt 0.624823 0.658372
vt 0.666920 0.658372
vt 0.666992 0.666796
vt 0.970161 0.040834
vt 0.961078 0.040834
vt 0.961078 0.008696
vt 0.970161 0.008696
vt 0.687572 0.658372
vt 0.688015 0.666796
vt 0.497270 0.650247
vt 0.496805 0.642914
vt 0.991262 0.445256
vt 0.981552 0.445871
vt 0.981552 0.431128
vt 0.991262 0.430817
vt 0.969121 0.447712
vt 0.959506 0.448020
vt 0.959506 0.431390
vt 0.969121 0.430433
vt 0.959507 0.420754
vt 0.969121 0.420590
vt 0.968436 0.398213
vt 0.959429 0.398366
vt 0.959396 0.363232
vt 0.968468 0.363321
vt 0.959390 0.326465
vt 0.968526 0.326600
vt 0.981766 0.009582
vt 0.991143 0.009714
vt 0.991142 0.059334
vt 0.981766 0.059761
vt 0.991142 0.106034
vt 0.981766 0.105888
vt 0.991142 0.110999
vt 0.981766 0.111667
vt 0.991142 0.161671
vt 0.981766 0.163472
vt 0.991143 0.168603
vt 0.981766 0.169952
vt 0.991142 0.177061
vt 0.981766 0.175403
vt 0.991142 0.222764
vt 0.981766 0.222261
vt 0.991142 0.229747
vt 0.981766 0.230213
vt 0.991143 0.259743
vt 0.981766 0.259895
vt 0.991142 0.267960
vt 0.981766 0.268389
vt 0.981766 0.278340
vt 0.991143 0.279374
vt 0.991142 0.282989
vt 0.981766 0.281065
vt 0.991142 0.297744
vt 0.981766 0.296947
vt 0.991143 0.329110
vt 0.981766 0.328176
vt 0.981766 0.382102
vt 0.991142 0.381248
vt 0.991142 0.387161
vt 0.981766 0.387888
vt 0.991142 0.413405
vt 0.981766 0.412627
vt 0.949222 0.259623
vt 0.942513 0.257534
vt 0.942513 0.253793
vt 0.949222 0.253605
vt 0.949221 0.279786
vt 0.942513 0.279230
vt 0.942513 0.208860
vt 0.949222 0.209339
vt 0.942513 0.194396
vt 0.949222 0.194843
vt 0.942513 0.177590
vt 0.949222 0.177861
vt 0.942513 0.161210
vt 0.949221 0.162862
vt 0.970161 0.079079
vt 0.961078 0.079079
vt 0.970161 0.107081
vt 0.961078 0.107081
vt 0.970161 0.164403
vt 0.961078 0.164403
vt 0.970161 0.212098
vt 0.961078 0.212098
vt 0.970161 0.225900
vt 0.961078 0.225900
vt 0.970161 0.257771
vt 0.961078 0.257771
vt 0.961078 0.252584
vt 0.970161 0.252584
vt 0.970161 0.307304
vt 0.961078 0.307304
vt 0.341993 0.402398
vt 0.333652 0.402631
vt 0.333652 0.383880
vt 0.341994 0.382937
vt 0.341993 0.440223
vt 0.333651 0.442806
vt 0.333652 0.434783
vt 0.341993 0.434698
vt 0.341993 0.525295
vt 0.333651 0.527714
vt 0.333651 0.503407
vt 0.341993 0.502900
vt 0.341993 0.577202
vt 0.333651 0.576675
vt 0.341993 0.609333
vt 0.333651 0.610325
vt 0.341993 0.614832
vt 0.333651 0.615556
vt 0.341994 0.631690
vt 0.333651 0.631725
vt 0.949221 0.023372
vt 0.942513 0.022844
vt 0.942513 0.010343
vt 0.949221 0.010316
vt 0.949221 0.026929
vt 0.942513 0.027531
vt 0.949221 0.037636
vt 0.942513 0.038208
vt 0.949222 0.058282
vt 0.942513 0.059099
vt 0.949221 0.084433
vt 0.942513 0.085091
vt 0.949222 0.107639
vt 0.942513 0.107388
vt 0.949221 0.123131
vt 0.942513 0.121060
vt 0.942513 0.114286
vt 0.949222 0.114515
vt 0.949221 0.141592
vt 0.942513 0.139018
vt 0.729448 0.145321
vt 0.548971 0.642914
vt 0.549746 0.650247

usemtl palm_tree_M41_0
f 1/1 2/2 3/3
f 3/3 4/4 1/1
f 4/4 3/3 5/5
f 5/5 34/6 4/4
f 2/2 1/1 6/7
f 6/7 7/8 2/2
f 2/2 8/9 9/10
f 9/10 3/3 2/2
f 8/9 2/2 7/8
f 7/8 23/11 8/9
f 9/10 10/12 5/5
f 5/5 3/3 9/10
f 8/9 11/13 12/14
f 12/14 9/10 8/9
f 11/13 8/9 23/11
f 23/11 25/15 11/13
f 13/16 10/12 9/10
f 9/10 12/14 13/16
f 11/13 14/17 15/18
f 15/18 12/14 11/13
f 25/15 16/19 14/17
f 14/17 11/13 25/15
f 17/20 13/16 12/14
f 12/14 15/18 17/20
f 14/17 18/21 19/22
f 19/22 15/18 14/17
f 18/21 14/17 16/19
f 16/19 28/23 18/21
f 20/24 17/20 15/18
f 15/18 19/22 20/24
f 18/21 30/25 31/26
f 31/26 19/22 18/21
f 28/23 30/25 18/21
f 31/26 20/24 19/22
f 21/27 22/28 7/29
f 7/29 6/30 21/27
f 22/28 46/31 23/32
f 23/32 7/29 22/28
f 46/31 24/33 25/34
f 25/34 23/32 46/31
f 16/35 25/34 24/33
f 24/33 26/36 16/35
f 26/36 27/37 28/38
f 28/38 16/35 26/36
f 27/37 29/39 30/40
f 30/40 28/38 27/37
f 29/39 32/41 31/42
f 31/42 30/40 29/39
f 32/43 37/44 20/45
f 20/45 31/46 32/43
f 17/47 20/45 37/44
f 37/44 40/48 17/47
f 40/48 43/49 13/50
f 13/50 17/47 40/48
f 43/49 47/51 10/52
f 10/52 13/50 43/49
f 47/51 33/53 5/54
f 5/54 10/52 47/51
f 33/53 52/55 34/56
f 34/56 5/54 33/53
f 35/57 32/58 29/59
f 29/59 36/60 35/57
f 36/60 29/59 27/61
f 32/58 35/57 37/62
f 36/60 38/63 39/64
f 39/64 35/57 36/60
f 38/63 36/60 27/61
f 27/61 26/65 38/63
f 40/66 37/62 35/57
f 35/57 39/64 40/66
f 38/63 41/67 42/68
f 42/68 39/64 38/63
f 41/67 38/63 26/65
f 26/65 24/69 41/67
f 39/64 42/68 43/70
f 43/70 40/66 39/64
f 41/67 44/71 45/72
f 45/72 42/68 41/67
f 44/71 41/67 24/69
f 24/69 46/73 44/71
f 47/74 43/70 42/68
f 42/68 45/72 47/74
f 45/72 44/71 48/75
f 48/75 49/76 45/72
f 46/73 22/77 48/75
f 48/75 44/71 46/73
f 33/78 47/74 45/72
f 45/72 49/76 33/78
f 50/79 49/76 48/75
f 48/75 51/80 50/79
f 22/77 21/81 51/80
f 51/80 48/75 22/77
f 49/76 50/79 52/82
f 52/82 33/78 49/76
f 53/83 54/84 55/85
f 55/85 56/86 53/83
f 55/85 54/84 79/87
f 79/87 57/88 55/85
f 53/83 56/86 58/89
f 58/89 59/90 53/83
f 60/91 61/92 54/84
f 54/84 53/83 60/91
f 61/92 62/93 79/87
f 79/87 54/84 61/92
f 63/94 60/91 53/83
f 53/83 59/90 63/94
f 60/91 64/95 65/96
f 65/96 61/92 60/91
f 62/93 61/92 65/96
f 65/96 82/97 62/93
f 64/95 60/91 63/94
f 63/94 95/98 64/95
f 66/99 67/100 64/95
f 64/95 95/98 66/99
f 64/95 67/100 68/101
f 68/101 65/96 64/95
f 83/102 82/97 65/96
f 65/96 68/101 83/102
f 69/103 68/101 67/100
f 67/100 70/104 69/103
f 71/105 83/102 68/101
f 68/101 69/103 71/105
f 89/106 70/104 67/100
f 67/100 66/99 89/106
f 70/104 72/107 73/108
f 73/108 69/103 70/104
f 69/103 73/108 74/109
f 74/109 71/105 69/103
f 72/107 70/104 89/106
f 89/106 75/110 72/107
f 76/111 73/108 72/107
f 72/107 77/112 76/111
f 73/108 76/111 87/113
f 87/113 74/109 73/108
f 77/112 72/107 75/110
f 75/110 78/114 77/112
f 77/112 93/115 88/116
f 88/116 76/111 77/112
f 93/115 77/112 78/114
f 78/114 92/117 93/115
f 87/113 76/111 88/116
f 79/118 62/119 80/120
f 80/120 81/121 79/118
f 106/122 80/120 62/119
f 62/119 82/123 106/122
f 82/123 83/124 110/125
f 110/125 106/122 82/123
f 84/126 110/125 83/124
f 83/124 71/127 84/126
f 85/128 84/126 71/127
f 71/127 74/129 85/128
f 86/130 85/128 74/129
f 74/129 87/131 86/130
f 122/132 86/130 87/131
f 87/131 88/133 122/132
f 89/134 66/135 111/136
f 111/136 90/137 89/134
f 90/137 118/138 75/139
f 75/139 89/134 90/137
f 78/140 75/139 118/138
f 118/138 91/141 78/140
f 92/142 78/140 91/141
f 91/141 94/143 92/142
f 121/144 122/132 88/133
f 88/133 93/145 121/144
f 93/145 92/146 94/147
f 94/147 121/144 93/145
f 107/148 111/136 66/135
f 66/135 95/149 107/148
f 96/150 107/148 95/149
f 95/149 63/151 96/150
f 103/152 96/150 63/151
f 63/151 59/153 103/152
f 59/153 58/154 97/155
f 97/155 103/152 59/153
f 57/156 79/118 81/121
f 81/121 98/157 57/156
f 98/158 81/159 99/160
f 99/160 100/161 98/158
f 101/162 102/163 100/161
f 100/161 99/160 101/162
f 103/164 97/165 102/163
f 102/163 101/162 103/164
f 104/166 105/167 101/162
f 101/162 99/160 104/166
f 101/162 105/167 96/168
f 96/168 103/164 101/162
f 99/160 80/169 106/170
f 106/170 104/166 99/160
f 80/169 99/160 81/159
f 107/171 96/168 105/167
f 105/167 108/172 107/171
f 108/172 105/167 104/166
f 104/166 109/173 108/172
f 106/170 110/174 109/173
f 109/173 104/166 106/170
f 111/175 107/171 108/172
f 108/172 112/176 111/175
f 113/177 112/176 108/172
f 108/172 109/173 113/177
f 113/177 109/173 110/174
f 110/174 84/178 113/177
f 114/179 115/180 112/176
f 112/176 113/177 114/179
f 90/181 111/175 112/176
f 112/176 115/180 90/181
f 114/179 113/177 84/178
f 84/178 85/182 114/179
f 116/183 117/184 115/180
f 115/180 114/179 116/183
f 117/184 118/185 90/181
f 90/181 115/180 117/184
f 116/183 114/179 85/182
f 85/182 86/186 116/183
f 116/183 119/187 120/188
f 120/188 117/184 116/183
f 117/184 120/188 91/189
f 91/189 118/185 117/184
f 94/190 91/189 120/188
f 120/188 121/191 94/190
f 119/187 122/192 121/191
f 121/191 120/188 119/187
f 86/186 122/192 119/187
f 119/187 116/183 86/186
f 167/193 186/194 190/195
f 190/195 164/196 167/193
f 167/193 123/197 124/198
f 124/198 186/194 167/193
f 123/197 173/199 125/200
f 125/200 124/198 123/197
f 160/201 164/196 190/195
f 190/195 126/202 160/201
f 127/203 160/201 126/202
f 126/202 128/204 127/203
f 129/205 127/203 128/204
f 128/204 130/206 129/205
f 173/199 177/207 183/208
f 183/208 125/200 173/199
f 131/209 132/210 176/211
f 176/211 133/212 131/209
f 134/213 131/209 133/212
f 133/212 170/214 134/213
f 187/215 134/213 170/214
f 170/214 135/216 187/215
f 136/217 187/215 135/216
f 135/216 137/218 136/217
f 137/218 138/219 139/220
f 139/220 136/217 137/218
f 138/219 140/221 141/222
f 141/222 139/220 138/219
f 140/221 142/223 143/224
f 143/224 141/222 140/221
f 144/225 143/224 142/223
f 142/223 145/226 144/225
f 145/226 156/227 199/228
f 199/228 144/225 145/226
f 146/229 199/228 156/227
f 156/227 152/230 146/229
f 130/206 147/231 148/232
f 148/232 129/205 130/206
f 149/233 150/234 146/229
f 146/229 152/230 149/233
f 150/235 149/236 148/232
f 148/232 147/231 150/235
f 151/237 149/238 152/239
f 152/239 153/240 151/237
f 153/240 154/241 155/242
f 155/242 151/237 153/240
f 154/241 153/240 156/243
f 156/243 145/244 154/241
f 151/237 155/242 129/245
f 129/245 148/246 151/237
f 151/237 148/246 149/238
f 153/240 152/239 156/243
f 154/241 157/247 158/248
f 158/248 155/242 154/241
f 155/242 158/248 127/249
f 127/249 129/245 155/242
f 157/247 154/241 145/244
f 145/244 142/250 157/247
f 158/248 159/251 160/252
f 160/252 127/249 158/248
f 159/251 158/248 157/247
f 157/247 161/253 159/251
f 142/250 140/254 161/253
f 161/253 157/247 142/250
f 162/255 159/251 161/253
f 161/253 163/256 162/255
f 159/251 162/255 164/257
f 164/257 160/252 159/251
f 140/254 138/258 163/256
f 163/256 161/253 140/254
f 165/259 162/255 163/256
f 163/256 166/260 165/259
f 166/260 163/256 137/261
f 137/261 135/262 166/260
f 138/258 137/261 163/256
f 162/255 165/259 167/263
f 167/263 164/257 162/255
f 168/264 169/265 165/259
f 165/259 166/260 168/264
f 170/266 168/264 166/260
f 166/260 135/262 170/266
f 169/265 123/267 167/263
f 167/263 165/259 169/265
f 171/268 172/269 169/265
f 169/265 168/264 171/268
f 133/270 171/268 168/264
f 168/264 170/266 133/270
f 123/267 169/265 172/269
f 172/269 173/271 123/267
f 174/272 175/273 172/269
f 172/269 171/268 174/272
f 171/268 133/270 176/274
f 176/274 174/272 171/268
f 175/273 177/275 173/271
f 173/271 172/269 175/273
f 178/276 132/277 131/278
f 131/278 179/279 178/276
f 180/280 179/279 181/281
f 181/281 182/282 180/280
f 182/282 125/283 183/284
f 183/284 180/280 182/282
f 179/279 131/278 134/285
f 134/285 181/281 179/279
f 181/281 184/286 185/287
f 185/287 182/282 181/281
f 182/282 185/287 186/288
f 186/288 124/289 182/282
f 125/283 182/282 124/289
f 184/286 181/281 134/285
f 134/285 187/290 184/286
f 188/291 189/292 185/287
f 185/287 184/286 188/291
f 185/287 189/292 190/293
f 190/293 186/288 185/287
f 187/290 136/294 188/291
f 188/291 184/286 187/290
f 191/295 192/296 189/292
f 189/292 188/291 191/295
f 126/297 190/293 189/292
f 189/292 192/296 126/297
f 136/294 139/298 191/295
f 191/295 188/291 136/294
f 128/299 126/297 192/296
f 192/296 193/300 128/299
f 141/301 143/302 194/303
f 194/303 191/295 141/301
f 141/301 191/295 139/298
f 193/300 192/296 191/295
f 191/295 194/303 193/300
f 194/303 195/304 196/305
f 196/305 193/300 194/303
f 193/300 196/305 130/306
f 130/306 128/299 193/300
f 143/302 144/307 195/304
f 195/304 194/303 143/302
f 197/308 196/305 195/304
f 195/304 198/309 197/308
f 144/307 199/310 198/309
f 198/309 195/304 144/307
f 147/311 130/306 196/305
f 196/305 197/308 147/311
f 199/310 200/312 197/308
f 197/308 198/309 199/310
f 200/312 199/310 146/313
f 146/313 150/314 200/312
f 197/308 200/312 150/314
f 150/314 147/311 197/308
f 238/315 201/316 202/317
f 202/317 235/318 238/315
f 238/315 241/319 251/320
f 251/320 201/316 238/315
f 241/319 244/321 203/322
f 203/322 251/320 241/319
f 231/323 235/318 202/317
f 202/317 257/324 231/323
f 228/325 231/323 257/324
f 257/324 204/326 228/325
f 205/327 228/325 204/326
f 204/326 206/328 205/327
f 207/329 246/330 208/331
f 208/331 209/332 207/329
f 210/333 207/329 209/332
f 209/332 211/334 210/333
f 254/335 210/333 211/334
f 211/334 212/336 254/335
f 212/336 213/337 214/338
f 214/338 254/335 212/336
f 213/337 215/339 259/340
f 259/340 214/338 213/337
f 215/339 229/341 260/342
f 260/342 259/340 215/339
f 264/343 260/342 229/341
f 229/341 216/344 264/343
f 216/344 217/345 267/346
f 267/346 264/343 216/344
f 218/347 267/346 217/345
f 217/345 221/348 218/347
f 206/328 268/349 225/350
f 225/350 205/327 206/328
f 220/351 270/352 218/347
f 218/347 221/348 220/351
f 270/353 220/354 225/350
f 225/350 268/349 270/353
f 219/355 220/356 221/357
f 221/357 222/358 219/355
f 222/358 223/359 224/360
f 224/360 219/355 222/358
f 223/359 222/358 217/361
f 217/361 216/362 223/359
f 219/355 224/360 205/363
f 205/363 225/364 219/355
f 219/355 225/364 220/356
f 222/358 221/357 217/361
f 223/359 226/365 227/366
f 227/366 224/360 223/359
f 224/360 227/366 228/367
f 228/367 205/363 224/360
f 226/365 223/359 216/362
f 216/362 229/368 226/365
f 227/366 230/369 231/370
f 231/370 228/367 227/366
f 230/369 227/366 226/365
f 226/365 232/371 230/369
f 229/368 215/372 232/371
f 232/371 226/365 229/368
f 233/373 230/369 232/371
f 232/371 234/374 233/373
f 230/369 233/373 235/375
f 235/375 231/370 230/369
f 215/372 213/376 234/374
f 234/374 232/371 215/372
f 236/377 233/373 234/374
f 234/374 237/378 236/377
f 237/378 234/374 212/379
f 212/379 211/380 237/378
f 213/376 212/379 234/374
f 233/373 236/377 238/381
f 238/381 235/375 233/373
f 239/382 240/383 236/377
f 236/377 237/378 239/382
f 209/384 239/382 237/378
f 237/378 211/380 209/384
f 240/383 241/385 238/381
f 238/381 236/377 240/383
f 242/386 243/387 240/383
f 240/383 239/382 242/386
f 208/388 242/386 239/382
f 239/382 209/384 208/388
f 241/385 240/383 243/387
f 243/387 244/389 241/385
f 245/390 246/391 207/392
f 207/392 247/393 245/390
f 247/393 248/394 249/395
f 249/395 250/396 247/393
f 250/396 249/395 201/397
f 201/397 251/398 250/396
f 203/399 250/396 251/398
f 248/394 247/393 207/392
f 207/392 210/400 248/394
f 252/401 253/402 249/395
f 249/395 248/394 252/401
f 249/395 253/402 202/403
f 202/403 201/397 249/395
f 210/400 254/404 252/401
f 252/401 248/394 210/400
f 255/405 256/406 253/402
f 253/402 252/401 255/405
f 257/407 202/403 253/402
f 253/402 256/406 257/407
f 254/404 214/408 255/405
f 255/405 252/401 254/404
f 204/409 257/407 256/406
f 256/406 258/410 204/409
f 259/411 260/412 261/413
f 261/413 255/405 259/411
f 259/411 255/405 214/408
f 258/410 256/406 255/405
f 255/405 261/413 258/410
f 261/413 262/414 263/415
f 263/415 258/410 261/413
f 258/410 263/415 206/416
f 206/416 204/409 258/410
f 260/412 264/417 262/414
f 262/414 261/413 260/412
f 265/418 263/415 262/414
f 262/414 266/419 265/418
f 264/417 267/420 266/419
f 266/419 262/414 264/417
f 268/421 206/416 263/415
f 263/415 265/418 268/421
f 267/420 269/422 265/418
f 265/418 266/419 267/420
f 269/422 267/420 218/423
f 218/423 270/424 269/422
f 265/418 269/422 270/424
f 270/424 268/421 265/418
f 271/425 335/426 272/427
f 272/427 273/428 271/425
f 271/425 317/429 274/430
f 274/430 335/426 271/425
f 317/429 275/431 276/432
f 276/432 274/430 317/429
f 307/433 273/428 272/427
f 272/427 341/434 307/433
f 304/435 307/433 341/434
f 341/434 277/436 304/435
f 278/437 304/435 277/436
f 277/436 347/438 278/437
f 275/431 279/439 280/440
f 280/440 276/432 275/431
f 279/439 323/441 329/442
f 329/442 280/440 279/439
f 281/443 328/444 282/445
f 282/445 320/446 281/443
f 332/447 281/443 320/446
f 320/446 283/448 332/447
f 336/449 332/447 283/448
f 283/448 284/450 336/449
f 285/451 336/449 284/450
f 284/450 314/452 285/451
f 314/452 286/453 287/454
f 287/454 285/451 314/452
f 286/453 309/455 343/456
f 343/456 287/454 286/453
f 309/455 305/457 288/458
f 288/458 343/456 309/455
f 289/459 288/458 305/457
f 305/457 290/460 289/459
f 290/460 291/461 350/462
f 350/462 289/459 290/460
f 292/463 350/462 291/461
f 291/461 298/464 292/463
f 347/438 293/465 294/466
f 294/466 278/437 347/438
f 295/467 296/468 292/463
f 292/463 298/464 295/467
f 296/469 295/470 294/466
f 294/466 293/465 296/469
f 297/471 295/472 298/473
f 298/473 299/474 297/471
f 299/474 300/475 301/476
f 301/476 297/471 299/474
f 300/475 299/474 291/477
f 291/477 290/478 300/475
f 297/471 301/476 278/479
f 278/479 294/480 297/471
f 297/471 294/480 295/472
f 299/474 298/473 291/477
f 300/475 302/481 303/482
f 303/482 301/476 300/475
f 301/476 303/482 304/483
f 304/483 278/479 301/476
f 302/481 300/475 290/478
f 290/478 305/484 302/481
f 303/482 306/485 307/486
f 307/486 304/483 303/482
f 306/485 303/482 302/481
f 302/481 308/487 306/485
f 305/484 309/488 308/487
f 308/487 302/481 305/484
f 310/489 306/485 308/487
f 308/487 311/490 310/489
f 306/485 310/489 273/491
f 273/491 307/486 306/485
f 309/488 286/492 311/490
f 311/490 308/487 309/488
f 312/493 310/489 311/490
f 311/490 313/494 312/493
f 313/494 311/490 314/495
f 314/495 284/496 313/494
f 286/492 314/495 311/490
f 310/489 312/493 271/497
f 271/497 273/491 310/489
f 315/498 316/499 312/493
f 312/493 313/494 315/498
f 283/500 315/498 313/494
f 313/494 284/496 283/500
f 316/499 317/501 271/497
f 271/497 312/493 316/499
f 318/502 319/503 316/499
f 316/499 315/498 318/502
f 320/504 318/502 315/498
f 315/498 283/500 320/504
f 317/501 316/499 319/503
f 319/503 275/505 317/501
f 321/506 322/507 319/503
f 319/503 318/502 321/506
f 318/502 320/504 282/508
f 282/508 321/506 318/502
f 322/507 279/509 275/505
f 275/505 319/503 322/507
f 279/509 322/507 323/510
f 324/511 325/512 326/513
f 326/513 327/514 324/511
f 325/512 328/515 281/516
f 281/516 326/513 325/512
f 329/517 324/511 327/514
f 327/514 280/518 329/517
f 327/514 326/513 330/519
f 330/519 331/520 327/514
f 331/520 276/521 280/518
f 280/518 327/514 331/520
f 326/513 281/516 332/522
f 332/522 330/519 326/513
f 330/519 333/523 334/524
f 334/524 331/520 330/519
f 331/520 334/524 335/525
f 335/525 274/526 331/520
f 276/521 331/520 274/526
f 333/523 330/519 332/522
f 332/522 336/527 333/523
f 337/528 338/529 334/524
f 334/524 333/523 337/528
f 334/524 338/529 272/530
f 272/530 335/525 334/524
f 336/527 285/531 337/528
f 337/528 333/523 336/527
f 339/532 340/533 338/529
f 338/529 337/528 339/532
f 341/534 272/530 338/529
f 338/529 340/533 341/534
f 285/531 287/535 339/532
f 339/532 337/528 285/531
f 277/536 341/534 340/533
f 340/533 342/537 277/536
f 343/538 288/539 344/540
f 344/540 339/532 343/538
f 343/538 339/532 287/535
f 342/537 340/533 339/532
f 339/532 344/540 342/537
f 344/540 345/541 346/542
f 346/542 342/537 344/540
f 342/537 346/542 347/543
f 347/543 277/536 342/537
f 288/539 289/544 345/541
f 345/541 344/540 288/539
f 348/545 346/542 345/541
f 345/541 349/546 348/545
f 289/544 350/547 349/546
f 349/546 345/541 289/544
f 293/548 347/543 346/542
f 346/542 348/545 293/548
f 350/547 351/549 348/545
f 348/545 349/546 350/547
f 351/549 350/547 292/550
f 292/550 296/551 351/549
f 348/545 351/549 296/551
f 296/551 293/548 348/545
f 428/552 352/553 353/554
f 354/555 355/556 424/557
f 424/557 355/556 356/558
f 357/559 356/558 355/556
f 355/556 354/555 358/560
f 359/561 352/553 428/552
f 360/562 361/563 370/564
f 370/564 362/565 360/562
f 363/566 366/567 364/568
f 364/568 365/569 363/566
f 361/563 360/562 365/569
f 365/569 364/568 361/563
f 364/570 366/571 367/572
f 367/572 361/573 364/570
f 361/573 368/574 369/575
f 369/575 370/576 361/573
f 367/572 368/574 361/573
f 428/552 353/554 367/572
f 367/572 366/571 428/552
f 371/577 369/575 368/574
f 368/574 353/554 371/577
f 353/554 368/574 367/572
f 372/578 371/577 353/554
f 353/554 352/553 372/578
f 372/578 373/579 371/577
f 374/580 369/575 371/577
f 371/577 373/579 374/580
f 375/581 370/576 369/575
f 369/575 374/580 375/581
f 370/564 375/582 376/583
f 376/583 362/565 370/564
f 383/584 377/585 362/565
f 362/565 378/586 383/584
f 376/583 378/586 362/565
f 379/587 380/588 360/562
f 360/562 377/585 379/587
f 362/565 377/585 360/562
f 379/587 377/585 383/584
f 365/569 380/588 411/589
f 380/588 365/569 360/562
f 381/590 382/591 379/592
f 379/592 383/593 381/590
f 382/591 380/594 379/592
f 383/593 384/595 385/596
f 385/596 381/590 383/593
f 384/597 383/584 378/586
f 378/586 392/598 384/597
f 378/586 376/583 386/599
f 386/599 392/598 378/586
f 390/600 386/599 376/583
f 376/583 375/582 390/600
f 375/581 374/580 387/601
f 387/601 390/602 375/581
f 373/579 387/601 374/580
f 388/603 389/604 386/605
f 386/605 390/606 388/603
f 389/604 391/607 392/608
f 392/608 386/605 389/604
f 431/609 385/596 384/595
f 384/595 393/610 431/609
f 391/607 393/611 384/612
f 384/612 392/608 391/607
f 431/609 439/613 394/614
f 394/614 385/596 431/609
f 439/613 395/615 396/616
f 396/616 394/614 439/613
f 395/615 438/617 397/618
f 397/618 396/616 395/615
f 438/617 398/619 397/618
f 398/619 399/620 400/621
f 400/621 397/618 398/619
f 398/622 401/623 402/624
f 402/624 399/625 398/622
f 399/620 403/626 400/621
f 404/627 405/628 406/629
f 406/629 413/630 404/627
f 407/631 404/627 413/630
f 413/630 403/632 407/631
f 405/628 408/633 412/634
f 412/634 406/629 405/628
f 409/635 412/634 408/633
f 408/633 410/636 409/635
f 365/569 409/635 410/636
f 410/636 363/566 365/569
f 380/594 382/591 411/637
f 409/638 394/614 396/616
f 396/616 412/639 409/638
f 413/640 414/641 400/621
f 400/621 403/626 413/640
f 413/640 406/642 412/639
f 412/639 414/641 413/640
f 396/616 397/618 400/621
f 400/621 414/641 396/616
f 414/641 412/639 396/616
f 382/591 381/590 385/596
f 385/596 411/637 382/591
f 411/637 385/596 394/614
f 394/614 409/638 411/637
f 355/556 358/560 359/561
f 359/561 428/552 355/556
f 415/643 416/644 358/560
f 358/560 354/555 415/643
f 417/645 418/646 359/561
f 359/561 416/644 417/645
f 359/561 358/560 416/644
f 419/647 418/646 417/645
f 417/645 420/648 419/647
f 418/646 419/647 352/553
f 352/553 359/561 418/646
f 420/648 373/579 372/578
f 372/578 419/647 420/648
f 352/553 419/647 372/578
f 424/557 421/649 415/643
f 415/643 354/555 424/557
f 407/631 422/650 423/651
f 423/651 404/627 407/631
f 422/650 356/652 357/653
f 357/653 423/651 422/650
f 424/654 356/655 422/656
f 402/624 407/657 399/625
f 422/656 407/657 402/624
f 402/624 424/654 422/656
f 424/654 402/624 401/623
f 401/623 425/658 424/654
f 425/658 421/659 424/654
f 423/651 426/660 405/628
f 405/628 404/627 423/651
f 357/653 426/660 423/651
f 427/661 426/660 357/653
f 357/653 355/662 427/661
f 426/660 427/661 408/633
f 408/633 405/628 426/660
f 410/636 428/663 366/567
f 366/567 363/566 410/636
f 355/662 428/663 410/636
f 410/636 408/633 355/662
f 408/633 427/661 355/662
f 389/604 429/664 430/665
f 430/665 391/607 389/604
f 391/607 430/665 431/666
f 431/666 393/611 391/607
f 429/664 389/604 388/603
f 388/603 432/667 429/664
f 388/603 390/606 433/668
f 433/668 432/667 388/603
f 420/648 433/669 387/601
f 387/601 373/579 420/648
f 387/601 433/669 390/602
f 434/670 416/644 415/643
f 415/643 437/671 434/670
f 421/649 435/672 437/671
f 437/671 415/643 421/649
f 401/623 436/673 437/674
f 437/674 435/675 401/623
f 421/659 425/658 401/623
f 401/623 435/675 421/659
f 436/673 401/623 438/676
f 438/676 395/677 436/673
f 395/677 439/678 440/679
f 440/679 436/673 395/677
f 439/678 430/665 429/664
f 429/664 440/679 439/678
f 430/665 439/678 431/666
f 434/670 441/680 417/645
f 417/645 416/644 434/670
f 420/648 417/645 441/680
f 441/680 433/669 420/648
f 436/673 440/679 441/681
f 441/681 434/682 436/673
f 437/674 436/673 434/682
f 440/679 429/664 432/667
f 432/667 441/681 440/679
f 433/668 441/681 432/667
f 365/569 411/589 409/635
f 438/676 401/623 398/622
f 399/620 407/683 403/626
f 442/684 546/685 443/686
f 443/686 444/687 442/684
f 445/688 444/687 443/686
f 443/686 446/689 445/688
f 446/689 541/690 447/691
f 447/691 445/688 446/689
f 448/692 447/691 541/690
f 541/690 540/693 448/692
f 448/692 540/693 449/694
f 449/694 450/695 448/692
f 450/695 449/694 451/696
f 451/696 452/697 450/695
f 453/698 448/692 450/695
f 450/695 454/699 453/698
f 455/700 453/698 454/699
f 454/699 456/701 455/700
f 456/701 457/702 458/703
f 458/703 455/700 456/701
f 457/702 459/704 520/705
f 520/705 458/703 457/702
f 460/706 452/697 451/696
f 451/696 461/707 460/706
f 461/707 543/708 462/709
f 462/709 460/706 461/707
f 543/710 463/711 464/712
f 464/712 462/713 543/710
f 465/714 466/715 462/713
f 462/713 464/712 465/714
f 467/716 475/717 466/715
f 466/715 465/714 467/716
f 468/718 475/717 467/716
f 467/716 469/719 468/718
f 470/720 468/718 469/719
f 469/719 471/721 470/720
f 521/722 520/705 459/704
f 459/704 472/723 521/722
f 470/724 521/722 472/723
f 472/723 468/725 470/724
f 456/701 454/699 473/726
f 473/726 457/702 456/701
f 473/726 454/699 450/695
f 450/695 452/697 473/726
f 459/704 473/726 474/727
f 474/727 472/723 459/704
f 457/702 473/726 459/704
f 475/728 468/725 474/727
f 474/727 468/725 472/723
f 474/727 473/726 452/697
f 452/697 460/706 474/727
f 462/709 466/729 474/727
f 474/727 460/706 462/709
f 474/727 466/729 475/728
f 458/703 476/730 477/731
f 477/731 455/700 458/703
f 478/732 477/731 476/730
f 476/730 479/733 478/732
f 479/733 480/734 481/735
f 481/735 478/732 479/733
f 480/734 482/736 483/737
f 483/737 481/735 480/734
f 482/736 484/738 485/739
f 485/739 483/737 482/736
f 484/738 486/740 487/741
f 487/741 485/739 484/738
f 488/742 489/743 490/744
f 490/744 491/745 488/742
f 492/746 487/741 491/745
f 491/745 493/747 492/746
f 488/742 491/745 487/741
f 487/741 486/740 488/742
f 494/748 492/746 493/747
f 493/747 495/749 494/748
f 495/749 496/750 497/751
f 497/751 494/748 495/749
f 494/748 497/751 546/685
f 546/685 442/684 494/748
f 496/750 495/749 498/752
f 498/752 499/753 496/750
f 498/752 500/754 499/753
f 501/755 544/756 500/754
f 500/754 498/752 501/755
f 501/755 505/757 545/758
f 545/758 544/756 501/755
f 506/759 505/757 501/755
f 489/743 502/760 503/761
f 503/761 490/744 489/743
f 504/762 505/763 506/764
f 506/764 512/765 504/762
f 512/765 508/766 507/767
f 507/767 504/762 512/765
f 509/768 508/769 503/761
f 503/761 502/760 509/768
f 509/770 507/767 508/766
f 510/771 498/752 495/749
f 495/749 493/747 510/771
f 493/747 491/745 490/744
f 490/744 510/771 493/747
f 498/752 510/771 511/772
f 511/772 501/755 498/752
f 501/755 511/772 512/773
f 512/773 506/759 501/755
f 508/769 512/773 511/772
f 511/772 503/761 508/769
f 503/761 511/772 510/771
f 510/771 490/744 503/761
f 513/774 507/767 509/770
f 509/770 528/775 513/774
f 526/776 528/777 509/768
f 509/768 502/760 526/776
f 528/775 514/778 515/779
f 515/779 513/774 528/775
f 514/778 525/780 516/781
f 516/781 515/779 514/778
f 471/721 517/782 523/783
f 523/783 470/720 471/721
f 517/782 516/781 525/780
f 525/780 523/783 517/782
f 502/760 489/743 518/784
f 518/784 526/776 502/760
f 486/740 527/785 488/742
f 489/743 488/742 527/785
f 527/785 518/784 489/743
f 484/738 482/736 480/734
f 480/734 527/785 484/738
f 519/786 520/787 521/788
f 521/788 522/789 519/786
f 458/790 520/787 519/786
f 519/786 476/791 458/790
f 523/792 522/789 521/788
f 521/788 470/793 523/792
f 519/786 524/794 480/795
f 480/795 479/796 519/786
f 476/791 519/786 479/796
f 523/792 525/797 524/794
f 524/794 522/789 523/792
f 524/794 519/786 522/789
f 526/798 518/799 527/800
f 527/800 528/801 526/798
f 525/797 514/802 528/801
f 528/801 524/794 525/797
f 528/801 527/800 480/795
f 480/795 524/794 528/801
f 478/732 447/691 453/698
f 453/698 477/731 478/732
f 455/700 477/731 453/698
f 448/692 453/698 447/691
f 447/691 478/732 481/735
f 481/735 445/688 447/691
f 445/688 481/735 483/737
f 483/737 444/687 445/688
f 487/741 492/746 494/748
f 494/748 485/739 487/741
f 485/739 494/748 442/684
f 485/739 444/687 483/737
f 505/763 529/803 530/804
f 530/804 545/805 505/763
f 531/806 530/804 529/803
f 529/803 532/807 531/806
f 532/807 533/808 542/809
f 542/809 531/806 532/807
f 533/808 463/711 543/710
f 543/710 542/809 533/808
f 504/762 534/810 529/803
f 529/803 505/763 504/762
f 513/774 534/810 504/762
f 504/762 507/767 513/774
f 515/779 516/781 535/811
f 535/811 534/810 515/779
f 534/810 513/774 515/779
f 532/807 529/803 534/810
f 534/810 535/811 532/807
f 516/781 517/782 536/812
f 536/812 535/811 516/781
f 532/807 535/811 536/812
f 536/812 533/808 532/807
f 536/812 465/714 464/712
f 464/712 463/711 536/812
f 533/808 536/812 463/711
f 469/719 467/716 537/813
f 537/813 471/721 469/719
f 471/721 537/813 536/812
f 536/812 517/782 471/721
f 536/812 537/813 467/716
f 467/716 465/714 536/812
f 538/814 446/815 443/816
f 443/816 539/817 538/814
f 538/814 539/817 530/818
f 530/818 531/819 538/814
f 538/814 540/820 541/821
f 541/821 446/815 538/814
f 538/814 451/822 449/823
f 449/823 540/820 538/814
f 542/824 543/825 461/826
f 461/826 538/814 542/824
f 542/824 538/814 531/819
f 538/814 461/826 451/822
f 500/827 544/828 545/829
f 545/829 539/817 500/827
f 530/818 539/817 545/829
f 497/830 496/831 499/832
f 499/832 546/833 497/830
f 546/833 499/832 500/827
f 500/827 539/817 546/833
f 539/817 443/816 546/833
f 486/740 484/738 527/785
f 485/739 442/684 444/687
f 547/834 548/835 549/836
f 549/836 550/837 547/834
f 548/835 551/838 552/839
f 552/839 549/836 548/835
f 551/838 553/840 554/841
f 554/841 552/839 551/838
f 553/840 555/842 556/843
f 556/843 554/841 553/840
f 555/842 557/844 558/845
f 558/845 556/843 555/842
f 557/844 559/846 560/847
f 560/847 558/845 557/844
f 559/846 561/848 562/849
f 562/849 560/847 559/846
f 561/848 563/850 564/851
f 564/851 562/849 561/848
f 563/850 565/852 566/853
f 566/853 564/851 563/850
f 565/852 567/854 568/855
f 568/855 566/853 565/852
f 567/854 569/856 570/857
f 570/857 568/855 567/854
f 569/858 547/834 550/837
f 550/837 570/859 569/858
f 548/835 547/834 571/860
f 571/860 572/861 548/835
f 551/838 548/835 572/861
f 572/861 573/862 551/838
f 553/840 551/838 573/862
f 573/862 574/863 553/840
f 555/842 553/840 574/863
f 574/863 575/864 555/842
f 557/844 555/842 575/864
f 575/864 576/865 557/844
f 559/846 557/844 576/865
f 576/865 577/866 559/846
f 561/848 559/846 577/866
f 577/866 578/867 561/848
f 563/850 561/848 578/867
f 578/867 579/868 563/850
f 565/852 563/850 579/868
f 579/868 580/869 565/852
f 567/854 565/852 580/869
f 580/869 581/870 567/854
f 569/856 567/854 581/870
f 581/870 582/871 569/856
f 547/834 569/858 582/872
f 582/872 571/860 547/834
f 583/873 584/874 585/875
f 585/875 586/876 583/873
f 587/877 583/873 586/876
f 586/876 588/878 587/877
f 589/879 587/877 588/878
f 588/878 590/880 589/879
f 591/881 589/879 590/880
f 590/880 592/882 591/881
f 593/883 591/881 592/882
f 592/882 594/884 593/883
f 595/885 593/883 594/884
f 594/884 596/886 595/885
f 597/887 595/885 596/886
f 596/886 598/888 597/887
f 599/889 597/887 598/888
f 598/888 600/890 599/889
f 601/891 599/889 600/890
f 600/890 602/892 601/891
f 603/893 601/891 602/892
f 602/892 604/894 603/893
f 605/895 603/893 604/894
f 604/894 606/896 605/895
f 584/874 605/897 606/898
f 606/898 585/875 584/874
f 607/899 608/900 609/901
f 609/901 610/902 607/899
f 611/903 607/899 610/902
f 610/902 612/904 611/903
f 613/905 611/903 612/904
f 612/904 614/906 613/905
f 615/907 613/905 614/906
f 614/906 616/908 615/907
f 617/909 615/907 616/908
f 616/908 618/910 617/909
f 619/911 617/909 618/910
f 618/910 620/912 619/911
f 621/913 619/911 620/912
f 620/912 622/914 621/913
f 623/915 621/913 622/914
f 622/914 624/916 623/915
f 625/917 623/915 624/916
f 624/916 626/918 625/917
f 627/919 625/917 626/918
f 626/918 628/920 627/919
f 629/921 627/919 628/920
f 628/920 630/922 629/921
f 608/900 629/923 630/924
f 630/924 609/901 608/900
f 631/925 632/926 633/927
f 633/927 634/928 631/925
f 632/926 635/929 636/930
f 636/930 633/927 632/926
f 635/929 637/931 638/932
f 638/932 636/930 635/929
f 637/931 639/933 640/934
f 640/934 638/932 637/931
f 639/933 641/935 642/936
f 642/936 640/934 639/933
f 641/935 643/937 644/938
f 644/938 642/936 641/935
f 643/937 645/939 646/940
f 646/940 644/938 643/937
f 645/939 647/941 648/942
f 648/942 646/940 645/939
f 647/941 649/943 650/944
f 650/944 648/942 647/941
f 649/943 651/945 652/946
f 652/946 650/944 649/943
f 651/945 653/947 654/948
f 654/948 652/946 651/945
f 653/949 631/925 634/928
f 634/928 654/950 653/949
f 655/951 656/952 657/953
f 657/953 658/954 655/951
f 659/955 655/951 658/954
f 658/954 660/956 659/955
f 661/957 659/955 660/956
f 660/956 662/958 661/957
f 665/959 661/957 662/958
f 662/958 663/960 665/959
f 664/961 665/962 663/963
f 663/963 666/964 664/961
f 667/965 664/961 666/964
f 666/964 668/966 667/965
f 669/967 667/965 668/966
f 668/966 670/968 669/967
f 671/969 669/967 670/968
f 670/968 672/970 671/969
f 673/971 671/969 672/970
f 672/970 674/972 673/971
f 675/973 673/971 674/972
f 674/972 676/974 675/973
f 677/975 675/973 676/974
f 676/974 678/976 677/975
f 656/952 677/975 678/976
f 678/976 657/953 656/952
f 679/977 680/978 681/979
f 681/979 682/980 679/977
f 683/981 679/977 682/980
f 682/980 684/982 683/981
f 685/983 683/981 684/982
f 684/982 686/984 685/983
f 689/985 685/983 686/984
f 686/984 687/986 689/985
f 688/987 689/988 687/989
f 687/989 690/990 688/987
f 691/991 688/987 690/990
f 690/990 692/992 691/991
f 693/993 691/991 692/992
f 692/992 694/994 693/993
f 695/995 693/993 694/994
f 694/994 696/996 695/995
f 697/997 695/995 696/996
f 696/996 698/998 697/997
f 699/999 697/997 698/998
f 698/998 700/1000 699/999
f 701/1001 699/999 700/1000
f 700/1000 702/1002 701/1001
f 680/978 701/1001 702/1002
f 702/1002 681/979 680/978
f 703/1003 704/1004 705/1005
f 705/1005 706/1006 703/1003
f 707/1007 703/1003 706/1006
f 706/1006 708/1008 707/1007
f 709/1009 707/1007 708/1008
f 708/1008 710/1010 709/1009
f 711/1011 709/1009 710/1010
f 710/1010 712/1012 711/1011
f 713/1013 711/1011 712/1012
f 712/1012 714/1014 713/1013
f 715/1015 713/1013 714/1014
f 714/1014 716/1016 715/1015
f 717/1017 715/1015 716/1016
f 716/1016 718/1018 717/1017
f 719/1019 717/1017 718/1018
f 718/1018 720/1020 719/1019
f 721/1021 719/1019 720/1020
f 720/1020 722/1022 721/1021
f 723/1023 721/1021 722/1022
f 722/1022 724/1024 723/1023
f 725/1025 723/1023 724/1024
f 724/1024 726/1026 725/1025
f 704/1004 725/1027 726/1028
f 726/1028 705/1005 704/1004
f 727/1029 728/1030 729/1031
f 729/1031 730/1032 727/1029
f 728/1030 731/1033 732/1034
f 732/1034 729/1031 728/1030
f 731/1033 733/1035 734/1036
f 734/1036 732/1034 731/1033
f 733/1035 735/1037 736/1038
f 736/1038 734/1036 733/1035
f 735/1037 737/1039 736/1038
f 736/1038 737/1039 738/1040
f 737/1039 739/1041 738/1040
f 739/1041 740/1042 738/1040
f 738/1040 740/1042 741/1043
f 740/1042 742/1044 741/1043
f 743/1045 744/1046 745/1047
f 744/1046 741/1043 745/1047
f 742/1044 745/1047 741/1043
f 743/1045 746/1048 744/1046
f 747/1049 748/1050 746/1048
f 746/1048 748/1050 744/1046
f 747/1049 749/1051 748/1050
f 748/1050 749/1051 750/1052
f 749/1051 751/1053 750/1052
f 752/1054 753/1055 754/1056
f 750/1052 751/1053 753/1055
f 751/1053 754/1056 753/1055
f 752/1054 755/1057 756/1058
f 756/1058 753/1055 752/1054
f 755/1059 727/1029 730/1032
f 730/1032 756/1060 755/1059
f 757/1061 758/1062 759/1063
f 759/1063 760/1064 757/1061
f 761/1065 758/1062 757/1061
f 757/1061 762/1066 761/1065
f 763/1067 764/1068 761/1065
f 761/1065 762/1066 763/1067
f 765/1069 766/1070 764/1068
f 764/1068 763/1067 765/1069
f 767/1071 766/1070 765/1069
f 765/1069 768/1072 767/1071
f 769/1073 767/1071 768/1072
f 768/1072 770/1074 769/1073
f 773/1075 769/1073 770/1074
f 770/1074 774/1076 773/1075
f 771/1077 772/1078 773/1079
f 773/1079 774/1080 771/1077
f 760/1064 759/1063 772/1078
f 772/1078 771/1077 760/1064
f 772/1078 759/1063 750/1052
f 750/1052 753/1055 772/1078
f 773/1079 772/1078 753/1055
f 753/1055 756/1058 773/1079
f 730/1032 773/1075 756/1060
f 729/1031 769/1073 773/1075
f 773/1075 730/1032 729/1031
f 732/1034 769/1073 729/1031
f 734/1036 767/1071 769/1073
f 769/1073 732/1034 734/1036
f 736/1038 766/1070 767/1071
f 767/1071 734/1036 736/1038
f 764/1068 766/1070 736/1038
f 736/1038 738/1040 764/1068
f 761/1065 764/1068 738/1040
f 738/1040 741/1043 761/1065
f 744/1046 758/1062 761/1065
f 761/1065 741/1043 744/1046
f 759/1063 758/1062 744/1046
f 744/1046 748/1050 759/1063
f 750/1052 759/1063 748/1050
f 775/1081 765/1069 763/1067
f 763/1067 776/1082 775/1081
f 763/1067 762/1066 777/1083
f 777/1083 776/1082 763/1067
f 757/1061 778/1084 777/1083
f 777/1083 762/1066 757/1061
f 760/1064 779/1085 778/1084
f 778/1084 757/1061 760/1064
f 779/1085 760/1064 771/1077
f 771/1077 780/1086 779/1085
f 774/1080 781/1087 780/1086
f 780/1086 771/1077 774/1080
f 781/1088 774/1076 770/1074
f 770/1074 782/1089 781/1088
f 768/1072 783/1090 782/1089
f 782/1089 770/1074 768/1072
f 783/1090 768/1072 765/1069
f 765/1069 775/1081 783/1090
f 784/1091 778/1084 779/1085
f 779/1085 785/1092 784/1091
f 780/1086 786/1093 785/1092
f 785/1092 779/1085 780/1086
f 781/1087 794/1094 786/1093
f 786/1093 780/1086 781/1087
f 782/1089 787/1095 794/1096
f 794/1096 781/1088 782/1089
f 783/1090 788/1097 787/1095
f 787/1095 782/1089 783/1090
f 775/1081 788/1097 783/1090
f 776/1082 789/1098 788/1097
f 788/1097 775/1081 776/1082
f 789/1098 776/1082 777/1083
f 777/1083 790/1099 789/1098
f 778/1084 784/1091 790/1099
f 790/1099 777/1083 778/1084
f 790/1100 791/1101 792/1102
f 792/1102 789/1103 790/1100
f 789/1103 792/1102 788/1104
f 788/1104 792/1102 793/1105
f 793/1105 787/1106 788/1104
f 793/1105 794/1107 787/1106
f 794/1107 793/1105 795/1108
f 795/1108 786/1109 794/1107
f 796/1110 785/1111 786/1109
f 786/1109 795/1108 796/1110
f 791/1101 784/1112 785/1111
f 785/1111 796/1110 791/1101
f 791/1101 790/1100 784/1112
f 797/1113 792/1102 791/1101
f 797/1113 795/1108 793/1105
f 797/1113 791/1101 796/1110
f 797/1113 793/1105 792/1102
f 795/1108 797/1113 796/1110
f 570/859 550/837 685/983
f 685/983 689/985 570/859
f 568/855 570/857 689/988
f 689/988 688/987 568/855
f 566/853 568/855 688/987
f 688/987 691/991 566/853
f 564/851 566/853 691/991
f 691/991 693/993 564/851
f 562/849 564/851 693/993
f 693/993 695/995 562/849
f 560/847 562/849 695/995
f 695/995 697/997 560/847
f 558/845 560/847 697/997
f 697/997 699/999 558/845
f 556/843 558/845 699/999
f 699/999 701/1001 556/843
f 554/841 556/843 701/1001
f 701/1001 680/978 554/841
f 552/839 554/841 680/978
f 680/978 679/977 552/839
f 549/836 552/839 679/977
f 679/977 683/981 549/836
f 550/837 549/836 683/981
f 683/981 685/983 550/837
f 687/986 686/984 798/1114
f 798/1114 799/1115 687/986
f 690/990 687/989 799/1116
f 799/1116 800/1117 690/990
f 692/992 690/990 800/1117
f 800/1117 801/1118 692/992
f 694/994 692/992 801/1118
f 801/1118 802/1119 694/994
f 696/996 694/994 802/1119
f 802/1119 803/1120 696/996
f 698/998 696/996 803/1120
f 803/1120 804/1121 698/998
f 700/1000 698/998 804/1121
f 804/1121 805/1122 700/1000
f 702/1002 700/1000 805/1122
f 805/1122 806/1123 702/1002
f 681/979 702/1002 806/1123
f 806/1123 807/1124 681/979
f 682/980 681/979 807/1124
f 807/1124 808/1125 682/980
f 684/982 682/980 808/1125
f 808/1125 809/1126 684/982
f 686/984 684/982 809/1126
f 809/1126 798/1114 686/984
f 662/958 660/956 632/926
f 632/926 631/925 662/958
f 663/960 662/958 631/925
f 631/925 653/949 663/960
f 651/945 666/964 663/963
f 663/963 653/947 651/945
f 668/966 666/964 651/945
f 651/945 649/943 668/966
f 670/968 668/966 649/943
f 649/943 647/941 670/968
f 672/970 670/968 647/941
f 647/941 645/939 672/970
f 674/972 672/970 645/939
f 645/939 643/937 674/972
f 676/974 674/972 643/937
f 643/937 641/935 676/974
f 678/976 676/974 641/935
f 641/935 639/933 678/976
f 657/953 678/976 639/933
f 639/933 637/931 657/953
f 658/954 657/953 637/931
f 637/931 635/929 658/954
f 660/956 658/954 635/929
f 635/929 632/926 660/956
f 654/950 634/928 727/1029
f 727/1029 755/1059 654/950
f 652/946 654/948 755/1057
f 755/1057 752/1054 652/946
f 754/1056 652/946 752/1054
f 648/942 749/1051 747/1049
f 646/940 746/1048 743/1045
f 745/1047 646/940 743/1045
f 642/936 740/1042 739/1041
f 640/934 737/1039 735/1037
f 638/932 640/934 735/1037
f 735/1037 733/1035 638/932
f 636/930 638/932 733/1035
f 733/1035 731/1033 636/930
f 633/927 636/930 731/1033
f 731/1033 728/1030 633/927
f 634/928 633/927 728/1030
f 728/1030 727/1029 634/928
f 572/861 571/860 584/874
f 584/874 583/873 572/861
f 573/862 572/861 583/873
f 583/873 587/877 573/862
f 574/863 573/862 587/877
f 587/877 589/879 574/863
f 575/864 574/863 589/879
f 589/879 591/881 575/864
f 576/865 575/864 591/881
f 591/881 593/883 576/865
f 577/866 576/865 593/883
f 593/883 595/885 577/866
f 578/867 577/866 595/885
f 595/885 597/887 578/867
f 579/868 578/867 597/887
f 597/887 599/889 579/868
f 580/869 579/868 599/889
f 599/889 601/891 580/869
f 581/870 580/869 601/891
f 601/891 603/893 581/870
f 582/871 581/870 603/893
f 603/893 605/895 582/871
f 571/860 582/872 605/897
f 605/897 584/874 571/860
f 586/876 585/875 608/900
f 608/900 607/899 586/876
f 588/878 586/876 607/899
f 607/899 611/903 588/878
f 590/880 588/878 611/903
f 611/903 613/905 590/880
f 592/882 590/880 613/905
f 613/905 615/907 592/882
f 594/884 592/882 615/907
f 615/907 617/909 594/884
f 596/886 594/884 617/909
f 617/909 619/911 596/886
f 598/888 596/886 619/911
f 619/911 621/913 598/888
f 600/890 598/888 621/913
f 621/913 623/915 600/890
f 602/892 600/890 623/915
f 623/915 625/917 602/892
f 604/894 602/892 625/917
f 625/917 627/919 604/894
f 606/896 604/894 627/919
f 627/919 629/921 606/896
f 585/875 606/898 629/923
f 629/923 608/900 585/875
f 612/904 610/902 703/1003
f 703/1003 707/1007 612/904
f 614/906 612/904 707/1007
f 707/1007 709/1009 614/906
f 616/908 614/906 709/1009
f 709/1009 711/1011 616/908
f 618/910 616/908 711/1011
f 711/1011 713/1013 618/910
f 620/912 618/910 713/1013
f 713/1013 715/1015 620/912
f 622/914 620/912 715/1015
f 715/1015 717/1017 622/914
f 624/916 622/914 717/1017
f 717/1017 719/1019 624/916
f 626/918 624/916 719/1019
f 719/1019 721/1021 626/918
f 628/920 626/918 721/1021
f 721/1021 723/1023 628/920
f 630/922 628/920 723/1023
f 723/1023 725/1025 630/922
f 609/901 630/924 725/1027
f 725/1027 704/1004 609/901
f 610/902 609/901 704/1004
f 704/1004 703/1003 610/902
f 799/1115 798/1114 661/957
f 661/957 665/959 799/1115
f 800/1117 799/1116 665/962
f 665/962 664/961 800/1117
f 801/1118 800/1117 664/961
f 664/961 667/965 801/1118
f 802/1119 801/1118 667/965
f 667/965 669/967 802/1119
f 803/1120 802/1119 669/967
f 669/967 671/969 803/1120
f 804/1121 803/1120 671/969
f 671/969 673/971 804/1121
f 805/1122 804/1121 673/971
f 673/971 675/973 805/1122
f 806/1123 805/1122 675/973
f 675/973 677/975 806/1123
f 807/1124 806/1123 677/975
f 677/975 656/952 807/1124
f 808/1125 807/1124 656/952
f 656/952 655/951 808/1125
f 809/1126 808/1125 655/951
f 655/951 659/955 809/1126
f 798/1114 809/1126 659/955
f 659/955 661/957 798/1114
f 650/944 652/946 754/1056
f 754/1056 751/1053 650/944
f 648/942 650/944 751/1053
f 751/1053 749/1051 648/942
f 646/940 648/942 747/1049
f 747/1049 746/1048 646/940
f 644/938 646/940 745/1047
f 745/1047 742/1044 644/938
f 644/938 742/1044 740/1042
f 740/1042 642/936 644/938
f 642/936 739/1041 737/1039
f 737/1039 640/934 642/936
f 810/1127 914/1128 908/1129
f 908/1129 811/1130 810/1127
f 812/1131 811/1130 908/1129
f 908/1129 813/1132 812/1131
f 813/1132 910/1133 814/1134
f 814/1134 812/1131 813/1132
f 815/1135 814/1134 910/1133
f 910/1133 816/1136 815/1135
f 815/1135 816/1136 817/1137
f 817/1137 818/1138 815/1135
f 818/1138 817/1137 911/1139
f 911/1139 819/1140 818/1138
f 820/1141 815/1135 818/1138
f 818/1138 821/1142 820/1141
f 822/1143 820/1141 821/1142
f 821/1142 823/1144 822/1143
f 823/1144 824/1145 825/1146
f 825/1146 822/1143 823/1144
f 824/1145 826/1147 827/1148
f 827/1148 825/1146 824/1145
f 828/1149 819/1140 911/1139
f 911/1139 829/1150 828/1149
f 829/1150 831/1151 830/1152
f 830/1152 828/1149 829/1150
f 831/1153 832/1154 833/1155
f 833/1155 830/1156 831/1153
f 834/1157 835/1158 830/1156
f 830/1156 833/1155 834/1157
f 836/1159 837/1160 835/1158
f 835/1158 834/1157 836/1159
f 838/1161 837/1160 836/1159
f 836/1159 839/1162 838/1161
f 893/1163 838/1161 839/1162
f 839/1162 840/1164 893/1163
f 841/1165 827/1148 826/1147
f 826/1147 842/1166 841/1165
f 893/1167 841/1165 842/1166
f 842/1166 838/1168 893/1167
f 823/1144 821/1142 843/1169
f 843/1169 824/1145 823/1144
f 843/1169 821/1142 818/1138
f 818/1138 819/1140 843/1169
f 826/1147 843/1169 844/1170
f 844/1170 842/1166 826/1147
f 824/1145 843/1169 826/1147
f 837/1171 838/1168 844/1170
f 844/1170 838/1168 842/1166
f 844/1170 843/1169 819/1140
f 819/1140 828/1149 844/1170
f 830/1152 835/1172 844/1170
f 844/1170 828/1149 830/1152
f 844/1170 835/1172 837/1171
f 825/1146 845/1173 846/1174
f 846/1174 822/1143 825/1146
f 847/1175 846/1174 845/1173
f 845/1173 848/1176 847/1175
f 848/1176 849/1177 850/1178
f 850/1178 847/1175 848/1176
f 849/1177 851/1179 852/1180
f 852/1180 850/1178 849/1177
f 851/1179 853/1181 854/1182
f 854/1182 852/1180 851/1179
f 853/1181 855/1183 856/1184
f 856/1184 854/1182 853/1181
f 857/1185 858/1186 859/1187
f 859/1187 860/1188 857/1185
f 861/1189 856/1184 860/1188
f 860/1188 862/1190 861/1189
f 857/1185 860/1188 856/1184
f 856/1184 855/1183 857/1185
f 863/1191 861/1189 862/1190
f 862/1190 864/1192 863/1191
f 864/1192 865/1193 866/1194
f 866/1194 863/1191 864/1192
f 863/1191 866/1194 914/1128
f 914/1128 810/1127 863/1191
f 865/1193 864/1192 867/1195
f 867/1195 868/1196 865/1193
f 867/1195 869/1197 868/1196
f 870/1198 871/1199 869/1197
f 869/1197 867/1195 870/1198
f 870/1198 875/1200 913/1201
f 913/1201 871/1199 870/1198
f 876/1202 875/1200 870/1198
f 858/1186 872/1203 873/1204
f 873/1204 859/1187 858/1186
f 874/1205 875/1206 876/1207
f 876/1207 877/1208 874/1205
f 877/1208 880/1209 878/1210
f 878/1210 874/1205 877/1208
f 879/1211 880/1212 873/1204
f 873/1204 872/1203 879/1211
f 879/1213 878/1210 880/1209
f 881/1214 867/1195 864/1192
f 864/1192 862/1190 881/1214
f 862/1190 860/1188 859/1187
f 859/1187 881/1214 862/1190
f 867/1195 881/1214 882/1215
f 882/1215 870/1198 867/1195
f 870/1198 882/1215 877/1216
f 877/1216 876/1202 870/1198
f 880/1212 877/1216 882/1215
f 882/1215 873/1204 880/1212
f 873/1204 882/1215 881/1214
f 881/1214 859/1187 873/1204
f 883/1217 878/1210 879/1213
f 879/1213 897/1218 883/1217
f 895/1219 897/1220 879/1211
f 879/1211 872/1203 895/1219
f 897/1218 884/1221 885/1222
f 885/1222 883/1217 897/1218
f 884/1221 886/1223 887/1224
f 887/1224 885/1222 884/1221
f 840/1164 888/1225 889/1226
f 889/1226 893/1163 840/1164
f 888/1225 887/1224 886/1223
f 886/1223 889/1226 888/1225
f 872/1203 858/1186 890/1227
f 890/1227 895/1219 872/1203
f 855/1183 896/1228 857/1185
f 858/1186 857/1185 896/1228
f 896/1228 890/1227 858/1186
f 853/1181 851/1179 849/1177
f 849/1177 896/1228 853/1181
f 891/1229 827/1230 841/1231
f 841/1231 892/1232 891/1229
f 825/1233 827/1230 891/1229
f 891/1229 845/1234 825/1233
f 889/1235 892/1232 841/1231
f 841/1231 893/1236 889/1235
f 891/1229 894/1237 849/1238
f 849/1238 848/1239 891/1229
f 845/1234 891/1229 848/1239
f 889/1235 886/1240 894/1237
f 894/1237 892/1232 889/1235
f 894/1237 891/1229 892/1232
f 895/1241 890/1242 896/1243
f 896/1243 897/1244 895/1241
f 886/1240 884/1245 897/1244
f 897/1244 894/1237 886/1240
f 897/1244 896/1243 849/1238
f 849/1238 894/1237 897/1244
f 847/1175 814/1134 820/1141
f 820/1141 846/1174 847/1175
f 822/1143 846/1174 820/1141
f 815/1135 820/1141 814/1134
f 814/1134 847/1175 850/1178
f 850/1178 812/1131 814/1134
f 812/1131 850/1178 852/1180
f 852/1180 811/1130 812/1131
f 856/1184 861/1189 863/1191
f 863/1191 854/1182 856/1184
f 854/1182 863/1191 810/1127
f 854/1182 811/1130 852/1180
f 875/1206 898/1246 899/1247
f 899/1247 913/1248 875/1206
f 900/1249 899/1247 898/1246
f 898/1246 901/1250 900/1249
f 901/1250 902/1251 912/1252
f 912/1252 900/1249 901/1250
f 902/1251 832/1154 831/1153
f 831/1153 912/1252 902/1251
f 874/1205 903/1253 898/1246
f 898/1246 875/1206 874/1205
f 883/1217 903/1253 874/1205
f 874/1205 878/1210 883/1217
f 885/1222 887/1224 904/1254
f 904/1254 903/1253 885/1222
f 903/1253 883/1217 885/1222
f 901/1250 898/1246 903/1253
f 903/1253 904/1254 901/1250
f 887/1224 888/1225 905/1255
f 905/1255 904/1254 887/1224
f 901/1250 904/1254 905/1255
f 905/1255 902/1251 901/1250
f 905/1255 834/1157 833/1155
f 833/1155 832/1154 905/1255
f 902/1251 905/1255 832/1154
f 839/1162 836/1159 906/1256
f 906/1256 840/1164 839/1162
f 840/1164 906/1256 905/1255
f 905/1255 888/1225 840/1164
f 905/1255 906/1256 836/1159
f 836/1159 834/1157 905/1255
f 907/1257 813/1258 908/1259
f 908/1259 909/1260 907/1257
f 907/1257 909/1260 899/1261
f 899/1261 900/1262 907/1257
f 907/1257 816/1263 910/1264
f 910/1264 813/1258 907/1257
f 907/1257 911/1265 817/1266
f 817/1266 816/1263 907/1257
f 912/1267 831/1268 829/1269
f 829/1269 907/1257 912/1267
f 912/1267 907/1257 900/1262
f 907/1257 829/1269 911/1265
f 869/1270 871/1271 913/1272
f 913/1272 909/1260 869/1270
f 899/1261 909/1260 913/1272
f 866/1273 865/1274 868/1275
f 868/1275 914/1276 866/1273
f 914/1276 868/1275 869/1270
f 869/1270 909/1260 914/1276
f 909/1260 908/1259 914/1276
f 855/1183 853/1181 896/1228
f 854/1182 810/1127 811/1130
f 915/1277 916/1278 1276/1279
f 915/1277 1276/1279 1206/1280
f 1206/1280 917/1281 915/1277
f 917/1281 1206/1280 918/1282
f 919/1283 920/1284 921/1285
f 921/1285 922/1286 919/1283
f 920/1284 919/1283 923/1287
f 917/1281 918/1282 923/1287
f 923/1287 919/1283 917/1281
f 1208/1288 924/1289 925/1290
f 925/1290 926/1291 1208/1288
f 922/1286 921/1285 1208/1288
f 1208/1288 926/1291 922/1286
f 925/1290 924/1289 1212/1292
f 1212/1292 927/1293 925/1290
f 928/1294 929/1295 1211/1296
f 1211/1296 1210/1297 928/1294
f 927/1293 1212/1292 1211/1296
f 1211/1296 929/1295 927/1293
f 930/1298 931/1299 932/1300
f 932/1300 933/1301 930/1298
f 928/1294 1210/1297 932/1300
f 932/1300 931/1299 928/1294
f 930/1298 933/1301 1214/1302
f 1214/1302 934/1303 930/1298
f 935/1304 936/1305 934/1303
f 934/1303 1214/1302 935/1304
f 937/1306 1216/1307 938/1308
f 938/1308 939/1309 937/1306
f 940/1310 935/1304 937/1306
f 937/1306 939/1309 940/1310
f 941/1311 936/1305 935/1304
f 935/1304 940/1310 941/1311
f 942/1312 943/1313 1219/1314
f 1219/1314 1218/1315 942/1312
f 938/1308 1216/1307 1219/1314
f 1219/1314 943/1313 938/1308
f 942/1312 1218/1315 1222/1316
f 1222/1316 944/1317 942/1312
f 945/1318 946/1319 947/1320
f 947/1320 1221/1321 945/1318
f 948/1322 1222/1316 947/1320
f 947/1320 946/1319 948/1322
f 949/1323 950/1324 951/1325
f 951/1325 1224/1326 949/1323
f 945/1318 1221/1321 951/1325
f 951/1325 950/1324 945/1318
f 952/1327 953/1328 949/1323
f 949/1323 1224/1326 952/1327
f 954/1329 1227/1330 955/1331
f 952/1327 1227/1330 954/1329
f 954/1329 955/1331 1228/1332
f 1228/1332 956/1333 954/1329
f 957/1334 958/1335 1230/1336
f 956/1333 1228/1332 958/1335
f 958/1335 957/1334 956/1333
f 957/1334 1230/1336 1231/1337
f 959/1338 960/1339 1233/1340
f 1233/1340 1232/1341 959/1338
f 961/1342 1231/1337 1233/1340
f 1233/1340 960/1339 961/1342
f 959/1338 1232/1341 962/1343
f 962/1343 963/1344 959/1338
f 963/1344 962/1343 1236/1345
f 1236/1345 964/1346 963/1344
f 964/1346 1236/1345 965/1347
f 965/1347 966/1348 964/1346
f 967/1349 1238/1350 968/1351
f 968/1351 969/1352 967/1349
f 970/1353 971/1354 972/1355
f 972/1355 973/1356 970/1353
f 1240/1357 972/1355 971/1354
f 971/1354 974/1358 1240/1357
f 966/1348 965/1347 1240/1357
f 1240/1357 974/1358 966/1348
f 1238/1350 967/1349 970/1353
f 970/1353 973/1356 1238/1350
f 969/1352 968/1351 1242/1359
f 1242/1359 975/1360 969/1352
f 1243/1361 976/1362 975/1360
f 975/1360 1242/1359 1243/1361
f 976/1362 1243/1361 977/1363
f 977/1363 978/1364 976/1362
f 979/1365 978/1364 977/1363
f 977/1363 980/1366 979/1365
f 980/1366 981/1367 982/1368
f 982/1368 979/1365 980/1366
f 982/1368 981/1367 1244/1369
f 1244/1369 983/1370 982/1368
f 983/1370 1244/1369 1246/1371
f 1246/1371 984/1372 983/1370
f 985/1373 1246/1371 1248/1374
f 986/1375 1250/1376 987/1377
f 987/1377 988/1378 986/1375
f 985/1373 1248/1374 986/1375
f 986/1375 988/1378 985/1373
f 987/1377 1250/1376 1253/1379
f 1253/1379 989/1380 987/1377
f 1255/1381 990/1382 989/1380
f 989/1380 1253/1379 1255/1381
f 991/1383 992/1384 990/1382
f 990/1382 1255/1381 991/1383
f 992/1384 991/1383 993/1385
f 993/1385 994/1386 992/1384
f 995/1387 996/1388 1257/1389
f 995/1387 994/1386 993/1385
f 993/1385 996/1388 995/1387
f 995/1387 1257/1389 1260/1390
f 1260/1390 997/1391 995/1387
f 997/1391 1260/1390 1262/1392
f 1262/1392 998/1393 997/1391
f 999/1394 1000/1395 1261/1396
f 1261/1396 1001/1397 999/1394
f 1002/1398 1262/1392 1261/1396
f 1261/1396 1000/1395 1002/1398
f 999/1394 1001/1397 1003/1399
f 1003/1399 1004/1400 999/1394
f 1265/1401 1005/1402 1004/1400
f 1004/1400 1003/1399 1265/1401
f 1005/1402 1265/1401 1266/1403
f 1266/1403 1006/1404 1005/1402
f 1007/1405 1267/1406 1006/1404
f 1006/1404 1266/1403 1007/1405
f 1271/1407 1008/1408 1006/1404
f 1006/1404 1267/1406 1271/1407
f 1271/1407 1270/1409 1009/1410
f 1009/1410 1008/1408 1271/1407
f 1270/1409 1272/1411 1009/1410
f 1009/1410 1272/1411 1010/1412
f 1010/1412 1011/1413 1009/1410
f 1011/1413 1010/1412 916/1278
f 916/1278 915/1277 1011/1413
f 1002/1398 1012/1414 998/1393
f 998/1393 1262/1392 1002/1398
f 985/1373 1013/1415 984/1372
f 984/1372 1246/1371 985/1373
f 953/1328 952/1327 1014/1416
f 1231/1337 961/1342 957/1334
f 948/1322 1015/1417 944/1317
f 944/1317 1222/1316 948/1322
f 974/1358 970/1353 967/1349
f 967/1349 966/1348 974/1358
f 966/1348 967/1349 1016/1418
f 1016/1418 964/1346 966/1348
f 967/1349 969/1352 1016/1418
f 964/1346 1016/1418 1017/1419
f 1017/1419 963/1344 964/1346
f 975/1360 1017/1419 1016/1418
f 1016/1418 969/1352 975/1360
f 976/1362 1018/1420 1017/1419
f 1017/1419 975/1360 976/1362
f 961/1342 960/1339 959/1338
f 959/1338 1017/1419 961/1342
f 1019/1421 961/1342 1017/1419
f 1017/1419 1018/1420 1019/1421
f 1020/1422 1021/1423 1019/1421
f 1019/1421 1018/1420 1020/1422
f 1019/1421 1021/1423 961/1342
f 1018/1420 976/1362 978/1364
f 978/1364 1020/1422 1018/1420
f 957/1334 961/1342 1021/1423
f 1022/1424 1020/1422 978/1364
f 978/1364 979/1365 1022/1424
f 979/1365 982/1368 983/1370
f 983/1370 1022/1424 979/1365
f 1022/1424 983/1370 984/1372
f 984/1372 1023/1425 1022/1424
f 1023/1425 984/1372 1013/1415
f 1023/1425 1021/1423 1020/1422
f 1020/1422 1022/1424 1023/1425
f 1024/1426 1021/1423 1023/1425
f 1024/1426 1023/1425 1013/1415
f 1013/1415 1014/1416 1024/1426
f 956/1333 957/1334 1021/1423
f 1021/1423 1024/1426 956/1333
f 1014/1416 954/1329 956/1333
f 956/1333 1024/1426 1014/1416
f 1025/1427 1026/1428 1013/1415
f 1013/1415 985/1373 1025/1427
f 985/1373 988/1378 987/1377
f 987/1377 1025/1427 985/1373
f 987/1377 989/1380 1025/1427
f 953/1328 1027/1429 1028/1430
f 953/1328 1028/1430 950/1324
f 950/1324 949/1323 953/1328
f 1027/1429 1026/1428 1029/1431
f 1029/1431 1030/1432 1027/1429
f 1029/1431 1026/1428 1025/1427
f 1025/1427 1031/1433 1029/1431
f 1031/1433 1025/1427 989/1380
f 989/1380 990/1382 1031/1433
f 1030/1432 1028/1430 1027/1429
f 1028/1430 945/1318 950/1324
f 948/1322 946/1319 1028/1430
f 1028/1430 1030/1432 948/1322
f 1028/1430 946/1319 945/1318
f 1032/1434 1029/1431 1031/1433
f 1031/1433 1033/1435 1032/1434
f 992/1384 1033/1435 1031/1433
f 1031/1433 990/1382 992/1384
f 1015/1417 948/1322 1030/1432
f 1030/1432 1032/1434 1015/1417
f 1029/1431 1032/1434 1030/1432
f 995/1387 997/1391 1034/1436
f 994/1386 995/1387 1034/1436
f 1034/1436 1033/1435 994/1386
f 1033/1435 992/1384 994/1386
f 1034/1436 997/1391 998/1393
f 1033/1435 1034/1436 1035/1437
f 1035/1437 1032/1434 1033/1435
f 1036/1438 1035/1437 1034/1436
f 1034/1436 998/1393 1036/1438
f 943/1313 942/1312 944/1317
f 944/1317 1037/1439 943/1313
f 1037/1439 940/1310 939/1309
f 939/1309 938/1308 1037/1439
f 938/1308 943/1313 1037/1439
f 1037/1439 1035/1437 1036/1438
f 1035/1437 1037/1439 944/1317
f 944/1317 1015/1417 1035/1437
f 1032/1434 1035/1437 1015/1417
f 1038/1440 1036/1438 998/1393
f 998/1393 1012/1414 1038/1440
f 941/1311 940/1310 1037/1439
f 1037/1439 1036/1438 941/1311
f 936/1305 941/1311 1036/1438
f 1036/1438 1038/1440 936/1305
f 1000/1395 999/1394 1039/1441
f 1039/1441 1002/1398 1000/1395
f 1039/1441 999/1394 1004/1400
f 1012/1414 1002/1398 1039/1441
f 1039/1441 1038/1440 1012/1414
f 936/1305 1038/1440 1039/1441
f 1039/1441 1040/1442 936/1305
f 1040/1442 934/1303 936/1305
f 1041/1443 1042/1444 1040/1442
f 1040/1442 1039/1441 1041/1443
f 1039/1441 1004/1400 1005/1402
f 1005/1402 1041/1443 1039/1441
f 934/1303 1040/1442 1042/1444
f 1042/1444 930/1298 934/1303
f 1042/1444 1043/1445 931/1299
f 931/1299 930/1298 1042/1444
f 928/1294 931/1299 1043/1445
f 1043/1445 929/1295 928/1294
f 1042/1444 1044/1446 1043/1445
f 1044/1446 927/1293 929/1295
f 929/1295 1043/1445 1044/1446
f 1006/1404 1045/1447 1041/1443
f 1041/1443 1005/1402 1006/1404
f 1044/1446 1042/1444 1041/1443
f 1041/1443 1045/1447 1044/1446
f 1045/1447 1006/1404 1008/1408
f 1008/1408 1046/1448 1045/1447
f 1046/1448 1008/1408 1009/1410
f 925/1290 927/1293 1044/1446
f 1044/1446 1047/1449 925/1290
f 919/1283 922/1286 925/1290
f 925/1290 1047/1449 919/1283
f 1047/1449 1044/1446 1045/1447
f 1045/1447 1046/1448 1047/1449
f 1009/1410 1011/1413 915/1277
f 915/1277 1048/1450 1009/1410
f 1049/1451 1048/1450 915/1277
f 915/1277 917/1281 1049/1451
f 1046/1448 1048/1450 1049/1451
f 1049/1451 1047/1449 1046/1448
f 1049/1451 917/1281 919/1283
f 919/1283 1047/1449 1049/1451
f 970/1353 974/1358 971/1354
f 1050/1452 1051/1453 1205/1454
f 1052/1455 1053/1456 1051/1453
f 1051/1453 1050/1452 1052/1455
f 1052/1455 1054/1457 1053/1456
f 1055/1458 1056/1459 1207/1460
f 1207/1460 1057/1461 1055/1458
f 1057/1461 1058/1462 1059/1463
f 1059/1463 1055/1458 1057/1461
f 1052/1455 1059/1463 1058/1462
f 1058/1462 1054/1457 1052/1455
f 1209/1464 1060/1465 1061/1466
f 1056/1459 1060/1465 1209/1464
f 1209/1464 1207/1460 1056/1459
f 1060/1465 1062/1467 1063/1468
f 1063/1468 1061/1466 1060/1465
f 1064/1469 1065/1470 1066/1471
f 1066/1471 1067/1472 1064/1469
f 1062/1467 1067/1472 1066/1471
f 1066/1471 1063/1468 1062/1467
f 1068/1473 1213/1474 1069/1475
f 1069/1475 1070/1476 1068/1473
f 1064/1469 1070/1476 1069/1475
f 1069/1475 1065/1470 1064/1469
f 1068/1473 1071/1477 1072/1478
f 1072/1478 1213/1474 1068/1473
f 1073/1479 1072/1478 1071/1477
f 1071/1477 1074/1480 1073/1479
f 1217/1481 1075/1482 1076/1483
f 1076/1483 1215/1484 1217/1481
f 1077/1485 1075/1482 1217/1481
f 1217/1481 1073/1479 1077/1485
f 1078/1486 1077/1485 1073/1479
f 1073/1479 1074/1480 1078/1486
f 1079/1487 1080/1488 1220/1489
f 1220/1489 1081/1490 1079/1487
f 1076/1483 1081/1490 1220/1489
f 1220/1489 1215/1484 1076/1483
f 1079/1487 1082/1491 1223/1492
f 1223/1492 1080/1488 1079/1487
f 1083/1493 1084/1494 1085/1495
f 1085/1495 1086/1496 1083/1493
f 1087/1497 1086/1496 1085/1495
f 1085/1495 1223/1492 1087/1497
f 1088/1498 1089/1499 1225/1500
f 1225/1500 1090/1501 1088/1498
f 1083/1493 1090/1501 1225/1500
f 1225/1500 1084/1494 1083/1493
f 1091/1502 1089/1499 1088/1498
f 1088/1498 1092/1503 1091/1502
f 1093/1504 1226/1505 1094/1506
f 1094/1506 1095/1507 1093/1504
f 1096/1508 1095/1507 1094/1506
f 1094/1506 1091/1502 1096/1508
f 1093/1504 1097/1509 1098/1510
f 1098/1510 1226/1505 1093/1504
f 1099/1511 1229/1512 1100/1513
f 1100/1513 1101/1514 1099/1511
f 1097/1509 1101/1514 1100/1513
f 1100/1513 1098/1510 1097/1509
f 1099/1511 1102/1515 1103/1516
f 1103/1516 1229/1512 1099/1511
f 1104/1517 1105/1518 1106/1519
f 1106/1519 1107/1520 1104/1517
f 1108/1521 1107/1520 1106/1519
f 1106/1519 1103/1516 1108/1521
f 1104/1517 1109/1522 1234/1523
f 1234/1523 1105/1518 1104/1517
f 1109/1522 1110/1524 1235/1525
f 1235/1525 1234/1523 1109/1522
f 1110/1524 1111/1526 1112/1527
f 1112/1527 1235/1525 1110/1524
f 1113/1528 1114/1529 1237/1530
f 1237/1530 1115/1531 1113/1528
f 1116/1532 1239/1533 1117/1534
f 1117/1534 1118/1535 1116/1532
f 1241/1536 1119/1537 1118/1535
f 1118/1535 1117/1534 1241/1536
f 1111/1526 1119/1537 1241/1536
f 1241/1536 1112/1527 1111/1526
f 1115/1531 1239/1533 1116/1532
f 1116/1532 1113/1528 1115/1531
f 1114/1529 1120/1538 1121/1539
f 1121/1539 1237/1530 1114/1529
f 1122/1540 1121/1539 1120/1538
f 1120/1538 1123/1541 1122/1540
f 1123/1541 1124/1542 1125/1543
f 1125/1543 1122/1540 1123/1541
f 1126/1544 1127/1545 1125/1543
f 1125/1543 1124/1542 1126/1544
f 1127/1545 1126/1544 1128/1546
f 1128/1546 1129/1547 1127/1545
f 1128/1546 1130/1548 1131/1549
f 1131/1549 1129/1547 1128/1546
f 1130/1548 1132/1550 1245/1551
f 1245/1551 1131/1549 1130/1548
f 1133/1552 1247/1553 1245/1551
f 1251/1554 1134/1555 1135/1556
f 1135/1556 1249/1557 1251/1554
f 1133/1552 1134/1555 1251/1554
f 1251/1554 1247/1553 1133/1552
f 1135/1556 1136/1558 1252/1559
f 1252/1559 1249/1557 1135/1556
f 1254/1560 1252/1559 1136/1558
f 1136/1558 1137/1561 1254/1560
f 1256/1562 1254/1560 1137/1561
f 1137/1561 1138/1563 1256/1562
f 1138/1563 1139/1564 1140/1565
f 1140/1565 1256/1562 1138/1563
f 1141/1566 1142/1567 1258/1568
f 1258/1568 1139/1564 1141/1566
f 1139/1564 1258/1568 1140/1565
f 1141/1566 1259/1569 1142/1567
f 1141/1566 1143/1570 1263/1571
f 1263/1571 1259/1569 1141/1566
f 1144/1572 1145/1573 1146/1574
f 1146/1574 1147/1575 1144/1572
f 1148/1576 1147/1575 1146/1574
f 1146/1574 1263/1571 1148/1576
f 1144/1572 1149/1577 1264/1578
f 1264/1578 1145/1573 1144/1572
f 1150/1579 1264/1578 1149/1577
f 1149/1577 1151/1580 1150/1579
f 1151/1580 1152/1581 1153/1582
f 1153/1582 1150/1579 1151/1580
f 1154/1583 1152/1581 1155/1584
f 1155/1584 1156/1585 1154/1583
f 1152/1581 1154/1583 1153/1582
f 1268/1586 1156/1585 1155/1584
f 1155/1584 1157/1587 1268/1586
f 1268/1586 1157/1587 1158/1588
f 1158/1588 1269/1589 1268/1586
f 1269/1589 1158/1588 1159/1590
f 1158/1588 1160/1591 1273/1592
f 1273/1592 1159/1590 1158/1588
f 1160/1591 1050/1452 1205/1454
f 1205/1454 1273/1592 1160/1591
f 1148/1576 1263/1571 1143/1570
f 1133/1552 1245/1551 1132/1550
f 1132/1550 1161/1593 1133/1552
f 1096/1508 1091/1502 1092/1503
f 1092/1503 1162/1594 1096/1508
f 1103/1516 1102/1515 1163/1595
f 1163/1595 1108/1521 1103/1516
f 1087/1497 1223/1492 1082/1491
f 1082/1491 1164/1596 1087/1497
f 1119/1537 1165/1597 1116/1532
f 1165/1597 1166/1598 1114/1529
f 1114/1529 1113/1528 1165/1597
f 1166/1598 1165/1597 1111/1526
f 1111/1526 1110/1524 1166/1598
f 1116/1532 1165/1597 1113/1528
f 1119/1537 1111/1526 1165/1597
f 1110/1524 1109/1522 1167/1599
f 1167/1599 1166/1598 1110/1524
f 1120/1538 1114/1529 1166/1598
f 1166/1598 1168/1600 1120/1538
f 1167/1599 1168/1600 1166/1598
f 1123/1541 1120/1538 1168/1600
f 1168/1600 1169/1601 1123/1541
f 1107/1520 1108/1521 1170/1602
f 1170/1602 1104/1517 1107/1520
f 1171/1603 1170/1602 1108/1521
f 1108/1521 1163/1595 1171/1603
f 1170/1602 1167/1599 1109/1522
f 1109/1522 1104/1517 1170/1602
f 1170/1602 1171/1603 1167/1599
f 1167/1599 1171/1603 1169/1601
f 1169/1601 1168/1600 1167/1599
f 1172/1604 1169/1601 1171/1603
f 1171/1603 1173/1605 1172/1604
f 1169/1601 1172/1604 1124/1542
f 1124/1542 1123/1541 1169/1601
f 1099/1511 1101/1514 1174/1606
f 1174/1606 1102/1515 1099/1511
f 1171/1603 1163/1595 1102/1515
f 1102/1515 1174/1606 1171/1603
f 1171/1603 1174/1606 1173/1605
f 1175/1607 1126/1544 1124/1542
f 1124/1542 1172/1604 1175/1607
f 1126/1544 1175/1607 1130/1548
f 1130/1548 1128/1546 1126/1544
f 1175/1607 1176/1608 1132/1550
f 1132/1550 1130/1548 1175/1607
f 1176/1608 1177/1609 1161/1593
f 1161/1593 1132/1550 1176/1608
f 1176/1608 1175/1607 1172/1604
f 1172/1604 1173/1605 1176/1608
f 1176/1608 1178/1610 1177/1609
f 1176/1608 1173/1605 1174/1606
f 1174/1606 1097/1509 1176/1608
f 1097/1509 1174/1606 1101/1514
f 1178/1610 1176/1608 1097/1509
f 1097/1509 1179/1611 1178/1610
f 1096/1508 1178/1610 1179/1611
f 1096/1508 1179/1611 1095/1507
f 1161/1593 1177/1609 1133/1552
f 1180/1612 1177/1609 1178/1610
f 1178/1610 1181/1613 1180/1612
f 1182/1614 1133/1552 1177/1609
f 1177/1609 1180/1612 1182/1614
f 1134/1555 1133/1552 1182/1614
f 1182/1614 1135/1556 1134/1555
f 1135/1556 1182/1614 1136/1558
f 1092/1503 1183/1615 1181/1613
f 1181/1613 1162/1594 1092/1503
f 1162/1594 1181/1613 1178/1610
f 1092/1503 1088/1498 1090/1501
f 1090/1501 1183/1615 1092/1503
f 1181/1613 1184/1616 1185/1617
f 1185/1617 1180/1612 1181/1613
f 1185/1617 1186/1618 1182/1614
f 1182/1614 1180/1612 1185/1617
f 1186/1618 1137/1561 1136/1558
f 1136/1558 1182/1614 1186/1618
f 1184/1616 1181/1613 1183/1615
f 1183/1615 1187/1619 1184/1616
f 1187/1619 1183/1615 1090/1501
f 1090/1501 1083/1493 1187/1619
f 1087/1497 1184/1616 1187/1619
f 1187/1619 1086/1496 1087/1497
f 1187/1619 1083/1493 1086/1496
f 1188/1620 1189/1621 1186/1618
f 1186/1618 1185/1617 1188/1620
f 1138/1563 1137/1561 1186/1618
f 1186/1618 1189/1621 1138/1563
f 1164/1596 1188/1620 1184/1616
f 1184/1616 1087/1497 1164/1596
f 1185/1617 1184/1616 1188/1620
f 1139/1564 1190/1622 1141/1566
f 1189/1621 1190/1622 1139/1564
f 1139/1564 1138/1563 1189/1621
f 1190/1622 1143/1570 1141/1566
f 1189/1621 1188/1620 1191/1623
f 1191/1623 1190/1622 1189/1621
f 1192/1624 1143/1570 1190/1622
f 1190/1622 1191/1623 1192/1624
f 1081/1490 1193/1625 1082/1491
f 1082/1491 1079/1487 1081/1490
f 1193/1625 1076/1483 1075/1482
f 1075/1482 1077/1485 1193/1625
f 1076/1483 1193/1625 1081/1490
f 1193/1625 1192/1624 1191/1623
f 1191/1623 1164/1596 1082/1491
f 1082/1491 1193/1625 1191/1623
f 1188/1620 1164/1596 1191/1623
f 1078/1486 1192/1624 1193/1625
f 1193/1625 1077/1485 1078/1486
f 1074/1480 1192/1624 1078/1486
f 1147/1575 1148/1576 1194/1626
f 1194/1626 1144/1572 1147/1575
f 1195/1627 1149/1577 1144/1572
f 1144/1572 1194/1626 1195/1627
f 1143/1570 1192/1624 1194/1626
f 1194/1626 1148/1576 1143/1570
f 1194/1626 1192/1624 1195/1627
f 1074/1480 1196/1628 1195/1627
f 1195/1627 1192/1624 1074/1480
f 1196/1628 1074/1480 1071/1477
f 1197/1629 1195/1627 1196/1628
f 1196/1628 1198/1630 1197/1629
f 1195/1627 1197/1629 1151/1580
f 1151/1580 1149/1577 1195/1627
f 1071/1477 1068/1473 1198/1630
f 1198/1630 1196/1628 1071/1477
f 1198/1630 1068/1473 1070/1476
f 1070/1476 1199/1631 1198/1630
f 1064/1469 1067/1472 1199/1631
f 1199/1631 1070/1476 1064/1469
f 1199/1631 1067/1472 1062/1467
f 1152/1581 1151/1580 1197/1629
f 1197/1629 1200/1632 1152/1581
f 1199/1631 1200/1632 1197/1629
f 1197/1629 1198/1630 1199/1631
f 1155/1584 1200/1632 1201/1633
f 1201/1633 1157/1587 1155/1584
f 1158/1588 1201/1633 1202/1634
f 1201/1633 1158/1588 1157/1587
f 1201/1633 1200/1632 1199/1631
f 1199/1631 1203/1635 1201/1633
f 1199/1631 1062/1467 1203/1635
f 1056/1459 1055/1458 1203/1635
f 1203/1635 1060/1465 1056/1459
f 1158/1588 1202/1634 1050/1452
f 1050/1452 1160/1591 1158/1588
f 1202/1634 1204/1636 1052/1455
f 1052/1455 1050/1452 1202/1634
f 1201/1633 1203/1635 1204/1636
f 1204/1636 1202/1634 1201/1633
f 1055/1458 1059/1463 1204/1636
f 1204/1636 1203/1635 1055/1458
f 1059/1463 1052/1455 1204/1636
f 1116/1532 1118/1535 1119/1537
f 1051/1637 1276/1638 916/1639
f 916/1639 1205/1640 1051/1637
f 1054/1641 918/1642 1206/1643
f 1206/1643 1053/1644 1054/1641
f 1207/1645 921/1646 920/1647
f 920/1647 1057/1648 1207/1645
f 1057/1648 920/1647 923/1649
f 923/1649 1058/1650 1057/1648
f 1058/1650 923/1649 918/1642
f 918/1642 1054/1641 1058/1650
f 1061/1651 924/1652 1208/1653
f 1208/1653 1209/1654 1061/1651
f 1209/1654 1208/1653 921/1646
f 921/1646 1207/1645 1209/1654
f 1063/1655 1212/1656 924/1652
f 924/1652 1061/1651 1063/1655
f 1065/1657 1210/1658 1211/1659
f 1211/1659 1066/1660 1065/1657
f 1066/1660 1211/1659 1212/1661
f 1212/1661 1063/1662 1066/1660
f 1213/1663 933/1664 932/1665
f 932/1665 1069/1666 1213/1663
f 1069/1666 932/1665 1210/1658
f 1210/1658 1065/1657 1069/1666
f 1072/1667 1214/1668 933/1664
f 933/1664 1213/1663 1072/1667
f 1073/1669 935/1670 1214/1668
f 1214/1668 1072/1667 1073/1669
f 1215/1671 1216/1672 937/1673
f 937/1673 1217/1674 1215/1671
f 1217/1674 937/1673 935/1675
f 935/1675 1073/1676 1217/1674
f 1080/1677 1218/1678 1219/1679
f 1219/1679 1220/1680 1080/1677
f 1220/1680 1219/1679 1216/1672
f 1216/1672 1215/1671 1220/1680
f 1223/1681 1222/1682 1218/1678
f 1218/1678 1080/1677 1223/1681
f 1084/1683 1221/1684 947/1685
f 947/1685 1085/1686 1084/1683
f 1085/1686 947/1685 1222/1687
f 1222/1687 1223/1688 1085/1686
f 1089/1689 1224/1690 951/1691
f 951/1691 1225/1692 1089/1689
f 1225/1692 951/1691 1221/1684
f 1221/1684 1084/1683 1225/1692
f 1091/1693 952/1694 1224/1690
f 1224/1690 1089/1689 1091/1693
f 1226/1695 955/1696 1227/1697
f 1227/1697 1094/1698 1226/1695
f 1094/1698 1227/1697 952/1699
f 952/1699 1091/1700 1094/1698
f 1098/1701 1228/1702 955/1696
f 955/1696 1226/1695 1098/1701
f 1229/1703 1230/1704 958/1705
f 958/1705 1100/1706 1229/1703
f 1100/1706 958/1705 1228/1702
f 1228/1702 1098/1701 1100/1706
f 1103/1707 1231/1708 1230/1704
f 1230/1704 1229/1703 1103/1707
f 1105/1709 1232/1710 1233/1711
f 1233/1711 1106/1712 1105/1709
f 1106/1712 1233/1711 1231/1713
f 1231/1713 1103/1714 1106/1712
f 1234/1715 962/1716 1232/1710
f 1232/1710 1105/1709 1234/1715
f 1235/1717 1236/1718 962/1716
f 962/1716 1234/1715 1235/1717
f 1112/1719 965/1720 1236/1718
f 1236/1718 1235/1717 1112/1719
f 1237/1721 968/1722 1238/1723
f 1238/1723 1115/1724 1237/1721
f 1239/1725 973/1726 972/1727
f 972/1727 1117/1728 1239/1725
f 1117/1728 972/1727 1240/1729
f 1240/1729 1241/1730 1117/1728
f 1241/1730 1240/1729 965/1720
f 965/1720 1112/1719 1241/1730
f 1115/1724 1238/1723 973/1726
f 973/1726 1239/1725 1115/1724
f 1121/1731 1242/1732 968/1722
f 968/1722 1237/1721 1121/1731
f 1122/1733 1243/1734 1242/1732
f 1242/1732 1121/1731 1122/1733
f 1125/1735 977/1736 1243/1734
f 1243/1734 1122/1733 1125/1735
f 1127/1737 980/1738 977/1736
f 977/1736 1125/1735 1127/1737
f 1129/1739 981/1740 980/1738
f 980/1738 1127/1737 1129/1739
f 1131/1741 1244/1742 981/1740
f 981/1740 1129/1739 1131/1741
f 1245/1743 1246/1744 1244/1742
f 1244/1742 1131/1741 1245/1743
f 1247/1745 1248/1746 1246/1747
f 1246/1747 1245/1748 1247/1745
f 1249/1749 1250/1750 986/1751
f 986/1751 1251/1752 1249/1749
f 1251/1752 986/1751 1248/1746
f 1248/1746 1247/1745 1251/1752
f 1252/1753 1253/1754 1250/1750
f 1250/1750 1249/1749 1252/1753
f 1254/1755 1255/1756 1253/1754
f 1253/1754 1252/1753 1254/1755
f 1256/1757 991/1758 1255/1756
f 1255/1756 1254/1755 1256/1757
f 1140/1759 993/1760 991/1758
f 991/1758 1256/1757 1140/1759
f 1142/1761 1257/1762 996/1763
f 996/1763 1258/1764 1142/1761
f 1258/1764 996/1763 993/1760
f 993/1760 1140/1759 1258/1764
f 1259/1765 1260/1766 1257/1762
f 1257/1762 1142/1761 1259/1765
f 1263/1767 1262/1768 1260/1766
f 1260/1766 1259/1765 1263/1767
f 1145/1769 1001/1770 1261/1771
f 1261/1771 1146/1772 1145/1769
f 1146/1772 1261/1771 1262/1773
f 1262/1773 1263/1774 1146/1772
f 1264/1775 1003/1776 1001/1770
f 1001/1770 1145/1769 1264/1775
f 1150/1777 1265/1778 1003/1776
f 1003/1776 1264/1775 1150/1777
f 1153/1779 1266/1780 1265/1778
f 1265/1778 1150/1777 1153/1779
f 1156/1781 1267/1782 1007/1783
f 1007/1783 1154/1784 1156/1781
f 1154/1784 1007/1783 1266/1780
f 1266/1780 1153/1779 1154/1784
f 1268/1785 1271/1786 1267/1782
f 1267/1782 1156/1781 1268/1785
f 1269/1787 1270/1788 1271/1789
f 1271/1789 1268/1790 1269/1787
f 1159/1791 1272/1792 1270/1788
f 1270/1788 1269/1787 1159/1791
f 1273/1793 1010/1794 1272/1792
f 1272/1792 1159/1791 1273/1793
f 1205/1640 916/1639 1010/1794
f 1010/1794 1273/1793 1205/1640
f 1162/1594 1178/1610 1096/1508
f 1179/1611 1097/1509 1093/1504
f 1093/1504 1095/1507 1179/1611
f 1046/1448 1009/1410 1048/1450
f 953/1328 1014/1416 1027/1429
f 1026/1428 1027/1429 1014/1416
f 1014/1416 1013/1415 1026/1428
f 1203/1635 1062/1467 1060/1465
f 1155/1584 1152/1581 1200/1632
f 954/1329 1014/1416 952/1327
f 925/1290 922/1286 926/1291
f 1017/1419 959/1338 963/1344
f 1053/1795 1206/1796 1274/1797
f 1274/1797 1278/1798 1053/1795
f 1274/1799 1206/1280 1276/1279
f 1276/1279 1275/1800 1274/1799
f 1276/1801 1051/1802 1277/1803
f 1277/1803 1275/1804 1276/1801
f 1277/1805 1051/1453 1053/1456
f 1053/1456 1278/1806 1277/1805
f 1279/1807 1280/1808 1282/1809
f 1282/1809 1286/1810 1279/1807
f 1281/1811 1282/1812 1280/1813
f 1280/1813 1284/1814 1281/1811
f 1283/1815 1281/1816 1284/1817
f 1284/1817 1285/1818 1283/1815
f 1286/1819 1283/1820 1285/1821
f 1285/1821 1279/1822 1286/1819
f 1282/1809 1277/1805 1278/1806
f 1278/1806 1286/1810 1282/1809
f 1275/1804 1277/1803 1282/1812
f 1282/1812 1281/1811 1275/1804
f 1281/1816 1283/1815 1274/1799
f 1274/1799 1275/1800 1281/1816
f 1278/1798 1274/1797 1283/1820
f 1283/1820 1286/1819 1278/1798
f 1287/1823 1288/1824 1289/1825
f 1287/1823 1289/1825 1574/1826
f 1574/1826 1290/1827 1287/1823
f 1290/1827 1574/1826 1573/1828
f 1291/1829 1575/1830 1292/1831
f 1292/1831 1293/1832 1291/1829
f 1575/1830 1291/1829 1294/1833
f 1290/1827 1573/1828 1294/1833
f 1294/1833 1291/1829 1290/1827
f 1578/1834 1577/1835 1295/1836
f 1295/1836 1296/1837 1578/1834
f 1293/1832 1292/1831 1578/1834
f 1578/1834 1296/1837 1293/1832
f 1295/1836 1577/1835 1581/1838
f 1581/1838 1297/1839 1295/1836
f 1298/1840 1299/1841 1300/1842
f 1300/1842 1580/1843 1298/1840
f 1297/1839 1581/1838 1300/1842
f 1300/1842 1299/1841 1297/1839
f 1301/1844 1302/1845 1584/1846
f 1584/1846 1583/1847 1301/1844
f 1298/1840 1580/1843 1584/1846
f 1584/1846 1302/1845 1298/1840
f 1301/1844 1583/1847 1303/1848
f 1303/1848 1304/1849 1301/1844
f 1305/1850 1306/1851 1304/1849
f 1304/1849 1303/1848 1305/1850
f 1588/1852 1587/1853 1307/1854
f 1307/1854 1308/1855 1588/1852
f 1309/1856 1305/1850 1588/1852
f 1588/1852 1308/1855 1309/1856
f 1310/1857 1306/1851 1305/1850
f 1305/1850 1309/1856 1310/1857
f 1311/1858 1312/1859 1313/1860
f 1313/1860 1592/1861 1311/1858
f 1307/1854 1587/1853 1313/1860
f 1313/1860 1312/1859 1307/1854
f 1311/1858 1592/1861 1314/1862
f 1314/1862 1315/1863 1311/1858
f 1316/1864 1317/1865 1318/1866
f 1318/1866 1595/1867 1316/1864
f 1319/1868 1314/1862 1318/1866
f 1318/1866 1317/1865 1319/1868
f 1320/1869 1321/1870 1597/1871
f 1597/1871 1322/1872 1320/1869
f 1316/1864 1595/1867 1597/1871
f 1597/1871 1321/1870 1316/1864
f 1323/1873 1324/1874 1320/1869
f 1320/1869 1322/1872 1323/1873
f 1325/1875 1601/1876 1326/1877
f 1323/1873 1601/1876 1325/1875
f 1325/1875 1326/1877 1603/1878
f 1603/1878 1327/1879 1325/1875
f 1328/1880 1329/1881 1330/1882
f 1327/1879 1603/1878 1329/1881
f 1329/1881 1328/1880 1327/1879
f 1328/1880 1330/1882 1331/1883
f 1332/1884 1333/1885 1334/1886
f 1334/1886 1605/1887 1332/1884
f 1335/1888 1331/1883 1334/1886
f 1334/1886 1333/1885 1335/1888
f 1332/1884 1605/1887 1336/1889
f 1336/1889 1337/1890 1332/1884
f 1337/1890 1336/1889 1607/1891
f 1607/1891 1338/1892 1337/1890
f 1338/1892 1607/1891 1609/1893
f 1609/1893 1339/1894 1338/1892
f 1340/1895 1611/1896 1341/1897
f 1341/1897 1342/1898 1340/1895
f 1343/1899 1344/1900 1612/1901
f 1612/1901 1345/1902 1343/1899
f 1614/1903 1612/1901 1344/1900
f 1344/1900 1346/1904 1614/1903
f 1339/1894 1609/1893 1614/1903
f 1614/1903 1346/1904 1339/1894
f 1611/1896 1340/1895 1343/1899
f 1343/1899 1345/1902 1611/1896
f 1342/1898 1341/1897 1347/1905
f 1347/1905 1348/1906 1342/1898
f 1615/1907 1349/1908 1348/1906
f 1348/1906 1347/1905 1615/1907
f 1349/1908 1615/1907 1350/1909
f 1350/1909 1351/1910 1349/1908
f 1352/1911 1351/1910 1350/1909
f 1350/1909 1618/1912 1352/1911
f 1618/1912 1620/1913 1353/1914
f 1353/1914 1352/1911 1618/1912
f 1353/1914 1620/1913 1622/1915
f 1622/1915 1354/1916 1353/1914
f 1354/1916 1622/1915 1355/1917
f 1355/1917 1356/1918 1354/1916
f 1357/1919 1355/1917 1358/1920
f 1625/1921 1359/1922 1360/1923
f 1360/1923 1361/1924 1625/1921
f 1357/1919 1358/1920 1625/1921
f 1625/1921 1361/1924 1357/1919
f 1360/1923 1359/1922 1627/1925
f 1627/1925 1362/1926 1360/1923
f 1628/1927 1363/1928 1362/1926
f 1362/1926 1627/1925 1628/1927
f 1629/1929 1364/1930 1363/1928
f 1363/1928 1628/1927 1629/1929
f 1364/1930 1629/1929 1365/1931
f 1365/1931 1366/1932 1364/1930
f 1367/1933 1631/1934 1630/1935
f 1367/1933 1366/1932 1365/1931
f 1365/1931 1631/1934 1367/1933
f 1367/1933 1630/1935 1634/1936
f 1634/1936 1368/1937 1367/1933
f 1368/1937 1634/1936 1369/1938
f 1369/1938 1370/1939 1368/1937
f 1371/1940 1372/1941 1373/1942
f 1373/1942 1636/1943 1371/1940
f 1374/1944 1369/1938 1373/1942
f 1373/1942 1372/1941 1374/1944
f 1371/1940 1636/1943 1375/1945
f 1375/1945 1376/1946 1371/1940
f 1377/1947 1378/1948 1376/1946
f 1376/1946 1375/1945 1377/1947
f 1378/1948 1377/1947 1639/1949
f 1639/1949 1379/1950 1378/1948
f 1642/1951 1641/1952 1379/1950
f 1379/1950 1639/1949 1642/1951
f 1644/1953 1380/1954 1379/1950
f 1379/1950 1641/1952 1644/1953
f 1644/1953 1645/1955 1381/1956
f 1381/1956 1380/1954 1644/1953
f 1645/1955 1648/1957 1381/1956
f 1381/1956 1648/1957 1649/1958
f 1649/1958 1382/1959 1381/1956
f 1382/1959 1649/1958 1288/1824
f 1288/1824 1287/1823 1382/1959
f 1374/1944 1383/1960 1370/1939
f 1370/1939 1369/1938 1374/1944
f 1357/1919 1384/1961 1356/1918
f 1356/1918 1355/1917 1357/1919
f 1324/1874 1323/1873 1385/1962
f 1331/1883 1335/1888 1328/1880
f 1319/1868 1386/1963 1315/1863
f 1315/1863 1314/1862 1319/1868
f 1346/1904 1343/1899 1340/1895
f 1340/1895 1339/1894 1346/1904
f 1339/1894 1340/1895 1387/1964
f 1387/1964 1338/1892 1339/1894
f 1340/1895 1342/1898 1387/1964
f 1338/1892 1387/1964 1388/1965
f 1388/1965 1337/1890 1338/1892
f 1348/1906 1388/1965 1387/1964
f 1387/1964 1342/1898 1348/1906
f 1349/1908 1389/1966 1388/1965
f 1388/1965 1348/1906 1349/1908
f 1335/1888 1333/1885 1332/1884
f 1332/1884 1388/1965 1335/1888
f 1390/1967 1335/1888 1388/1965
f 1388/1965 1389/1966 1390/1967
f 1391/1968 1392/1969 1390/1967
f 1390/1967 1389/1966 1391/1968
f 1390/1967 1392/1969 1335/1888
f 1389/1966 1349/1908 1351/1910
f 1351/1910 1391/1968 1389/1966
f 1328/1880 1335/1888 1392/1969
f 1393/1970 1391/1968 1351/1910
f 1351/1910 1352/1911 1393/1970
f 1352/1911 1353/1914 1354/1916
f 1354/1916 1393/1970 1352/1911
f 1393/1970 1354/1916 1356/1918
f 1356/1918 1394/1971 1393/1970
f 1394/1971 1356/1918 1384/1961
f 1394/1971 1392/1969 1391/1968
f 1391/1968 1393/1970 1394/1971
f 1395/1972 1392/1969 1394/1971
f 1395/1972 1394/1971 1384/1961
f 1384/1961 1385/1962 1395/1972
f 1327/1879 1328/1880 1392/1969
f 1392/1969 1395/1972 1327/1879
f 1385/1962 1325/1875 1327/1879
f 1327/1879 1395/1972 1385/1962
f 1396/1973 1397/1974 1384/1961
f 1384/1961 1357/1919 1396/1973
f 1357/1919 1361/1924 1360/1923
f 1360/1923 1396/1973 1357/1919
f 1360/1923 1362/1926 1396/1973
f 1324/1874 1398/1975 1399/1976
f 1324/1874 1399/1976 1321/1870
f 1321/1870 1320/1869 1324/1874
f 1398/1975 1397/1974 1400/1977
f 1400/1977 1401/1978 1398/1975
f 1400/1977 1397/1974 1396/1973
f 1396/1973 1402/1979 1400/1977
f 1402/1979 1396/1973 1362/1926
f 1362/1926 1363/1928 1402/1979
f 1401/1978 1399/1976 1398/1975
f 1399/1976 1316/1864 1321/1870
f 1319/1868 1317/1865 1399/1976
f 1399/1976 1401/1978 1319/1868
f 1399/1976 1317/1865 1316/1864
f 1403/1980 1400/1977 1402/1979
f 1402/1979 1404/1981 1403/1980
f 1364/1930 1404/1981 1402/1979
f 1402/1979 1363/1928 1364/1930
f 1386/1963 1319/1868 1401/1978
f 1401/1978 1403/1980 1386/1963
f 1400/1977 1403/1980 1401/1978
f 1367/1933 1368/1937 1405/1982
f 1366/1932 1367/1933 1405/1982
f 1405/1982 1404/1981 1366/1932
f 1404/1981 1364/1930 1366/1932
f 1405/1982 1368/1937 1370/1939
f 1404/1981 1405/1982 1406/1983
f 1406/1983 1403/1980 1404/1981
f 1407/1984 1406/1983 1405/1982
f 1405/1982 1370/1939 1407/1984
f 1312/1859 1311/1858 1315/1863
f 1315/1863 1408/1985 1312/1859
f 1408/1985 1309/1856 1308/1855
f 1308/1855 1307/1854 1408/1985
f 1307/1854 1312/1859 1408/1985
f 1408/1985 1406/1983 1407/1984
f 1406/1983 1408/1985 1315/1863
f 1315/1863 1386/1963 1406/1983
f 1403/1980 1406/1983 1386/1963
f 1409/1986 1407/1984 1370/1939
f 1370/1939 1383/1960 1409/1986
f 1310/1857 1309/1856 1408/1985
f 1408/1985 1407/1984 1310/1857
f 1306/1851 1310/1857 1407/1984
f 1407/1984 1409/1986 1306/1851
f 1372/1941 1371/1940 1410/1987
f 1410/1987 1374/1944 1372/1941
f 1410/1987 1371/1940 1376/1946
f 1383/1960 1374/1944 1410/1987
f 1410/1987 1409/1986 1383/1960
f 1306/1851 1409/1986 1410/1987
f 1410/1987 1411/1988 1306/1851
f 1411/1988 1304/1849 1306/1851
f 1412/1989 1413/1990 1411/1988
f 1411/1988 1410/1987 1412/1989
f 1410/1987 1376/1946 1378/1948
f 1378/1948 1412/1989 1410/1987
f 1304/1849 1411/1988 1413/1990
f 1413/1990 1301/1844 1304/1849
f 1413/1990 1414/1991 1302/1845
f 1302/1845 1301/1844 1413/1990
f 1298/1840 1302/1845 1414/1991
f 1414/1991 1299/1841 1298/1840
f 1413/1990 1415/1992 1414/1991
f 1415/1992 1297/1839 1299/1841
f 1299/1841 1414/1991 1415/1992
f 1379/1950 1416/1993 1412/1989
f 1412/1989 1378/1948 1379/1950
f 1415/1992 1413/1990 1412/1989
f 1412/1989 1416/1993 1415/1992
f 1416/1993 1379/1950 1380/1954
f 1380/1954 1417/1994 1416/1993
f 1417/1994 1380/1954 1381/1956
f 1295/1836 1297/1839 1415/1992
f 1415/1992 1418/1995 1295/1836
f 1291/1829 1293/1832 1295/1836
f 1295/1836 1418/1995 1291/1829
f 1418/1995 1415/1992 1416/1993
f 1416/1993 1417/1994 1418/1995
f 1381/1956 1382/1959 1287/1823
f 1287/1823 1419/1996 1381/1956
f 1420/1997 1419/1996 1287/1823
f 1287/1823 1290/1827 1420/1997
f 1417/1994 1419/1996 1420/1997
f 1420/1997 1418/1995 1417/1994
f 1420/1997 1290/1827 1291/1829
f 1291/1829 1418/1995 1420/1997
f 1343/1899 1346/1904 1344/1900
f 1421/1998 1572/1999 1422/2000
f 1423/2001 1424/2002 1572/1999
f 1572/1999 1421/1998 1423/2001
f 1423/2001 1425/2003 1424/2002
f 1426/2004 1427/2005 1428/2006
f 1428/2006 1576/2007 1426/2004
f 1576/2007 1429/2008 1430/2009
f 1430/2009 1426/2004 1576/2007
f 1423/2001 1430/2009 1429/2008
f 1429/2008 1425/2003 1423/2001
f 1579/2010 1431/2011 1432/2012
f 1427/2005 1431/2011 1579/2010
f 1579/2010 1428/2006 1427/2005
f 1431/2011 1433/2013 1582/2014
f 1582/2014 1432/2012 1431/2011
f 1434/2015 1435/2016 1436/2017
f 1436/2017 1437/2018 1434/2015
f 1433/2013 1437/2018 1436/2017
f 1436/2017 1582/2014 1433/2013
f 1438/2019 1439/2020 1585/2021
f 1585/2021 1440/2022 1438/2019
f 1434/2015 1440/2022 1585/2021
f 1585/2021 1435/2016 1434/2015
f 1438/2019 1441/2023 1442/2024
f 1442/2024 1439/2020 1438/2019
f 1590/2025 1442/2024 1441/2023
f 1441/2023 1443/2026 1590/2025
f 1589/2027 1444/2028 1445/2029
f 1445/2029 1586/2030 1589/2027
f 1446/2031 1444/2028 1589/2027
f 1589/2027 1590/2025 1446/2031
f 1447/2032 1446/2031 1590/2025
f 1590/2025 1443/2026 1447/2032
f 1448/2033 1591/2034 1593/2035
f 1593/2035 1449/2036 1448/2033
f 1445/2029 1449/2036 1593/2035
f 1593/2035 1586/2030 1445/2029
f 1448/2033 1450/2037 1451/2038
f 1451/2038 1591/2034 1448/2033
f 1452/2039 1594/2040 1453/2041
f 1453/2041 1454/2042 1452/2039
f 1455/2043 1454/2042 1453/2041
f 1453/2041 1451/2038 1455/2043
f 1456/2044 1596/2045 1598/2046
f 1598/2046 1457/2047 1456/2044
f 1452/2039 1457/2047 1598/2046
f 1598/2046 1594/2040 1452/2039
f 1599/2048 1596/2045 1456/2044
f 1456/2044 1458/2049 1599/2048
f 1459/2050 1600/2051 1460/2052
f 1460/2052 1461/2053 1459/2050
f 1462/2054 1461/2053 1460/2052
f 1460/2052 1599/2048 1462/2054
f 1459/2050 1463/2055 1602/2056
f 1602/2056 1600/2051 1459/2050
f 1464/2057 1604/2058 1465/2059
f 1465/2059 1466/2060 1464/2057
f 1463/2055 1466/2060 1465/2059
f 1465/2059 1602/2056 1463/2055
f 1464/2057 1467/2061 1468/2062
f 1468/2062 1604/2058 1464/2057
f 1469/2063 1470/2064 1471/2065
f 1471/2065 1472/2066 1469/2063
f 1473/2067 1472/2066 1471/2065
f 1471/2065 1468/2062 1473/2067
f 1469/2063 1474/2068 1475/2069
f 1475/2069 1470/2064 1469/2063
f 1474/2068 1476/2070 1606/2071
f 1606/2071 1475/2069 1474/2068
f 1476/2070 1477/2072 1608/2073
f 1608/2073 1606/2071 1476/2070
f 1478/2074 1479/2075 1610/2076
f 1610/2076 1480/2077 1478/2074
f 1481/2078 1482/2079 1613/2080
f 1613/2080 1483/2081 1481/2078
f 1484/2082 1485/2083 1483/2081
f 1483/2081 1613/2080 1484/2082
f 1477/2072 1485/2083 1484/2082
f 1484/2082 1608/2073 1477/2072
f 1480/2077 1482/2079 1481/2078
f 1481/2078 1478/2074 1480/2077
f 1479/2075 1486/2084 1487/2085
f 1487/2085 1610/2076 1479/2075
f 1488/2086 1487/2085 1486/2084
f 1486/2084 1489/2087 1488/2086
f 1489/2087 1490/2088 1616/2089
f 1616/2089 1488/2086 1489/2087
f 1491/2090 1617/2091 1616/2089
f 1616/2089 1490/2088 1491/2090
f 1617/2091 1491/2090 1492/2092
f 1492/2092 1619/2093 1617/2091
f 1492/2092 1493/2094 1621/2095
f 1621/2095 1619/2093 1492/2092
f 1493/2094 1494/2096 1623/2097
f 1623/2097 1621/2095 1493/2094
f 1495/2098 1496/2099 1623/2097
f 1626/2100 1497/2101 1498/2102
f 1498/2102 1624/2103 1626/2100
f 1495/2098 1497/2101 1626/2100
f 1626/2100 1496/2099 1495/2098
f 1498/2102 1499/2104 1500/2105
f 1500/2105 1624/2103 1498/2102
f 1501/2106 1500/2105 1499/2104
f 1499/2104 1502/2107 1501/2106
f 1503/2108 1501/2106 1502/2107
f 1502/2107 1504/2109 1503/2108
f 1504/2109 1505/2110 1506/2111
f 1506/2111 1503/2108 1504/2109
f 1507/2112 1508/2113 1632/2114
f 1632/2114 1505/2110 1507/2112
f 1505/2110 1632/2114 1506/2111
f 1507/2112 1633/2115 1508/2113
f 1507/2112 1509/2116 1510/2117
f 1510/2117 1633/2115 1507/2112
f 1511/2118 1635/2119 1512/2120
f 1512/2120 1513/2121 1511/2118
f 1514/2122 1513/2121 1512/2120
f 1512/2120 1510/2117 1514/2122
f 1511/2118 1515/2123 1637/2124
f 1637/2124 1635/2119 1511/2118
f 1516/2125 1637/2124 1515/2123
f 1515/2123 1517/2126 1516/2125
f 1517/2126 1518/2127 1638/2128
f 1638/2128 1516/2125 1517/2126
f 1643/2129 1518/2127 1519/2130
f 1519/2130 1640/2131 1643/2129
f 1518/2127 1643/2129 1638/2128
f 1646/2132 1640/2131 1519/2130
f 1519/2130 1520/2133 1646/2132
f 1646/2132 1520/2133 1521/2134
f 1521/2134 1522/2135 1646/2132
f 1522/2135 1521/2134 1647/2136
f 1521/2134 1523/2137 1524/2138
f 1524/2138 1647/2136 1521/2134
f 1523/2137 1421/1998 1422/2000
f 1422/2000 1524/2138 1523/2137
f 1514/2122 1510/2117 1509/2116
f 1495/2098 1623/2097 1494/2096
f 1494/2096 1525/2139 1495/2098
f 1462/2054 1599/2048 1458/2049
f 1458/2049 1526/2140 1462/2054
f 1468/2062 1467/2061 1527/2141
f 1527/2141 1473/2067 1468/2062
f 1455/2043 1451/2038 1450/2037
f 1450/2037 1528/2142 1455/2043
f 1485/2083 1529/2143 1481/2078
f 1529/2143 1530/2144 1479/2075
f 1479/2075 1478/2074 1529/2143
f 1530/2144 1529/2143 1477/2072
f 1477/2072 1476/2070 1530/2144
f 1481/2078 1529/2143 1478/2074
f 1485/2083 1477/2072 1529/2143
f 1476/2070 1474/2068 1531/2145
f 1531/2145 1530/2144 1476/2070
f 1486/2084 1479/2075 1530/2144
f 1530/2144 1532/2146 1486/2084
f 1531/2145 1532/2146 1530/2144
f 1489/2087 1486/2084 1532/2146
f 1532/2146 1533/2147 1489/2087
f 1472/2066 1473/2067 1534/2148
f 1534/2148 1469/2063 1472/2066
f 1535/2149 1534/2148 1473/2067
f 1473/2067 1527/2141 1535/2149
f 1534/2148 1531/2145 1474/2068
f 1474/2068 1469/2063 1534/2148
f 1534/2148 1535/2149 1536/2150
f 1536/2150 1531/2145 1534/2148
f 1531/2145 1536/2150 1533/2147
f 1533/2147 1532/2146 1531/2145
f 1537/2151 1533/2147 1536/2150
f 1536/2150 1538/2152 1537/2151
f 1535/2149 1539/2153 1538/2152
f 1538/2152 1536/2150 1535/2149
f 1533/2147 1537/2151 1490/2088
f 1490/2088 1489/2087 1533/2147
f 1464/2057 1466/2060 1540/2154
f 1540/2154 1467/2061 1464/2057
f 1535/2149 1527/2141 1467/2061
f 1467/2061 1540/2154 1535/2149
f 1535/2149 1540/2154 1539/2153
f 1541/2155 1491/2090 1490/2088
f 1490/2088 1537/2151 1541/2155
f 1491/2090 1541/2155 1493/2094
f 1493/2094 1492/2092 1491/2090
f 1541/2155 1542/2156 1494/2096
f 1494/2096 1493/2094 1541/2155
f 1542/2156 1543/2157 1525/2139
f 1525/2139 1494/2096 1542/2156
f 1542/2156 1541/2155 1537/2151
f 1537/2151 1538/2152 1542/2156
f 1544/2158 1542/2156 1538/2152
f 1538/2152 1539/2153 1544/2158
f 1544/2158 1545/2159 1543/2157
f 1543/2157 1542/2156 1544/2158
f 1544/2158 1539/2153 1540/2154
f 1540/2154 1463/2055 1544/2158
f 1463/2055 1540/2154 1466/2060
f 1545/2159 1544/2158 1463/2055
f 1463/2055 1546/2160 1545/2159
f 1462/2054 1545/2159 1546/2160
f 1462/2054 1546/2160 1461/2053
f 1525/2139 1543/2157 1495/2098
f 1547/2161 1543/2157 1545/2159
f 1545/2159 1548/2162 1547/2161
f 1549/2163 1495/2098 1543/2157
f 1543/2157 1547/2161 1549/2163
f 1497/2101 1495/2098 1549/2163
f 1549/2163 1498/2102 1497/2101
f 1498/2102 1549/2163 1499/2104
f 1458/2049 1550/2164 1548/2162
f 1548/2162 1526/2140 1458/2049
f 1526/2140 1548/2162 1545/2159
f 1458/2049 1456/2044 1457/2047
f 1457/2047 1550/2164 1458/2049
f 1548/2162 1551/2165 1552/2166
f 1552/2166 1547/2161 1548/2162
f 1552/2166 1553/2167 1549/2163
f 1549/2163 1547/2161 1552/2166
f 1553/2167 1502/2107 1499/2104
f 1499/2104 1549/2163 1553/2167
f 1551/2165 1548/2162 1550/2164
f 1550/2164 1554/2168 1551/2165
f 1554/2168 1550/2164 1457/2047
f 1457/2047 1452/2039 1554/2168
f 1455/2043 1551/2165 1554/2168
f 1554/2168 1454/2042 1455/2043
f 1554/2168 1452/2039 1454/2042
f 1555/2169 1556/2170 1553/2167
f 1553/2167 1552/2166 1555/2169
f 1504/2109 1502/2107 1553/2167
f 1553/2167 1556/2170 1504/2109
f 1528/2142 1555/2169 1551/2165
f 1551/2165 1455/2043 1528/2142
f 1552/2166 1551/2165 1555/2169
f 1505/2110 1557/2171 1507/2112
f 1556/2170 1557/2171 1505/2110
f 1505/2110 1504/2109 1556/2170
f 1557/2171 1509/2116 1507/2112
f 1556/2170 1555/2169 1558/2172
f 1558/2172 1557/2171 1556/2170
f 1559/2173 1509/2116 1557/2171
f 1557/2171 1558/2172 1559/2173
f 1449/2036 1560/2174 1450/2037
f 1450/2037 1448/2033 1449/2036
f 1560/2174 1445/2029 1444/2028
f 1444/2028 1446/2031 1560/2174
f 1445/2029 1560/2174 1449/2036
f 1560/2174 1559/2173 1558/2172
f 1558/2172 1528/2142 1450/2037
f 1450/2037 1560/2174 1558/2172
f 1555/2169 1528/2142 1558/2172
f 1447/2032 1559/2173 1560/2174
f 1560/2174 1446/2031 1447/2032
f 1443/2026 1559/2173 1447/2032
f 1513/2121 1514/2122 1561/2175
f 1561/2175 1511/2118 1513/2121
f 1562/2176 1515/2123 1511/2118
f 1511/2118 1561/2175 1562/2176
f 1509/2116 1559/2173 1561/2175
f 1561/2175 1514/2122 1509/2116
f 1561/2175 1559/2173 1562/2176
f 1443/2026 1563/2177 1562/2176
f 1562/2176 1559/2173 1443/2026
f 1563/2177 1443/2026 1441/2023
f 1564/2178 1562/2176 1563/2177
f 1563/2177 1565/2179 1564/2178
f 1562/2176 1564/2178 1517/2126
f 1517/2126 1515/2123 1562/2176
f 1441/2023 1438/2019 1565/2179
f 1565/2179 1563/2177 1441/2023
f 1565/2179 1438/2019 1440/2022
f 1440/2022 1566/2180 1565/2179
f 1434/2015 1437/2018 1566/2180
f 1566/2180 1440/2022 1434/2015
f 1566/2180 1437/2018 1433/2013
f 1518/2127 1517/2126 1564/2178
f 1564/2178 1567/2181 1518/2127
f 1566/2180 1567/2181 1564/2178
f 1564/2178 1565/2179 1566/2180
f 1519/2130 1567/2181 1568/2182
f 1568/2182 1520/2133 1519/2130
f 1521/2134 1568/2182 1569/2183
f 1568/2182 1521/2134 1520/2133
f 1568/2182 1567/2181 1566/2180
f 1566/2180 1570/2184 1568/2182
f 1566/2180 1433/2013 1570/2184
f 1427/2005 1426/2004 1570/2184
f 1570/2184 1431/2011 1427/2005
f 1521/2134 1569/2183 1421/1998
f 1421/1998 1523/2137 1521/2134
f 1569/2183 1571/2185 1423/2001
f 1423/2001 1421/1998 1569/2183
f 1568/2182 1570/2184 1571/2185
f 1571/2185 1569/2183 1568/2182
f 1426/2004 1430/2009 1571/2185
f 1571/2185 1570/2184 1426/2004
f 1430/2009 1423/2001 1571/2185
f 1481/2078 1483/2081 1485/2083
f 1572/2186 1289/2187 1288/2188
f 1288/2188 1422/2189 1572/2186
f 1425/2190 1573/2191 1574/2192
f 1574/2192 1424/2193 1425/2190
f 1428/2194 1292/2195 1575/2196
f 1575/2196 1576/2197 1428/2194
f 1576/2197 1575/2196 1294/2198
f 1294/2198 1429/2199 1576/2197
f 1429/2199 1294/2198 1573/2191
f 1573/2191 1425/2190 1429/2199
f 1432/2200 1577/2201 1578/2202
f 1578/2202 1579/2203 1432/2200
f 1579/2203 1578/2202 1292/2195
f 1292/2195 1428/2194 1579/2203
f 1582/2204 1581/2205 1577/2201
f 1577/2201 1432/2200 1582/2204
f 1435/2206 1580/2207 1300/2208
f 1300/2208 1436/2209 1435/2206
f 1436/2209 1300/2208 1581/2210
f 1581/2210 1582/2211 1436/2209
f 1439/2212 1583/2213 1584/2214
f 1584/2214 1585/2215 1439/2212
f 1585/2215 1584/2214 1580/2207
f 1580/2207 1435/2206 1585/2215
f 1442/2216 1303/2217 1583/2213
f 1583/2213 1439/2212 1442/2216
f 1590/2218 1305/2219 1303/2217
f 1303/2217 1442/2216 1590/2218
f 1586/2220 1587/2221 1588/2222
f 1588/2222 1589/2223 1586/2220
f 1589/2223 1588/2222 1305/2224
f 1305/2224 1590/2225 1589/2223
f 1591/2226 1592/2227 1313/2228
f 1313/2228 1593/2229 1591/2226
f 1593/2229 1313/2228 1587/2221
f 1587/2221 1586/2220 1593/2229
f 1451/2230 1314/2231 1592/2227
f 1592/2227 1591/2226 1451/2230
f 1594/2232 1595/2233 1318/2234
f 1318/2234 1453/2235 1594/2232
f 1453/2235 1318/2234 1314/2236
f 1314/2236 1451/2237 1453/2235
f 1596/2238 1322/2239 1597/2240
f 1597/2240 1598/2241 1596/2238
f 1598/2241 1597/2240 1595/2233
f 1595/2233 1594/2232 1598/2241
f 1599/2242 1323/2243 1322/2239
f 1322/2239 1596/2238 1599/2242
f 1600/2244 1326/2245 1601/2246
f 1601/2246 1460/2247 1600/2244
f 1460/2247 1601/2246 1323/2248
f 1323/2248 1599/2249 1460/2247
f 1602/2250 1603/2251 1326/2245
f 1326/2245 1600/2244 1602/2250
f 1604/2252 1330/2253 1329/2254
f 1329/2254 1465/2255 1604/2252
f 1465/2255 1329/2254 1603/2251
f 1603/2251 1602/2250 1465/2255
f 1468/2256 1331/2257 1330/2253
f 1330/2253 1604/2252 1468/2256
f 1470/2258 1605/2259 1334/2260
f 1334/2260 1471/2261 1470/2258
f 1471/2261 1334/2260 1331/2262
f 1331/2262 1468/2263 1471/2261
f 1475/2264 1336/2265 1605/2259
f 1605/2259 1470/2258 1475/2264
f 1606/2266 1607/2267 1336/2265
f 1336/2265 1475/2264 1606/2266
f 1608/2268 1609/2269 1607/2267
f 1607/2267 1606/2266 1608/2268
f 1610/2270 1341/2271 1611/2272
f 1611/2272 1480/2273 1610/2270
f 1482/2274 1345/2275 1612/2276
f 1612/2276 1613/2277 1482/2274
f 1613/2277 1612/2276 1614/2278
f 1614/2278 1484/2279 1613/2277
f 1484/2279 1614/2278 1609/2269
f 1609/2269 1608/2268 1484/2279
f 1480/2273 1611/2272 1345/2275
f 1345/2275 1482/2274 1480/2273
f 1487/2280 1347/2281 1341/2271
f 1341/2271 1610/2270 1487/2280
f 1488/2282 1615/2283 1347/2281
f 1347/2281 1487/2280 1488/2282
f 1616/2284 1350/2285 1615/2283
f 1615/2283 1488/2282 1616/2284
f 1617/2286 1618/2287 1350/2285
f 1350/2285 1616/2284 1617/2286
f 1619/2288 1620/2289 1618/2287
f 1618/2287 1617/2286 1619/2288
f 1621/2290 1622/2291 1620/2289
f 1620/2289 1619/2288 1621/2290
f 1623/2292 1355/2293 1622/2291
f 1622/2291 1621/2290 1623/2292
f 1496/2294 1358/2295 1355/2296
f 1355/2296 1623/2297 1496/2294
f 1624/2298 1359/2299 1625/2300
f 1625/2300 1626/2301 1624/2298
f 1626/2301 1625/2300 1358/2295
f 1358/2295 1496/2294 1626/2301
f 1500/2302 1627/2303 1359/2299
f 1359/2299 1624/2298 1500/2302
f 1501/2304 1628/2305 1627/2303
f 1627/2303 1500/2302 1501/2304
f 1503/2306 1629/2307 1628/2305
f 1628/2305 1501/2304 1503/2306
f 1506/2308 1365/2309 1629/2307
f 1629/2307 1503/2306 1506/2308
f 1508/2310 1630/2311 1631/2312
f 1631/2312 1632/2313 1508/2310
f 1632/2313 1631/2312 1365/2309
f 1365/2309 1506/2308 1632/2313
f 1633/2314 1634/2315 1630/2311
f 1630/2311 1508/2310 1633/2314
f 1510/2316 1369/2317 1634/2315
f 1634/2315 1633/2314 1510/2316
f 1635/2318 1636/2319 1373/2320
f 1373/2320 1512/2321 1635/2318
f 1512/2321 1373/2320 1369/2322
f 1369/2322 1510/2323 1512/2321
f 1637/2324 1375/2325 1636/2319
f 1636/2319 1635/2318 1637/2324
f 1516/2326 1377/2327 1375/2325
f 1375/2325 1637/2324 1516/2326
f 1638/2328 1639/2329 1377/2327
f 1377/2327 1516/2326 1638/2328
f 1640/2330 1641/2331 1642/2332
f 1642/2332 1643/2333 1640/2330
f 1643/2333 1642/2332 1639/2329
f 1639/2329 1638/2328 1643/2333
f 1646/2334 1644/2335 1641/2331
f 1641/2331 1640/2330 1646/2334
f 1522/2336 1645/2337 1644/2338
f 1644/2338 1646/2339 1522/2336
f 1647/2340 1648/2341 1645/2337
f 1645/2337 1522/2336 1647/2340
f 1524/2342 1649/2343 1648/2341
f 1648/2341 1647/2340 1524/2342
f 1422/2189 1288/2188 1649/2343
f 1649/2343 1524/2342 1422/2189
f 1526/2140 1545/2159 1462/2054
f 1546/2160 1463/2055 1459/2050
f 1459/2050 1461/2053 1546/2160
f 1417/1994 1381/1956 1419/1996
f 1324/1874 1385/1962 1398/1975
f 1397/1974 1398/1975 1385/1962
f 1385/1962 1384/1961 1397/1974
f 1570/2184 1433/2013 1431/2011
f 1519/2130 1518/2127 1567/2181
f 1325/1875 1385/1962 1323/1873
f 1295/1836 1293/1832 1296/1837
f 1388/1965 1332/1884 1337/1890
f 1424/2344 1574/2345 1651/2346
f 1651/2346 1650/2347 1424/2344
f 1651/2348 1574/1826 1289/1825
f 1289/1825 1653/2349 1651/2348
f 1289/2350 1572/2351 1652/2352
f 1652/2352 1653/2353 1289/2350
f 1652/2354 1572/1999 1424/2002
f 1424/2002 1650/2355 1652/2354
f 1661/2356 1656/2357 1655/2358
f 1655/2358 1660/2359 1661/2356
f 1654/2360 1655/2361 1656/2362
f 1656/2362 1657/2363 1654/2360
f 1658/2364 1654/2365 1657/2366
f 1657/2366 1659/2367 1658/2364
f 1660/2368 1658/2369 1659/2370
f 1659/2370 1661/2371 1660/2368
f 1655/2358 1652/2354 1650/2355
f 1650/2355 1660/2359 1655/2358
f 1653/2353 1652/2352 1655/2361
f 1655/2361 1654/2360 1653/2353
f 1654/2365 1658/2364 1651/2348
f 1651/2348 1653/2349 1654/2365
f 1650/2347 1651/2346 1658/2369
f 1658/2369 1660/2368 1650/2347
f 1662/2372 1663/2373 1664/2374
f 1662/2372 1664/2374 1665/2375
f 1665/2375 1666/2376 1662/2372
f 1666/2376 1665/2375 1963/2377
f 1667/2378 1965/2379 1668/2380
f 1668/2380 1669/2381 1667/2378
f 1965/2379 1667/2378 1966/2382
f 1666/2376 1963/2377 1966/2382
f 1966/2382 1667/2378 1666/2376
f 1968/2383 1967/2384 1670/2385
f 1670/2385 1671/2386 1968/2383
f 1669/2381 1668/2380 1968/2383
f 1968/2383 1671/2386 1669/2381
f 1670/2385 1967/2384 1672/2387
f 1672/2387 1673/2388 1670/2385
f 1674/2389 1675/2390 1971/2391
f 1971/2391 1676/2392 1674/2389
f 1673/2388 1672/2387 1971/2391
f 1971/2391 1675/2390 1673/2388
f 1677/2393 1678/2394 1973/2395
f 1973/2395 1679/2396 1677/2393
f 1674/2389 1676/2392 1973/2395
f 1973/2395 1678/2394 1674/2389
f 1677/2393 1679/2396 1680/2397
f 1680/2397 1681/2398 1677/2393
f 1682/2399 1683/2400 1681/2398
f 1681/2398 1680/2397 1682/2399
f 1974/2401 1684/2402 1685/2403
f 1685/2403 1686/2404 1974/2401
f 1687/2405 1682/2399 1974/2401
f 1974/2401 1686/2404 1687/2405
f 1688/2406 1683/2400 1682/2399
f 1682/2399 1687/2405 1688/2406
f 1689/2407 1690/2408 1691/2409
f 1691/2409 1692/2410 1689/2407
f 1685/2403 1684/2402 1691/2409
f 1691/2409 1690/2408 1685/2403
f 1689/2407 1692/2410 1693/2411
f 1693/2411 1694/2412 1689/2407
f 1695/2413 1696/2414 1697/2415
f 1697/2415 1698/2416 1695/2413
f 1699/2417 1693/2411 1697/2415
f 1697/2415 1696/2414 1699/2417
f 1700/2418 1701/2419 1702/2420
f 1702/2420 1980/2421 1700/2418
f 1695/2413 1698/2416 1702/2420
f 1702/2420 1701/2419 1695/2413
f 1981/2422 1703/2423 1700/2418
f 1700/2418 1980/2421 1981/2422
f 1704/2424 1983/2425 1982/2426
f 1981/2422 1983/2425 1704/2424
f 1704/2424 1982/2426 1984/2427
f 1984/2427 1705/2428 1704/2424
f 1706/2429 1707/2430 1985/2431
f 1705/2428 1984/2427 1707/2430
f 1707/2430 1706/2429 1705/2428
f 1706/2429 1985/2431 1988/2432
f 1708/2433 1709/2434 1710/2435
f 1710/2435 1987/2436 1708/2433
f 1711/2437 1988/2432 1710/2435
f 1710/2435 1709/2434 1711/2437
f 1708/2433 1987/2436 1712/2438
f 1712/2438 1713/2439 1708/2433
f 1713/2439 1712/2438 1989/2440
f 1989/2440 1714/2441 1713/2439
f 1714/2441 1989/2440 1990/2442
f 1990/2442 1715/2443 1714/2441
f 1716/2444 1717/2445 1718/2446
f 1718/2446 1719/2447 1716/2444
f 1720/2448 1721/2449 1722/2450
f 1722/2450 1993/2451 1720/2448
f 1723/2452 1722/2450 1721/2449
f 1721/2449 1724/2453 1723/2452
f 1715/2443 1990/2442 1723/2452
f 1723/2452 1724/2453 1715/2443
f 1717/2445 1716/2444 1720/2448
f 1720/2448 1993/2451 1717/2445
f 1719/2447 1718/2446 1725/2454
f 1725/2454 1726/2455 1719/2447
f 1727/2456 1728/2457 1726/2455
f 1726/2455 1725/2454 1727/2456
f 1728/2457 1727/2456 1729/2458
f 1729/2458 1730/2459 1728/2457
f 1731/2460 1730/2459 1729/2458
f 1729/2458 1998/2461 1731/2460
f 1998/2461 1732/2462 1733/2463
f 1733/2463 1731/2460 1998/2461
f 1733/2463 1732/2462 1734/2464
f 1734/2464 1735/2465 1733/2463
f 1735/2465 1734/2464 1736/2466
f 1736/2466 1737/2467 1735/2465
f 1738/2468 1736/2466 2002/2469
f 1739/2470 1740/2471 1741/2472
f 1741/2472 1742/2473 1739/2470
f 1738/2468 2002/2469 1739/2470
f 1739/2470 1742/2473 1738/2468
f 1741/2472 1740/2471 1743/2474
f 1743/2474 1744/2475 1741/2472
f 2005/2476 1745/2477 1744/2475
f 1744/2475 1743/2474 2005/2476
f 2006/2478 1746/2479 1745/2477
f 1745/2477 2005/2476 2006/2478
f 1746/2479 2006/2478 1747/2480
f 1747/2480 1748/2481 1746/2479
f 1749/2482 2008/2483 1750/2484
f 1749/2482 1748/2481 1747/2480
f 1747/2480 2008/2483 1749/2482
f 1749/2482 1750/2484 2010/2485
f 2010/2485 1751/2486 1749/2482
f 1751/2486 2010/2485 2011/2487
f 2011/2487 1752/2488 1751/2486
f 1753/2489 1754/2490 2014/2491
f 2014/2491 2013/2492 1753/2489
f 1755/2493 2011/2487 2014/2491
f 2014/2491 1754/2490 1755/2493
f 1753/2489 2013/2492 2016/2494
f 2016/2494 1756/2495 1753/2489
f 1757/2496 1758/2497 1756/2495
f 1756/2495 2016/2494 1757/2496
f 1758/2497 1757/2496 1759/2498
f 1759/2498 1760/2499 1758/2497
f 2019/2500 1761/2501 1760/2499
f 1760/2499 1759/2498 2019/2500
f 2022/2502 1762/2503 1760/2499
f 1760/2499 1761/2501 2022/2502
f 2022/2502 1763/2504 1764/2505
f 1764/2505 1762/2503 2022/2502
f 1763/2504 1765/2506 1764/2505
f 1764/2505 1765/2506 2023/2507
f 2023/2507 1766/2508 1764/2505
f 1766/2508 2023/2507 1663/2373
f 1663/2373 1662/2372 1766/2508
f 1755/2493 1767/2509 1752/2488
f 1752/2488 2011/2487 1755/2493
f 1738/2468 1768/2510 1737/2467
f 1737/2467 1736/2466 1738/2468
f 1703/2423 1981/2422 1769/2511
f 1988/2432 1711/2437 1706/2429
f 1699/2417 1770/2512 1694/2412
f 1694/2412 1693/2411 1699/2417
f 1724/2453 1720/2448 1716/2444
f 1716/2444 1715/2443 1724/2453
f 1715/2443 1716/2444 1771/2513
f 1771/2513 1714/2441 1715/2443
f 1716/2444 1719/2447 1771/2513
f 1714/2441 1771/2513 1772/2514
f 1772/2514 1713/2439 1714/2441
f 1726/2455 1772/2514 1771/2513
f 1771/2513 1719/2447 1726/2455
f 1728/2457 1773/2515 1772/2514
f 1772/2514 1726/2455 1728/2457
f 1711/2437 1709/2434 1708/2433
f 1708/2433 1772/2514 1711/2437
f 1774/2516 1711/2437 1772/2514
f 1772/2514 1773/2515 1774/2516
f 1775/2517 1776/2518 1774/2516
f 1774/2516 1773/2515 1775/2517
f 1774/2516 1776/2518 1711/2437
f 1773/2515 1728/2457 1730/2459
f 1730/2459 1775/2517 1773/2515
f 1706/2429 1711/2437 1776/2518
f 1777/2519 1775/2517 1730/2459
f 1730/2459 1731/2460 1777/2519
f 1731/2460 1733/2463 1735/2465
f 1735/2465 1777/2519 1731/2460
f 1777/2519 1735/2465 1737/2467
f 1737/2467 1778/2520 1777/2519
f 1778/2520 1737/2467 1768/2510
f 1778/2520 1776/2518 1775/2517
f 1775/2517 1777/2519 1778/2520
f 1779/2521 1776/2518 1778/2520
f 1779/2521 1778/2520 1768/2510
f 1768/2510 1769/2511 1779/2521
f 1705/2428 1706/2429 1776/2518
f 1776/2518 1779/2521 1705/2428
f 1769/2511 1704/2424 1705/2428
f 1705/2428 1779/2521 1769/2511
f 1780/2522 1781/2523 1768/2510
f 1768/2510 1738/2468 1780/2522
f 1738/2468 1742/2473 1741/2472
f 1741/2472 1780/2522 1738/2468
f 1741/2472 1744/2475 1780/2522
f 1703/2423 1782/2524 1783/2525
f 1703/2423 1783/2525 1701/2419
f 1701/2419 1700/2418 1703/2423
f 1782/2524 1781/2523 1784/2526
f 1784/2526 1785/2527 1782/2524
f 1784/2526 1781/2523 1780/2522
f 1780/2522 1786/2528 1784/2526
f 1786/2528 1780/2522 1744/2475
f 1744/2475 1745/2477 1786/2528
f 1785/2527 1783/2525 1782/2524
f 1783/2525 1695/2413 1701/2419
f 1699/2417 1696/2414 1783/2525
f 1783/2525 1785/2527 1699/2417
f 1783/2525 1696/2414 1695/2413
f 1787/2529 1784/2526 1786/2528
f 1786/2528 1788/2530 1787/2529
f 1746/2479 1788/2530 1786/2528
f 1786/2528 1745/2477 1746/2479
f 1770/2512 1699/2417 1785/2527
f 1785/2527 1787/2529 1770/2512
f 1784/2526 1787/2529 1785/2527
f 1749/2482 1751/2486 1789/2531
f 1748/2481 1749/2482 1789/2531
f 1789/2531 1788/2530 1748/2481
f 1788/2530 1746/2479 1748/2481
f 1789/2531 1751/2486 1752/2488
f 1788/2530 1789/2531 1790/2532
f 1790/2532 1787/2529 1788/2530
f 1791/2533 1790/2532 1789/2531
f 1789/2531 1752/2488 1791/2533
f 1690/2408 1689/2407 1694/2412
f 1694/2412 1792/2534 1690/2408
f 1792/2534 1687/2405 1686/2404
f 1686/2404 1685/2403 1792/2534
f 1685/2403 1690/2408 1792/2534
f 1792/2534 1790/2532 1791/2533
f 1790/2532 1792/2534 1694/2412
f 1694/2412 1770/2512 1790/2532
f 1787/2529 1790/2532 1770/2512
f 1793/2535 1791/2533 1752/2488
f 1752/2488 1767/2509 1793/2535
f 1688/2406 1687/2405 1792/2534
f 1792/2534 1791/2533 1688/2406
f 1683/2400 1688/2406 1791/2533
f 1791/2533 1793/2535 1683/2400
f 1754/2490 1753/2489 1794/2536
f 1794/2536 1755/2493 1754/2490
f 1794/2536 1753/2489 1756/2495
f 1767/2509 1755/2493 1794/2536
f 1794/2536 1793/2535 1767/2509
f 1683/2400 1793/2535 1794/2536
f 1794/2536 1795/2537 1683/2400
f 1795/2537 1681/2398 1683/2400
f 1796/2538 1797/2539 1795/2537
f 1795/2537 1794/2536 1796/2538
f 1794/2536 1756/2495 1758/2497
f 1758/2497 1796/2538 1794/2536
f 1681/2398 1795/2537 1797/2539
f 1797/2539 1677/2393 1681/2398
f 1797/2539 1798/2540 1678/2394
f 1678/2394 1677/2393 1797/2539
f 1674/2389 1678/2394 1798/2540
f 1798/2540 1675/2390 1674/2389
f 1797/2539 1799/2541 1798/2540
f 1799/2541 1673/2388 1675/2390
f 1675/2390 1798/2540 1799/2541
f 1760/2499 1800/2542 1796/2538
f 1796/2538 1758/2497 1760/2499
f 1799/2541 1797/2539 1796/2538
f 1796/2538 1800/2542 1799/2541
f 1800/2542 1760/2499 1762/2503
f 1762/2503 1801/2543 1800/2542
f 1801/2543 1762/2503 1764/2505
f 1670/2385 1673/2388 1799/2541
f 1799/2541 1802/2544 1670/2385
f 1667/2378 1669/2381 1670/2385
f 1670/2385 1802/2544 1667/2378
f 1802/2544 1799/2541 1800/2542
f 1800/2542 1801/2543 1802/2544
f 1764/2505 1766/2508 1662/2372
f 1662/2372 1803/2545 1764/2505
f 1804/2546 1803/2545 1662/2372
f 1662/2372 1666/2376 1804/2546
f 1801/2543 1803/2545 1804/2546
f 1804/2546 1802/2544 1801/2543
f 1804/2546 1666/2376 1667/2378
f 1667/2378 1802/2544 1804/2546
f 1720/2448 1724/2453 1721/2449
f 1805/2547 1806/2548 1961/2549
f 1807/2550 2024/2551 1806/2548
f 1806/2548 1805/2547 1807/2550
f 1807/2550 1962/2552 2024/2551
f 1808/2553 1809/2554 1964/2555
f 1964/2555 1810/2556 1808/2553
f 1810/2556 1811/2557 1812/2558
f 1812/2558 1808/2553 1810/2556
f 1807/2550 1812/2558 1811/2557
f 1811/2557 1962/2552 1807/2550
f 1969/2559 1813/2560 1814/2561
f 1809/2554 1813/2560 1969/2559
f 1969/2559 1964/2555 1809/2554
f 1813/2560 1815/2562 1816/2563
f 1816/2563 1814/2561 1813/2560
f 1817/2564 1970/2565 1818/2566
f 1818/2566 1819/2567 1817/2564
f 1815/2562 1819/2567 1818/2566
f 1818/2566 1816/2563 1815/2562
f 1820/2568 1972/2569 1821/2570
f 1821/2570 1822/2571 1820/2568
f 1817/2564 1822/2571 1821/2570
f 1821/2570 1970/2565 1817/2564
f 1820/2568 1823/2572 1824/2573
f 1824/2573 1972/2569 1820/2568
f 1825/2574 1824/2573 1823/2572
f 1823/2572 1826/2575 1825/2574
f 1975/2576 1827/2577 1828/2578
f 1828/2578 1829/2579 1975/2576
f 1830/2580 1827/2577 1975/2576
f 1975/2576 1825/2574 1830/2580
f 1831/2581 1830/2580 1825/2574
f 1825/2574 1826/2575 1831/2581
f 1832/2582 1976/2583 1833/2584
f 1833/2584 1834/2585 1832/2582
f 1828/2578 1834/2585 1833/2584
f 1833/2584 1829/2579 1828/2578
f 1832/2582 1835/2586 1836/2587
f 1836/2587 1976/2583 1832/2582
f 1837/2588 1977/2589 1978/2590
f 1978/2590 1838/2591 1837/2588
f 1839/2592 1838/2591 1978/2590
f 1978/2590 1836/2587 1839/2592
f 1840/2593 1979/2594 1841/2595
f 1841/2595 1842/2596 1840/2593
f 1837/2588 1842/2596 1841/2595
f 1841/2595 1977/2589 1837/2588
f 1843/2597 1979/2594 1840/2593
f 1840/2593 1844/2598 1843/2597
f 1845/2599 1846/2600 1847/2601
f 1847/2601 1848/2602 1845/2599
f 1849/2603 1848/2602 1847/2601
f 1847/2601 1843/2597 1849/2603
f 1845/2599 1850/2604 1851/2605
f 1851/2605 1846/2600 1845/2599
f 1852/2606 1853/2607 1854/2608
f 1854/2608 1855/2609 1852/2606
f 1850/2604 1855/2609 1854/2608
f 1854/2608 1851/2605 1850/2604
f 1852/2606 1856/2610 1857/2611
f 1857/2611 1853/2607 1852/2606
f 1858/2612 1986/2613 1859/2614
f 1859/2614 1860/2615 1858/2612
f 1861/2616 1860/2615 1859/2614
f 1859/2614 1857/2611 1861/2616
f 1858/2612 1862/2617 1863/2618
f 1863/2618 1986/2613 1858/2612
f 1862/2617 1864/2619 1865/2620
f 1865/2620 1863/2618 1862/2617
f 1864/2619 1866/2621 1867/2622
f 1867/2622 1865/2620 1864/2619
f 1868/2623 1869/2624 1870/2625
f 1870/2625 1991/2626 1868/2623
f 1871/2627 1992/2628 1994/2629
f 1994/2629 1872/2630 1871/2627
f 1873/2631 1874/2632 1872/2630
f 1872/2630 1994/2629 1873/2631
f 1866/2621 1874/2632 1873/2631
f 1873/2631 1867/2622 1866/2621
f 1991/2626 1992/2628 1871/2627
f 1871/2627 1868/2623 1991/2626
f 1869/2624 1875/2633 1995/2634
f 1995/2634 1870/2625 1869/2624
f 1996/2635 1995/2634 1875/2633
f 1875/2633 1876/2636 1996/2635
f 1876/2636 1877/2637 1878/2638
f 1878/2638 1996/2635 1876/2636
f 1879/2639 1997/2640 1878/2638
f 1878/2638 1877/2637 1879/2639
f 1997/2640 1879/2639 1880/2641
f 1880/2641 1999/2642 1997/2640
f 1880/2641 1881/2643 2000/2644
f 2000/2644 1999/2642 1880/2641
f 1881/2643 1882/2645 1883/2646
f 1883/2646 2000/2644 1881/2643
f 1884/2647 2001/2648 1883/2646
f 1885/2649 1886/2650 1887/2651
f 1887/2651 2003/2652 1885/2649
f 1884/2647 1886/2650 1885/2649
f 1885/2649 2001/2648 1884/2647
f 1887/2651 1888/2653 2004/2654
f 2004/2654 2003/2652 1887/2651
f 1889/2655 2004/2654 1888/2653
f 1888/2653 1890/2656 1889/2655
f 1891/2657 1889/2655 1890/2656
f 1890/2656 1892/2658 1891/2657
f 1892/2658 1893/2659 1894/2660
f 1894/2660 1891/2657 1892/2658
f 1895/2661 2007/2662 1896/2663
f 1896/2663 1893/2659 1895/2661
f 1893/2659 1896/2663 1894/2660
f 1895/2661 2009/2664 2007/2662
f 1895/2661 1897/2665 1898/2666
f 1898/2666 2009/2664 1895/2661
f 1899/2667 2012/2668 1900/2669
f 1900/2669 1901/2670 1899/2667
f 1902/2671 1901/2670 1900/2669
f 1900/2669 1898/2666 1902/2671
f 1899/2667 1903/2672 2015/2673
f 2015/2673 2012/2668 1899/2667
f 2017/2674 2015/2673 1903/2672
f 1903/2672 1904/2675 2017/2674
f 1904/2675 1905/2676 1906/2677
f 1906/2677 2017/2674 1904/2675
f 2020/2678 1905/2676 1907/2679
f 1907/2679 2018/2680 2020/2678
f 1905/2676 2020/2678 1906/2677
f 1908/2681 2018/2680 1907/2679
f 1907/2679 1909/2682 1908/2681
f 1908/2681 1909/2682 1910/2683
f 1910/2683 2021/2684 1908/2681
f 2021/2684 1910/2683 1911/2685
f 1910/2683 1912/2686 1913/2687
f 1913/2687 1911/2685 1910/2683
f 1912/2686 1805/2547 1961/2549
f 1961/2549 1913/2687 1912/2686
f 1902/2671 1898/2666 1897/2665
f 1884/2647 1883/2646 1882/2645
f 1882/2645 1914/2688 1884/2647
f 1849/2603 1843/2597 1844/2598
f 1844/2598 1915/2689 1849/2603
f 1857/2611 1856/2610 1916/2690
f 1916/2690 1861/2616 1857/2611
f 1839/2592 1836/2587 1835/2586
f 1835/2586 1917/2691 1839/2592
f 1874/2632 1918/2692 1871/2627
f 1918/2692 1919/2693 1869/2624
f 1869/2624 1868/2623 1918/2692
f 1919/2693 1918/2692 1866/2621
f 1866/2621 1864/2619 1919/2693
f 1871/2627 1918/2692 1868/2623
f 1874/2632 1866/2621 1918/2692
f 1864/2619 1862/2617 1920/2694
f 1920/2694 1919/2693 1864/2619
f 1875/2633 1869/2624 1919/2693
f 1919/2693 1921/2695 1875/2633
f 1920/2694 1921/2695 1919/2693
f 1876/2636 1875/2633 1921/2695
f 1921/2695 1922/2696 1876/2636
f 1860/2615 1861/2616 1923/2697
f 1923/2697 1858/2612 1860/2615
f 1924/2698 1923/2697 1861/2616
f 1861/2616 1916/2690 1924/2698
f 1923/2697 1920/2694 1862/2617
f 1862/2617 1858/2612 1923/2697
f 1923/2697 1924/2698 1925/2699
f 1925/2699 1920/2694 1923/2697
f 1920/2694 1925/2699 1922/2696
f 1922/2696 1921/2695 1920/2694
f 1926/2700 1922/2696 1925/2699
f 1925/2699 1927/2701 1926/2700
f 1924/2698 1928/2702 1927/2701
f 1927/2701 1925/2699 1924/2698
f 1922/2696 1926/2700 1877/2637
f 1877/2637 1876/2636 1922/2696
f 1852/2606 1855/2609 1929/2703
f 1929/2703 1856/2610 1852/2606
f 1924/2698 1916/2690 1856/2610
f 1856/2610 1929/2703 1924/2698
f 1924/2698 1929/2703 1928/2702
f 1930/2704 1879/2639 1877/2637
f 1877/2637 1926/2700 1930/2704
f 1879/2639 1930/2704 1881/2643
f 1881/2643 1880/2641 1879/2639
f 1930/2704 1931/2705 1882/2645
f 1882/2645 1881/2643 1930/2704
f 1931/2705 1932/2706 1914/2688
f 1914/2688 1882/2645 1931/2705
f 1931/2705 1930/2704 1926/2700
f 1926/2700 1927/2701 1931/2705
f 1933/2707 1931/2705 1927/2701
f 1927/2701 1928/2702 1933/2707
f 1933/2707 1934/2708 1932/2706
f 1932/2706 1931/2705 1933/2707
f 1933/2707 1928/2702 1929/2703
f 1929/2703 1850/2604 1933/2707
f 1850/2604 1929/2703 1855/2609
f 1934/2708 1933/2707 1850/2604
f 1850/2604 1935/2709 1934/2708
f 1849/2603 1934/2708 1935/2709
f 1849/2603 1935/2709 1848/2602
f 1914/2688 1932/2706 1884/2647
f 1936/2710 1932/2706 1934/2708
f 1934/2708 1937/2711 1936/2710
f 1938/2712 1884/2647 1932/2706
f 1932/2706 1936/2710 1938/2712
f 1886/2650 1884/2647 1938/2712
f 1938/2712 1887/2651 1886/2650
f 1887/2651 1938/2712 1888/2653
f 1844/2598 1939/2713 1937/2711
f 1937/2711 1915/2689 1844/2598
f 1915/2689 1937/2711 1934/2708
f 1844/2598 1840/2593 1842/2596
f 1842/2596 1939/2713 1844/2598
f 1937/2711 1940/2714 1941/2715
f 1941/2715 1936/2710 1937/2711
f 1941/2715 1942/2716 1938/2712
f 1938/2712 1936/2710 1941/2715
f 1942/2716 1890/2656 1888/2653
f 1888/2653 1938/2712 1942/2716
f 1940/2714 1937/2711 1939/2713
f 1939/2713 1943/2717 1940/2714
f 1943/2717 1939/2713 1842/2596
f 1842/2596 1837/2588 1943/2717
f 1839/2592 1940/2714 1943/2717
f 1943/2717 1838/2591 1839/2592
f 1943/2717 1837/2588 1838/2591
f 1944/2718 1945/2719 1942/2716
f 1942/2716 1941/2715 1944/2718
f 1892/2658 1890/2656 1942/2716
f 1942/2716 1945/2719 1892/2658
f 1917/2691 1944/2718 1940/2714
f 1940/2714 1839/2592 1917/2691
f 1941/2715 1940/2714 1944/2718
f 1893/2659 1946/2720 1895/2661
f 1945/2719 1946/2720 1893/2659
f 1893/2659 1892/2658 1945/2719
f 1946/2720 1897/2665 1895/2661
f 1945/2719 1944/2718 1947/2721
f 1947/2721 1946/2720 1945/2719
f 1948/2722 1897/2665 1946/2720
f 1946/2720 1947/2721 1948/2722
f 1834/2585 1949/2723 1835/2586
f 1835/2586 1832/2582 1834/2585
f 1949/2723 1828/2578 1827/2577
f 1827/2577 1830/2580 1949/2723
f 1828/2578 1949/2723 1834/2585
f 1949/2723 1948/2722 1947/2721
f 1947/2721 1917/2691 1835/2586
f 1835/2586 1949/2723 1947/2721
f 1944/2718 1917/2691 1947/2721
f 1831/2581 1948/2722 1949/2723
f 1949/2723 1830/2580 1831/2581
f 1826/2575 1948/2722 1831/2581
f 1901/2670 1902/2671 1950/2724
f 1950/2724 1899/2667 1901/2670
f 1951/2725 1903/2672 1899/2667
f 1899/2667 1950/2724 1951/2725
f 1897/2665 1948/2722 1950/2724
f 1950/2724 1902/2671 1897/2665
f 1950/2724 1948/2722 1951/2725
f 1826/2575 1952/2726 1951/2725
f 1951/2725 1948/2722 1826/2575
f 1952/2726 1826/2575 1823/2572
f 1953/2727 1951/2725 1952/2726
f 1952/2726 1954/2728 1953/2727
f 1951/2725 1953/2727 1904/2675
f 1904/2675 1903/2672 1951/2725
f 1823/2572 1820/2568 1954/2728
f 1954/2728 1952/2726 1823/2572
f 1954/2728 1820/2568 1822/2571
f 1822/2571 1955/2729 1954/2728
f 1817/2564 1819/2567 1955/2729
f 1955/2729 1822/2571 1817/2564
f 1955/2729 1819/2567 1815/2562
f 1905/2676 1904/2675 1953/2727
f 1953/2727 1956/2730 1905/2676
f 1955/2729 1956/2730 1953/2727
f 1953/2727 1954/2728 1955/2729
f 1907/2679 1956/2730 1957/2731
f 1957/2731 1909/2682 1907/2679
f 1910/2683 1957/2731 1958/2732
f 1957/2731 1910/2683 1909/2682
f 1957/2731 1956/2730 1955/2729
f 1955/2729 1959/2733 1957/2731
f 1955/2729 1815/2562 1959/2733
f 1809/2554 1808/2553 1959/2733
f 1959/2733 1813/2560 1809/2554
f 1910/2683 1958/2732 1805/2547
f 1805/2547 1912/2686 1910/2683
f 1958/2732 1960/2734 1807/2550
f 1807/2550 1805/2547 1958/2732
f 1957/2731 1959/2733 1960/2734
f 1960/2734 1958/2732 1957/2731
f 1808/2553 1812/2558 1960/2734
f 1960/2734 1959/2733 1808/2553
f 1812/2558 1807/2550 1960/2734
f 1871/2627 1872/2630 1874/2632
f 1806/2735 1664/2736 1663/2737
f 1663/2737 1961/2738 1806/2735
f 1962/2739 1963/2740 1665/2741
f 1665/2741 2024/2742 1962/2739
f 1964/2743 1668/2744 1965/2745
f 1965/2745 1810/2746 1964/2743
f 1810/2746 1965/2745 1966/2747
f 1966/2747 1811/2748 1810/2746
f 1811/2748 1966/2747 1963/2740
f 1963/2740 1962/2739 1811/2748
f 1814/2749 1967/2750 1968/2751
f 1968/2751 1969/2752 1814/2749
f 1969/2752 1968/2751 1668/2744
f 1668/2744 1964/2743 1969/2752
f 1816/2753 1672/2754 1967/2750
f 1967/2750 1814/2749 1816/2753
f 1970/2755 1676/2756 1971/2757
f 1971/2757 1818/2758 1970/2755
f 1818/2758 1971/2757 1672/2759
f 1672/2759 1816/2760 1818/2758
f 1972/2761 1679/2762 1973/2763
f 1973/2763 1821/2764 1972/2761
f 1821/2764 1973/2763 1676/2756
f 1676/2756 1970/2755 1821/2764
f 1824/2765 1680/2766 1679/2762
f 1679/2762 1972/2761 1824/2765
f 1825/2767 1682/2768 1680/2766
f 1680/2766 1824/2765 1825/2767
f 1829/2769 1684/2770 1974/2771
f 1974/2771 1975/2772 1829/2769
f 1975/2772 1974/2771 1682/2773
f 1682/2773 1825/2774 1975/2772
f 1976/2775 1692/2776 1691/2777
f 1691/2777 1833/2778 1976/2775
f 1833/2778 1691/2777 1684/2770
f 1684/2770 1829/2769 1833/2778
f 1836/2779 1693/2780 1692/2776
f 1692/2776 1976/2775 1836/2779
f 1977/2781 1698/2782 1697/2783
f 1697/2783 1978/2784 1977/2781
f 1978/2784 1697/2783 1693/2785
f 1693/2785 1836/2786 1978/2784
f 1979/2787 1980/2788 1702/2789
f 1702/2789 1841/2790 1979/2787
f 1841/2790 1702/2789 1698/2782
f 1698/2782 1977/2781 1841/2790
f 1843/2791 1981/2792 1980/2788
f 1980/2788 1979/2787 1843/2791
f 1846/2793 1982/2794 1983/2795
f 1983/2795 1847/2796 1846/2793
f 1847/2796 1983/2795 1981/2797
f 1981/2797 1843/2798 1847/2796
f 1851/2799 1984/2800 1982/2794
f 1982/2794 1846/2793 1851/2799
f 1853/2801 1985/2802 1707/2803
f 1707/2803 1854/2804 1853/2801
f 1854/2804 1707/2803 1984/2800
f 1984/2800 1851/2799 1854/2804
f 1857/2805 1988/2806 1985/2802
f 1985/2802 1853/2801 1857/2805
f 1986/2807 1987/2808 1710/2809
f 1710/2809 1859/2810 1986/2807
f 1859/2810 1710/2809 1988/2811
f 1988/2811 1857/2812 1859/2810
f 1863/2813 1712/2814 1987/2808
f 1987/2808 1986/2807 1863/2813
f 1865/2815 1989/2816 1712/2814
f 1712/2814 1863/2813 1865/2815
f 1867/2817 1990/2818 1989/2816
f 1989/2816 1865/2815 1867/2817
f 1870/2819 1718/2820 1717/2821
f 1717/2821 1991/2822 1870/2819
f 1992/2823 1993/2824 1722/2825
f 1722/2825 1994/2826 1992/2823
f 1994/2826 1722/2825 1723/2827
f 1723/2827 1873/2828 1994/2826
f 1873/2828 1723/2827 1990/2818
f 1990/2818 1867/2817 1873/2828
f 1991/2822 1717/2821 1993/2824
f 1993/2824 1992/2823 1991/2822
f 1995/2829 1725/2830 1718/2820
f 1718/2820 1870/2819 1995/2829
f 1996/2831 1727/2832 1725/2830
f 1725/2830 1995/2829 1996/2831
f 1878/2833 1729/2834 1727/2832
f 1727/2832 1996/2831 1878/2833
f 1997/2835 1998/2836 1729/2834
f 1729/2834 1878/2833 1997/2835
f 1999/2837 1732/2838 1998/2836
f 1998/2836 1997/2835 1999/2837
f 2000/2839 1734/2840 1732/2838
f 1732/2838 1999/2837 2000/2839
f 1883/2841 1736/2842 1734/2840
f 1734/2840 2000/2839 1883/2841
f 2001/2843 2002/2844 1736/2845
f 1736/2845 1883/2846 2001/2843
f 2003/2847 1740/2848 1739/2849
f 1739/2849 1885/2850 2003/2847
f 1885/2850 1739/2849 2002/2844
f 2002/2844 2001/2843 1885/2850
f 2004/2851 1743/2852 1740/2848
f 1740/2848 2003/2847 2004/2851
f 1889/2853 2005/2854 1743/2852
f 1743/2852 2004/2851 1889/2853
f 1891/2855 2006/2856 2005/2854
f 2005/2854 1889/2853 1891/2855
f 1894/2857 1747/2858 2006/2856
f 2006/2856 1891/2855 1894/2857
f 2007/2859 1750/2860 2008/2861
f 2008/2861 1896/2862 2007/2859
f 1896/2862 2008/2861 1747/2858
f 1747/2858 1894/2857 1896/2862
f 2009/2863 2010/2864 1750/2860
f 1750/2860 2007/2859 2009/2863
f 1898/2865 2011/2866 2010/2864
f 2010/2864 2009/2863 1898/2865
f 2012/2867 2013/2868 2014/2869
f 2014/2869 1900/2870 2012/2867
f 1900/2870 2014/2869 2011/2871
f 2011/2871 1898/2872 1900/2870
f 2015/2873 2016/2874 2013/2868
f 2013/2868 2012/2867 2015/2873
f 2017/2875 1757/2876 2016/2874
f 2016/2874 2015/2873 2017/2875
f 1906/2877 1759/2878 1757/2876
f 1757/2876 2017/2875 1906/2877
f 2018/2879 1761/2880 2019/2881
f 2019/2881 2020/2882 2018/2879
f 2020/2882 2019/2881 1759/2878
f 1759/2878 1906/2877 2020/2882
f 1908/2883 2022/2884 1761/2880
f 1761/2880 2018/2879 1908/2883
f 2021/2885 1763/2886 2022/2887
f 2022/2887 1908/2888 2021/2885
f 1911/2889 1765/2890 1763/2886
f 1763/2886 2021/2885 1911/2889
f 1913/2891 2023/2892 1765/2890
f 1765/2890 1911/2889 1913/2891
f 1961/2738 1663/2737 2023/2892
f 2023/2892 1913/2891 1961/2738
f 1915/2689 1934/2708 1849/2603
f 1935/2709 1850/2604 1845/2599
f 1845/2599 1848/2602 1935/2709
f 1801/2543 1764/2505 1803/2545
f 1703/2423 1769/2511 1782/2524
f 1781/2523 1782/2524 1769/2511
f 1769/2511 1768/2510 1781/2523
f 1959/2733 1815/2562 1813/2560
f 1907/2679 1905/2676 1956/2730
f 1704/2424 1769/2511 1981/2422
f 1670/2385 1669/2381 1671/2386
f 1772/2514 1708/2433 1713/2439
f 2024/2893 1665/2894 2026/2895
f 2026/2895 2025/2896 2024/2893
f 2026/2897 1665/2375 1664/2374
f 1664/2374 2027/2898 2026/2897
f 1664/2899 1806/2900 2028/2901
f 2028/2901 2027/2902 1664/2899
f 2028/2903 1806/2548 2024/2551
f 2024/2551 2025/2904 2028/2903
f 2029/2905 2030/2906 2028/2903
f 2028/2903 2025/2904 2029/2905
f 2027/2902 2028/2901 2030/2907
f 2030/2907 2031/2908 2027/2902
f 2031/2909 2032/2910 2026/2897
f 2026/2897 2027/2898 2031/2909
f 2025/2896 2026/2895 2032/2911
f 2032/2911 2029/2912 2025/2896
f 2033/2913 2328/2914 2034/2915
f 2035/2916 2034/2915 2036/2917
f 2036/2917 2037/2918 2035/2916
f 2037/2918 2036/2917 2330/2919
f 2038/2920 2039/2921 2040/2922
f 2040/2922 2041/2923 2038/2920
f 2039/2921 2038/2920 2042/2924
f 2037/2918 2330/2919 2042/2924
f 2042/2924 2038/2920 2037/2918
f 2334/2925 2333/2926 2043/2927
f 2043/2927 2044/2928 2334/2925
f 2041/2923 2040/2922 2334/2925
f 2334/2925 2044/2928 2041/2923
f 2043/2927 2333/2926 2337/2929
f 2337/2929 2045/2930 2043/2927
f 2046/2931 2047/2932 2048/2933
f 2048/2933 2049/2934 2046/2931
f 2045/2930 2337/2929 2048/2933
f 2048/2933 2047/2932 2045/2930
f 2050/2935 2051/2936 2052/2937
f 2052/2937 2339/2938 2050/2935
f 2046/2931 2049/2934 2052/2937
f 2052/2937 2051/2936 2046/2931
f 2050/2935 2339/2938 2053/2939
f 2053/2939 2054/2940 2050/2935
f 2055/2941 2056/2942 2054/2940
f 2054/2940 2053/2939 2055/2941
f 2057/2943 2058/2944 2059/2945
f 2059/2945 2060/2946 2057/2943
f 2061/2947 2055/2941 2057/2943
f 2057/2943 2060/2946 2061/2947
f 2062/2948 2056/2942 2055/2941
f 2055/2941 2061/2947 2062/2948
f 2063/2949 2064/2950 2065/2951
f 2065/2951 2342/2952 2063/2949
f 2059/2945 2058/2944 2065/2951
f 2065/2951 2064/2950 2059/2945
f 2063/2949 2342/2952 2346/2953
f 2346/2953 2066/2954 2063/2949
f 2067/2955 2068/2956 2069/2957
f 2069/2957 2345/2958 2067/2955
f 2070/2959 2346/2953 2069/2957
f 2069/2957 2068/2956 2070/2959
f 2071/2960 2072/2961 2073/2962
f 2073/2962 2074/2963 2071/2960
f 2067/2955 2345/2958 2073/2962
f 2073/2962 2072/2961 2067/2955
f 2348/2964 2075/2965 2071/2960
f 2071/2960 2074/2963 2348/2964
f 2076/2966 2350/2967 2349/2968
f 2348/2964 2350/2967 2076/2966
f 2076/2966 2349/2968 2077/2969
f 2077/2969 2078/2970 2076/2966
f 2079/2971 2080/2972 2081/2973
f 2078/2970 2077/2969 2080/2972
f 2080/2972 2079/2971 2078/2970
f 2079/2971 2081/2973 2355/2974
f 2082/2975 2083/2976 2084/2977
f 2084/2977 2357/2978 2082/2975
f 2085/2979 2355/2974 2084/2977
f 2084/2977 2083/2976 2085/2979
f 2082/2975 2357/2978 2359/2980
f 2359/2980 2086/2981 2082/2975
f 2086/2981 2359/2980 2361/2982
f 2361/2982 2087/2983 2086/2981
f 2087/2983 2361/2982 2362/2984
f 2362/2984 2088/2985 2087/2983
f 2089/2986 2363/2987 2090/2988
f 2090/2988 2091/2989 2089/2986
f 2092/2990 2093/2991 2094/2992
f 2094/2992 2365/2993 2092/2990
f 2366/2994 2094/2992 2093/2991
f 2093/2991 2095/2995 2366/2994
f 2088/2985 2362/2984 2366/2994
f 2366/2994 2095/2995 2088/2985
f 2363/2987 2089/2986 2092/2990
f 2092/2990 2365/2993 2363/2987
f 2091/2989 2090/2988 2368/2996
f 2368/2996 2096/2997 2091/2989
f 2370/2998 2097/2999 2096/2997
f 2096/2997 2368/2996 2370/2998
f 2097/2999 2370/2998 2098/3000
f 2098/3000 2099/3001 2097/2999
f 2100/3002 2099/3001 2098/3000
f 2098/3000 2373/3003 2100/3002
f 2373/3003 2101/3004 2102/3005
f 2102/3005 2100/3002 2373/3003
f 2102/3005 2101/3004 2375/3006
f 2375/3006 2103/3007 2102/3005
f 2103/3007 2375/3006 2378/3008
f 2378/3008 2104/3009 2103/3007
f 2105/3010 2378/3008 2377/3011
f 2106/3012 2107/3013 2108/3014
f 2108/3014 2109/3015 2106/3012
f 2105/3010 2377/3011 2106/3012
f 2106/3012 2109/3015 2105/3010
f 2108/3014 2107/3013 2110/3016
f 2110/3016 2111/3017 2108/3014
f 2381/3018 2112/3019 2111/3017
f 2111/3017 2110/3016 2381/3018
f 2113/3020 2114/3021 2112/3019
f 2112/3019 2381/3018 2113/3020
f 2114/3021 2113/3020 2383/3022
f 2383/3022 2115/3023 2114/3021
f 2116/3024 2386/3025 2385/3026
f 2116/3024 2115/3023 2383/3022
f 2383/3022 2386/3025 2116/3024
f 2116/3024 2385/3026 2117/3027
f 2117/3027 2118/3028 2116/3024
f 2118/3028 2117/3027 2119/3029
f 2119/3029 2120/3030 2118/3028
f 2121/3031 2122/3032 2123/3033
f 2123/3033 2389/3034 2121/3031
f 2124/3035 2119/3029 2123/3033
f 2123/3033 2122/3032 2124/3035
f 2121/3031 2389/3034 2125/3036
f 2125/3036 2126/3037 2121/3031
f 2390/3038 2127/3039 2126/3037
f 2126/3037 2125/3036 2390/3038
f 2127/3039 2390/3038 2128/3040
f 2128/3040 2129/3041 2127/3039
f 2391/3042 2130/3043 2129/3041
f 2129/3041 2128/3040 2391/3042
f 2131/3044 2132/3045 2129/3041
f 2129/3041 2130/3043 2131/3044
f 2131/3044 2392/3046 2133/3047
f 2133/3047 2132/3045 2131/3044
f 2392/3046 2394/3048 2133/3047
f 2133/3047 2394/3048 2134/3049
f 2134/3049 2135/3050 2133/3047
f 2135/3050 2134/3049 2328/2914
f 2328/2914 2033/2913 2135/3050
f 2124/3035 2136/3051 2120/3030
f 2120/3030 2119/3029 2124/3035
f 2105/3010 2137/3052 2104/3009
f 2104/3009 2378/3008 2105/3010
f 2075/2965 2348/2964 2138/3053
f 2355/2974 2085/2979 2079/2971
f 2070/2959 2139/3054 2066/2954
f 2066/2954 2346/2953 2070/2959
f 2095/2995 2092/2990 2089/2986
f 2089/2986 2088/2985 2095/2995
f 2088/2985 2089/2986 2140/3055
f 2140/3055 2087/2983 2088/2985
f 2089/2986 2091/2989 2140/3055
f 2087/2983 2140/3055 2141/3056
f 2141/3056 2086/2981 2087/2983
f 2096/2997 2141/3056 2140/3055
f 2140/3055 2091/2989 2096/2997
f 2097/2999 2142/3057 2141/3056
f 2141/3056 2096/2997 2097/2999
f 2085/2979 2083/2976 2082/2975
f 2082/2975 2141/3056 2085/2979
f 2143/3058 2085/2979 2141/3056
f 2141/3056 2142/3057 2143/3058
f 2144/3059 2145/3060 2143/3058
f 2143/3058 2142/3057 2144/3059
f 2143/3058 2145/3060 2085/2979
f 2142/3057 2097/2999 2099/3001
f 2099/3001 2144/3059 2142/3057
f 2079/2971 2085/2979 2145/3060
f 2146/3061 2144/3059 2099/3001
f 2099/3001 2100/3002 2146/3061
f 2100/3002 2102/3005 2103/3007
f 2103/3007 2146/3061 2100/3002
f 2146/3061 2103/3007 2104/3009
f 2104/3009 2147/3062 2146/3061
f 2147/3062 2104/3009 2137/3052
f 2147/3062 2145/3060 2144/3059
f 2144/3059 2146/3061 2147/3062
f 2148/3063 2145/3060 2147/3062
f 2148/3063 2147/3062 2137/3052
f 2137/3052 2138/3053 2148/3063
f 2078/2970 2079/2971 2145/3060
f 2145/3060 2148/3063 2078/2970
f 2138/3053 2076/2966 2078/2970
f 2078/2970 2148/3063 2138/3053
f 2149/3064 2150/3065 2137/3052
f 2137/3052 2105/3010 2149/3064
f 2105/3010 2109/3015 2108/3014
f 2108/3014 2149/3064 2105/3010
f 2108/3014 2111/3017 2149/3064
f 2075/2965 2151/3066 2152/3067
f 2075/2965 2152/3067 2072/2961
f 2072/2961 2071/2960 2075/2965
f 2151/3066 2150/3065 2153/3068
f 2153/3068 2154/3069 2151/3066
f 2153/3068 2150/3065 2149/3064
f 2149/3064 2155/3070 2153/3068
f 2155/3070 2149/3064 2111/3017
f 2111/3017 2112/3019 2155/3070
f 2154/3069 2152/3067 2151/3066
f 2152/3067 2067/2955 2072/2961
f 2070/2959 2068/2956 2152/3067
f 2152/3067 2154/3069 2070/2959
f 2152/3067 2068/2956 2067/2955
f 2156/3071 2153/3068 2155/3070
f 2155/3070 2157/3072 2156/3071
f 2114/3021 2157/3072 2155/3070
f 2155/3070 2112/3019 2114/3021
f 2139/3054 2070/2959 2154/3069
f 2154/3069 2156/3071 2139/3054
f 2153/3068 2156/3071 2154/3069
f 2116/3024 2118/3028 2158/3073
f 2115/3023 2116/3024 2158/3073
f 2158/3073 2157/3072 2115/3023
f 2157/3072 2114/3021 2115/3023
f 2158/3073 2118/3028 2120/3030
f 2157/3072 2158/3073 2159/3074
f 2159/3074 2156/3071 2157/3072
f 2160/3075 2159/3074 2158/3073
f 2158/3073 2120/3030 2160/3075
f 2064/2950 2063/2949 2066/2954
f 2066/2954 2161/3076 2064/2950
f 2161/3076 2061/2947 2060/2946
f 2060/2946 2059/2945 2161/3076
f 2059/2945 2064/2950 2161/3076
f 2161/3076 2159/3074 2160/3075
f 2159/3074 2161/3076 2066/2954
f 2066/2954 2139/3054 2159/3074
f 2156/3071 2159/3074 2139/3054
f 2162/3077 2160/3075 2120/3030
f 2120/3030 2136/3051 2162/3077
f 2062/2948 2061/2947 2161/3076
f 2161/3076 2160/3075 2062/2948
f 2056/2942 2062/2948 2160/3075
f 2160/3075 2162/3077 2056/2942
f 2122/3032 2121/3031 2163/3078
f 2163/3078 2124/3035 2122/3032
f 2163/3078 2121/3031 2126/3037
f 2136/3051 2124/3035 2163/3078
f 2163/3078 2162/3077 2136/3051
f 2056/2942 2162/3077 2163/3078
f 2163/3078 2164/3079 2056/2942
f 2164/3079 2054/2940 2056/2942
f 2165/3080 2166/3081 2164/3079
f 2164/3079 2163/3078 2165/3080
f 2163/3078 2126/3037 2127/3039
f 2127/3039 2165/3080 2163/3078
f 2054/2940 2164/3079 2166/3081
f 2166/3081 2050/2935 2054/2940
f 2166/3081 2167/3082 2051/2936
f 2051/2936 2050/2935 2166/3081
f 2046/2931 2051/2936 2167/3082
f 2167/3082 2047/2932 2046/2931
f 2166/3081 2168/3083 2167/3082
f 2168/3083 2045/2930 2047/2932
f 2047/2932 2167/3082 2168/3083
f 2129/3041 2169/3084 2165/3080
f 2165/3080 2127/3039 2129/3041
f 2168/3083 2166/3081 2165/3080
f 2165/3080 2169/3084 2168/3083
f 2169/3084 2129/3041 2132/3045
f 2132/3045 2170/3085 2169/3084
f 2170/3085 2132/3045 2133/3047
f 2043/2927 2045/2930 2168/3083
f 2168/3083 2171/3086 2043/2927
f 2038/2920 2041/2923 2043/2927
f 2043/2927 2171/3086 2038/2920
f 2171/3086 2168/3083 2169/3084
f 2169/3084 2170/3085 2171/3086
f 2133/3047 2135/3050 2033/2913
f 2033/2913 2172/3087 2133/3047
f 2172/3087 2033/2913 2035/2916
f 2035/2916 2173/3088 2172/3087
f 2170/3085 2172/3087 2173/3088
f 2173/3088 2171/3086 2170/3085
f 2173/3088 2037/2918 2038/2920
f 2038/2920 2171/3086 2173/3088
f 2092/2990 2095/2995 2093/2991
f 2174/3089 2398/3090 2329/3091
f 2175/3092 2176/3093 2398/3090
f 2398/3090 2174/3089 2175/3092
f 2175/3092 2177/3094 2176/3093
f 2178/3095 2179/3096 2331/3097
f 2331/3097 2332/3098 2178/3095
f 2332/3098 2180/3099 2181/3100
f 2181/3100 2178/3095 2332/3098
f 2175/3092 2181/3100 2180/3099
f 2180/3099 2177/3094 2175/3092
f 2182/3101 2183/3102 2184/3103
f 2179/3096 2183/3102 2182/3101
f 2182/3101 2331/3097 2179/3096
f 2183/3102 2185/3104 2186/3105
f 2186/3105 2184/3103 2183/3102
f 2187/3106 2335/3107 2336/3108
f 2336/3108 2188/3109 2187/3106
f 2185/3104 2188/3109 2336/3108
f 2336/3108 2186/3105 2185/3104
f 2189/3110 2338/3111 2190/3112
f 2190/3112 2191/3113 2189/3110
f 2187/3106 2191/3113 2190/3112
f 2190/3112 2335/3107 2187/3106
f 2189/3110 2192/3114 2193/3115
f 2193/3115 2338/3111 2189/3110
f 2194/3116 2193/3115 2192/3114
f 2192/3114 2195/3117 2194/3116
f 2340/3118 2196/3119 2197/3120
f 2197/3120 2198/3121 2340/3118
f 2199/3122 2196/3119 2340/3118
f 2340/3118 2194/3116 2199/3122
f 2200/3123 2199/3122 2194/3116
f 2194/3116 2195/3117 2200/3123
f 2201/3124 2341/3125 2343/3126
f 2343/3126 2202/3127 2201/3124
f 2197/3120 2202/3127 2343/3126
f 2343/3126 2198/3121 2197/3120
f 2201/3124 2203/3128 2344/3129
f 2344/3129 2341/3125 2201/3124
f 2204/3130 2205/3131 2206/3132
f 2206/3132 2207/3133 2204/3130
f 2208/3134 2207/3133 2206/3132
f 2206/3132 2344/3129 2208/3134
f 2209/3135 2210/3136 2347/3137
f 2347/3137 2211/3138 2209/3135
f 2204/3130 2211/3138 2347/3137
f 2347/3137 2205/3131 2204/3130
f 2212/3139 2210/3136 2209/3135
f 2209/3135 2213/3140 2212/3139
f 2214/3141 2215/3142 2351/3143
f 2351/3143 2216/3144 2214/3141
f 2217/3145 2216/3144 2351/3143
f 2351/3143 2212/3139 2217/3145
f 2214/3141 2218/3146 2352/3147
f 2352/3147 2215/3142 2214/3141
f 2219/3148 2353/3149 2354/3150
f 2354/3150 2220/3151 2219/3148
f 2218/3146 2220/3151 2354/3150
f 2354/3150 2352/3147 2218/3146
f 2219/3148 2221/3152 2222/3153
f 2222/3153 2353/3149 2219/3148
f 2223/3154 2356/3155 2224/3156
f 2224/3156 2225/3157 2223/3154
f 2226/3158 2225/3157 2224/3156
f 2224/3156 2222/3153 2226/3158
f 2223/3154 2227/3159 2358/3160
f 2358/3160 2356/3155 2223/3154
f 2227/3159 2228/3161 2360/3162
f 2360/3162 2358/3160 2227/3159
f 2228/3161 2229/3163 2230/3164
f 2230/3164 2360/3162 2228/3161
f 2231/3165 2232/3166 2233/3167
f 2233/3167 2364/3168 2231/3165
f 2234/3169 2235/3170 2236/3171
f 2236/3171 2237/3172 2234/3169
f 2238/3173 2239/3174 2237/3172
f 2237/3172 2236/3171 2238/3173
f 2229/3163 2239/3174 2238/3173
f 2238/3173 2230/3164 2229/3163
f 2364/3168 2235/3170 2234/3169
f 2234/3169 2231/3165 2364/3168
f 2232/3166 2240/3175 2367/3176
f 2367/3176 2233/3167 2232/3166
f 2369/3177 2367/3176 2240/3175
f 2240/3175 2241/3178 2369/3177
f 2241/3178 2242/3179 2371/3180
f 2371/3180 2369/3177 2241/3178
f 2243/3181 2372/3182 2371/3180
f 2371/3180 2242/3179 2243/3181
f 2372/3182 2243/3181 2244/3183
f 2244/3183 2374/3184 2372/3182
f 2244/3183 2245/3185 2246/3186
f 2246/3186 2374/3184 2244/3183
f 2245/3185 2247/3187 2248/3188
f 2248/3188 2246/3186 2245/3185
f 2249/3189 2376/3190 2248/3188
f 2250/3191 2251/3192 2252/3193
f 2252/3193 2379/3194 2250/3191
f 2249/3189 2251/3192 2250/3191
f 2250/3191 2376/3190 2249/3189
f 2252/3193 2253/3195 2380/3196
f 2380/3196 2379/3194 2252/3193
f 2254/3197 2380/3196 2253/3195
f 2253/3195 2255/3198 2254/3197
f 2382/3199 2254/3197 2255/3198
f 2255/3198 2256/3200 2382/3199
f 2256/3200 2257/3201 2258/3202
f 2258/3202 2382/3199 2256/3200
f 2259/3203 2384/3204 2260/3205
f 2260/3205 2257/3201 2259/3203
f 2257/3201 2260/3205 2258/3202
f 2259/3203 2387/3206 2384/3204
f 2259/3203 2261/3207 2388/3208
f 2388/3208 2387/3206 2259/3203
f 2262/3209 2263/3210 2264/3211
f 2264/3211 2265/3212 2262/3209
f 2266/3213 2265/3212 2264/3211
f 2264/3211 2388/3208 2266/3213
f 2262/3209 2267/3214 2268/3215
f 2268/3215 2263/3210 2262/3209
f 2269/3216 2268/3215 2267/3214
f 2267/3214 2270/3217 2269/3216
f 2270/3217 2271/3218 2272/3219
f 2272/3219 2269/3216 2270/3217
f 2273/3220 2271/3218 2274/3221
f 2274/3221 2275/3222 2273/3220
f 2271/3218 2273/3220 2272/3219
f 2276/3223 2275/3222 2274/3221
f 2274/3221 2277/3224 2276/3223
f 2276/3223 2277/3224 2278/3225
f 2278/3225 2279/3226 2276/3223
f 2279/3226 2278/3225 2393/3227
f 2278/3225 2280/3228 2395/3229
f 2395/3229 2393/3227 2278/3225
f 2280/3228 2174/3089 2329/3091
f 2329/3091 2395/3229 2280/3228
f 2266/3213 2388/3208 2261/3207
f 2249/3189 2248/3188 2247/3187
f 2247/3187 2281/3230 2249/3189
f 2217/3145 2212/3139 2213/3140
f 2213/3140 2282/3231 2217/3145
f 2222/3153 2221/3152 2283/3232
f 2283/3232 2226/3158 2222/3153
f 2208/3134 2344/3129 2203/3128
f 2203/3128 2284/3233 2208/3134
f 2239/3174 2285/3234 2234/3169
f 2285/3234 2286/3235 2232/3166
f 2232/3166 2231/3165 2285/3234
f 2286/3235 2285/3234 2229/3163
f 2229/3163 2228/3161 2286/3235
f 2234/3169 2285/3234 2231/3165
f 2239/3174 2229/3163 2285/3234
f 2228/3161 2227/3159 2287/3236
f 2287/3236 2286/3235 2228/3161
f 2240/3175 2232/3166 2286/3235
f 2286/3235 2288/3237 2240/3175
f 2287/3236 2288/3237 2286/3235
f 2241/3178 2240/3175 2288/3237
f 2288/3237 2289/3238 2241/3178
f 2225/3157 2226/3158 2290/3239
f 2290/3239 2223/3154 2225/3157
f 2291/3240 2290/3239 2226/3158
f 2226/3158 2283/3232 2291/3240
f 2290/3239 2287/3236 2227/3159
f 2227/3159 2223/3154 2290/3239
f 2290/3239 2291/3240 2292/3241
f 2292/3241 2287/3236 2290/3239
f 2287/3236 2292/3241 2289/3238
f 2289/3238 2288/3237 2287/3236
f 2293/3242 2289/3238 2292/3241
f 2292/3241 2294/3243 2293/3242
f 2291/3240 2295/3244 2294/3243
f 2294/3243 2292/3241 2291/3240
f 2289/3238 2293/3242 2242/3179
f 2242/3179 2241/3178 2289/3238
f 2219/3148 2220/3151 2296/3245
f 2296/3245 2221/3152 2219/3148
f 2291/3240 2283/3232 2221/3152
f 2221/3152 2296/3245 2291/3240
f 2291/3240 2296/3245 2295/3244
f 2297/3246 2243/3181 2242/3179
f 2242/3179 2293/3242 2297/3246
f 2243/3181 2297/3246 2245/3185
f 2245/3185 2244/3183 2243/3181
f 2297/3246 2298/3247 2247/3187
f 2247/3187 2245/3185 2297/3246
f 2298/3247 2299/3248 2281/3230
f 2281/3230 2247/3187 2298/3247
f 2298/3247 2297/3246 2293/3242
f 2293/3242 2294/3243 2298/3247
f 2300/3249 2298/3247 2294/3243
f 2294/3243 2295/3244 2300/3249
f 2300/3249 2301/3250 2299/3248
f 2299/3248 2298/3247 2300/3249
f 2300/3249 2295/3244 2296/3245
f 2296/3245 2218/3146 2300/3249
f 2218/3146 2296/3245 2220/3151
f 2301/3250 2300/3249 2218/3146
f 2218/3146 2302/3251 2301/3250
f 2217/3145 2301/3250 2302/3251
f 2217/3145 2302/3251 2216/3144
f 2281/3230 2299/3248 2249/3189
f 2303/3252 2299/3248 2301/3250
f 2301/3250 2304/3253 2303/3252
f 2305/3254 2249/3189 2299/3248
f 2299/3248 2303/3252 2305/3254
f 2251/3192 2249/3189 2305/3254
f 2305/3254 2252/3193 2251/3192
f 2252/3193 2305/3254 2253/3195
f 2213/3140 2306/3255 2304/3253
f 2304/3253 2282/3231 2213/3140
f 2282/3231 2304/3253 2301/3250
f 2213/3140 2209/3135 2211/3138
f 2211/3138 2306/3255 2213/3140
f 2304/3253 2307/3256 2308/3257
f 2308/3257 2303/3252 2304/3253
f 2308/3257 2309/3258 2305/3254
f 2305/3254 2303/3252 2308/3257
f 2309/3258 2255/3198 2253/3195
f 2253/3195 2305/3254 2309/3258
f 2307/3256 2304/3253 2306/3255
f 2306/3255 2310/3259 2307/3256
f 2310/3259 2306/3255 2211/3138
f 2211/3138 2204/3130 2310/3259
f 2208/3134 2307/3256 2310/3259
f 2310/3259 2207/3133 2208/3134
f 2310/3259 2204/3130 2207/3133
f 2311/3260 2312/3261 2309/3258
f 2309/3258 2308/3257 2311/3260
f 2256/3200 2255/3198 2309/3258
f 2309/3258 2312/3261 2256/3200
f 2284/3233 2311/3260 2307/3256
f 2307/3256 2208/3134 2284/3233
f 2308/3257 2307/3256 2311/3260
f 2257/3201 2313/3262 2259/3203
f 2312/3261 2313/3262 2257/3201
f 2257/3201 2256/3200 2312/3261
f 2313/3262 2261/3207 2259/3203
f 2312/3261 2311/3260 2314/3263
f 2314/3263 2313/3262 2312/3261
f 2315/3264 2261/3207 2313/3262
f 2313/3262 2314/3263 2315/3264
f 2202/3127 2316/3265 2203/3128
f 2203/3128 2201/3124 2202/3127
f 2316/3265 2197/3120 2196/3119
f 2196/3119 2199/3122 2316/3265
f 2197/3120 2316/3265 2202/3127
f 2316/3265 2315/3264 2314/3263
f 2314/3263 2284/3233 2203/3128
f 2203/3128 2316/3265 2314/3263
f 2311/3260 2284/3233 2314/3263
f 2200/3123 2315/3264 2316/3265
f 2316/3265 2199/3122 2200/3123
f 2195/3117 2315/3264 2200/3123
f 2265/3212 2266/3213 2317/3266
f 2317/3266 2262/3209 2265/3212
f 2318/3267 2267/3214 2262/3209
f 2262/3209 2317/3266 2318/3267
f 2261/3207 2315/3264 2317/3266
f 2317/3266 2266/3213 2261/3207
f 2317/3266 2315/3264 2318/3267
f 2195/3117 2319/3268 2318/3267
f 2318/3267 2315/3264 2195/3117
f 2319/3268 2195/3117 2192/3114
f 2320/3269 2318/3267 2319/3268
f 2319/3268 2321/3270 2320/3269
f 2318/3267 2320/3269 2270/3217
f 2270/3217 2267/3214 2318/3267
f 2192/3114 2189/3110 2321/3270
f 2321/3270 2319/3268 2192/3114
f 2321/3270 2189/3110 2191/3113
f 2191/3113 2322/3271 2321/3270
f 2187/3106 2188/3109 2322/3271
f 2322/3271 2191/3113 2187/3106
f 2322/3271 2188/3109 2185/3104
f 2271/3218 2270/3217 2320/3269
f 2320/3269 2323/3272 2271/3218
f 2322/3271 2323/3272 2320/3269
f 2320/3269 2321/3270 2322/3271
f 2274/3221 2323/3272 2324/3273
f 2324/3273 2277/3224 2274/3221
f 2278/3225 2324/3273 2325/3274
f 2324/3273 2278/3225 2277/3224
f 2324/3273 2323/3272 2322/3271
f 2322/3271 2326/3275 2324/3273
f 2322/3271 2185/3104 2326/3275
f 2179/3096 2178/3095 2326/3275
f 2326/3275 2183/3102 2179/3096
f 2278/3225 2325/3274 2174/3089
f 2174/3089 2280/3228 2278/3225
f 2325/3274 2327/3276 2175/3092
f 2175/3092 2174/3089 2325/3274
f 2324/3273 2326/3275 2327/3276
f 2327/3276 2325/3274 2324/3273
f 2178/3095 2181/3100 2327/3276
f 2327/3276 2326/3275 2178/3095
f 2181/3100 2175/3092 2327/3276
f 2234/3169 2237/3172 2239/3174
f 2398/3277 2034/3278 2328/3279
f 2328/3279 2329/3280 2398/3277
f 2177/3281 2330/3282 2036/3283
f 2036/3283 2176/3284 2177/3281
f 2331/3285 2040/3286 2039/3287
f 2039/3287 2332/3288 2331/3285
f 2332/3288 2039/3287 2042/3289
f 2042/3289 2180/3290 2332/3288
f 2180/3290 2042/3289 2330/3282
f 2330/3282 2177/3281 2180/3290
f 2184/3291 2333/3292 2334/3293
f 2334/3293 2182/3294 2184/3291
f 2182/3294 2334/3293 2040/3286
f 2040/3286 2331/3285 2182/3294
f 2186/3295 2337/3296 2333/3292
f 2333/3292 2184/3291 2186/3295
f 2335/3297 2049/3298 2048/3299
f 2048/3299 2336/3300 2335/3297
f 2336/3300 2048/3299 2337/3301
f 2337/3301 2186/3302 2336/3300
f 2338/3303 2339/3304 2052/3305
f 2052/3305 2190/3306 2338/3303
f 2190/3306 2052/3305 2049/3298
f 2049/3298 2335/3297 2190/3306
f 2193/3307 2053/3308 2339/3304
f 2339/3304 2338/3303 2193/3307
f 2194/3309 2055/3310 2053/3308
f 2053/3308 2193/3307 2194/3309
f 2198/3311 2058/3312 2057/3313
f 2057/3313 2340/3314 2198/3311
f 2340/3314 2057/3313 2055/3315
f 2055/3315 2194/3316 2340/3314
f 2341/3317 2342/3318 2065/3319
f 2065/3319 2343/3320 2341/3317
f 2343/3320 2065/3319 2058/3312
f 2058/3312 2198/3311 2343/3320
f 2344/3321 2346/3322 2342/3318
f 2342/3318 2341/3317 2344/3321
f 2205/3323 2345/3324 2069/3325
f 2069/3325 2206/3326 2205/3323
f 2206/3326 2069/3325 2346/3327
f 2346/3327 2344/3328 2206/3326
f 2210/3329 2074/3330 2073/3331
f 2073/3331 2347/3332 2210/3329
f 2347/3332 2073/3331 2345/3324
f 2345/3324 2205/3323 2347/3332
f 2212/3333 2348/3334 2074/3330
f 2074/3330 2210/3329 2212/3333
f 2215/3335 2349/3336 2350/3337
f 2350/3337 2351/3338 2215/3335
f 2351/3338 2350/3337 2348/3339
f 2348/3339 2212/3340 2351/3338
f 2352/3341 2077/3342 2349/3336
f 2349/3336 2215/3335 2352/3341
f 2353/3343 2081/3344 2080/3345
f 2080/3345 2354/3346 2353/3343
f 2354/3346 2080/3345 2077/3342
f 2077/3342 2352/3341 2354/3346
f 2222/3347 2355/3348 2081/3344
f 2081/3344 2353/3343 2222/3347
f 2356/3349 2357/3350 2084/3351
f 2084/3351 2224/3352 2356/3349
f 2224/3352 2084/3351 2355/3353
f 2355/3353 2222/3354 2224/3352
f 2358/3355 2359/3356 2357/3350
f 2357/3350 2356/3349 2358/3355
f 2360/3357 2361/3358 2359/3356
f 2359/3356 2358/3355 2360/3357
f 2230/3359 2362/3360 2361/3358
f 2361/3358 2360/3357 2230/3359
f 2233/3361 2090/3362 2363/3363
f 2363/3363 2364/3364 2233/3361
f 2235/3365 2365/3366 2094/3367
f 2094/3367 2236/3368 2235/3365
f 2236/3368 2094/3367 2366/3369
f 2366/3369 2238/3370 2236/3368
f 2238/3370 2366/3369 2362/3360
f 2362/3360 2230/3359 2238/3370
f 2364/3364 2363/3363 2365/3366
f 2365/3366 2235/3365 2364/3364
f 2367/3371 2368/3372 2090/3362
f 2090/3362 2233/3361 2367/3371
f 2369/3373 2370/3374 2368/3372
f 2368/3372 2367/3371 2369/3373
f 2371/3375 2098/3376 2370/3374
f 2370/3374 2369/3373 2371/3375
f 2372/3377 2373/3378 2098/3376
f 2098/3376 2371/3375 2372/3377
f 2374/3379 2101/3380 2373/3378
f 2373/3378 2372/3377 2374/3379
f 2246/3381 2375/3382 2101/3380
f 2101/3380 2374/3379 2246/3381
f 2248/3383 2378/3384 2375/3382
f 2375/3382 2246/3381 2248/3383
f 2376/3385 2377/3386 2378/3387
f 2378/3387 2248/3388 2376/3385
f 2379/3389 2107/3390 2106/3391
f 2106/3391 2250/3392 2379/3389
f 2250/3392 2106/3391 2377/3386
f 2377/3386 2376/3385 2250/3392
f 2380/3393 2110/3394 2107/3390
f 2107/3390 2379/3389 2380/3393
f 2254/3395 2381/3396 2110/3394
f 2110/3394 2380/3393 2254/3395
f 2382/3397 2113/3398 2381/3396
f 2381/3396 2254/3395 2382/3397
f 2258/3399 2383/3400 2113/3398
f 2113/3398 2382/3397 2258/3399
f 2384/3401 2385/3402 2386/3403
f 2386/3403 2260/3404 2384/3401
f 2260/3404 2386/3403 2383/3400
f 2383/3400 2258/3399 2260/3404
f 2387/3405 2117/3406 2385/3402
f 2385/3402 2384/3401 2387/3405
f 2388/3407 2119/3408 2117/3406
f 2117/3406 2387/3405 2388/3407
f 2263/3409 2389/3410 2123/3411
f 2123/3411 2264/3412 2263/3409
f 2264/3412 2123/3411 2119/3413
f 2119/3413 2388/3414 2264/3412
f 2268/3415 2125/3416 2389/3410
f 2389/3410 2263/3409 2268/3415
f 2269/3417 2390/3418 2125/3416
f 2125/3416 2268/3415 2269/3417
f 2272/3419 2128/3420 2390/3418
f 2390/3418 2269/3417 2272/3419
f 2275/3421 2130/3422 2391/3423
f 2391/3423 2273/3424 2275/3421
f 2273/3424 2391/3423 2128/3420
f 2128/3420 2272/3419 2273/3424
f 2276/3425 2131/3426 2130/3422
f 2130/3422 2275/3421 2276/3425
f 2279/3427 2392/3428 2131/3429
f 2131/3429 2276/3430 2279/3427
f 2393/3431 2394/3432 2392/3428
f 2392/3428 2279/3427 2393/3431
f 2395/3433 2134/3434 2394/3432
f 2394/3432 2393/3431 2395/3433
f 2329/3280 2328/3279 2134/3434
f 2134/3434 2395/3433 2329/3280
f 2282/3231 2301/3250 2217/3145
f 2302/3251 2218/3146 2214/3141
f 2214/3141 2216/3144 2302/3251
f 2170/3085 2133/3047 2172/3087
f 2075/2965 2138/3053 2151/3066
f 2150/3065 2151/3066 2138/3053
f 2138/3053 2137/3052 2150/3065
f 2326/3275 2185/3104 2183/3102
f 2274/3221 2271/3218 2323/3272
f 2076/2966 2138/3053 2348/2964
f 2043/2927 2041/2923 2044/2928
f 2141/3056 2082/2975 2086/2981
f 2173/3088 2035/2916 2037/2918
f 2176/3435 2036/3436 2396/3437
f 2396/3437 2400/3438 2176/3435
f 2396/3439 2036/2917 2034/2915
f 2034/2915 2397/3440 2396/3439
f 2034/3441 2398/3442 2399/3443
f 2399/3443 2397/3444 2034/3441
f 2399/3445 2398/3090 2176/3093
f 2176/3093 2400/3446 2399/3445
f 2408/3447 2403/3448 2401/3449
f 2401/3449 2405/3450 2408/3447
f 2402/3451 2401/3452 2403/3453
f 2403/3453 2404/3454 2402/3451
f 2406/3455 2402/3456 2404/3457
f 2404/3457 2407/3458 2406/3455
f 2405/3459 2406/3460 2407/3461
f 2407/3461 2408/3462 2405/3459
f 2401/3449 2399/3445 2400/3446
f 2400/3446 2405/3450 2401/3449
f 2397/3444 2399/3443 2401/3452
f 2401/3452 2402/3451 2397/3444
f 2402/3456 2406/3455 2396/3439
f 2396/3439 2397/3440 2402/3456
f 2400/3438 2396/3437 2406/3460
f 2406/3460 2405/3459 2400/3438
f 2035/2916 2033/2913 2034/2915
f 2409/3463 2697/3464 2410/3465
f 2409/3463 2410/3465 2411/3466
f 2411/3466 2412/3467 2409/3463
f 2412/3467 2411/3466 2700/3468
f 2413/3469 2414/3470 2703/3471
f 2703/3471 2415/3472 2413/3469
f 2414/3470 2413/3469 2704/3473
f 2412/3467 2700/3468 2704/3473
f 2704/3473 2413/3469 2412/3467
f 2706/3474 2416/3475 2417/3476
f 2417/3476 2418/3477 2706/3474
f 2415/3472 2703/3471 2706/3474
f 2706/3474 2418/3477 2415/3472
f 2417/3476 2416/3475 2711/3478
f 2711/3478 2419/3479 2417/3476
f 2420/3480 2421/3481 2710/3482
f 2710/3482 2709/3483 2420/3480
f 2419/3479 2711/3478 2710/3482
f 2710/3482 2421/3481 2419/3479
f 2422/3484 2423/3485 2424/3486
f 2424/3486 2425/3487 2422/3484
f 2420/3480 2709/3483 2424/3486
f 2424/3486 2423/3485 2420/3480
f 2422/3484 2425/3487 2426/3488
f 2426/3488 2427/3489 2422/3484
f 2718/3490 2428/3491 2427/3489
f 2427/3489 2426/3488 2718/3490
f 2716/3492 2715/3493 2429/3494
f 2429/3494 2430/3495 2716/3492
f 2431/3496 2718/3490 2716/3492
f 2716/3492 2430/3495 2431/3496
f 2432/3497 2428/3491 2718/3490
f 2718/3490 2431/3496 2432/3497
f 2433/3498 2434/3499 2435/3500
f 2435/3500 2720/3501 2433/3498
f 2429/3494 2715/3493 2435/3500
f 2435/3500 2434/3499 2429/3494
f 2433/3498 2720/3501 2723/3502
f 2723/3502 2436/3503 2433/3498
f 2437/3504 2438/3505 2439/3506
f 2439/3506 2440/3507 2437/3504
f 2441/3508 2723/3502 2439/3506
f 2439/3506 2438/3505 2441/3508
f 2442/3509 2443/3510 2444/3511
f 2444/3511 2725/3512 2442/3509
f 2437/3504 2440/3507 2444/3511
f 2444/3511 2443/3510 2437/3504
f 2445/3513 2446/3514 2442/3509
f 2442/3509 2725/3512 2445/3513
f 2447/3515 2728/3516 2727/3517
f 2445/3513 2728/3516 2447/3515
f 2447/3515 2727/3517 2729/3518
f 2729/3518 2448/3519 2447/3515
f 2449/3520 2732/3521 2731/3522
f 2448/3519 2729/3518 2732/3521
f 2732/3521 2449/3520 2448/3519
f 2449/3520 2731/3522 2450/3523
f 2451/3524 2452/3525 2453/3526
f 2453/3526 2454/3527 2451/3524
f 2455/3528 2450/3523 2453/3526
f 2453/3526 2452/3525 2455/3528
f 2451/3524 2454/3527 2735/3529
f 2735/3529 2456/3530 2451/3524
f 2456/3530 2735/3529 2736/3531
f 2736/3531 2457/3532 2456/3530
f 2457/3532 2736/3531 2458/3533
f 2458/3533 2459/3534 2457/3532
f 2460/3535 2738/3536 2461/3537
f 2461/3537 2462/3538 2460/3535
f 2463/3539 2464/3540 2739/3541
f 2739/3541 2465/3542 2463/3539
f 2741/3543 2739/3541 2464/3540
f 2464/3540 2466/3544 2741/3543
f 2459/3534 2458/3533 2741/3543
f 2741/3543 2466/3544 2459/3534
f 2738/3536 2460/3535 2463/3539
f 2463/3539 2465/3542 2738/3536
f 2462/3538 2461/3537 2467/3545
f 2467/3545 2468/3546 2462/3538
f 2469/3547 2470/3548 2468/3546
f 2468/3546 2467/3545 2469/3547
f 2470/3548 2469/3547 2744/3549
f 2744/3549 2471/3550 2470/3548
f 2472/3551 2471/3550 2744/3549
f 2744/3549 2473/3552 2472/3551
f 2473/3552 2746/3553 2474/3554
f 2474/3554 2472/3551 2473/3552
f 2474/3554 2746/3553 2748/3555
f 2748/3555 2475/3556 2474/3554
f 2475/3556 2748/3555 2751/3557
f 2751/3557 2476/3558 2475/3556
f 2477/3559 2751/3557 2750/3560
f 2478/3561 2752/3562 2479/3563
f 2479/3563 2480/3564 2478/3561
f 2477/3559 2750/3560 2478/3561
f 2478/3561 2480/3564 2477/3559
f 2479/3563 2752/3562 2754/3565
f 2754/3565 2481/3566 2479/3563
f 2756/3567 2482/3568 2481/3566
f 2481/3566 2754/3565 2756/3567
f 2483/3569 2484/3570 2482/3568
f 2482/3568 2756/3567 2483/3569
f 2484/3570 2483/3569 2758/3571
f 2758/3571 2485/3572 2484/3570
f 2486/3573 2487/3574 2488/3575
f 2486/3573 2485/3572 2758/3571
f 2758/3571 2487/3574 2486/3573
f 2486/3573 2488/3575 2760/3576
f 2760/3576 2489/3577 2486/3573
f 2489/3577 2760/3576 2761/3578
f 2761/3578 2490/3579 2489/3577
f 2491/3580 2492/3581 2762/3582
f 2762/3582 2493/3583 2491/3580
f 2494/3584 2761/3578 2762/3582
f 2762/3582 2492/3581 2494/3584
f 2491/3580 2493/3583 2495/3585
f 2495/3585 2496/3586 2491/3580
f 2765/3587 2497/3588 2496/3586
f 2496/3586 2495/3585 2765/3587
f 2497/3588 2765/3587 2498/3589
f 2498/3589 2499/3590 2497/3588
f 2500/3591 2501/3592 2499/3590
f 2499/3590 2498/3589 2500/3591
f 2502/3593 2503/3594 2499/3590
f 2499/3590 2501/3592 2502/3593
f 2502/3593 2504/3595 2505/3596
f 2505/3596 2503/3594 2502/3593
f 2504/3595 2769/3597 2505/3596
f 2505/3596 2769/3597 2771/3598
f 2771/3598 2506/3599 2505/3596
f 2506/3599 2771/3598 2697/3464
f 2697/3464 2409/3463 2506/3599
f 2494/3584 2507/3600 2490/3579
f 2490/3579 2761/3578 2494/3584
f 2477/3559 2508/3601 2476/3558
f 2476/3558 2751/3557 2477/3559
f 2446/3514 2445/3513 2509/3602
f 2450/3523 2455/3528 2449/3520
f 2441/3508 2510/3603 2436/3503
f 2436/3503 2723/3502 2441/3508
f 2466/3544 2463/3539 2460/3535
f 2460/3535 2459/3534 2466/3544
f 2459/3534 2460/3535 2511/3604
f 2511/3604 2457/3532 2459/3534
f 2460/3535 2462/3538 2511/3604
f 2457/3532 2511/3604 2512/3605
f 2512/3605 2456/3530 2457/3532
f 2468/3546 2512/3605 2511/3604
f 2511/3604 2462/3538 2468/3546
f 2470/3548 2513/3606 2512/3605
f 2512/3605 2468/3546 2470/3548
f 2455/3528 2452/3525 2451/3524
f 2451/3524 2512/3605 2455/3528
f 2514/3607 2455/3528 2512/3605
f 2512/3605 2513/3606 2514/3607
f 2515/3608 2516/3609 2514/3607
f 2514/3607 2513/3606 2515/3608
f 2514/3607 2516/3609 2455/3528
f 2513/3606 2470/3548 2471/3550
f 2471/3550 2515/3608 2513/3606
f 2449/3520 2455/3528 2516/3609
f 2517/3610 2515/3608 2471/3550
f 2471/3550 2472/3551 2517/3610
f 2472/3551 2474/3554 2475/3556
f 2475/3556 2517/3610 2472/3551
f 2517/3610 2475/3556 2476/3558
f 2476/3558 2518/3611 2517/3610
f 2518/3611 2476/3558 2508/3601
f 2518/3611 2516/3609 2515/3608
f 2515/3608 2517/3610 2518/3611
f 2519/3612 2516/3609 2518/3611
f 2519/3612 2518/3611 2508/3601
f 2508/3601 2509/3602 2519/3612
f 2448/3519 2449/3520 2516/3609
f 2516/3609 2519/3612 2448/3519
f 2509/3602 2447/3515 2448/3519
f 2448/3519 2519/3612 2509/3602
f 2520/3613 2521/3614 2508/3601
f 2508/3601 2477/3559 2520/3613
f 2477/3559 2480/3564 2479/3563
f 2479/3563 2520/3613 2477/3559
f 2479/3563 2481/3566 2520/3613
f 2446/3514 2522/3615 2523/3616
f 2446/3514 2523/3616 2443/3510
f 2443/3510 2442/3509 2446/3514
f 2522/3615 2521/3614 2524/3617
f 2524/3617 2525/3618 2522/3615
f 2524/3617 2521/3614 2520/3613
f 2520/3613 2526/3619 2524/3617
f 2526/3619 2520/3613 2481/3566
f 2481/3566 2482/3568 2526/3619
f 2525/3618 2523/3616 2522/3615
f 2523/3616 2437/3504 2443/3510
f 2441/3508 2438/3505 2523/3616
f 2523/3616 2525/3618 2441/3508
f 2523/3616 2438/3505 2437/3504
f 2527/3620 2524/3617 2526/3619
f 2526/3619 2528/3621 2527/3620
f 2484/3570 2528/3621 2526/3619
f 2526/3619 2482/3568 2484/3570
f 2510/3603 2441/3508 2525/3618
f 2525/3618 2527/3620 2510/3603
f 2524/3617 2527/3620 2525/3618
f 2486/3573 2489/3577 2529/3622
f 2485/3572 2486/3573 2529/3622
f 2529/3622 2528/3621 2485/3572
f 2528/3621 2484/3570 2485/3572
f 2529/3622 2489/3577 2490/3579
f 2528/3621 2529/3622 2530/3623
f 2530/3623 2527/3620 2528/3621
f 2531/3624 2530/3623 2529/3622
f 2529/3622 2490/3579 2531/3624
f 2434/3499 2433/3498 2436/3503
f 2436/3503 2532/3625 2434/3499
f 2532/3625 2431/3496 2430/3495
f 2430/3495 2429/3494 2532/3625
f 2429/3494 2434/3499 2532/3625
f 2532/3625 2530/3623 2531/3624
f 2530/3623 2532/3625 2436/3503
f 2436/3503 2510/3603 2530/3623
f 2527/3620 2530/3623 2510/3603
f 2533/3626 2531/3624 2490/3579
f 2490/3579 2507/3600 2533/3626
f 2432/3497 2431/3496 2532/3625
f 2532/3625 2531/3624 2432/3497
f 2428/3491 2432/3497 2531/3624
f 2531/3624 2533/3626 2428/3491
f 2492/3581 2491/3580 2534/3627
f 2534/3627 2494/3584 2492/3581
f 2534/3627 2491/3580 2496/3586
f 2507/3600 2494/3584 2534/3627
f 2534/3627 2533/3626 2507/3600
f 2428/3491 2533/3626 2534/3627
f 2534/3627 2535/3628 2428/3491
f 2535/3628 2427/3489 2428/3491
f 2536/3629 2537/3630 2535/3628
f 2535/3628 2534/3627 2536/3629
f 2534/3627 2496/3586 2497/3588
f 2497/3588 2536/3629 2534/3627
f 2427/3489 2535/3628 2537/3630
f 2537/3630 2422/3484 2427/3489
f 2537/3630 2538/3631 2423/3485
f 2423/3485 2422/3484 2537/3630
f 2420/3480 2423/3485 2538/3631
f 2538/3631 2421/3481 2420/3480
f 2537/3630 2539/3632 2538/3631
f 2539/3632 2419/3479 2421/3481
f 2421/3481 2538/3631 2539/3632
f 2499/3590 2540/3633 2536/3629
f 2536/3629 2497/3588 2499/3590
f 2539/3632 2537/3630 2536/3629
f 2536/3629 2540/3633 2539/3632
f 2540/3633 2499/3590 2503/3594
f 2503/3594 2541/3634 2540/3633
f 2541/3634 2503/3594 2505/3596
f 2417/3476 2419/3479 2539/3632
f 2539/3632 2542/3635 2417/3476
f 2413/3469 2415/3472 2417/3476
f 2417/3476 2542/3635 2413/3469
f 2542/3635 2539/3632 2540/3633
f 2540/3633 2541/3634 2542/3635
f 2505/3596 2506/3599 2409/3463
f 2409/3463 2543/3636 2505/3596
f 2544/3637 2543/3636 2409/3463
f 2409/3463 2412/3467 2544/3637
f 2541/3634 2543/3636 2544/3637
f 2544/3637 2542/3635 2541/3634
f 2544/3637 2412/3467 2413/3469
f 2413/3469 2542/3635 2544/3637
f 2463/3539 2466/3544 2464/3540
f 2545/3638 2696/3639 2698/3640
f 2546/3641 2701/3642 2696/3639
f 2696/3639 2545/3638 2546/3641
f 2546/3641 2699/3643 2701/3642
f 2547/3644 2548/3645 2702/3646
f 2702/3646 2549/3647 2547/3644
f 2549/3647 2550/3648 2551/3649
f 2551/3649 2547/3644 2549/3647
f 2546/3641 2551/3649 2550/3648
f 2550/3648 2699/3643 2546/3641
f 2552/3650 2553/3651 2705/3652
f 2548/3645 2553/3651 2552/3650
f 2552/3650 2702/3646 2548/3645
f 2553/3651 2554/3653 2707/3654
f 2707/3654 2705/3652 2553/3651
f 2555/3655 2708/3656 2556/3657
f 2556/3657 2557/3658 2555/3655
f 2554/3653 2557/3658 2556/3657
f 2556/3657 2707/3654 2554/3653
f 2558/3659 2559/3660 2712/3661
f 2712/3661 2560/3662 2558/3659
f 2555/3655 2560/3662 2712/3661
f 2712/3661 2708/3656 2555/3655
f 2558/3659 2561/3663 2713/3664
f 2713/3664 2559/3660 2558/3659
f 2562/3665 2713/3664 2561/3663
f 2561/3663 2563/3666 2562/3665
f 2717/3667 2564/3668 2565/3669
f 2565/3669 2714/3670 2717/3667
f 2566/3671 2564/3668 2717/3667
f 2717/3667 2562/3665 2566/3671
f 2567/3672 2566/3671 2562/3665
f 2562/3665 2563/3666 2567/3672
f 2568/3673 2719/3674 2721/3675
f 2721/3675 2569/3676 2568/3673
f 2565/3669 2569/3676 2721/3675
f 2721/3675 2714/3670 2565/3669
f 2568/3673 2570/3677 2571/3678
f 2571/3678 2719/3674 2568/3673
f 2572/3679 2722/3680 2573/3681
f 2573/3681 2574/3682 2572/3679
f 2575/3683 2574/3682 2573/3681
f 2573/3681 2571/3678 2575/3683
f 2576/3684 2724/3685 2577/3686
f 2577/3686 2578/3687 2576/3684
f 2572/3679 2578/3687 2577/3686
f 2577/3686 2722/3680 2572/3679
f 2579/3688 2724/3685 2576/3684
f 2576/3684 2580/3689 2579/3688
f 2581/3690 2726/3691 2582/3692
f 2582/3692 2583/3693 2581/3690
f 2584/3694 2583/3693 2582/3692
f 2582/3692 2579/3688 2584/3694
f 2581/3690 2585/3695 2586/3696
f 2586/3696 2726/3691 2581/3690
f 2587/3697 2730/3698 2733/3699
f 2733/3699 2588/3700 2587/3697
f 2585/3695 2588/3700 2733/3699
f 2733/3699 2586/3696 2585/3695
f 2587/3697 2589/3701 2734/3702
f 2734/3702 2730/3698 2587/3697
f 2590/3703 2591/3704 2592/3705
f 2592/3705 2593/3706 2590/3703
f 2594/3707 2593/3706 2592/3705
f 2592/3705 2734/3702 2594/3707
f 2590/3703 2595/3708 2596/3709
f 2596/3709 2591/3704 2590/3703
f 2595/3708 2597/3710 2598/3711
f 2598/3711 2596/3709 2595/3708
f 2597/3710 2599/3712 2737/3713
f 2737/3713 2598/3711 2597/3710
f 2600/3714 2601/3715 2602/3716
f 2602/3716 2603/3717 2600/3714
f 2604/3718 2605/3719 2740/3720
f 2740/3720 2606/3721 2604/3718
f 2742/3722 2607/3723 2606/3721
f 2606/3721 2740/3720 2742/3722
f 2599/3712 2607/3723 2742/3722
f 2742/3722 2737/3713 2599/3712
f 2603/3717 2605/3719 2604/3718
f 2604/3718 2600/3714 2603/3717
f 2601/3715 2608/3724 2609/3725
f 2609/3725 2602/3716 2601/3715
f 2743/3726 2609/3725 2608/3724
f 2608/3724 2610/3727 2743/3726
f 2610/3727 2611/3728 2612/3729
f 2612/3729 2743/3726 2610/3727
f 2613/3730 2745/3731 2612/3729
f 2612/3729 2611/3728 2613/3730
f 2745/3731 2613/3730 2614/3732
f 2614/3732 2615/3733 2745/3731
f 2614/3732 2616/3734 2747/3735
f 2747/3735 2615/3733 2614/3732
f 2616/3734 2617/3736 2749/3737
f 2749/3737 2747/3735 2616/3734
f 2618/3738 2619/3739 2749/3737
f 2753/3740 2620/3741 2621/3742
f 2621/3742 2622/3743 2753/3740
f 2618/3738 2620/3741 2753/3740
f 2753/3740 2619/3739 2618/3738
f 2621/3742 2623/3744 2624/3745
f 2624/3745 2622/3743 2621/3742
f 2755/3746 2624/3745 2623/3744
f 2623/3744 2625/3747 2755/3746
f 2626/3748 2755/3746 2625/3747
f 2625/3747 2627/3749 2626/3748
f 2627/3749 2628/3750 2757/3751
f 2757/3751 2626/3748 2627/3749
f 2629/3752 2630/3753 2631/3754
f 2631/3754 2628/3750 2629/3752
f 2628/3750 2631/3754 2757/3751
f 2629/3752 2759/3755 2630/3753
f 2629/3752 2632/3756 2633/3757
f 2633/3757 2759/3755 2629/3752
f 2634/3758 2635/3759 2763/3760
f 2763/3760 2636/3761 2634/3758
f 2637/3762 2636/3761 2763/3760
f 2763/3760 2633/3757 2637/3762
f 2634/3758 2638/3763 2764/3764
f 2764/3764 2635/3759 2634/3758
f 2639/3765 2764/3764 2638/3763
f 2638/3763 2640/3766 2639/3765
f 2640/3766 2641/3767 2642/3768
f 2642/3768 2639/3765 2640/3766
f 2643/3769 2641/3767 2644/3770
f 2644/3770 2766/3771 2643/3769
f 2641/3767 2643/3769 2642/3768
f 2767/3772 2766/3771 2644/3770
f 2644/3770 2645/3773 2767/3772
f 2767/3772 2645/3773 2646/3774
f 2646/3774 2768/3775 2767/3772
f 2768/3775 2646/3774 2647/3776
f 2646/3774 2648/3777 2770/3778
f 2770/3778 2647/3776 2646/3774
f 2648/3777 2545/3638 2698/3640
f 2698/3640 2770/3778 2648/3777
f 2637/3762 2633/3757 2632/3756
f 2618/3738 2749/3737 2617/3736
f 2617/3736 2649/3779 2618/3738
f 2584/3694 2579/3688 2580/3689
f 2580/3689 2650/3780 2584/3694
f 2734/3702 2589/3701 2651/3781
f 2651/3781 2594/3707 2734/3702
f 2575/3683 2571/3678 2570/3677
f 2570/3677 2652/3782 2575/3683
f 2607/3723 2653/3783 2604/3718
f 2653/3783 2654/3784 2601/3715
f 2601/3715 2600/3714 2653/3783
f 2654/3784 2653/3783 2599/3712
f 2599/3712 2597/3710 2654/3784
f 2604/3718 2653/3783 2600/3714
f 2607/3723 2599/3712 2653/3783
f 2597/3710 2595/3708 2655/3785
f 2655/3785 2654/3784 2597/3710
f 2608/3724 2601/3715 2654/3784
f 2654/3784 2656/3786 2608/3724
f 2655/3785 2656/3786 2654/3784
f 2610/3727 2608/3724 2656/3786
f 2656/3786 2657/3787 2610/3727
f 2593/3706 2594/3707 2658/3788
f 2658/3788 2590/3703 2593/3706
f 2659/3789 2658/3788 2594/3707
f 2594/3707 2651/3781 2659/3789
f 2658/3788 2655/3785 2595/3708
f 2595/3708 2590/3703 2658/3788
f 2658/3788 2659/3789 2660/3790
f 2660/3790 2655/3785 2658/3788
f 2655/3785 2660/3790 2657/3787
f 2657/3787 2656/3786 2655/3785
f 2661/3791 2657/3787 2660/3790
f 2660/3790 2662/3792 2661/3791
f 2659/3789 2663/3793 2662/3792
f 2662/3792 2660/3790 2659/3789
f 2657/3787 2661/3791 2611/3728
f 2611/3728 2610/3727 2657/3787
f 2587/3697 2588/3700 2664/3794
f 2664/3794 2589/3701 2587/3697
f 2659/3789 2651/3781 2589/3701
f 2589/3701 2664/3794 2659/3789
f 2659/3789 2664/3794 2663/3793
f 2665/3795 2613/3730 2611/3728
f 2611/3728 2661/3791 2665/3795
f 2613/3730 2665/3795 2616/3734
f 2616/3734 2614/3732 2613/3730
f 2665/3795 2666/3796 2617/3736
f 2617/3736 2616/3734 2665/3795
f 2666/3796 2667/3797 2649/3779
f 2649/3779 2617/3736 2666/3796
f 2666/3796 2665/3795 2661/3791
f 2661/3791 2662/3792 2666/3796
f 2668/3798 2666/3796 2662/3792
f 2662/3792 2663/3793 2668/3798
f 2668/3798 2669/3799 2667/3797
f 2667/3797 2666/3796 2668/3798
f 2668/3798 2663/3793 2664/3794
f 2664/3794 2585/3695 2668/3798
f 2585/3695 2664/3794 2588/3700
f 2669/3799 2668/3798 2585/3695
f 2585/3695 2670/3800 2669/3799
f 2584/3694 2669/3799 2670/3800
f 2584/3694 2670/3800 2583/3693
f 2649/3779 2667/3797 2618/3738
f 2671/3801 2667/3797 2669/3799
f 2669/3799 2672/3802 2671/3801
f 2673/3803 2618/3738 2667/3797
f 2667/3797 2671/3801 2673/3803
f 2620/3741 2618/3738 2673/3803
f 2673/3803 2621/3742 2620/3741
f 2621/3742 2673/3803 2623/3744
f 2580/3689 2674/3804 2672/3802
f 2672/3802 2650/3780 2580/3689
f 2650/3780 2672/3802 2669/3799
f 2580/3689 2576/3684 2578/3687
f 2578/3687 2674/3804 2580/3689
f 2672/3802 2675/3805 2676/3806
f 2676/3806 2671/3801 2672/3802
f 2676/3806 2677/3807 2673/3803
f 2673/3803 2671/3801 2676/3806
f 2677/3807 2625/3747 2623/3744
f 2623/3744 2673/3803 2677/3807
f 2675/3805 2672/3802 2674/3804
f 2674/3804 2678/3808 2675/3805
f 2678/3808 2674/3804 2578/3687
f 2578/3687 2572/3679 2678/3808
f 2575/3683 2675/3805 2678/3808
f 2678/3808 2574/3682 2575/3683
f 2678/3808 2572/3679 2574/3682
f 2679/3809 2680/3810 2677/3807
f 2677/3807 2676/3806 2679/3809
f 2627/3749 2625/3747 2677/3807
f 2677/3807 2680/3810 2627/3749
f 2652/3782 2679/3809 2675/3805
f 2675/3805 2575/3683 2652/3782
f 2676/3806 2675/3805 2679/3809
f 2628/3750 2681/3811 2629/3752
f 2680/3810 2681/3811 2628/3750
f 2628/3750 2627/3749 2680/3810
f 2681/3811 2632/3756 2629/3752
f 2680/3810 2679/3809 2682/3812
f 2682/3812 2681/3811 2680/3810
f 2683/3813 2632/3756 2681/3811
f 2681/3811 2682/3812 2683/3813
f 2569/3676 2684/3814 2570/3677
f 2570/3677 2568/3673 2569/3676
f 2684/3814 2565/3669 2564/3668
f 2564/3668 2566/3671 2684/3814
f 2565/3669 2684/3814 2569/3676
f 2684/3814 2683/3813 2682/3812
f 2682/3812 2652/3782 2570/3677
f 2570/3677 2684/3814 2682/3812
f 2679/3809 2652/3782 2682/3812
f 2567/3672 2683/3813 2684/3814
f 2684/3814 2566/3671 2567/3672
f 2563/3666 2683/3813 2567/3672
f 2636/3761 2637/3762 2685/3815
f 2685/3815 2634/3758 2636/3761
f 2686/3816 2638/3763 2634/3758
f 2634/3758 2685/3815 2686/3816
f 2632/3756 2683/3813 2685/3815
f 2685/3815 2637/3762 2632/3756
f 2685/3815 2683/3813 2686/3816
f 2563/3666 2687/3817 2686/3816
f 2686/3816 2683/3813 2563/3666
f 2687/3817 2563/3666 2561/3663
f 2688/3818 2686/3816 2687/3817
f 2687/3817 2689/3819 2688/3818
f 2686/3816 2688/3818 2640/3766
f 2640/3766 2638/3763 2686/3816
f 2561/3663 2558/3659 2689/3819
f 2689/3819 2687/3817 2561/3663
f 2689/3819 2558/3659 2560/3662
f 2560/3662 2690/3820 2689/3819
f 2555/3655 2557/3658 2690/3820
f 2690/3820 2560/3662 2555/3655
f 2690/3820 2557/3658 2554/3653
f 2641/3767 2640/3766 2688/3818
f 2688/3818 2691/3821 2641/3767
f 2690/3820 2691/3821 2688/3818
f 2688/3818 2689/3819 2690/3820
f 2644/3770 2691/3821 2692/3822
f 2692/3822 2645/3773 2644/3770
f 2646/3774 2692/3822 2693/3823
f 2692/3822 2646/3774 2645/3773
f 2692/3822 2691/3821 2690/3820
f 2690/3820 2694/3824 2692/3822
f 2690/3820 2554/3653 2694/3824
f 2548/3645 2547/3644 2694/3824
f 2694/3824 2553/3651 2548/3645
f 2646/3774 2693/3823 2545/3638
f 2545/3638 2648/3777 2646/3774
f 2693/3823 2695/3825 2546/3641
f 2546/3641 2545/3638 2693/3823
f 2692/3822 2694/3824 2695/3825
f 2695/3825 2693/3823 2692/3822
f 2547/3644 2551/3649 2695/3825
f 2695/3825 2694/3824 2547/3644
f 2551/3649 2546/3641 2695/3825
f 2604/3718 2606/3721 2607/3723
f 2696/3826 2410/3827 2697/3828
f 2697/3828 2698/3829 2696/3826
f 2699/3830 2700/3831 2411/3832
f 2411/3832 2701/3833 2699/3830
f 2702/3834 2703/3835 2414/3836
f 2414/3836 2549/3837 2702/3834
f 2549/3837 2414/3836 2704/3838
f 2704/3838 2550/3839 2549/3837
f 2550/3839 2704/3838 2700/3831
f 2700/3831 2699/3830 2550/3839
f 2705/3840 2416/3841 2706/3842
f 2706/3842 2552/3843 2705/3840
f 2552/3843 2706/3842 2703/3835
f 2703/3835 2702/3834 2552/3843
f 2707/3844 2711/3845 2416/3841
f 2416/3841 2705/3840 2707/3844
f 2708/3846 2709/3847 2710/3848
f 2710/3848 2556/3849 2708/3846
f 2556/3849 2710/3848 2711/3850
f 2711/3850 2707/3851 2556/3849
f 2559/3852 2425/3853 2424/3854
f 2424/3854 2712/3855 2559/3852
f 2712/3855 2424/3854 2709/3847
f 2709/3847 2708/3846 2712/3855
f 2713/3856 2426/3857 2425/3853
f 2425/3853 2559/3852 2713/3856
f 2562/3858 2718/3859 2426/3857
f 2426/3857 2713/3856 2562/3858
f 2714/3860 2715/3861 2716/3862
f 2716/3862 2717/3863 2714/3860
f 2717/3863 2716/3862 2718/3864
f 2718/3864 2562/3865 2717/3863
f 2719/3866 2720/3867 2435/3868
f 2435/3868 2721/3869 2719/3866
f 2721/3869 2435/3868 2715/3861
f 2715/3861 2714/3860 2721/3869
f 2571/3870 2723/3871 2720/3867
f 2720/3867 2719/3866 2571/3870
f 2722/3872 2440/3873 2439/3874
f 2439/3874 2573/3875 2722/3872
f 2573/3875 2439/3874 2723/3876
f 2723/3876 2571/3877 2573/3875
f 2724/3878 2725/3879 2444/3880
f 2444/3880 2577/3881 2724/3878
f 2577/3881 2444/3880 2440/3873
f 2440/3873 2722/3872 2577/3881
f 2579/3882 2445/3883 2725/3879
f 2725/3879 2724/3878 2579/3882
f 2726/3884 2727/3885 2728/3886
f 2728/3886 2582/3887 2726/3884
f 2582/3887 2728/3886 2445/3888
f 2445/3888 2579/3889 2582/3887
f 2586/3890 2729/3891 2727/3885
f 2727/3885 2726/3884 2586/3890
f 2730/3892 2731/3893 2732/3894
f 2732/3894 2733/3895 2730/3892
f 2733/3895 2732/3894 2729/3891
f 2729/3891 2586/3890 2733/3895
f 2734/3896 2450/3897 2731/3893
f 2731/3893 2730/3892 2734/3896
f 2591/3898 2454/3899 2453/3900
f 2453/3900 2592/3901 2591/3898
f 2592/3901 2453/3900 2450/3902
f 2450/3902 2734/3903 2592/3901
f 2596/3904 2735/3905 2454/3899
f 2454/3899 2591/3898 2596/3904
f 2598/3906 2736/3907 2735/3905
f 2735/3905 2596/3904 2598/3906
f 2737/3908 2458/3909 2736/3907
f 2736/3907 2598/3906 2737/3908
f 2602/3910 2461/3911 2738/3912
f 2738/3912 2603/3913 2602/3910
f 2605/3914 2465/3915 2739/3916
f 2739/3916 2740/3917 2605/3914
f 2740/3917 2739/3916 2741/3918
f 2741/3918 2742/3919 2740/3917
f 2742/3919 2741/3918 2458/3909
f 2458/3909 2737/3908 2742/3919
f 2603/3913 2738/3912 2465/3915
f 2465/3915 2605/3914 2603/3913
f 2609/3920 2467/3921 2461/3911
f 2461/3911 2602/3910 2609/3920
f 2743/3922 2469/3923 2467/3921
f 2467/3921 2609/3920 2743/3922
f 2612/3924 2744/3925 2469/3923
f 2469/3923 2743/3922 2612/3924
f 2745/3926 2473/3927 2744/3925
f 2744/3925 2612/3924 2745/3926
f 2615/3928 2746/3929 2473/3927
f 2473/3927 2745/3926 2615/3928
f 2747/3930 2748/3931 2746/3929
f 2746/3929 2615/3928 2747/3930
f 2749/3932 2751/3933 2748/3931
f 2748/3931 2747/3930 2749/3932
f 2619/3934 2750/3935 2751/3936
f 2751/3936 2749/3937 2619/3934
f 2622/3938 2752/3939 2478/3940
f 2478/3940 2753/3941 2622/3938
f 2753/3941 2478/3940 2750/3935
f 2750/3935 2619/3934 2753/3941
f 2624/3942 2754/3943 2752/3939
f 2752/3939 2622/3938 2624/3942
f 2755/3944 2756/3945 2754/3943
f 2754/3943 2624/3942 2755/3944
f 2626/3946 2483/3947 2756/3945
f 2756/3945 2755/3944 2626/3946
f 2757/3948 2758/3949 2483/3947
f 2483/3947 2626/3946 2757/3948
f 2630/3950 2488/3951 2487/3952
f 2487/3952 2631/3953 2630/3950
f 2631/3953 2487/3952 2758/3949
f 2758/3949 2757/3948 2631/3953
f 2759/3954 2760/3955 2488/3951
f 2488/3951 2630/3950 2759/3954
f 2633/3956 2761/3957 2760/3955
f 2760/3955 2759/3954 2633/3956
f 2635/3958 2493/3959 2762/3960
f 2762/3960 2763/3961 2635/3958
f 2763/3961 2762/3960 2761/3962
f 2761/3962 2633/3963 2763/3961
f 2764/3964 2495/3965 2493/3959
f 2493/3959 2635/3958 2764/3964
f 2639/3966 2765/3967 2495/3965
f 2495/3965 2764/3964 2639/3966
f 2642/3968 2498/3969 2765/3967
f 2765/3967 2639/3966 2642/3968
f 2766/3970 2501/3971 2500/3972
f 2500/3972 2643/3973 2766/3970
f 2643/3973 2500/3972 2498/3969
f 2498/3969 2642/3968 2643/3973
f 2767/3974 2502/3975 2501/3971
f 2501/3971 2766/3970 2767/3974
f 2768/3976 2504/3977 2502/3978
f 2502/3978 2767/3979 2768/3976
f 2647/3980 2769/3981 2504/3977
f 2504/3977 2768/3976 2647/3980
f 2770/3982 2771/3983 2769/3981
f 2769/3981 2647/3980 2770/3982
f 2698/3829 2697/3828 2771/3983
f 2771/3983 2770/3982 2698/3829
f 2650/3780 2669/3799 2584/3694
f 2670/3800 2585/3695 2581/3690
f 2581/3690 2583/3693 2670/3800
f 2541/3634 2505/3596 2543/3636
f 2446/3514 2509/3602 2522/3615
f 2521/3614 2522/3615 2509/3602
f 2509/3602 2508/3601 2521/3614
f 2694/3824 2554/3653 2553/3651
f 2644/3770 2641/3767 2691/3821
f 2447/3515 2509/3602 2445/3513
f 2417/3476 2415/3472 2418/3477
f 2512/3605 2451/3524 2456/3530
f 2701/3984 2411/3985 2772/3986
f 2772/3986 2775/3987 2701/3984
f 2772/3988 2411/3466 2410/3465
f 2410/3465 2773/3989 2772/3988
f 2410/3990 2696/3991 2774/3992
f 2774/3992 2773/3993 2410/3990
f 2774/3994 2696/3639 2701/3642
f 2701/3642 2775/3995 2774/3994
f 2779/3996 2776/3997 2774/3994
f 2774/3994 2775/3995 2779/3996
f 2773/3993 2774/3992 2776/3998
f 2776/3998 2777/3999 2773/3993
f 2777/4000 2778/4001 2772/3988
f 2772/3988 2773/3989 2777/4000
f 2775/3987 2772/3986 2778/4002
f 2778/4002 2779/4003 2775/3987
f 2780/4004 3076/4005 2781/4006
f 2780/4004 2781/4006 3078/4007
f 3078/4007 2782/4008 2780/4004
f 2782/4008 3078/4007 2783/4009
f 2784/4010 3080/4011 3079/4012
f 3079/4012 2785/4013 2784/4010
f 3080/4011 2784/4010 2786/4014
f 2782/4008 2783/4009 2786/4014
f 2786/4014 2784/4010 2782/4008
f 2787/4015 3082/4016 2788/4017
f 2788/4017 2789/4018 2787/4015
f 2785/4013 3079/4012 2787/4015
f 2787/4015 2789/4018 2785/4013
f 2788/4017 3082/4016 3083/4019
f 3083/4019 2790/4020 2788/4017
f 2791/4021 2792/4022 3086/4023
f 3086/4023 3085/4024 2791/4021
f 2790/4020 3083/4019 3086/4023
f 3086/4023 2792/4022 2790/4020
f 2793/4025 2794/4026 3087/4027
f 3087/4027 2795/4028 2793/4025
f 2791/4021 3085/4024 3087/4027
f 3087/4027 2794/4026 2791/4021
f 2793/4025 2795/4028 2796/4029
f 2796/4029 2797/4030 2793/4025
f 2798/4031 2799/4032 2797/4030
f 2797/4030 2796/4029 2798/4031
f 2800/4033 2801/4034 2802/4035
f 2802/4035 2803/4036 2800/4033
f 2804/4037 2798/4031 2800/4033
f 2800/4033 2803/4036 2804/4037
f 2805/4038 2799/4032 2798/4031
f 2798/4031 2804/4037 2805/4038
f 2806/4039 2807/4040 2808/4041
f 2808/4041 2809/4042 2806/4039
f 2802/4035 2801/4034 2808/4041
f 2808/4041 2807/4040 2802/4035
f 2806/4039 2809/4042 3093/4043
f 3093/4043 2810/4044 2806/4039
f 2811/4045 2812/4046 2813/4047
f 2813/4047 3091/4048 2811/4045
f 2814/4049 3093/4043 2813/4047
f 2813/4047 2812/4046 2814/4049
f 2815/4050 2816/4051 2817/4052
f 2817/4052 2818/4053 2815/4050
f 2811/4045 3091/4048 2817/4052
f 2817/4052 2816/4051 2811/4045
f 2819/4054 2820/4055 2815/4050
f 2815/4050 2818/4053 2819/4054
f 2821/4056 2822/4057 3097/4058
f 2819/4054 2822/4057 2821/4056
f 2821/4056 3097/4058 3099/4059
f 3099/4059 2823/4060 2821/4056
f 2824/4061 3101/4062 2825/4063
f 2823/4060 3099/4059 3101/4062
f 3101/4062 2824/4061 2823/4060
f 2824/4061 2825/4063 3106/4064
f 2826/4065 2827/4066 2828/4067
f 2828/4067 3105/4068 2826/4065
f 2829/4069 3106/4064 2828/4067
f 2828/4067 2827/4066 2829/4069
f 2826/4065 3105/4068 3108/4070
f 3108/4070 2830/4071 2826/4065
f 2830/4071 3108/4070 2831/4072
f 2831/4072 2832/4073 2830/4071
f 2832/4073 2831/4072 3111/4074
f 3111/4074 2833/4075 2832/4073
f 2834/4076 3113/4077 3112/4078
f 3112/4078 2835/4079 2834/4076
f 2836/4080 2837/4081 2838/4082
f 2838/4082 3116/4083 2836/4080
f 3117/4084 2838/4082 2837/4081
f 2837/4081 2839/4085 3117/4084
f 2833/4075 3111/4074 3117/4084
f 3117/4084 2839/4085 2833/4075
f 3113/4077 2834/4076 2836/4080
f 2836/4080 3116/4083 3113/4077
f 2835/4079 3112/4078 3118/4086
f 3118/4086 2840/4087 2835/4079
f 3119/4088 2841/4089 2840/4087
f 2840/4087 3118/4086 3119/4088
f 2841/4089 3119/4088 2842/4090
f 2842/4090 2843/4091 2841/4089
f 2844/4092 2843/4091 2842/4090
f 2842/4090 3121/4093 2844/4092
f 3121/4093 2845/4094 2846/4095
f 2846/4095 2844/4092 3121/4093
f 2846/4095 2845/4094 2847/4096
f 2847/4096 2848/4097 2846/4095
f 2848/4097 2847/4096 2849/4098
f 2849/4098 2850/4099 2848/4097
f 2851/4100 2849/4098 3124/4101
f 2852/4102 2853/4103 2854/4104
f 2854/4104 2855/4105 2852/4102
f 2851/4100 3124/4101 2852/4102
f 2852/4102 2855/4105 2851/4100
f 2854/4104 2853/4103 2856/4106
f 2856/4106 2857/4107 2854/4104
f 3126/4108 2858/4109 2857/4107
f 2857/4107 2856/4106 3126/4108
f 2859/4110 2860/4111 2858/4109
f 2858/4109 3126/4108 2859/4110
f 2860/4111 2859/4110 2861/4112
f 2861/4112 2862/4113 2860/4111
f 2863/4114 2864/4115 2865/4116
f 2863/4114 2862/4113 2861/4112
f 2861/4112 2864/4115 2863/4114
f 2863/4114 2865/4116 2866/4117
f 2866/4117 2867/4118 2863/4114
f 2867/4118 2866/4117 3132/4119
f 3132/4119 2868/4120 2867/4118
f 2869/4121 2870/4122 3131/4123
f 3131/4123 3130/4124 2869/4121
f 2871/4125 3132/4119 3131/4123
f 3131/4123 2870/4122 2871/4125
f 2869/4121 3130/4124 2872/4126
f 2872/4126 2873/4127 2869/4121
f 2874/4128 2875/4129 2873/4127
f 2873/4127 2872/4126 2874/4128
f 2875/4129 2874/4128 3134/4130
f 3134/4130 2876/4131 2875/4129
f 3136/4132 2877/4133 2876/4131
f 2876/4131 3134/4130 3136/4132
f 3139/4134 2878/4135 2876/4131
f 2876/4131 2877/4133 3139/4134
f 3139/4134 2879/4136 2880/4137
f 2880/4137 2878/4135 3139/4134
f 2879/4136 2881/4138 2880/4137
f 2880/4137 2881/4138 2882/4139
f 2882/4139 2883/4140 2880/4137
f 2883/4140 2882/4139 3076/4005
f 3076/4005 2780/4004 2883/4140
f 2871/4125 2884/4141 2868/4120
f 2868/4120 3132/4119 2871/4125
f 2851/4100 2885/4142 2850/4099
f 2850/4099 2849/4098 2851/4100
f 2820/4055 2819/4054 2886/4143
f 3106/4064 2829/4069 2824/4061
f 2814/4049 2887/4144 2810/4044
f 2810/4044 3093/4043 2814/4049
f 2839/4085 2836/4080 2834/4076
f 2834/4076 2833/4075 2839/4085
f 2833/4075 2834/4076 2888/4145
f 2888/4145 2832/4073 2833/4075
f 2834/4076 2835/4079 2888/4145
f 2832/4073 2888/4145 2889/4146
f 2889/4146 2830/4071 2832/4073
f 2840/4087 2889/4146 2888/4145
f 2888/4145 2835/4079 2840/4087
f 2841/4089 2890/4147 2889/4146
f 2889/4146 2840/4087 2841/4089
f 2829/4069 2827/4066 2826/4065
f 2826/4065 2889/4146 2829/4069
f 2891/4148 2829/4069 2889/4146
f 2889/4146 2890/4147 2891/4148
f 2892/4149 2893/4150 2891/4148
f 2891/4148 2890/4147 2892/4149
f 2891/4148 2893/4150 2829/4069
f 2890/4147 2841/4089 2843/4091
f 2843/4091 2892/4149 2890/4147
f 2824/4061 2829/4069 2893/4150
f 2894/4151 2892/4149 2843/4091
f 2843/4091 2844/4092 2894/4151
f 2844/4092 2846/4095 2848/4097
f 2848/4097 2894/4151 2844/4092
f 2894/4151 2848/4097 2850/4099
f 2850/4099 2895/4152 2894/4151
f 2895/4152 2850/4099 2885/4142
f 2895/4152 2893/4150 2892/4149
f 2892/4149 2894/4151 2895/4152
f 2896/4153 2893/4150 2895/4152
f 2896/4153 2895/4152 2885/4142
f 2885/4142 2886/4143 2896/4153
f 2823/4060 2824/4061 2893/4150
f 2893/4150 2896/4153 2823/4060
f 2886/4143 2821/4056 2823/4060
f 2823/4060 2896/4153 2886/4143
f 2897/4154 2898/4155 2885/4142
f 2885/4142 2851/4100 2897/4154
f 2851/4100 2855/4105 2854/4104
f 2854/4104 2897/4154 2851/4100
f 2854/4104 2857/4107 2897/4154
f 2820/4055 2899/4156 2900/4157
f 2820/4055 2900/4157 2816/4051
f 2816/4051 2815/4050 2820/4055
f 2899/4156 2898/4155 2901/4158
f 2901/4158 2902/4159 2899/4156
f 2901/4158 2898/4155 2897/4154
f 2897/4154 2903/4160 2901/4158
f 2903/4160 2897/4154 2857/4107
f 2857/4107 2858/4109 2903/4160
f 2902/4159 2900/4157 2899/4156
f 2900/4157 2811/4045 2816/4051
f 2814/4049 2812/4046 2900/4157
f 2900/4157 2902/4159 2814/4049
f 2900/4157 2812/4046 2811/4045
f 2904/4161 2901/4158 2903/4160
f 2903/4160 2905/4162 2904/4161
f 2860/4111 2905/4162 2903/4160
f 2903/4160 2858/4109 2860/4111
f 2887/4144 2814/4049 2902/4159
f 2902/4159 2904/4161 2887/4144
f 2901/4158 2904/4161 2902/4159
f 2863/4114 2867/4118 2906/4163
f 2862/4113 2863/4114 2906/4163
f 2906/4163 2905/4162 2862/4113
f 2905/4162 2860/4111 2862/4113
f 2906/4163 2867/4118 2868/4120
f 2905/4162 2906/4163 2907/4164
f 2907/4164 2904/4161 2905/4162
f 2908/4165 2907/4164 2906/4163
f 2906/4163 2868/4120 2908/4165
f 2807/4040 2806/4039 2810/4044
f 2810/4044 2909/4166 2807/4040
f 2909/4166 2804/4037 2803/4036
f 2803/4036 2802/4035 2909/4166
f 2802/4035 2807/4040 2909/4166
f 2909/4166 2907/4164 2908/4165
f 2907/4164 2909/4166 2810/4044
f 2810/4044 2887/4144 2907/4164
f 2904/4161 2907/4164 2887/4144
f 2910/4167 2908/4165 2868/4120
f 2868/4120 2884/4141 2910/4167
f 2805/4038 2804/4037 2909/4166
f 2909/4166 2908/4165 2805/4038
f 2799/4032 2805/4038 2908/4165
f 2908/4165 2910/4167 2799/4032
f 2870/4122 2869/4121 2911/4168
f 2911/4168 2871/4125 2870/4122
f 2911/4168 2869/4121 2873/4127
f 2884/4141 2871/4125 2911/4168
f 2911/4168 2910/4167 2884/4141
f 2799/4032 2910/4167 2911/4168
f 2911/4168 2912/4169 2799/4032
f 2912/4169 2797/4030 2799/4032
f 2913/4170 2914/4171 2912/4169
f 2912/4169 2911/4168 2913/4170
f 2911/4168 2873/4127 2875/4129
f 2875/4129 2913/4170 2911/4168
f 2797/4030 2912/4169 2914/4171
f 2914/4171 2793/4025 2797/4030
f 2914/4171 2915/4172 2794/4026
f 2794/4026 2793/4025 2914/4171
f 2791/4021 2794/4026 2915/4172
f 2915/4172 2792/4022 2791/4021
f 2914/4171 2916/4173 2915/4172
f 2916/4173 2790/4020 2792/4022
f 2792/4022 2915/4172 2916/4173
f 2876/4131 2917/4174 2913/4170
f 2913/4170 2875/4129 2876/4131
f 2916/4173 2914/4171 2913/4170
f 2913/4170 2917/4174 2916/4173
f 2917/4174 2876/4131 2878/4135
f 2878/4135 2918/4175 2917/4174
f 2918/4175 2878/4135 2880/4137
f 2788/4017 2790/4020 2916/4173
f 2916/4173 2919/4176 2788/4017
f 2784/4010 2785/4013 2788/4017
f 2788/4017 2919/4176 2784/4010
f 2919/4176 2916/4173 2917/4174
f 2917/4174 2918/4175 2919/4176
f 2880/4137 2883/4140 2780/4004
f 2780/4004 2920/4177 2880/4137
f 2921/4178 2920/4177 2780/4004
f 2780/4004 2782/4008 2921/4178
f 2918/4175 2920/4177 2921/4178
f 2921/4178 2919/4176 2918/4175
f 2921/4178 2782/4008 2784/4010
f 2784/4010 2919/4176 2921/4178
f 2836/4080 2839/4085 2837/4081
f 2922/4179 2923/4180 3077/4181
f 2924/4182 3142/4183 2923/4180
f 2923/4180 2922/4179 2924/4182
f 2924/4182 2925/4184 3142/4183
f 2926/4185 2927/4186 2928/4187
f 2928/4187 3081/4188 2926/4185
f 3081/4188 2929/4189 2930/4190
f 2930/4190 2926/4185 3081/4188
f 2924/4182 2930/4190 2929/4189
f 2929/4189 2925/4184 2924/4182
f 2931/4191 2932/4192 2933/4193
f 2927/4186 2932/4192 2931/4191
f 2931/4191 2928/4187 2927/4186
f 2932/4192 2934/4194 2935/4195
f 2935/4195 2933/4193 2932/4192
f 2936/4196 3084/4197 2937/4198
f 2937/4198 2938/4199 2936/4196
f 2934/4194 2938/4199 2937/4198
f 2937/4198 2935/4195 2934/4194
f 2939/4200 2940/4201 3088/4202
f 3088/4202 2941/4203 2939/4200
f 2936/4196 2941/4203 3088/4202
f 3088/4202 3084/4197 2936/4196
f 2939/4200 2942/4204 2943/4205
f 2943/4205 2940/4201 2939/4200
f 2944/4206 2943/4205 2942/4204
f 2942/4204 2945/4207 2944/4206
f 2946/4208 2947/4209 2948/4210
f 2948/4210 2949/4211 2946/4208
f 2950/4212 2947/4209 2946/4208
f 2946/4208 2944/4206 2950/4212
f 2951/4213 2950/4212 2944/4206
f 2944/4206 2945/4207 2951/4213
f 2952/4214 2953/4215 3089/4216
f 3089/4216 2954/4217 2952/4214
f 2948/4210 2954/4217 3089/4216
f 3089/4216 2949/4211 2948/4210
f 2952/4214 2955/4218 2956/4219
f 2956/4219 2953/4215 2952/4214
f 2957/4220 3090/4221 3092/4222
f 3092/4222 2958/4223 2957/4220
f 2959/4224 2958/4223 3092/4222
f 3092/4222 2956/4219 2959/4224
f 2960/4225 3094/4226 3095/4227
f 3095/4227 2961/4228 2960/4225
f 2957/4220 2961/4228 3095/4227
f 3095/4227 3090/4221 2957/4220
f 2962/4229 3094/4226 2960/4225
f 2960/4225 2963/4230 2962/4229
f 2964/4231 3096/4232 2965/4233
f 2965/4233 2966/4234 2964/4231
f 2967/4235 2966/4234 2965/4233
f 2965/4233 2962/4229 2967/4235
f 2964/4231 2968/4236 3098/4237
f 3098/4237 3096/4232 2964/4231
f 2969/4238 3100/4239 3102/4240
f 3102/4240 2970/4241 2969/4238
f 2968/4236 2970/4241 3102/4240
f 3102/4240 3098/4237 2968/4236
f 2969/4238 2971/4242 3103/4243
f 3103/4243 3100/4239 2969/4238
f 2972/4244 3104/4245 2973/4246
f 2973/4246 2974/4247 2972/4244
f 2975/4248 2974/4247 2973/4246
f 2973/4246 3103/4243 2975/4248
f 2972/4244 2976/4249 3107/4250
f 3107/4250 3104/4245 2972/4244
f 2976/4249 2977/4251 3109/4252
f 3109/4252 3107/4250 2976/4249
f 2977/4251 2978/4253 3110/4254
f 3110/4254 3109/4252 2977/4251
f 2979/4255 2980/4256 2981/4257
f 2981/4257 3114/4258 2979/4255
f 2982/4259 3115/4260 2983/4261
f 2983/4261 2984/4262 2982/4259
f 2985/4263 2986/4264 2984/4262
f 2984/4262 2983/4261 2985/4263
f 2978/4253 2986/4264 2985/4263
f 2985/4263 3110/4254 2978/4253
f 3114/4258 3115/4260 2982/4259
f 2982/4259 2979/4255 3114/4258
f 2980/4256 2987/4265 2988/4266
f 2988/4266 2981/4257 2980/4256
f 2989/4267 2988/4266 2987/4265
f 2987/4265 2990/4268 2989/4267
f 2990/4268 2991/4269 2992/4270
f 2992/4270 2989/4267 2990/4268
f 2993/4271 3120/4272 2992/4270
f 2992/4270 2991/4269 2993/4271
f 3120/4272 2993/4271 2994/4273
f 2994/4273 2995/4274 3120/4272
f 2994/4273 2996/4275 3122/4276
f 3122/4276 2995/4274 2994/4273
f 2996/4275 2997/4277 2998/4278
f 2998/4278 3122/4276 2996/4275
f 2999/4279 3123/4280 2998/4278
f 3000/4281 3001/4282 3002/4283
f 3002/4283 3125/4284 3000/4281
f 2999/4279 3001/4282 3000/4281
f 3000/4281 3123/4280 2999/4279
f 3002/4283 3003/4285 3004/4286
f 3004/4286 3125/4284 3002/4283
f 3005/4287 3004/4286 3003/4285
f 3003/4285 3006/4288 3005/4287
f 3127/4289 3005/4287 3006/4288
f 3006/4288 3007/4290 3127/4289
f 3007/4290 3008/4291 3128/4292
f 3128/4292 3127/4289 3007/4290
f 3009/4293 3010/4294 3011/4295
f 3011/4295 3008/4291 3009/4293
f 3008/4291 3011/4295 3128/4292
f 3009/4293 3012/4296 3010/4294
f 3009/4293 3013/4297 3014/4298
f 3014/4298 3012/4296 3009/4293
f 3015/4299 3129/4300 3016/4301
f 3016/4301 3017/4302 3015/4299
f 3018/4303 3017/4302 3016/4301
f 3016/4301 3014/4298 3018/4303
f 3015/4299 3019/4304 3020/4305
f 3020/4305 3129/4300 3015/4299
f 3021/4306 3020/4305 3019/4304
f 3019/4304 3022/4307 3021/4306
f 3022/4307 3023/4308 3133/4309
f 3133/4309 3021/4306 3022/4307
f 3024/4310 3023/4308 3025/4311
f 3025/4311 3135/4312 3024/4310
f 3023/4308 3024/4310 3133/4309
f 3137/4313 3135/4312 3025/4311
f 3025/4311 3026/4314 3137/4313
f 3137/4313 3026/4314 3027/4315
f 3027/4315 3138/4316 3137/4313
f 3138/4316 3027/4315 3140/4317
f 3027/4315 3028/4318 3141/4319
f 3141/4319 3140/4317 3027/4315
f 3028/4318 2922/4179 3077/4181
f 3077/4181 3141/4319 3028/4318
f 3018/4303 3014/4298 3013/4297
f 2999/4279 2998/4278 2997/4277
f 2997/4277 3029/4320 2999/4279
f 2967/4235 2962/4229 2963/4230
f 2963/4230 3030/4321 2967/4235
f 3103/4243 2971/4242 3031/4322
f 3031/4322 2975/4248 3103/4243
f 2959/4224 2956/4219 2955/4218
f 2955/4218 3032/4323 2959/4224
f 2986/4264 3033/4324 2982/4259
f 3033/4324 3034/4325 2980/4256
f 2980/4256 2979/4255 3033/4324
f 3034/4325 3033/4324 2978/4253
f 2978/4253 2977/4251 3034/4325
f 2982/4259 3033/4324 2979/4255
f 2986/4264 2978/4253 3033/4324
f 2977/4251 2976/4249 3035/4326
f 3035/4326 3034/4325 2977/4251
f 2987/4265 2980/4256 3034/4325
f 3034/4325 3036/4327 2987/4265
f 3035/4326 3036/4327 3034/4325
f 2990/4268 2987/4265 3036/4327
f 3036/4327 3037/4328 2990/4268
f 2974/4247 2975/4248 3038/4329
f 3038/4329 2972/4244 2974/4247
f 3039/4330 3038/4329 2975/4248
f 2975/4248 3031/4322 3039/4330
f 3038/4329 3035/4326 2976/4249
f 2976/4249 2972/4244 3038/4329
f 3038/4329 3039/4330 3040/4331
f 3040/4331 3035/4326 3038/4329
f 3035/4326 3040/4331 3037/4328
f 3037/4328 3036/4327 3035/4326
f 3041/4332 3037/4328 3040/4331
f 3040/4331 3042/4333 3041/4332
f 3039/4330 3043/4334 3042/4333
f 3042/4333 3040/4331 3039/4330
f 3037/4328 3041/4332 2991/4269
f 2991/4269 2990/4268 3037/4328
f 2969/4238 2970/4241 3044/4335
f 3044/4335 2971/4242 2969/4238
f 3039/4330 3031/4322 2971/4242
f 2971/4242 3044/4335 3039/4330
f 3039/4330 3044/4335 3043/4334
f 3045/4336 2993/4271 2991/4269
f 2991/4269 3041/4332 3045/4336
f 2993/4271 3045/4336 2996/4275
f 2996/4275 2994/4273 2993/4271
f 3045/4336 3046/4337 2997/4277
f 2997/4277 2996/4275 3045/4336
f 3046/4337 3047/4338 3029/4320
f 3029/4320 2997/4277 3046/4337
f 3046/4337 3045/4336 3041/4332
f 3041/4332 3042/4333 3046/4337
f 3048/4339 3046/4337 3042/4333
f 3042/4333 3043/4334 3048/4339
f 3048/4339 3049/4340 3047/4338
f 3047/4338 3046/4337 3048/4339
f 3048/4339 3043/4334 3044/4335
f 3044/4335 2968/4236 3048/4339
f 2968/4236 3044/4335 2970/4241
f 3049/4340 3048/4339 2968/4236
f 2968/4236 3050/4341 3049/4340
f 2967/4235 3049/4340 3050/4341
f 2967/4235 3050/4341 2966/4234
f 3029/4320 3047/4338 2999/4279
f 3051/4342 3047/4338 3049/4340
f 3049/4340 3052/4343 3051/4342
f 3053/4344 2999/4279 3047/4338
f 3047/4338 3051/4342 3053/4344
f 3001/4282 2999/4279 3053/4344
f 3053/4344 3002/4283 3001/4282
f 3002/4283 3053/4344 3003/4285
f 2963/4230 3054/4345 3052/4343
f 3052/4343 3030/4321 2963/4230
f 3030/4321 3052/4343 3049/4340
f 2963/4230 2960/4225 2961/4228
f 2961/4228 3054/4345 2963/4230
f 3052/4343 3055/4346 3056/4347
f 3056/4347 3051/4342 3052/4343
f 3056/4347 3057/4348 3053/4344
f 3053/4344 3051/4342 3056/4347
f 3057/4348 3006/4288 3003/4285
f 3003/4285 3053/4344 3057/4348
f 3055/4346 3052/4343 3054/4345
f 3054/4345 3058/4349 3055/4346
f 3058/4349 3054/4345 2961/4228
f 2961/4228 2957/4220 3058/4349
f 2959/4224 3055/4346 3058/4349
f 3058/4349 2958/4223 2959/4224
f 3058/4349 2957/4220 2958/4223
f 3059/4350 3060/4351 3057/4348
f 3057/4348 3056/4347 3059/4350
f 3007/4290 3006/4288 3057/4348
f 3057/4348 3060/4351 3007/4290
f 3032/4323 3059/4350 3055/4346
f 3055/4346 2959/4224 3032/4323
f 3056/4347 3055/4346 3059/4350
f 3008/4291 3061/4352 3009/4293
f 3060/4351 3061/4352 3008/4291
f 3008/4291 3007/4290 3060/4351
f 3061/4352 3013/4297 3009/4293
f 3060/4351 3059/4350 3062/4353
f 3062/4353 3061/4352 3060/4351
f 3063/4354 3013/4297 3061/4352
f 3061/4352 3062/4353 3063/4354
f 2954/4217 3064/4355 2955/4218
f 2955/4218 2952/4214 2954/4217
f 3064/4355 2948/4210 2947/4209
f 2947/4209 2950/4212 3064/4355
f 2948/4210 3064/4355 2954/4217
f 3064/4355 3063/4354 3062/4353
f 3062/4353 3032/4323 2955/4218
f 2955/4218 3064/4355 3062/4353
f 3059/4350 3032/4323 3062/4353
f 2951/4213 3063/4354 3064/4355
f 3064/4355 2950/4212 2951/4213
f 2945/4207 3063/4354 2951/4213
f 3017/4302 3018/4303 3065/4356
f 3065/4356 3015/4299 3017/4302
f 3066/4357 3019/4304 3015/4299
f 3015/4299 3065/4356 3066/4357
f 3013/4297 3063/4354 3065/4356
f 3065/4356 3018/4303 3013/4297
f 3065/4356 3063/4354 3066/4357
f 2945/4207 3067/4358 3066/4357
f 3066/4357 3063/4354 2945/4207
f 3067/4358 2945/4207 2942/4204
f 3068/4359 3066/4357 3067/4358
f 3067/4358 3069/4360 3068/4359
f 3066/4357 3068/4359 3022/4307
f 3022/4307 3019/4304 3066/4357
f 2942/4204 2939/4200 3069/4360
f 3069/4360 3067/4358 2942/4204
f 3069/4360 2939/4200 2941/4203
f 2941/4203 3070/4361 3069/4360
f 2936/4196 2938/4199 3070/4361
f 3070/4361 2941/4203 2936/4196
f 3070/4361 2938/4199 2934/4194
f 3023/4308 3022/4307 3068/4359
f 3068/4359 3071/4362 3023/4308
f 3070/4361 3071/4362 3068/4359
f 3068/4359 3069/4360 3070/4361
f 3025/4311 3071/4362 3072/4363
f 3072/4363 3026/4314 3025/4311
f 3027/4315 3072/4363 3073/4364
f 3072/4363 3027/4315 3026/4314
f 3072/4363 3071/4362 3070/4361
f 3070/4361 3074/4365 3072/4363
f 3070/4361 2934/4194 3074/4365
f 2927/4186 2926/4185 3074/4365
f 3074/4365 2932/4192 2927/4186
f 3027/4315 3073/4364 2922/4179
f 2922/4179 3028/4318 3027/4315
f 3073/4364 3075/4366 2924/4182
f 2924/4182 2922/4179 3073/4364
f 3072/4363 3074/4365 3075/4366
f 3075/4366 3073/4364 3072/4363
f 2926/4185 2930/4190 3075/4366
f 3075/4366 3074/4365 2926/4185
f 2930/4190 2924/4182 3075/4366
f 2982/4259 2984/4262 2986/4264
f 2923/4367 2781/4368 3076/4369
f 3076/4369 3077/4370 2923/4367
f 2925/4371 2783/4372 3078/4373
f 3078/4373 3142/4374 2925/4371
f 2928/4375 3079/4376 3080/4377
f 3080/4377 3081/4378 2928/4375
f 3081/4378 3080/4377 2786/4379
f 2786/4379 2929/4380 3081/4378
f 2929/4380 2786/4379 2783/4372
f 2783/4372 2925/4371 2929/4380
f 2933/4381 3082/4382 2787/4383
f 2787/4383 2931/4384 2933/4381
f 2931/4384 2787/4383 3079/4376
f 3079/4376 2928/4375 2931/4384
f 2935/4385 3083/4386 3082/4382
f 3082/4382 2933/4381 2935/4385
f 3084/4387 3085/4388 3086/4389
f 3086/4389 2937/4390 3084/4387
f 2937/4390 3086/4389 3083/4391
f 3083/4391 2935/4392 2937/4390
f 2940/4393 2795/4394 3087/4395
f 3087/4395 3088/4396 2940/4393
f 3088/4396 3087/4395 3085/4388
f 3085/4388 3084/4387 3088/4396
f 2943/4397 2796/4398 2795/4394
f 2795/4394 2940/4393 2943/4397
f 2944/4399 2798/4400 2796/4398
f 2796/4398 2943/4397 2944/4399
f 2949/4401 2801/4402 2800/4403
f 2800/4403 2946/4404 2949/4401
f 2946/4404 2800/4403 2798/4405
f 2798/4405 2944/4406 2946/4404
f 2953/4407 2809/4408 2808/4409
f 2808/4409 3089/4410 2953/4407
f 3089/4410 2808/4409 2801/4402
f 2801/4402 2949/4401 3089/4410
f 2956/4411 3093/4412 2809/4408
f 2809/4408 2953/4407 2956/4411
f 3090/4413 3091/4414 2813/4415
f 2813/4415 3092/4416 3090/4413
f 3092/4416 2813/4415 3093/4417
f 3093/4417 2956/4418 3092/4416
f 3094/4419 2818/4420 2817/4421
f 2817/4421 3095/4422 3094/4419
f 3095/4422 2817/4421 3091/4414
f 3091/4414 3090/4413 3095/4422
f 2962/4423 2819/4424 2818/4420
f 2818/4420 3094/4419 2962/4423
f 3096/4425 3097/4426 2822/4427
f 2822/4427 2965/4428 3096/4425
f 2965/4428 2822/4427 2819/4429
f 2819/4429 2962/4430 2965/4428
f 3098/4431 3099/4432 3097/4426
f 3097/4426 3096/4425 3098/4431
f 3100/4433 2825/4434 3101/4435
f 3101/4435 3102/4436 3100/4433
f 3102/4436 3101/4435 3099/4432
f 3099/4432 3098/4431 3102/4436
f 3103/4437 3106/4438 2825/4434
f 2825/4434 3100/4433 3103/4437
f 3104/4439 3105/4440 2828/4441
f 2828/4441 2973/4442 3104/4439
f 2973/4442 2828/4441 3106/4443
f 3106/4443 3103/4444 2973/4442
f 3107/4445 3108/4446 3105/4440
f 3105/4440 3104/4439 3107/4445
f 3109/4447 2831/4448 3108/4446
f 3108/4446 3107/4445 3109/4447
f 3110/4449 3111/4450 2831/4448
f 2831/4448 3109/4447 3110/4449
f 2981/4451 3112/4452 3113/4453
f 3113/4453 3114/4454 2981/4451
f 3115/4455 3116/4456 2838/4457
f 2838/4457 2983/4458 3115/4455
f 2983/4458 2838/4457 3117/4459
f 3117/4459 2985/4460 2983/4458
f 2985/4460 3117/4459 3111/4450
f 3111/4450 3110/4449 2985/4460
f 3114/4454 3113/4453 3116/4456
f 3116/4456 3115/4455 3114/4454
f 2988/4461 3118/4462 3112/4452
f 3112/4452 2981/4451 2988/4461
f 2989/4463 3119/4464 3118/4462
f 3118/4462 2988/4461 2989/4463
f 2992/4465 2842/4466 3119/4464
f 3119/4464 2989/4463 2992/4465
f 3120/4467 3121/4468 2842/4466
f 2842/4466 2992/4465 3120/4467
f 2995/4469 2845/4470 3121/4468
f 3121/4468 3120/4467 2995/4469
f 3122/4471 2847/4472 2845/4470
f 2845/4470 2995/4469 3122/4471
f 2998/4473 2849/4474 2847/4472
f 2847/4472 3122/4471 2998/4473
f 3123/4475 3124/4476 2849/4477
f 2849/4477 2998/4478 3123/4475
f 3125/4479 2853/4480 2852/4481
f 2852/4481 3000/4482 3125/4479
f 3000/4482 2852/4481 3124/4476
f 3124/4476 3123/4475 3000/4482
f 3004/4483 2856/4484 2853/4480
f 2853/4480 3125/4479 3004/4483
f 3005/4485 3126/4486 2856/4484
f 2856/4484 3004/4483 3005/4485
f 3127/4487 2859/4488 3126/4486
f 3126/4486 3005/4485 3127/4487
f 3128/4489 2861/4490 2859/4488
f 2859/4488 3127/4487 3128/4489
f 3010/4491 2865/4492 2864/4493
f 2864/4493 3011/4494 3010/4491
f 3011/4494 2864/4493 2861/4490
f 2861/4490 3128/4489 3011/4494
f 3012/4495 2866/4496 2865/4492
f 2865/4492 3010/4491 3012/4495
f 3014/4497 3132/4498 2866/4496
f 2866/4496 3012/4495 3014/4497
f 3129/4499 3130/4500 3131/4501
f 3131/4501 3016/4502 3129/4499
f 3016/4502 3131/4501 3132/4503
f 3132/4503 3014/4504 3016/4502
f 3020/4505 2872/4506 3130/4500
f 3130/4500 3129/4499 3020/4505
f 3021/4507 2874/4508 2872/4506
f 2872/4506 3020/4505 3021/4507
f 3133/4509 3134/4510 2874/4508
f 2874/4508 3021/4507 3133/4509
f 3135/4511 2877/4512 3136/4513
f 3136/4513 3024/4514 3135/4511
f 3024/4514 3136/4513 3134/4510
f 3134/4510 3133/4509 3024/4514
f 3137/4515 3139/4516 2877/4512
f 2877/4512 3135/4511 3137/4515
f 3138/4517 2879/4518 3139/4519
f 3139/4519 3137/4520 3138/4517
f 3140/4521 2881/4522 2879/4518
f 2879/4518 3138/4517 3140/4521
f 3141/4523 2882/4524 2881/4522
f 2881/4522 3140/4521 3141/4523
f 3077/4370 3076/4369 2882/4524
f 2882/4524 3141/4523 3077/4370
f 3030/4321 3049/4340 2967/4235
f 3050/4341 2968/4236 2964/4231
f 2964/4231 2966/4234 3050/4341
f 2918/4175 2880/4137 2920/4177
f 2820/4055 2886/4143 2899/4156
f 2898/4155 2899/4156 2886/4143
f 2886/4143 2885/4142 2898/4155
f 3074/4365 2934/4194 2932/4192
f 3025/4311 3023/4308 3071/4362
f 2821/4056 2886/4143 2819/4054
f 2788/4017 2785/4013 2789/4018
f 2889/4146 2826/4065 2830/4071
f 3142/4525 3078/4526 3143/4527
f 3143/4527 3146/4528 3142/4525
f 3143/4529 3078/4007 2781/4006
f 2781/4006 3145/4530 3143/4529
f 2781/4531 2923/4532 3144/4533
f 3144/4533 3145/4534 2781/4531
f 3144/4535 2923/4180 3142/4183
f 3142/4183 3146/4536 3144/4535
f 3147/4537 3148/4538 3150/4539
f 3150/4539 3149/4540 3147/4537
f 3152/4541 3150/4542 3148/4543
f 3148/4543 3153/4544 3152/4541
f 3151/4545 3152/4546 3153/4547
f 3153/4547 3154/4548 3151/4545
f 3149/4549 3151/4550 3154/4551
f 3154/4551 3147/4552 3149/4549
f 3150/4539 3144/4535 3146/4536
f 3146/4536 3149/4540 3150/4539
f 3145/4534 3144/4533 3150/4542
f 3150/4542 3152/4541 3145/4534
f 3152/4546 3151/4545 3143/4529
f 3143/4529 3145/4530 3152/4546
f 3146/4528 3143/4527 3151/4550
f 3151/4550 3149/4549 3146/4528
f 3155/4553 3156/4554 3440/4555
f 3155/4553 3440/4555 3157/4556
f 3157/4556 3158/4557 3155/4553
f 3158/4557 3157/4556 3441/4558
f 3159/4559 3444/4560 3443/4561
f 3443/4561 3160/4562 3159/4559
f 3444/4560 3159/4559 3161/4563
f 3158/4557 3441/4558 3161/4563
f 3161/4563 3159/4559 3158/4557
f 3448/4564 3447/4565 3162/4566
f 3162/4566 3163/4567 3448/4564
f 3160/4562 3443/4561 3448/4564
f 3448/4564 3163/4567 3160/4562
f 3162/4566 3447/4565 3451/4568
f 3451/4568 3164/4569 3162/4566
f 3165/4570 3166/4571 3167/4572
f 3167/4572 3168/4573 3165/4570
f 3164/4569 3451/4568 3167/4572
f 3167/4572 3166/4571 3164/4569
f 3169/4574 3170/4575 3171/4576
f 3171/4576 3453/4577 3169/4574
f 3165/4570 3168/4573 3171/4576
f 3171/4576 3170/4575 3165/4570
f 3169/4574 3453/4577 3455/4578
f 3455/4578 3172/4579 3169/4574
f 3460/4580 3173/4581 3172/4579
f 3172/4579 3455/4578 3460/4580
f 3459/4582 3458/4583 3174/4584
f 3174/4584 3175/4585 3459/4582
f 3176/4586 3460/4580 3459/4582
f 3459/4582 3175/4585 3176/4586
f 3177/4587 3173/4581 3460/4580
f 3460/4580 3176/4586 3177/4587
f 3178/4588 3179/4589 3180/4590
f 3180/4590 3181/4591 3178/4588
f 3174/4584 3458/4583 3180/4590
f 3180/4590 3179/4589 3174/4584
f 3178/4588 3181/4591 3182/4592
f 3182/4592 3183/4593 3178/4588
f 3184/4594 3185/4595 3186/4596
f 3186/4596 3461/4597 3184/4594
f 3187/4598 3182/4592 3186/4596
f 3186/4596 3185/4595 3187/4598
f 3188/4599 3189/4600 3190/4601
f 3190/4601 3463/4602 3188/4599
f 3184/4594 3461/4597 3190/4601
f 3190/4601 3189/4600 3184/4594
f 3191/4603 3192/4604 3188/4599
f 3188/4599 3463/4602 3191/4603
f 3193/4605 3194/4606 3466/4607
f 3191/4603 3194/4606 3193/4605
f 3193/4605 3466/4607 3468/4608
f 3468/4608 3195/4609 3193/4605
f 3196/4610 3197/4611 3198/4612
f 3195/4609 3468/4608 3197/4611
f 3197/4611 3196/4610 3195/4609
f 3196/4610 3198/4612 3199/4613
f 3200/4614 3201/4615 3473/4616
f 3473/4616 3472/4617 3200/4614
f 3202/4618 3199/4613 3473/4616
f 3473/4616 3201/4615 3202/4618
f 3200/4614 3472/4617 3475/4619
f 3475/4619 3203/4620 3200/4614
f 3203/4620 3475/4619 3204/4621
f 3204/4621 3205/4622 3203/4620
f 3205/4622 3204/4621 3206/4623
f 3206/4623 3207/4624 3205/4622
f 3208/4625 3209/4626 3476/4627
f 3476/4627 3210/4628 3208/4625
f 3211/4629 3212/4630 3213/4631
f 3213/4631 3214/4632 3211/4629
f 3479/4633 3213/4631 3212/4630
f 3212/4630 3215/4634 3479/4633
f 3207/4624 3206/4623 3479/4633
f 3479/4633 3215/4634 3207/4624
f 3209/4626 3208/4625 3211/4629
f 3211/4629 3214/4632 3209/4626
f 3210/4628 3476/4627 3482/4635
f 3482/4635 3216/4636 3210/4628
f 3484/4637 3217/4638 3216/4636
f 3216/4636 3482/4635 3484/4637
f 3217/4638 3484/4637 3486/4639
f 3486/4639 3218/4640 3217/4638
f 3219/4641 3218/4640 3486/4639
f 3486/4639 3220/4642 3219/4641
f 3220/4642 3487/4643 3221/4644
f 3221/4644 3219/4641 3220/4642
f 3221/4644 3487/4643 3489/4645
f 3489/4645 3222/4646 3221/4644
f 3222/4646 3489/4645 3490/4647
f 3490/4647 3223/4648 3222/4646
f 3224/4649 3490/4647 3492/4650
f 3225/4651 3226/4652 3227/4653
f 3227/4653 3228/4654 3225/4651
f 3224/4649 3492/4650 3225/4651
f 3225/4651 3228/4654 3224/4649
f 3227/4653 3226/4652 3495/4655
f 3495/4655 3229/4656 3227/4653
f 3230/4657 3231/4658 3229/4656
f 3229/4656 3495/4655 3230/4657
f 3232/4659 3233/4660 3231/4658
f 3231/4658 3230/4657 3232/4659
f 3233/4660 3232/4659 3497/4661
f 3497/4661 3234/4662 3233/4660
f 3235/4663 3236/4664 3499/4665
f 3235/4663 3234/4662 3497/4661
f 3497/4661 3236/4664 3235/4663
f 3235/4663 3499/4665 3237/4666
f 3237/4666 3238/4667 3235/4663
f 3238/4667 3237/4666 3239/4668
f 3239/4668 3240/4669 3238/4667
f 3241/4670 3242/4671 3243/4672
f 3243/4672 3501/4673 3241/4670
f 3244/4674 3239/4668 3243/4672
f 3243/4672 3242/4671 3244/4674
f 3241/4670 3501/4673 3503/4675
f 3503/4675 3245/4676 3241/4670
f 3246/4677 3247/4678 3245/4676
f 3245/4676 3503/4675 3246/4677
f 3247/4678 3246/4677 3504/4679
f 3504/4679 3248/4680 3247/4678
f 3507/4681 3506/4682 3248/4680
f 3248/4680 3504/4679 3507/4681
f 3511/4683 3249/4684 3248/4680
f 3248/4680 3506/4682 3511/4683
f 3511/4683 3510/4685 3250/4686
f 3250/4686 3249/4684 3511/4683
f 3510/4685 3512/4687 3250/4686
f 3250/4686 3512/4687 3251/4688
f 3251/4688 3252/4689 3250/4686
f 3252/4689 3251/4688 3156/4554
f 3156/4554 3155/4553 3252/4689
f 3244/4674 3253/4690 3240/4669
f 3240/4669 3239/4668 3244/4674
f 3224/4649 3254/4691 3223/4648
f 3223/4648 3490/4647 3224/4649
f 3192/4604 3191/4603 3255/4692
f 3199/4613 3202/4618 3196/4610
f 3187/4598 3256/4693 3183/4593
f 3183/4593 3182/4592 3187/4598
f 3215/4634 3211/4629 3208/4625
f 3208/4625 3207/4624 3215/4634
f 3207/4624 3208/4625 3257/4694
f 3257/4694 3205/4622 3207/4624
f 3208/4625 3210/4628 3257/4694
f 3205/4622 3257/4694 3258/4695
f 3258/4695 3203/4620 3205/4622
f 3216/4636 3258/4695 3257/4694
f 3257/4694 3210/4628 3216/4636
f 3217/4638 3259/4696 3258/4695
f 3258/4695 3216/4636 3217/4638
f 3202/4618 3201/4615 3200/4614
f 3200/4614 3258/4695 3202/4618
f 3260/4697 3202/4618 3258/4695
f 3258/4695 3259/4696 3260/4697
f 3261/4698 3262/4699 3260/4697
f 3260/4697 3259/4696 3261/4698
f 3260/4697 3262/4699 3202/4618
f 3259/4696 3217/4638 3218/4640
f 3218/4640 3261/4698 3259/4696
f 3196/4610 3202/4618 3262/4699
f 3263/4700 3261/4698 3218/4640
f 3218/4640 3219/4641 3263/4700
f 3219/4641 3221/4644 3222/4646
f 3222/4646 3263/4700 3219/4641
f 3263/4700 3222/4646 3223/4648
f 3223/4648 3264/4701 3263/4700
f 3264/4701 3223/4648 3254/4691
f 3264/4701 3262/4699 3261/4698
f 3261/4698 3263/4700 3264/4701
f 3265/4702 3262/4699 3264/4701
f 3265/4702 3264/4701 3254/4691
f 3254/4691 3255/4692 3265/4702
f 3195/4609 3196/4610 3262/4699
f 3262/4699 3265/4702 3195/4609
f 3255/4692 3193/4605 3195/4609
f 3195/4609 3265/4702 3255/4692
f 3266/4703 3267/4704 3254/4691
f 3254/4691 3224/4649 3266/4703
f 3224/4649 3228/4654 3227/4653
f 3227/4653 3266/4703 3224/4649
f 3227/4653 3229/4656 3266/4703
f 3192/4604 3268/4705 3269/4706
f 3192/4604 3269/4706 3189/4600
f 3189/4600 3188/4599 3192/4604
f 3268/4705 3267/4704 3270/4707
f 3270/4707 3271/4708 3268/4705
f 3270/4707 3267/4704 3266/4703
f 3266/4703 3272/4709 3270/4707
f 3272/4709 3266/4703 3229/4656
f 3229/4656 3231/4658 3272/4709
f 3271/4708 3269/4706 3268/4705
f 3269/4706 3184/4594 3189/4600
f 3187/4598 3185/4595 3269/4706
f 3269/4706 3271/4708 3187/4598
f 3269/4706 3185/4595 3184/4594
f 3273/4710 3270/4707 3272/4709
f 3272/4709 3274/4711 3273/4710
f 3233/4660 3274/4711 3272/4709
f 3272/4709 3231/4658 3233/4660
f 3256/4693 3187/4598 3271/4708
f 3271/4708 3273/4710 3256/4693
f 3270/4707 3273/4710 3271/4708
f 3235/4663 3238/4667 3275/4712
f 3234/4662 3235/4663 3275/4712
f 3275/4712 3274/4711 3234/4662
f 3274/4711 3233/4660 3234/4662
f 3275/4712 3238/4667 3240/4669
f 3274/4711 3275/4712 3276/4713
f 3276/4713 3273/4710 3274/4711
f 3277/4714 3276/4713 3275/4712
f 3275/4712 3240/4669 3277/4714
f 3179/4589 3178/4588 3183/4593
f 3183/4593 3278/4715 3179/4589
f 3278/4715 3176/4586 3175/4585
f 3175/4585 3174/4584 3278/4715
f 3174/4584 3179/4589 3278/4715
f 3278/4715 3276/4713 3277/4714
f 3276/4713 3278/4715 3183/4593
f 3183/4593 3256/4693 3276/4713
f 3273/4710 3276/4713 3256/4693
f 3279/4716 3277/4714 3240/4669
f 3240/4669 3253/4690 3279/4716
f 3177/4587 3176/4586 3278/4715
f 3278/4715 3277/4714 3177/4587
f 3173/4581 3177/4587 3277/4714
f 3277/4714 3279/4716 3173/4581
f 3242/4671 3241/4670 3280/4717
f 3280/4717 3244/4674 3242/4671
f 3280/4717 3241/4670 3245/4676
f 3253/4690 3244/4674 3280/4717
f 3280/4717 3279/4716 3253/4690
f 3173/4581 3279/4716 3280/4717
f 3280/4717 3281/4718 3173/4581
f 3281/4718 3172/4579 3173/4581
f 3282/4719 3283/4720 3281/4718
f 3281/4718 3280/4717 3282/4719
f 3280/4717 3245/4676 3247/4678
f 3247/4678 3282/4719 3280/4717
f 3172/4579 3281/4718 3283/4720
f 3283/4720 3169/4574 3172/4579
f 3283/4720 3284/4721 3170/4575
f 3170/4575 3169/4574 3283/4720
f 3165/4570 3170/4575 3284/4721
f 3284/4721 3166/4571 3165/4570
f 3283/4720 3285/4722 3284/4721
f 3285/4722 3164/4569 3166/4571
f 3166/4571 3284/4721 3285/4722
f 3248/4680 3286/4723 3282/4719
f 3282/4719 3247/4678 3248/4680
f 3285/4722 3283/4720 3282/4719
f 3282/4719 3286/4723 3285/4722
f 3286/4723 3248/4680 3249/4684
f 3249/4684 3287/4724 3286/4723
f 3287/4724 3249/4684 3250/4686
f 3162/4566 3164/4569 3285/4722
f 3285/4722 3288/4725 3162/4566
f 3159/4559 3160/4562 3162/4566
f 3162/4566 3288/4725 3159/4559
f 3288/4725 3285/4722 3286/4723
f 3286/4723 3287/4724 3288/4725
f 3250/4686 3252/4689 3155/4553
f 3155/4553 3289/4726 3250/4686
f 3290/4727 3289/4726 3155/4553
f 3155/4553 3158/4557 3290/4727
f 3287/4724 3289/4726 3290/4727
f 3290/4727 3288/4725 3287/4724
f 3290/4727 3158/4557 3159/4559
f 3159/4559 3288/4725 3290/4727
f 3211/4629 3215/4634 3212/4630
f 3291/4728 3515/4729 3292/4730
f 3293/4731 3294/4732 3515/4729
f 3515/4729 3291/4728 3293/4731
f 3293/4731 3295/4733 3294/4732
f 3296/4734 3297/4735 3442/4736
f 3442/4736 3445/4737 3296/4734
f 3445/4737 3298/4738 3299/4739
f 3299/4739 3296/4734 3445/4737
f 3293/4731 3299/4739 3298/4738
f 3298/4738 3295/4733 3293/4731
f 3449/4740 3300/4741 3446/4742
f 3297/4735 3300/4741 3449/4740
f 3449/4740 3442/4736 3297/4735
f 3300/4741 3301/4743 3302/4744
f 3302/4744 3446/4742 3300/4741
f 3303/4745 3304/4746 3450/4747
f 3450/4747 3305/4748 3303/4745
f 3301/4743 3305/4748 3450/4747
f 3450/4747 3302/4744 3301/4743
f 3306/4749 3452/4750 3454/4751
f 3454/4751 3307/4752 3306/4749
f 3303/4745 3307/4752 3454/4751
f 3454/4751 3304/4746 3303/4745
f 3306/4749 3308/4753 3309/4754
f 3309/4754 3452/4750 3306/4749
f 3456/4755 3309/4754 3308/4753
f 3308/4753 3310/4756 3456/4755
f 3311/4757 3312/4758 3313/4759
f 3313/4759 3457/4760 3311/4757
f 3314/4761 3312/4758 3311/4757
f 3311/4757 3456/4755 3314/4761
f 3315/4762 3314/4761 3456/4755
f 3456/4755 3310/4756 3315/4762
f 3316/4763 3317/4764 3318/4765
f 3318/4765 3319/4766 3316/4763
f 3313/4759 3319/4766 3318/4765
f 3318/4765 3457/4760 3313/4759
f 3316/4763 3320/4767 3462/4768
f 3462/4768 3317/4764 3316/4763
f 3321/4769 3322/4770 3323/4771
f 3323/4771 3324/4772 3321/4769
f 3325/4773 3324/4772 3323/4771
f 3323/4771 3462/4768 3325/4773
f 3326/4774 3327/4775 3464/4776
f 3464/4776 3328/4777 3326/4774
f 3321/4769 3328/4777 3464/4776
f 3464/4776 3322/4770 3321/4769
f 3467/4778 3327/4775 3326/4774
f 3326/4774 3329/4779 3467/4778
f 3330/4780 3465/4781 3331/4782
f 3331/4782 3332/4783 3330/4780
f 3333/4784 3332/4783 3331/4782
f 3331/4782 3467/4778 3333/4784
f 3330/4780 3334/4785 3335/4786
f 3335/4786 3465/4781 3330/4780
f 3336/4787 3469/4788 3337/4789
f 3337/4789 3338/4790 3336/4787
f 3334/4785 3338/4790 3337/4789
f 3337/4789 3335/4786 3334/4785
f 3336/4787 3339/4791 3470/4792
f 3470/4792 3469/4788 3336/4787
f 3340/4793 3471/4794 3474/4795
f 3474/4795 3341/4796 3340/4793
f 3342/4797 3341/4796 3474/4795
f 3474/4795 3470/4792 3342/4797
f 3340/4793 3343/4798 3344/4799
f 3344/4799 3471/4794 3340/4793
f 3343/4798 3345/4800 3346/4801
f 3346/4801 3344/4799 3343/4798
f 3345/4800 3347/4802 3348/4803
f 3348/4803 3346/4801 3345/4800
f 3349/4804 3350/4805 3351/4806
f 3351/4806 3352/4807 3349/4804
f 3353/4808 3477/4809 3478/4810
f 3478/4810 3354/4811 3353/4808
f 3480/4812 3355/4813 3354/4811
f 3354/4811 3478/4810 3480/4812
f 3347/4802 3355/4813 3480/4812
f 3480/4812 3348/4803 3347/4802
f 3352/4807 3477/4809 3353/4808
f 3353/4808 3349/4804 3352/4807
f 3350/4805 3356/4814 3481/4815
f 3481/4815 3351/4806 3350/4805
f 3483/4816 3481/4815 3356/4814
f 3356/4814 3357/4817 3483/4816
f 3357/4817 3358/4818 3485/4819
f 3485/4819 3483/4816 3357/4817
f 3359/4820 3360/4821 3485/4819
f 3485/4819 3358/4818 3359/4820
f 3360/4821 3359/4820 3361/4822
f 3361/4822 3362/4823 3360/4821
f 3361/4822 3363/4824 3488/4825
f 3488/4825 3362/4823 3361/4822
f 3363/4824 3364/4826 3365/4827
f 3365/4827 3488/4825 3363/4824
f 3366/4828 3491/4829 3365/4827
f 3367/4830 3368/4831 3369/4832
f 3369/4832 3493/4833 3367/4830
f 3366/4828 3368/4831 3367/4830
f 3367/4830 3491/4829 3366/4828
f 3369/4832 3370/4834 3494/4835
f 3494/4835 3493/4833 3369/4832
f 3371/4836 3494/4835 3370/4834
f 3370/4834 3372/4837 3371/4836
f 3496/4838 3371/4836 3372/4837
f 3372/4837 3373/4839 3496/4838
f 3373/4839 3374/4840 3375/4841
f 3375/4841 3496/4838 3373/4839
f 3376/4842 3498/4843 3500/4844
f 3500/4844 3374/4840 3376/4842
f 3374/4840 3500/4844 3375/4841
f 3376/4842 3377/4845 3498/4843
f 3376/4842 3378/4846 3379/4847
f 3379/4847 3377/4845 3376/4842
f 3380/4848 3381/4849 3502/4850
f 3502/4850 3382/4851 3380/4848
f 3383/4852 3382/4851 3502/4850
f 3502/4850 3379/4847 3383/4852
f 3380/4848 3384/4853 3385/4854
f 3385/4854 3381/4849 3380/4848
f 3386/4855 3385/4854 3384/4853
f 3384/4853 3387/4856 3386/4855
f 3387/4856 3388/4857 3389/4858
f 3389/4858 3386/4855 3387/4856
f 3508/4859 3388/4857 3390/4860
f 3390/4860 3505/4861 3508/4859
f 3388/4857 3508/4859 3389/4858
f 3391/4862 3505/4861 3390/4860
f 3390/4860 3392/4863 3391/4862
f 3391/4862 3392/4863 3393/4864
f 3393/4864 3509/4865 3391/4862
f 3509/4865 3393/4864 3394/4866
f 3393/4864 3395/4867 3396/4868
f 3396/4868 3394/4866 3393/4864
f 3395/4867 3291/4728 3292/4730
f 3292/4730 3396/4868 3395/4867
f 3383/4852 3379/4847 3378/4846
f 3366/4828 3365/4827 3364/4826
f 3364/4826 3397/4869 3366/4828
f 3333/4784 3467/4778 3329/4779
f 3329/4779 3398/4870 3333/4784
f 3470/4792 3339/4791 3399/4871
f 3399/4871 3342/4797 3470/4792
f 3325/4773 3462/4768 3320/4767
f 3320/4767 3400/4872 3325/4773
f 3355/4813 3401/4873 3353/4808
f 3401/4873 3402/4874 3350/4805
f 3350/4805 3349/4804 3401/4873
f 3402/4874 3401/4873 3347/4802
f 3347/4802 3345/4800 3402/4874
f 3353/4808 3401/4873 3349/4804
f 3355/4813 3347/4802 3401/4873
f 3345/4800 3343/4798 3403/4875
f 3403/4875 3402/4874 3345/4800
f 3356/4814 3350/4805 3402/4874
f 3402/4874 3404/4876 3356/4814
f 3403/4875 3404/4876 3402/4874
f 3357/4817 3356/4814 3404/4876
f 3404/4876 3405/4877 3357/4817
f 3341/4796 3342/4797 3403/4875
f 3403/4875 3340/4793 3341/4796
f 3406/4878 3403/4875 3342/4797
f 3342/4797 3399/4871 3406/4878
f 3403/4875 3343/4798 3340/4793
f 3403/4875 3406/4878 3405/4877
f 3405/4877 3404/4876 3403/4875
f 3407/4879 3405/4877 3406/4878
f 3406/4878 3408/4880 3407/4879
f 3405/4877 3407/4879 3358/4818
f 3358/4818 3357/4817 3405/4877
f 3336/4787 3338/4790 3409/4881
f 3409/4881 3339/4791 3336/4787
f 3406/4878 3399/4871 3339/4791
f 3339/4791 3409/4881 3406/4878
f 3406/4878 3409/4881 3408/4880
f 3410/4882 3359/4820 3358/4818
f 3358/4818 3407/4879 3410/4882
f 3359/4820 3410/4882 3363/4824
f 3363/4824 3361/4822 3359/4820
f 3410/4882 3411/4883 3364/4826
f 3364/4826 3363/4824 3410/4882
f 3411/4883 3412/4884 3397/4869
f 3397/4869 3364/4826 3411/4883
f 3411/4883 3410/4882 3407/4879
f 3407/4879 3408/4880 3411/4883
f 3411/4883 3413/4885 3412/4884
f 3411/4883 3408/4880 3409/4881
f 3409/4881 3334/4785 3411/4883
f 3334/4785 3409/4881 3338/4790
f 3413/4885 3411/4883 3334/4785
f 3334/4785 3414/4886 3413/4885
f 3333/4784 3413/4885 3414/4886
f 3333/4784 3414/4886 3332/4783
f 3397/4869 3412/4884 3366/4828
f 3415/4887 3412/4884 3413/4885
f 3413/4885 3416/4888 3415/4887
f 3417/4889 3366/4828 3412/4884
f 3412/4884 3415/4887 3417/4889
f 3368/4831 3366/4828 3417/4889
f 3417/4889 3369/4832 3368/4831
f 3369/4832 3417/4889 3370/4834
f 3329/4779 3418/4890 3416/4888
f 3416/4888 3398/4870 3329/4779
f 3398/4870 3416/4888 3413/4885
f 3329/4779 3326/4774 3328/4777
f 3328/4777 3418/4890 3329/4779
f 3416/4888 3419/4891 3420/4892
f 3420/4892 3415/4887 3416/4888
f 3420/4892 3421/4893 3417/4889
f 3417/4889 3415/4887 3420/4892
f 3421/4893 3372/4837 3370/4834
f 3370/4834 3417/4889 3421/4893
f 3419/4891 3416/4888 3418/4890
f 3418/4890 3422/4894 3419/4891
f 3422/4894 3418/4890 3328/4777
f 3328/4777 3321/4769 3422/4894
f 3325/4773 3419/4891 3422/4894
f 3422/4894 3324/4772 3325/4773
f 3422/4894 3321/4769 3324/4772
f 3423/4895 3424/4896 3421/4893
f 3421/4893 3420/4892 3423/4895
f 3373/4839 3372/4837 3421/4893
f 3421/4893 3424/4896 3373/4839
f 3400/4872 3423/4895 3419/4891
f 3419/4891 3325/4773 3400/4872
f 3420/4892 3419/4891 3423/4895
f 3374/4840 3425/4897 3376/4842
f 3424/4896 3425/4897 3374/4840
f 3374/4840 3373/4839 3424/4896
f 3425/4897 3378/4846 3376/4842
f 3424/4896 3423/4895 3426/4898
f 3426/4898 3425/4897 3424/4896
f 3427/4899 3378/4846 3425/4897
f 3425/4897 3426/4898 3427/4899
f 3319/4766 3428/4900 3320/4767
f 3320/4767 3316/4763 3319/4766
f 3428/4900 3313/4759 3312/4758
f 3312/4758 3314/4761 3428/4900
f 3313/4759 3428/4900 3319/4766
f 3428/4900 3427/4899 3426/4898
f 3426/4898 3400/4872 3320/4767
f 3320/4767 3428/4900 3426/4898
f 3423/4895 3400/4872 3426/4898
f 3315/4762 3427/4899 3428/4900
f 3428/4900 3314/4761 3315/4762
f 3310/4756 3427/4899 3315/4762
f 3382/4851 3383/4852 3429/4901
f 3429/4901 3380/4848 3382/4851
f 3430/4902 3384/4853 3380/4848
f 3380/4848 3429/4901 3430/4902
f 3378/4846 3427/4899 3429/4901
f 3429/4901 3383/4852 3378/4846
f 3429/4901 3427/4899 3430/4902
f 3310/4756 3431/4903 3430/4902
f 3430/4902 3427/4899 3310/4756
f 3431/4903 3310/4756 3308/4753
f 3432/4904 3430/4902 3431/4903
f 3431/4903 3433/4905 3432/4904
f 3430/4902 3432/4904 3387/4856
f 3387/4856 3384/4853 3430/4902
f 3308/4753 3306/4749 3433/4905
f 3433/4905 3431/4903 3308/4753
f 3433/4905 3306/4749 3307/4752
f 3307/4752 3434/4906 3433/4905
f 3303/4745 3305/4748 3434/4906
f 3434/4906 3307/4752 3303/4745
f 3434/4906 3305/4748 3301/4743
f 3388/4857 3387/4856 3432/4904
f 3432/4904 3435/4907 3388/4857
f 3434/4906 3435/4907 3432/4904
f 3432/4904 3433/4905 3434/4906
f 3390/4860 3435/4907 3436/4908
f 3436/4908 3392/4863 3390/4860
f 3393/4864 3436/4908 3437/4909
f 3436/4908 3393/4864 3392/4863
f 3436/4908 3435/4907 3434/4906
f 3434/4906 3438/4910 3436/4908
f 3434/4906 3301/4743 3438/4910
f 3297/4735 3296/4734 3438/4910
f 3438/4910 3300/4741 3297/4735
f 3393/4864 3437/4909 3291/4728
f 3291/4728 3395/4867 3393/4864
f 3437/4909 3439/4911 3293/4731
f 3293/4731 3291/4728 3437/4909
f 3436/4908 3438/4910 3439/4911
f 3439/4911 3437/4909 3436/4908
f 3296/4734 3299/4739 3439/4911
f 3439/4911 3438/4910 3296/4734
f 3299/4739 3293/4731 3439/4911
f 3353/4808 3354/4811 3355/4813
f 3515/4912 3440/4913 3156/4914
f 3156/4914 3292/4915 3515/4912
f 3295/4916 3441/4917 3157/4918
f 3157/4918 3294/4919 3295/4916
f 3442/4920 3443/4921 3444/4922
f 3444/4922 3445/4923 3442/4920
f 3445/4923 3444/4922 3161/4924
f 3161/4924 3298/4925 3445/4923
f 3298/4925 3161/4924 3441/4917
f 3441/4917 3295/4916 3298/4925
f 3446/4926 3447/4927 3448/4928
f 3448/4928 3449/4929 3446/4926
f 3449/4929 3448/4928 3443/4921
f 3443/4921 3442/4920 3449/4929
f 3302/4930 3451/4931 3447/4927
f 3447/4927 3446/4926 3302/4930
f 3304/4932 3168/4933 3167/4934
f 3167/4934 3450/4935 3304/4932
f 3450/4935 3167/4934 3451/4936
f 3451/4936 3302/4937 3450/4935
f 3452/4938 3453/4939 3171/4940
f 3171/4940 3454/4941 3452/4938
f 3454/4941 3171/4940 3168/4933
f 3168/4933 3304/4932 3454/4941
f 3309/4942 3455/4943 3453/4939
f 3453/4939 3452/4938 3309/4942
f 3456/4944 3460/4945 3455/4943
f 3455/4943 3309/4942 3456/4944
f 3457/4946 3458/4947 3459/4948
f 3459/4948 3311/4949 3457/4946
f 3311/4949 3459/4948 3460/4950
f 3460/4950 3456/4951 3311/4949
f 3317/4952 3181/4953 3180/4954
f 3180/4954 3318/4955 3317/4952
f 3318/4955 3180/4954 3458/4947
f 3458/4947 3457/4946 3318/4955
f 3462/4956 3182/4957 3181/4953
f 3181/4953 3317/4952 3462/4956
f 3322/4958 3461/4959 3186/4960
f 3186/4960 3323/4961 3322/4958
f 3323/4961 3186/4960 3182/4962
f 3182/4962 3462/4963 3323/4961
f 3327/4964 3463/4965 3190/4966
f 3190/4966 3464/4967 3327/4964
f 3464/4967 3190/4966 3461/4959
f 3461/4959 3322/4958 3464/4967
f 3467/4968 3191/4969 3463/4965
f 3463/4965 3327/4964 3467/4968
f 3465/4970 3466/4971 3194/4972
f 3194/4972 3331/4973 3465/4970
f 3331/4973 3194/4972 3191/4974
f 3191/4974 3467/4975 3331/4973
f 3335/4976 3468/4977 3466/4971
f 3466/4971 3465/4970 3335/4976
f 3469/4978 3198/4979 3197/4980
f 3197/4980 3337/4981 3469/4978
f 3337/4981 3197/4980 3468/4977
f 3468/4977 3335/4976 3337/4981
f 3470/4982 3199/4983 3198/4979
f 3198/4979 3469/4978 3470/4982
f 3471/4984 3472/4985 3473/4986
f 3473/4986 3474/4987 3471/4984
f 3474/4987 3473/4986 3199/4988
f 3199/4988 3470/4989 3474/4987
f 3344/4990 3475/4991 3472/4985
f 3472/4985 3471/4984 3344/4990
f 3346/4992 3204/4993 3475/4991
f 3475/4991 3344/4990 3346/4992
f 3348/4994 3206/4995 3204/4993
f 3204/4993 3346/4992 3348/4994
f 3351/4996 3476/4997 3209/4998
f 3209/4998 3352/4999 3351/4996
f 3477/5000 3214/5001 3213/5002
f 3213/5002 3478/5003 3477/5000
f 3478/5003 3213/5002 3479/5004
f 3479/5004 3480/5005 3478/5003
f 3480/5005 3479/5004 3206/4995
f 3206/4995 3348/4994 3480/5005
f 3352/4999 3209/4998 3214/5001
f 3214/5001 3477/5000 3352/4999
f 3481/5006 3482/5007 3476/4997
f 3476/4997 3351/4996 3481/5006
f 3483/5008 3484/5009 3482/5007
f 3482/5007 3481/5006 3483/5008
f 3485/5010 3486/5011 3484/5009
f 3484/5009 3483/5008 3485/5010
f 3360/5012 3220/5013 3486/5011
f 3486/5011 3485/5010 3360/5012
f 3362/5014 3487/5015 3220/5013
f 3220/5013 3360/5012 3362/5014
f 3488/5016 3489/5017 3487/5015
f 3487/5015 3362/5014 3488/5016
f 3365/5018 3490/5019 3489/5017
f 3489/5017 3488/5016 3365/5018
f 3491/5020 3492/5021 3490/5022
f 3490/5022 3365/5023 3491/5020
f 3493/5024 3226/5025 3225/5026
f 3225/5026 3367/5027 3493/5024
f 3367/5027 3225/5026 3492/5021
f 3492/5021 3491/5020 3367/5027
f 3494/5028 3495/5029 3226/5025
f 3226/5025 3493/5024 3494/5028
f 3371/5030 3230/5031 3495/5029
f 3495/5029 3494/5028 3371/5030
f 3496/5032 3232/5033 3230/5031
f 3230/5031 3371/5030 3496/5032
f 3375/5034 3497/5035 3232/5033
f 3232/5033 3496/5032 3375/5034
f 3498/5036 3499/5037 3236/5038
f 3236/5038 3500/5039 3498/5036
f 3500/5039 3236/5038 3497/5035
f 3497/5035 3375/5034 3500/5039
f 3377/5040 3237/5041 3499/5037
f 3499/5037 3498/5036 3377/5040
f 3379/5042 3239/5043 3237/5041
f 3237/5041 3377/5040 3379/5042
f 3381/5044 3501/5045 3243/5046
f 3243/5046 3502/5047 3381/5044
f 3502/5047 3243/5046 3239/5048
f 3239/5048 3379/5049 3502/5047
f 3385/5050 3503/5051 3501/5045
f 3501/5045 3381/5044 3385/5050
f 3386/5052 3246/5053 3503/5051
f 3503/5051 3385/5050 3386/5052
f 3389/5054 3504/5055 3246/5053
f 3246/5053 3386/5052 3389/5054
f 3505/5056 3506/5057 3507/5058
f 3507/5058 3508/5059 3505/5056
f 3508/5059 3507/5058 3504/5055
f 3504/5055 3389/5054 3508/5059
f 3391/5060 3511/5061 3506/5057
f 3506/5057 3505/5056 3391/5060
f 3509/5062 3510/5063 3511/5064
f 3511/5064 3391/5065 3509/5062
f 3394/5066 3512/5067 3510/5063
f 3510/5063 3509/5062 3394/5066
f 3396/5068 3251/5069 3512/5067
f 3512/5067 3394/5066 3396/5068
f 3292/4915 3156/4914 3251/5069
f 3251/5069 3396/5068 3292/4915
f 3398/4870 3413/4885 3333/4784
f 3414/4886 3334/4785 3330/4780
f 3330/4780 3332/4783 3414/4886
f 3287/4724 3250/4686 3289/4726
f 3192/4604 3255/4692 3268/4705
f 3267/4704 3268/4705 3255/4692
f 3255/4692 3254/4691 3267/4704
f 3438/4910 3301/4743 3300/4741
f 3390/4860 3388/4857 3435/4907
f 3193/4605 3255/4692 3191/4603
f 3162/4566 3160/4562 3163/4567
f 3258/4695 3200/4614 3203/4620
f 3294/5070 3157/5071 3514/5072
f 3514/5072 3513/5073 3294/5070
f 3514/5074 3157/4556 3440/4555
f 3440/4555 3516/5075 3514/5074
f 3440/5076 3515/5077 3517/5078
f 3517/5078 3516/5079 3440/5076
f 3517/5080 3515/4729 3294/4732
f 3294/4732 3513/5081 3517/5080
f 3518/5082 3521/5083 3520/5084
f 3520/5084 3519/5085 3518/5082
f 3523/5086 3520/5087 3521/5088
f 3521/5088 3524/5089 3523/5086
f 3522/5090 3523/5091 3524/5092
f 3524/5092 3525/5093 3522/5090
f 3519/5094 3522/5095 3525/5096
f 3525/5096 3518/5097 3519/5094
f 3520/5084 3517/5080 3513/5081
f 3513/5081 3519/5085 3520/5084
f 3516/5079 3517/5078 3520/5087
f 3520/5087 3523/5086 3516/5079
f 3523/5091 3522/5090 3514/5074
f 3514/5074 3516/5075 3523/5091
f 3513/5073 3514/5072 3522/5095
f 3522/5095 3519/5094 3513/5073
f 3530/5098 3528/5099 3527/5100
f 3527/5100 3531/5101 3530/5098
f 3526/5102 3529/5103 3527/5104
f 3527/5104 3528/5105 3526/5102
f 3526/5106 3533/5107 3532/5108
f 3532/5108 3529/5109 3526/5106
f 3530/5110 3531/5111 3532/5112
f 3532/5112 3533/5113 3530/5110
f 3540/5114 3534/5115 3536/5116
f 3536/5116 3535/5117 3540/5114
f 3538/5118 3535/5119 3536/5120
f 3536/5120 3537/5121 3538/5118
f 3538/5122 3537/5123 3541/5124
f 3541/5124 3539/5125 3538/5122
f 3540/5126 3539/5127 3541/5128
f 3541/5128 3534/5129 3540/5126
f 3531/5111 3540/5114 3535/5117
f 3535/5117 3532/5112 3531/5111
f 3529/5109 3532/5108 3535/5119
f 3535/5119 3538/5118 3529/5109
f 3529/5103 3538/5122 3539/5125
f 3539/5125 3527/5104 3529/5103
f 3531/5101 3527/5100 3539/5127
f 3539/5127 3540/5126 3531/5101
f 3542/5130 3769/5131 3543/5132
f 3543/5132 3544/5133 3542/5130
f 3530/5110 3544/5133 3543/5132
f 3771/5134 3545/5135 3546/5136
f 3546/5136 3772/5137 3771/5134
f 3772/5137 3546/5136 3770/5138
f 3774/5139 3547/5140 3545/5135
f 3545/5135 3771/5134 3774/5139
f 3775/5141 3548/5142 3547/5140
f 3547/5140 3774/5139 3775/5141
f 3769/5131 3542/5130 3549/5143
f 3549/5143 3778/5144 3769/5131
f 3550/5145 3781/5146 3779/5147
f 3779/5147 3549/5143 3550/5145
f 3550/5145 3782/5148 3781/5146
f 3551/5149 3542/5130 3544/5133
f 3544/5133 3552/5150 3551/5149
f 3553/5151 3552/5150 3546/5136
f 3546/5136 3545/5135 3553/5151
f 3551/5149 3552/5150 3553/5151
f 3547/5140 3553/5151 3545/5135
f 3551/5149 3550/5145 3549/5143
f 3549/5143 3542/5130 3551/5149
f 3782/5148 3550/5145 3551/5149
f 3551/5149 3554/5152 3782/5148
f 3554/5152 3551/5149 3553/5151
f 3553/5151 3555/5153 3554/5152
f 3547/5140 3548/5142 3555/5153
f 3555/5153 3553/5151 3547/5140
f 3556/5154 3557/5155 3784/5156
f 3784/5156 3782/5148 3556/5154
f 3558/5157 3559/5158 3557/5155
f 3557/5155 3556/5154 3558/5157
f 3558/5157 3560/5159 3559/5158
f 3561/5160 3562/5161 3560/5159
f 3560/5159 3558/5157 3561/5160
f 3561/5160 3563/5162 3788/5163
f 3788/5163 3562/5161 3561/5160
f 3564/5164 3788/5163 3563/5162
f 3563/5162 3565/5165 3564/5164
f 3558/5157 3566/5166 3567/5167
f 3567/5167 3561/5160 3558/5157
f 3556/5154 3568/5168 3566/5166
f 3566/5166 3558/5157 3556/5154
f 3782/5148 3568/5168 3556/5154
f 3569/5169 3789/5170 3564/5164
f 3564/5164 3565/5165 3569/5169
f 3791/5171 3789/5170 3569/5169
f 3569/5169 3570/5172 3571/5173
f 3571/5173 3791/5171 3569/5169
f 3572/5174 3571/5173 3570/5172
f 3573/5175 3570/5172 3574/5176
f 3574/5176 3575/5177 3573/5175
f 3576/5178 3577/5179 3575/5177
f 3575/5177 3574/5176 3576/5178
f 3578/5180 3796/5181 3577/5179
f 3577/5179 3576/5178 3578/5180
f 3579/5182 3798/5183 3580/5184
f 3580/5184 3581/5185 3579/5182
f 3580/5184 3798/5183 3796/5181
f 3796/5181 3578/5180 3580/5184
f 3579/5182 3581/5185 3582/5186
f 3582/5186 3583/5187 3579/5182
f 3584/5188 3585/5189 3586/5190
f 3584/5188 3586/5190 3583/5187
f 3583/5187 3582/5186 3584/5188
f 3587/5191 3585/5189 3584/5188
f 3584/5188 3588/5192 3587/5191
f 3589/5193 3802/5194 3587/5191
f 3587/5191 3588/5192 3589/5193
f 3802/5194 3589/5193 3590/5195
f 3590/5195 3804/5196 3802/5194
f 3804/5196 3590/5195 3591/5197
f 3591/5197 3805/5198 3804/5196
f 3563/5162 3561/5160 3567/5167
f 3567/5167 3592/5199 3563/5162
f 3548/5142 3775/5141 3807/5200
f 3807/5200 3593/5201 3548/5142
f 3594/5202 3593/5201 3807/5200
f 3807/5200 3809/5203 3594/5202
f 3594/5202 3809/5203 3811/5204
f 3811/5204 3595/5205 3594/5202
f 3595/5205 3811/5204 3596/5206
f 3596/5206 3597/5207 3595/5205
f 3598/5208 3597/5207 3596/5206
f 3596/5206 3599/5209 3598/5208
f 3598/5208 3599/5209 3812/5210
f 3600/5211 3816/5212 3601/5213
f 3602/5214 3601/5213 3816/5212
f 3815/5215 3603/5216 3602/5214
f 3602/5214 3816/5212 3815/5215
f 3604/5217 3605/5218 3606/5219
f 3606/5219 3818/5220 3604/5217
f 3607/5221 3821/5222 3820/5223
f 3820/5223 3608/5224 3607/5221
f 3604/5217 3818/5220 3821/5222
f 3821/5222 3607/5221 3604/5217
f 3608/5224 3820/5223 3609/5225
f 3609/5225 3610/5226 3608/5224
f 3610/5226 3609/5225 3611/5227
f 3611/5227 3612/5228 3610/5226
f 3613/5229 3612/5228 3611/5227
f 3611/5227 3824/5230 3613/5229
f 3824/5230 3825/5231 3614/5232
f 3614/5232 3613/5229 3824/5230
f 3614/5232 3825/5231 3826/5233
f 3826/5233 3615/5234 3614/5232
f 3826/5233 3616/5235 3617/5236
f 3617/5236 3615/5234 3826/5233
f 3829/5237 3618/5238 3617/5236
f 3617/5236 3616/5235 3829/5237
f 3618/5238 3829/5237 3831/5239
f 3831/5239 3619/5240 3618/5238
f 3619/5240 3831/5239 3620/5241
f 3620/5241 3621/5242 3619/5240
f 3621/5242 3620/5241 3832/5243
f 3832/5243 3622/5244 3621/5242
f 3623/5245 3624/5246 3625/5247
f 3625/5247 3626/5248 3623/5245
f 3624/5246 3622/5244 3832/5243
f 3832/5243 3625/5247 3624/5246
f 3626/5248 3835/5249 3627/5250
f 3627/5250 3623/5245 3626/5248
f 3627/5250 3835/5249 3805/5198
f 3805/5198 3591/5197 3627/5250
f 3628/5251 3629/5252 3592/5199
f 3592/5199 3567/5167 3628/5251
f 3597/5207 3598/5208 3629/5252
f 3629/5252 3628/5251 3597/5207
f 3630/5253 3594/5202 3595/5205
f 3595/5205 3628/5251 3630/5253
f 3628/5251 3595/5205 3597/5207
f 3628/5251 3567/5167 3566/5166
f 3566/5166 3630/5253 3628/5251
f 3630/5253 3566/5166 3568/5168
f 3568/5168 3631/5254 3630/5253
f 3630/5253 3631/5254 3593/5201
f 3593/5201 3594/5202 3630/5253
f 3593/5201 3631/5254 3555/5153
f 3555/5153 3548/5142 3593/5201
f 3631/5254 3568/5168 3554/5152
f 3554/5152 3555/5153 3631/5254
f 3601/5213 3629/5252 3598/5208
f 3629/5252 3601/5213 3632/5255
f 3632/5255 3592/5199 3629/5252
f 3632/5255 3565/5165 3563/5162
f 3563/5162 3592/5199 3632/5255
f 3565/5165 3632/5255 3633/5256
f 3633/5256 3569/5169 3565/5165
f 3570/5172 3569/5169 3633/5256
f 3633/5256 3634/5257 3570/5172
f 3574/5176 3570/5172 3634/5257
f 3634/5257 3635/5258 3574/5176
f 3576/5178 3574/5176 3635/5258
f 3576/5178 3635/5258 3636/5259
f 3636/5259 3578/5180 3576/5178
f 3581/5185 3580/5184 3637/5260
f 3637/5260 3582/5186 3581/5185
f 3578/5180 3636/5259 3637/5260
f 3637/5260 3580/5184 3578/5180
f 3582/5186 3638/5261 3584/5188
f 3588/5192 3584/5188 3638/5261
f 3638/5261 3639/5262 3588/5192
f 3634/5257 3633/5256 3632/5255
f 3632/5255 3640/5263 3634/5257
f 3640/5263 3632/5255 3601/5213
f 3601/5213 3602/5214 3640/5263
f 3635/5258 3634/5257 3640/5263
f 3640/5263 3641/5264 3635/5258
f 3640/5263 3602/5214 3603/5216
f 3603/5216 3642/5265 3640/5263
f 3641/5264 3640/5263 3642/5265
f 3643/5266 3636/5259 3635/5258
f 3635/5258 3641/5264 3643/5266
f 3644/5267 3643/5266 3641/5264
f 3641/5264 3642/5265 3644/5267
f 3645/5268 3643/5266 3644/5267
f 3644/5267 3646/5269 3645/5268
f 3636/5259 3643/5266 3645/5268
f 3645/5268 3637/5260 3636/5259
f 3646/5269 3644/5267 3604/5217
f 3604/5217 3607/5221 3646/5269
f 3647/5270 3645/5268 3646/5269
f 3646/5269 3648/5271 3647/5270
f 3648/5271 3646/5269 3607/5221
f 3607/5221 3608/5224 3648/5271
f 3637/5260 3645/5268 3647/5270
f 3647/5270 3582/5186 3637/5260
f 3649/5272 3622/5244 3624/5246
f 3624/5246 3623/5245 3649/5272
f 3621/5242 3622/5244 3649/5272
f 3621/5242 3649/5272 3650/5273
f 3650/5273 3619/5240 3621/5242
f 3650/5273 3649/5272 3627/5250
f 3627/5250 3591/5197 3650/5273
f 3651/5274 3650/5273 3591/5197
f 3591/5197 3590/5195 3651/5274
f 3652/5275 3650/5273 3651/5274
f 3652/5275 3618/5238 3619/5240
f 3619/5240 3650/5273 3652/5275
f 3652/5275 3615/5234 3617/5236
f 3617/5236 3618/5238 3652/5275
f 3639/5262 3653/5276 3589/5193
f 3589/5193 3588/5192 3639/5262
f 3590/5195 3589/5193 3653/5276
f 3653/5276 3651/5274 3590/5195
f 3654/5277 3652/5275 3651/5274
f 3651/5274 3653/5276 3654/5277
f 3614/5232 3615/5234 3652/5275
f 3652/5275 3654/5277 3614/5232
f 3610/5226 3655/5278 3648/5271
f 3648/5271 3608/5224 3610/5226
f 3648/5271 3655/5278 3656/5279
f 3656/5279 3647/5270 3648/5271
f 3638/5261 3582/5186 3647/5270
f 3647/5270 3656/5279 3638/5261
f 3655/5278 3654/5277 3653/5276
f 3653/5276 3656/5279 3655/5278
f 3639/5262 3638/5261 3656/5279
f 3656/5279 3653/5276 3639/5262
f 3654/5277 3655/5278 3614/5232
f 3612/5228 3613/5229 3655/5278
f 3655/5278 3610/5226 3612/5228
f 3655/5278 3613/5229 3614/5232
f 3604/5217 3644/5267 3642/5265
f 3642/5265 3605/5218 3604/5217
f 3657/5280 3658/5281 3659/5282
f 3659/5282 3660/5283 3657/5280
f 3661/5284 3662/5285 3526/5102
f 3663/5286 3664/5287 3661/5284
f 3661/5284 3665/5288 3663/5286
f 3664/5287 3662/5285 3661/5284
f 3773/5289 3663/5286 3665/5288
f 3665/5288 3666/5290 3773/5289
f 3773/5289 3667/5291 3776/5292
f 3660/5283 3777/5293 3668/5294
f 3668/5294 3657/5280 3660/5283
f 3669/5295 3670/5296 3668/5294
f 3668/5294 3780/5297 3669/5295
f 3670/5296 3669/5295 3671/5298
f 3672/5299 3673/5300 3658/5281
f 3658/5281 3657/5280 3672/5299
f 3674/5301 3665/5288 3661/5284
f 3661/5284 3673/5300 3674/5301
f 3672/5299 3674/5301 3673/5300
f 3666/5290 3665/5288 3674/5301
f 3670/5296 3672/5299 3657/5280
f 3657/5280 3668/5294 3670/5296
f 3671/5298 3675/5302 3672/5299
f 3672/5299 3670/5296 3671/5298
f 3675/5302 3676/5303 3674/5301
f 3674/5301 3672/5299 3675/5302
f 3666/5290 3674/5301 3676/5303
f 3676/5303 3677/5304 3666/5290
f 3678/5305 3671/5298 3783/5306
f 3783/5306 3785/5307 3678/5305
f 3679/5308 3678/5305 3785/5307
f 3785/5307 3786/5309 3679/5308
f 3679/5308 3786/5309 3680/5310
f 3681/5311 3679/5308 3680/5310
f 3680/5310 3787/5312 3681/5311
f 3681/5311 3787/5312 3682/5313
f 3682/5313 3683/5314 3681/5311
f 3684/5315 3685/5316 3683/5314
f 3683/5314 3682/5313 3684/5315
f 3679/5308 3681/5311 3686/5317
f 3686/5317 3687/5318 3679/5308
f 3678/5305 3679/5308 3687/5318
f 3687/5318 3688/5319 3678/5305
f 3688/5319 3671/5298 3678/5305
f 3689/5320 3685/5316 3684/5315
f 3684/5315 3790/5321 3689/5320
f 3792/5322 3689/5320 3790/5321
f 3689/5320 3792/5322 3793/5323
f 3793/5323 3690/5324 3689/5320
f 3691/5325 3690/5324 3793/5323
f 3692/5326 3794/5327 3795/5328
f 3794/5327 3692/5326 3690/5324
f 3690/5324 3691/5325 3794/5327
f 3693/5329 3692/5326 3795/5328
f 3795/5328 3694/5330 3693/5329
f 3695/5331 3693/5329 3694/5330
f 3694/5330 3797/5332 3695/5331
f 3799/5333 3696/5334 3697/5335
f 3696/5334 3695/5331 3797/5332
f 3797/5332 3697/5335 3696/5334
f 3799/5333 3698/5336 3699/5337
f 3699/5337 3696/5334 3799/5333
f 3700/5338 3800/5339 3701/5340
f 3700/5338 3699/5337 3698/5336
f 3698/5336 3800/5339 3700/5338
f 3801/5341 3702/5342 3700/5338
f 3700/5338 3701/5340 3801/5341
f 3703/5343 3702/5342 3801/5341
f 3801/5341 3803/5344 3703/5343
f 3803/5344 3704/5345 3705/5346
f 3705/5346 3703/5343 3803/5344
f 3704/5345 3806/5347 3706/5348
f 3706/5348 3705/5346 3704/5345
f 3683/5314 3707/5349 3686/5317
f 3686/5317 3681/5311 3683/5314
f 3677/5304 3708/5350 3709/5351
f 3709/5351 3667/5291 3677/5304
f 3710/5352 3808/5353 3709/5351
f 3709/5351 3708/5350 3710/5352
f 3710/5352 3711/5354 3810/5355
f 3810/5355 3808/5353 3710/5352
f 3711/5354 3712/5356 3713/5357
f 3713/5357 3810/5355 3711/5354
f 3714/5358 3715/5359 3713/5357
f 3713/5357 3712/5356 3714/5358
f 3716/5360 3813/5361 3714/5358
f 3714/5358 3717/5362 3716/5360
f 3714/5358 3813/5361 3715/5359
f 3716/5360 3717/5362 3718/5363
f 3718/5363 3817/5364 3716/5360
f 3719/5365 3817/5364 3718/5363
f 3814/5366 3817/5364 3719/5365
f 3719/5365 3720/5367 3814/5366
f 3721/5368 3722/5369 3819/5370
f 3819/5370 3723/5371 3721/5368
f 3724/5372 3725/5373 3726/5374
f 3726/5374 3727/5375 3724/5372
f 3721/5368 3724/5372 3727/5375
f 3727/5375 3722/5369 3721/5368
f 3725/5373 3728/5376 3822/5377
f 3822/5377 3726/5374 3725/5373
f 3728/5376 3729/5378 3823/5379
f 3823/5379 3822/5377 3728/5376
f 3730/5380 3731/5381 3823/5379
f 3823/5379 3729/5378 3730/5380
f 3731/5381 3730/5380 3732/5382
f 3732/5382 3827/5383 3731/5381
f 3732/5382 3733/5384 3734/5385
f 3734/5385 3827/5383 3732/5382
f 3734/5385 3733/5384 3828/5386
f 3735/5387 3828/5386 3733/5384
f 3733/5384 3736/5388 3735/5387
f 3736/5388 3737/5389 3830/5390
f 3830/5390 3735/5387 3736/5388
f 3737/5389 3738/5391 3739/5392
f 3739/5392 3830/5390 3737/5389
f 3738/5391 3740/5393 3741/5394
f 3741/5394 3739/5392 3738/5391
f 3742/5395 3833/5396 3834/5397
f 3742/5395 3834/5397 3741/5394
f 3741/5394 3740/5393 3742/5395
f 3833/5396 3742/5395 3743/5398
f 3743/5398 3744/5399 3833/5396
f 3743/5398 3706/5348 3806/5347
f 3806/5347 3744/5399 3743/5398
f 3745/5400 3686/5317 3707/5349
f 3707/5349 3746/5401 3745/5400
f 3712/5356 3745/5400 3746/5401
f 3746/5401 3714/5358 3712/5356
f 3747/5402 3745/5400 3711/5354
f 3711/5354 3710/5352 3747/5402
f 3745/5400 3712/5356 3711/5354
f 3745/5400 3747/5402 3687/5318
f 3687/5318 3686/5317 3745/5400
f 3747/5402 3748/5403 3688/5319
f 3688/5319 3687/5318 3747/5402
f 3747/5402 3710/5352 3708/5350
f 3708/5350 3748/5403 3747/5402
f 3708/5350 3677/5304 3676/5303
f 3676/5303 3748/5403 3708/5350
f 3748/5403 3676/5303 3675/5302
f 3675/5302 3688/5319 3748/5403
f 3717/5362 3746/5401 3718/5363
f 3746/5401 3707/5349 3749/5404
f 3749/5404 3718/5363 3746/5401
f 3749/5404 3707/5349 3683/5314
f 3683/5314 3685/5316 3749/5404
f 3685/5316 3689/5320 3750/5405
f 3750/5405 3749/5404 3685/5316
f 3690/5324 3751/5406 3750/5405
f 3750/5405 3689/5320 3690/5324
f 3692/5326 3751/5406 3690/5324
f 3693/5329 3751/5406 3692/5326
f 3752/5407 3696/5334 3699/5337
f 3699/5337 3753/5408 3752/5407
f 3695/5331 3696/5334 3752/5407
f 3699/5337 3700/5338 3754/5409
f 3754/5409 3753/5408 3699/5337
f 3702/5342 3755/5410 3754/5409
f 3754/5409 3700/5338 3702/5342
f 3751/5406 3756/5411 3749/5404
f 3749/5404 3750/5405 3751/5406
f 3756/5411 3719/5365 3718/5363
f 3718/5363 3749/5404 3756/5411
f 3757/5412 3756/5411 3751/5406
f 3751/5406 3693/5329 3757/5412
f 3756/5411 3758/5413 3720/5367
f 3720/5367 3719/5365 3756/5411
f 3757/5412 3758/5413 3756/5411
f 3759/5414 3757/5412 3693/5329
f 3693/5329 3695/5331 3759/5414
f 3760/5415 3758/5413 3757/5412
f 3757/5412 3759/5414 3760/5415
f 3721/5368 3723/5371 3758/5413
f 3758/5413 3760/5415 3721/5368
f 3752/5407 3761/5416 3760/5415
f 3760/5415 3759/5414 3752/5407
f 3695/5331 3752/5407 3759/5414
f 3761/5416 3724/5372 3721/5368
f 3721/5368 3760/5415 3761/5416
f 3753/5408 3762/5417 3761/5416
f 3761/5416 3752/5407 3753/5408
f 3762/5417 3725/5373 3724/5372
f 3724/5372 3761/5416 3762/5417
f 3742/5395 3740/5393 3763/5418
f 3763/5418 3764/5419 3742/5395
f 3743/5398 3764/5419 3706/5348
f 3740/5393 3738/5391 3763/5418
f 3765/5420 3705/5346 3706/5348
f 3706/5348 3764/5419 3765/5420
f 3766/5421 3765/5420 3764/5419
f 3764/5419 3763/5418 3766/5421
f 3766/5421 3763/5418 3737/5389
f 3737/5389 3736/5388 3766/5421
f 3766/5421 3736/5388 3733/5384
f 3755/5410 3702/5342 3703/5343
f 3705/5346 3765/5420 3755/5410
f 3755/5410 3703/5343 3705/5346
f 3767/5422 3755/5410 3765/5420
f 3765/5420 3766/5421 3767/5422
f 3732/5382 3767/5422 3766/5421
f 3766/5421 3733/5384 3732/5382
f 3728/5376 3725/5373 3762/5417
f 3762/5417 3768/5423 3728/5376
f 3762/5417 3753/5408 3754/5409
f 3754/5409 3768/5423 3762/5417
f 3768/5423 3754/5409 3755/5410
f 3755/5410 3767/5422 3768/5423
f 3767/5422 3732/5382 3768/5423
f 3729/5378 3728/5376 3768/5423
f 3768/5423 3730/5380 3729/5378
f 3768/5423 3732/5382 3730/5380
f 3659/5424 3543/5425 3769/5426
f 3769/5426 3660/5427 3659/5424
f 3662/5428 3770/5429 3533/5430
f 3533/5430 3526/5431 3662/5428
f 3663/5432 3771/5433 3772/5434
f 3772/5434 3664/5435 3663/5432
f 3664/5435 3772/5434 3770/5429
f 3770/5429 3662/5428 3664/5435
f 3773/5436 3774/5437 3771/5433
f 3771/5433 3663/5432 3773/5436
f 3667/5438 3775/5439 3836/5440
f 3836/5440 3776/5441 3667/5438
f 3776/5442 3836/5443 3774/5437
f 3774/5437 3773/5436 3776/5442
f 3660/5427 3769/5426 3778/5444
f 3778/5444 3777/5445 3660/5427
f 3777/5446 3778/5447 3549/5448
f 3549/5448 3668/5449 3777/5446
f 3668/5450 3549/5451 3779/5452
f 3779/5452 3780/5453 3668/5450
f 3781/5454 3669/5455 3780/5453
f 3780/5453 3779/5452 3781/5454
f 3669/5456 3781/5457 3782/5458
f 3782/5458 3671/5459 3669/5456
f 3671/5459 3782/5458 3784/5460
f 3784/5460 3783/5461 3671/5459
f 3783/5462 3784/5463 3557/5464
f 3557/5464 3785/5465 3783/5462
f 3785/5465 3557/5464 3559/5466
f 3559/5466 3786/5467 3785/5465
f 3786/5467 3559/5466 3560/5468
f 3560/5468 3680/5469 3786/5467
f 3680/5469 3560/5468 3562/5470
f 3562/5470 3787/5471 3680/5469
f 3787/5471 3562/5470 3788/5472
f 3788/5472 3682/5473 3787/5471
f 3682/5473 3788/5472 3564/5474
f 3564/5474 3684/5475 3682/5473
f 3684/5475 3564/5474 3789/5476
f 3789/5476 3790/5477 3684/5475
f 3790/5477 3789/5476 3791/5478
f 3791/5478 3792/5479 3790/5477
f 3792/5479 3791/5478 3571/5480
f 3571/5480 3793/5481 3792/5479
f 3793/5481 3571/5480 3572/5482
f 3572/5482 3691/5483 3793/5481
f 3794/5484 3573/5485 3575/5486
f 3575/5486 3795/5487 3794/5484
f 3691/5483 3572/5482 3573/5485
f 3573/5485 3794/5484 3691/5483
f 3795/5487 3575/5486 3577/5488
f 3577/5488 3694/5489 3795/5487
f 3694/5489 3577/5488 3796/5490
f 3796/5490 3797/5491 3694/5489
f 3697/5492 3798/5493 3579/5494
f 3579/5494 3799/5495 3697/5492
f 3797/5491 3796/5490 3798/5493
f 3798/5493 3697/5492 3797/5491
f 3799/5495 3579/5494 3583/5496
f 3583/5496 3698/5497 3799/5495
f 3800/5498 3586/5499 3585/5500
f 3585/5500 3701/5501 3800/5498
f 3698/5502 3583/5503 3586/5499
f 3586/5499 3800/5498 3698/5502
f 3701/5501 3585/5500 3587/5504
f 3587/5504 3801/5505 3701/5501
f 3801/5505 3587/5504 3802/5506
f 3802/5506 3803/5507 3801/5505
f 3803/5507 3802/5506 3804/5508
f 3804/5508 3704/5509 3803/5507
f 3704/5509 3804/5508 3805/5510
f 3805/5510 3806/5511 3704/5509
f 3709/5512 3807/5513 3775/5439
f 3775/5439 3667/5438 3709/5512
f 3808/5514 3809/5515 3807/5513
f 3807/5513 3709/5512 3808/5514
f 3810/5516 3811/5517 3809/5515
f 3809/5515 3808/5514 3810/5516
f 3713/5518 3596/5519 3811/5517
f 3811/5517 3810/5516 3713/5518
f 3715/5520 3599/5521 3596/5519
f 3596/5519 3713/5518 3715/5520
f 3716/5522 3600/5523 3812/5524
f 3812/5524 3813/5525 3716/5522
f 3813/5525 3812/5524 3599/5521
f 3599/5521 3715/5520 3813/5525
f 3817/5526 3816/5527 3600/5523
f 3600/5523 3716/5522 3817/5526
f 3814/5528 3815/5529 3816/5530
f 3816/5530 3817/5531 3814/5528
f 3722/5532 3818/5533 3606/5534
f 3606/5534 3819/5535 3722/5532
f 3819/5535 3606/5534 3815/5529
f 3815/5529 3814/5528 3819/5535
f 3726/5536 3820/5537 3821/5538
f 3821/5538 3727/5539 3726/5536
f 3727/5539 3821/5538 3818/5533
f 3818/5533 3722/5532 3727/5539
f 3822/5540 3609/5541 3820/5537
f 3820/5537 3726/5536 3822/5540
f 3823/5542 3611/5543 3609/5541
f 3609/5541 3822/5540 3823/5542
f 3731/5544 3824/5545 3611/5543
f 3611/5543 3823/5542 3731/5544
f 3827/5546 3825/5547 3824/5545
f 3824/5545 3731/5544 3827/5546
f 3734/5548 3826/5549 3825/5550
f 3825/5550 3827/5551 3734/5548
f 3828/5552 3616/5553 3826/5549
f 3826/5549 3734/5548 3828/5552
f 3735/5554 3829/5555 3616/5553
f 3616/5553 3828/5552 3735/5554
f 3830/5556 3831/5557 3829/5555
f 3829/5555 3735/5554 3830/5556
f 3739/5558 3620/5559 3831/5557
f 3831/5557 3830/5556 3739/5558
f 3741/5560 3832/5561 3620/5559
f 3620/5559 3739/5558 3741/5560
f 3833/5562 3626/5563 3625/5564
f 3625/5564 3834/5565 3833/5562
f 3834/5565 3625/5564 3832/5561
f 3832/5561 3741/5560 3834/5565
f 3744/5566 3835/5567 3626/5563
f 3626/5563 3833/5562 3744/5566
f 3806/5511 3805/5510 3835/5567
f 3835/5567 3744/5566 3806/5511
f 3720/5367 3723/5371 3819/5370
f 3819/5370 3814/5366 3720/5367
f 3758/5413 3723/5371 3720/5367
f 3642/5265 3603/5216 3605/5218
f 3603/5216 3815/5215 3606/5219
f 3606/5219 3605/5218 3603/5216
f 3714/5358 3746/5401 3717/5362
f 3763/5418 3738/5391 3737/5389
f 3743/5398 3742/5395 3764/5419
f 3675/5302 3671/5298 3688/5319
f 3667/5291 3773/5289 3666/5290
f 3666/5290 3677/5304 3667/5291
f 3774/5139 3836/5568 3775/5141
f 3568/5168 3782/5148 3554/5152
f 3600/5211 3601/5213 3598/5208
f 3598/5208 3812/5210 3600/5211
f 3649/5272 3623/5245 3627/5250
f 3573/5175 3572/5174 3570/5172
f 3528/5569 3530/5570 3543/5425
f 3543/5425 3659/5424 3528/5569
f 3658/5281 3528/5105 3659/5282
f 3673/5300 3528/5105 3658/5281
f 3533/5113 3770/5138 3546/5136
f 3552/5150 3533/5113 3546/5136
f 3673/5300 3661/5284 3526/5102
f 3526/5102 3528/5105 3673/5300
f 3552/5150 3544/5133 3530/5110
f 3530/5110 3533/5113 3552/5150
f 3842/5571 3840/5572 3839/5573
f 3839/5573 3843/5574 3842/5571
f 3837/5575 3838/5576 3839/5577
f 3839/5577 3840/5578 3837/5575
f 3837/5579 3844/5580 3841/5581
f 3841/5581 3838/5582 3837/5579
f 3842/5583 3843/5584 3841/5585
f 3841/5585 3844/5586 3842/5583
f 3843/5584 3845/5587 3846/5588
f 3846/5588 3841/5585 3843/5584
f 3838/5582 3841/5581 3846/5589
f 3846/5589 3847/5590 3838/5582
f 3838/5576 3847/5591 3848/5592
f 3848/5592 3839/5577 3838/5576
f 3843/5574 3839/5573 3848/5593
f 3848/5593 3845/5594 3843/5574
f 3849/5595 4067/5596 3850/5597
f 3850/5597 3851/5598 3849/5595
f 3842/5583 3851/5598 3850/5597
f 4072/5599 3852/5600 3853/5601
f 3853/5601 4073/5602 4072/5599
f 4073/5602 3853/5601 4070/5603
f 3854/5604 3855/5605 3852/5600
f 3852/5600 4072/5599 3854/5604
f 3856/5606 3857/5607 3855/5605
f 3855/5605 3854/5604 3856/5606
f 4067/5596 3849/5595 3858/5608
f 3858/5608 4077/5609 4067/5596
f 3859/5610 4081/5611 4079/5612
f 4079/5612 3858/5608 3859/5610
f 3859/5610 4083/5613 4081/5611
f 3860/5614 3849/5595 3851/5598
f 3851/5598 3861/5615 3860/5614
f 3862/5616 3861/5615 3853/5601
f 3853/5601 3852/5600 3862/5616
f 3860/5614 3861/5615 3862/5616
f 3855/5605 3862/5616 3852/5600
f 3860/5614 3859/5610 3858/5608
f 3858/5608 3849/5595 3860/5614
f 4083/5613 3859/5610 3860/5614
f 3860/5614 3863/5617 4083/5613
f 3863/5617 3860/5614 3862/5616
f 3862/5616 3864/5618 3863/5617
f 3855/5605 3857/5607 3864/5618
f 3864/5618 3862/5616 3855/5605
f 3865/5619 4086/5620 4084/5621
f 4084/5621 4083/5613 3865/5619
f 3866/5622 4088/5623 4086/5620
f 4086/5620 3865/5619 3866/5622
f 3866/5622 3867/5624 4088/5623
f 3868/5625 4090/5626 3867/5624
f 3867/5624 3866/5622 3868/5625
f 3868/5625 3869/5627 4092/5628
f 4092/5628 4090/5626 3868/5625
f 4094/5629 4092/5628 3869/5627
f 3869/5627 3870/5630 4094/5629
f 3866/5622 3871/5631 3872/5632
f 3872/5632 3868/5625 3866/5622
f 3865/5619 3873/5633 3871/5631
f 3871/5631 3866/5622 3865/5619
f 4083/5613 3873/5633 3865/5619
f 3874/5634 4096/5635 4094/5629
f 4094/5629 3870/5630 3874/5634
f 4098/5636 4096/5635 3874/5634
f 3874/5634 3875/5637 3876/5638
f 3876/5638 4098/5636 3874/5634
f 4099/5639 3876/5638 3875/5637
f 4100/5640 3875/5637 3877/5641
f 3877/5641 3878/5642 4100/5640
f 3879/5643 4101/5644 3878/5642
f 3878/5642 3877/5641 3879/5643
f 3880/5645 3881/5646 4101/5644
f 4101/5644 3879/5643 3880/5645
f 3882/5647 3883/5648 3884/5649
f 3884/5649 3885/5650 3882/5647
f 3884/5649 3883/5648 3881/5646
f 3881/5646 3880/5645 3884/5649
f 3882/5647 3885/5650 3886/5651
f 3886/5651 4105/5652 3882/5647
f 3887/5653 4106/5654 3888/5655
f 3887/5653 3888/5655 4105/5652
f 4105/5652 3886/5651 3887/5653
f 3889/5656 4106/5654 3887/5653
f 3887/5653 3890/5657 3889/5656
f 3891/5658 4109/5659 3889/5656
f 3889/5656 3890/5657 3891/5658
f 4109/5659 3891/5658 3892/5660
f 3892/5660 4111/5661 4109/5659
f 4111/5661 3892/5660 3893/5662
f 3893/5662 4113/5663 4111/5661
f 3869/5627 3868/5625 3872/5632
f 3872/5632 3894/5664 3869/5627
f 3857/5607 3856/5606 3895/5665
f 3895/5665 3896/5666 3857/5607
f 3897/5667 3896/5666 3895/5665
f 3895/5665 4115/5668 3897/5667
f 3897/5667 4115/5668 3898/5669
f 3898/5669 3899/5670 3897/5667
f 3899/5670 3898/5669 4116/5671
f 4116/5671 3900/5672 3899/5670
f 3901/5673 3900/5672 4116/5671
f 4116/5671 4118/5674 3901/5673
f 3901/5673 4118/5674 4120/5675
f 4119/5676 4123/5677 3902/5678
f 3903/5679 3902/5678 4123/5677
f 3904/5680 3905/5681 3903/5679
f 3903/5679 4123/5677 3904/5680
f 3906/5682 3907/5683 4126/5684
f 4126/5684 4125/5685 3906/5682
f 3908/5686 4127/5687 3909/5688
f 3909/5688 3910/5689 3908/5686
f 3906/5682 4125/5685 4127/5687
f 4127/5687 3908/5686 3906/5682
f 3910/5689 3909/5688 4130/5690
f 4130/5690 3911/5691 3910/5689
f 3911/5691 4130/5690 4131/5692
f 4131/5692 3912/5693 3911/5691
f 3913/5694 3912/5693 4131/5692
f 4131/5692 4133/5695 3913/5694
f 4133/5695 3914/5696 3915/5697
f 3915/5697 3913/5694 4133/5695
f 3915/5697 3914/5696 3916/5698
f 3916/5698 3917/5699 3915/5697
f 3916/5698 4135/5700 3918/5701
f 3918/5701 3917/5699 3916/5698
f 3919/5702 3920/5703 3918/5701
f 3918/5701 4135/5700 3919/5702
f 3920/5703 3919/5702 4137/5704
f 4137/5704 3921/5705 3920/5703
f 3921/5705 4137/5704 4138/5706
f 4138/5706 3922/5707 3921/5705
f 3922/5707 4138/5706 3923/5708
f 3923/5708 3924/5709 3922/5707
f 3925/5710 3926/5711 4140/5712
f 4140/5712 4139/5713 3925/5710
f 3926/5711 3924/5709 3923/5708
f 3923/5708 4140/5712 3926/5711
f 4139/5713 3927/5714 3928/5715
f 3928/5715 3925/5710 4139/5713
f 3928/5715 3927/5714 4113/5663
f 4113/5663 3893/5662 3928/5715
f 3929/5716 3930/5717 3894/5664
f 3894/5664 3872/5632 3929/5716
f 3900/5672 3901/5673 3930/5717
f 3930/5717 3929/5716 3900/5672
f 3931/5718 3897/5667 3899/5670
f 3899/5670 3929/5716 3931/5718
f 3929/5716 3899/5670 3900/5672
f 3929/5716 3872/5632 3871/5631
f 3871/5631 3931/5718 3929/5716
f 3931/5718 3871/5631 3873/5633
f 3873/5633 3932/5719 3931/5718
f 3931/5718 3932/5719 3896/5666
f 3896/5666 3897/5667 3931/5718
f 3896/5666 3932/5719 3864/5618
f 3864/5618 3857/5607 3896/5666
f 3932/5719 3873/5633 3863/5617
f 3863/5617 3864/5618 3932/5719
f 3902/5678 3930/5717 3901/5673
f 3930/5717 3902/5678 3933/5720
f 3933/5720 3894/5664 3930/5717
f 3933/5720 3870/5630 3869/5627
f 3869/5627 3894/5664 3933/5720
f 3870/5630 3933/5720 3934/5721
f 3934/5721 3874/5634 3870/5630
f 3875/5637 3874/5634 3934/5721
f 3934/5721 3935/5722 3875/5637
f 3877/5641 3875/5637 3935/5722
f 3935/5722 3936/5723 3877/5641
f 3879/5643 3877/5641 3936/5723
f 3879/5643 3936/5723 3937/5724
f 3937/5724 3880/5645 3879/5643
f 3885/5650 3884/5649 3938/5725
f 3938/5725 3886/5651 3885/5650
f 3880/5645 3937/5724 3938/5725
f 3938/5725 3884/5649 3880/5645
f 3886/5651 3939/5726 3887/5653
f 3890/5657 3887/5653 3939/5726
f 3939/5726 3940/5727 3890/5657
f 3935/5722 3934/5721 3933/5720
f 3933/5720 3941/5728 3935/5722
f 3941/5728 3933/5720 3902/5678
f 3902/5678 3903/5679 3941/5728
f 3936/5723 3935/5722 3941/5728
f 3941/5728 3942/5729 3936/5723
f 3941/5728 3903/5679 3905/5681
f 3905/5681 3943/5730 3941/5728
f 3942/5729 3941/5728 3943/5730
f 3944/5731 3937/5724 3936/5723
f 3936/5723 3942/5729 3944/5731
f 3945/5732 3944/5731 3942/5729
f 3942/5729 3943/5730 3945/5732
f 3946/5733 3944/5731 3945/5732
f 3945/5732 3947/5734 3946/5733
f 3937/5724 3944/5731 3946/5733
f 3946/5733 3938/5725 3937/5724
f 3947/5734 3945/5732 3906/5682
f 3906/5682 3908/5686 3947/5734
f 3948/5735 3946/5733 3947/5734
f 3947/5734 3949/5736 3948/5735
f 3949/5736 3947/5734 3908/5686
f 3908/5686 3910/5689 3949/5736
f 3938/5725 3946/5733 3948/5735
f 3948/5735 3886/5651 3938/5725
f 3950/5737 3924/5709 3926/5711
f 3926/5711 3925/5710 3950/5737
f 3922/5707 3924/5709 3950/5737
f 3922/5707 3950/5737 3951/5738
f 3951/5738 3921/5705 3922/5707
f 3951/5738 3950/5737 3928/5715
f 3928/5715 3893/5662 3951/5738
f 3952/5739 3951/5738 3893/5662
f 3893/5662 3892/5660 3952/5739
f 3953/5740 3951/5738 3952/5739
f 3953/5740 3920/5703 3921/5705
f 3921/5705 3951/5738 3953/5740
f 3953/5740 3917/5699 3918/5701
f 3918/5701 3920/5703 3953/5740
f 3940/5727 3954/5741 3891/5658
f 3891/5658 3890/5657 3940/5727
f 3892/5660 3891/5658 3954/5741
f 3954/5741 3952/5739 3892/5660
f 3955/5742 3953/5740 3952/5739
f 3952/5739 3954/5741 3955/5742
f 3915/5697 3917/5699 3953/5740
f 3953/5740 3955/5742 3915/5697
f 3911/5691 3956/5743 3949/5736
f 3949/5736 3910/5689 3911/5691
f 3949/5736 3956/5743 3957/5744
f 3957/5744 3948/5735 3949/5736
f 3939/5726 3886/5651 3948/5735
f 3948/5735 3957/5744 3939/5726
f 3956/5743 3955/5742 3954/5741
f 3954/5741 3957/5744 3956/5743
f 3940/5727 3939/5726 3957/5744
f 3957/5744 3954/5741 3940/5727
f 3955/5742 3956/5743 3915/5697
f 3912/5693 3913/5694 3956/5743
f 3956/5743 3911/5691 3912/5693
f 3956/5743 3913/5694 3915/5697
f 3906/5682 3945/5732 3943/5730
f 3943/5730 3907/5683 3906/5682
f 3958/5745 3959/5746 4066/5747
f 4066/5747 4068/5748 3958/5745
f 3960/5749 4069/5750 3837/5575
f 4071/5751 4074/5752 3960/5749
f 3960/5749 3961/5753 4071/5751
f 4074/5752 4069/5750 3960/5749
f 3962/5754 4071/5751 3961/5753
f 3961/5753 3963/5755 3962/5754
f 3962/5754 4075/5756 4076/5757
f 4068/5748 3964/5758 4078/5759
f 4078/5759 3958/5745 4068/5748
f 4082/5760 3965/5761 4078/5759
f 4078/5759 4080/5762 4082/5760
f 3965/5761 4082/5760 3966/5763
f 3967/5764 3968/5765 3959/5746
f 3959/5746 3958/5745 3967/5764
f 3969/5766 3961/5753 3960/5749
f 3960/5749 3968/5765 3969/5766
f 3967/5764 3969/5766 3968/5765
f 3963/5755 3961/5753 3969/5766
f 3965/5761 3967/5764 3958/5745
f 3958/5745 4078/5759 3965/5761
f 3966/5763 3970/5767 3967/5764
f 3967/5764 3965/5761 3966/5763
f 3970/5767 3971/5768 3969/5766
f 3969/5766 3967/5764 3970/5767
f 3963/5755 3969/5766 3971/5768
f 3971/5768 3972/5769 3963/5755
f 3973/5770 3966/5763 4085/5771
f 4085/5771 4087/5772 3973/5770
f 3974/5773 3973/5770 4087/5772
f 4087/5772 4089/5774 3974/5773
f 3974/5773 4089/5774 3975/5775
f 3976/5776 3974/5773 3975/5775
f 3975/5775 4091/5777 3976/5776
f 3976/5776 4091/5777 4093/5778
f 4093/5778 3977/5779 3976/5776
f 4095/5780 3978/5781 3977/5779
f 3977/5779 4093/5778 4095/5780
f 3974/5773 3976/5776 3979/5782
f 3979/5782 3980/5783 3974/5773
f 3973/5770 3974/5773 3980/5783
f 3980/5783 3981/5784 3973/5770
f 3981/5784 3966/5763 3973/5770
f 3982/5785 3978/5781 4095/5780
f 4095/5780 4097/5786 3982/5785
f 3983/5787 3982/5785 4097/5786
f 3982/5785 3983/5787 3984/5788
f 3984/5788 3985/5789 3982/5785
f 3986/5790 3985/5789 3984/5788
f 3987/5791 3988/5792 3989/5793
f 3988/5792 3987/5791 3985/5789
f 3985/5789 3986/5790 3988/5792
f 3990/5794 3987/5791 3989/5793
f 3989/5793 3991/5795 3990/5794
f 3992/5796 3990/5794 3991/5795
f 3991/5795 4102/5797 3992/5796
f 4104/5798 3993/5799 4103/5800
f 3993/5799 3992/5796 4102/5797
f 4102/5797 4103/5800 3993/5799
f 4104/5798 3994/5801 3995/5802
f 3995/5802 3993/5799 4104/5798
f 3996/5803 3997/5804 4107/5805
f 3996/5803 3995/5802 3994/5801
f 3994/5801 3997/5804 3996/5803
f 4108/5806 3998/5807 3996/5803
f 3996/5803 4107/5805 4108/5806
f 3999/5808 3998/5807 4108/5806
f 4108/5806 4110/5809 3999/5808
f 4110/5809 4112/5810 4000/5811
f 4000/5811 3999/5808 4110/5809
f 4112/5810 4001/5812 4002/5813
f 4002/5813 4000/5811 4112/5810
f 3977/5779 4003/5814 3979/5782
f 3979/5782 3976/5776 3977/5779
f 3972/5769 4004/5815 4114/5816
f 4114/5816 4075/5756 3972/5769
f 4005/5817 4006/5818 4114/5816
f 4114/5816 4004/5815 4005/5817
f 4005/5817 4007/5819 4008/5820
f 4008/5820 4006/5818 4005/5817
f 4007/5819 4009/5821 4010/5822
f 4010/5822 4008/5820 4007/5819
f 4011/5823 4117/5824 4010/5822
f 4010/5822 4009/5821 4011/5823
f 4012/5825 4013/5826 4011/5823
f 4011/5823 4014/5827 4012/5825
f 4011/5823 4013/5826 4117/5824
f 4012/5825 4014/5827 4015/5828
f 4015/5828 4121/5829 4012/5825
f 4016/5830 4121/5829 4015/5828
f 4122/5831 4121/5829 4016/5830
f 4016/5830 4017/5832 4122/5831
f 4018/5833 4124/5834 4019/5835
f 4019/5835 4020/5836 4018/5833
f 4021/5837 4022/5838 4023/5839
f 4023/5839 4128/5840 4021/5837
f 4018/5833 4021/5837 4128/5840
f 4128/5840 4124/5834 4018/5833
f 4022/5838 4024/5841 4129/5842
f 4129/5842 4023/5839 4022/5838
f 4024/5841 4025/5843 4026/5844
f 4026/5844 4129/5842 4024/5841
f 4027/5845 4132/5846 4026/5844
f 4026/5844 4025/5843 4027/5845
f 4132/5846 4027/5845 4028/5847
f 4028/5847 4134/5848 4132/5846
f 4028/5847 4029/5849 4030/5850
f 4030/5850 4134/5848 4028/5847
f 4030/5850 4029/5849 4031/5851
f 4136/5852 4031/5851 4029/5849
f 4029/5849 4032/5853 4136/5852
f 4032/5853 4033/5854 4034/5855
f 4034/5855 4136/5852 4032/5853
f 4033/5854 4035/5856 4036/5857
f 4036/5857 4034/5855 4033/5854
f 4035/5856 4037/5858 4038/5859
f 4038/5859 4036/5857 4035/5856
f 4039/5860 4040/5861 4141/5862
f 4039/5860 4141/5862 4038/5859
f 4038/5859 4037/5858 4039/5860
f 4040/5861 4039/5860 4041/5863
f 4041/5863 4142/5864 4040/5861
f 4041/5863 4002/5813 4001/5812
f 4001/5812 4142/5864 4041/5863
f 4042/5865 3979/5782 4003/5814
f 4003/5814 4043/5866 4042/5865
f 4009/5821 4042/5865 4043/5866
f 4043/5866 4011/5823 4009/5821
f 4044/5867 4042/5865 4007/5819
f 4007/5819 4005/5817 4044/5867
f 4042/5865 4009/5821 4007/5819
f 4042/5865 4044/5867 3980/5783
f 3980/5783 3979/5782 4042/5865
f 4044/5867 4045/5868 3981/5784
f 3981/5784 3980/5783 4044/5867
f 4044/5867 4005/5817 4004/5815
f 4004/5815 4045/5868 4044/5867
f 4004/5815 3972/5769 3971/5768
f 3971/5768 4045/5868 4004/5815
f 4045/5868 3971/5768 3970/5767
f 3970/5767 3981/5784 4045/5868
f 4014/5827 4043/5866 4015/5828
f 4043/5866 4003/5814 4046/5869
f 4046/5869 4015/5828 4043/5866
f 4046/5869 4003/5814 3977/5779
f 3977/5779 3978/5781 4046/5869
f 3978/5781 3982/5785 4047/5870
f 4047/5870 4046/5869 3978/5781
f 3985/5789 4048/5871 4047/5870
f 4047/5870 3982/5785 3985/5789
f 3987/5791 4048/5871 3985/5789
f 3990/5794 4048/5871 3987/5791
f 4049/5872 3993/5799 3995/5802
f 3995/5802 4050/5873 4049/5872
f 3992/5796 3993/5799 4049/5872
f 3995/5802 3996/5803 4051/5874
f 4051/5874 4050/5873 3995/5802
f 3998/5807 4052/5875 4051/5874
f 4051/5874 3996/5803 3998/5807
f 4048/5871 4053/5876 4046/5869
f 4046/5869 4047/5870 4048/5871
f 4053/5876 4016/5830 4015/5828
f 4015/5828 4046/5869 4053/5876
f 4054/5877 4053/5876 4048/5871
f 4048/5871 3990/5794 4054/5877
f 4053/5876 4055/5878 4017/5832
f 4017/5832 4016/5830 4053/5876
f 4054/5877 4055/5878 4053/5876
f 4056/5879 4054/5877 3990/5794
f 3990/5794 3992/5796 4056/5879
f 4057/5880 4055/5878 4054/5877
f 4054/5877 4056/5879 4057/5880
f 4018/5833 4020/5836 4055/5878
f 4055/5878 4057/5880 4018/5833
f 4049/5872 4058/5881 4057/5880
f 4057/5880 4056/5879 4049/5872
f 3992/5796 4049/5872 4056/5879
f 4058/5881 4021/5837 4018/5833
f 4018/5833 4057/5880 4058/5881
f 4050/5873 4059/5882 4058/5881
f 4058/5881 4049/5872 4050/5873
f 4059/5882 4022/5838 4021/5837
f 4021/5837 4058/5881 4059/5882
f 4039/5860 4037/5858 4060/5883
f 4060/5883 4061/5884 4039/5860
f 4041/5863 4061/5884 4002/5813
f 4037/5858 4035/5856 4060/5883
f 4062/5885 4000/5811 4002/5813
f 4002/5813 4061/5884 4062/5885
f 4063/5886 4062/5885 4061/5884
f 4061/5884 4060/5883 4063/5886
f 4063/5886 4060/5883 4033/5854
f 4033/5854 4032/5853 4063/5886
f 4063/5886 4032/5853 4029/5849
f 4052/5875 3998/5807 3999/5808
f 4000/5811 4062/5885 4052/5875
f 4052/5875 3999/5808 4000/5811
f 4064/5887 4052/5875 4062/5885
f 4062/5885 4063/5886 4064/5887
f 4028/5847 4064/5887 4063/5886
f 4063/5886 4029/5849 4028/5847
f 4024/5841 4022/5838 4059/5882
f 4059/5882 4065/5888 4024/5841
f 4059/5882 4050/5873 4051/5874
f 4051/5874 4065/5888 4059/5882
f 4065/5888 4051/5874 4052/5875
f 4052/5875 4064/5887 4065/5888
f 4064/5887 4028/5847 4065/5888
f 4025/5843 4024/5841 4065/5888
f 4065/5888 4027/5845 4025/5843
f 4065/5888 4028/5847 4027/5845
f 4066/5889 3850/5890 4067/5891
f 4067/5891 4068/5892 4066/5889
f 4069/5893 4070/5894 3844/5895
f 3844/5895 3837/5896 4069/5893
f 4071/5897 4072/5898 4073/5899
f 4073/5899 4074/5900 4071/5897
f 4074/5900 4073/5899 4070/5894
f 4070/5894 4069/5893 4074/5900
f 3962/5901 3854/5902 4072/5898
f 4072/5898 4071/5897 3962/5901
f 4075/5903 3856/5904 4143/5905
f 4143/5905 4076/5906 4075/5903
f 4076/5907 4143/5908 3854/5902
f 3854/5902 3962/5901 4076/5907
f 4068/5892 4067/5891 4077/5909
f 4077/5909 3964/5910 4068/5892
f 3964/5911 4077/5912 3858/5913
f 3858/5913 4078/5914 3964/5911
f 4078/5915 3858/5916 4079/5917
f 4079/5917 4080/5918 4078/5915
f 4081/5919 4082/5920 4080/5918
f 4080/5918 4079/5917 4081/5919
f 4082/5921 4081/5922 4083/5923
f 4083/5923 3966/5924 4082/5921
f 3966/5924 4083/5923 4084/5925
f 4084/5925 4085/5926 3966/5924
f 4085/5927 4084/5928 4086/5929
f 4086/5929 4087/5930 4085/5927
f 4087/5930 4086/5929 4088/5931
f 4088/5931 4089/5932 4087/5930
f 4089/5932 4088/5931 3867/5933
f 3867/5933 3975/5934 4089/5932
f 3975/5934 3867/5933 4090/5935
f 4090/5935 4091/5936 3975/5934
f 4091/5936 4090/5935 4092/5937
f 4092/5937 4093/5938 4091/5936
f 4093/5938 4092/5937 4094/5939
f 4094/5939 4095/5940 4093/5938
f 4095/5940 4094/5939 4096/5941
f 4096/5941 4097/5942 4095/5940
f 4097/5942 4096/5941 4098/5943
f 4098/5943 3983/5944 4097/5942
f 3983/5944 4098/5943 3876/5945
f 3876/5945 3984/5946 3983/5944
f 3984/5946 3876/5945 4099/5947
f 4099/5947 3986/5948 3984/5946
f 3988/5949 4100/5950 3878/5951
f 3878/5951 3989/5952 3988/5949
f 3986/5948 4099/5947 4100/5950
f 4100/5950 3988/5949 3986/5948
f 3989/5952 3878/5951 4101/5953
f 4101/5953 3991/5954 3989/5952
f 3991/5954 4101/5953 3881/5955
f 3881/5955 4102/5956 3991/5954
f 4103/5957 3883/5958 3882/5959
f 3882/5959 4104/5960 4103/5957
f 4102/5956 3881/5955 3883/5958
f 3883/5958 4103/5957 4102/5956
f 4104/5960 3882/5959 4105/5961
f 4105/5961 3994/5962 4104/5960
f 3997/5963 3888/5964 4106/5965
f 4106/5965 4107/5966 3997/5963
f 3994/5967 4105/5968 3888/5964
f 3888/5964 3997/5963 3994/5967
f 4107/5966 4106/5965 3889/5969
f 3889/5969 4108/5970 4107/5966
f 4108/5970 3889/5969 4109/5971
f 4109/5971 4110/5972 4108/5970
f 4110/5972 4109/5971 4111/5973
f 4111/5973 4112/5974 4110/5972
f 4112/5974 4111/5973 4113/5975
f 4113/5975 4001/5976 4112/5974
f 4114/5977 3895/5978 3856/5904
f 3856/5904 4075/5903 4114/5977
f 4006/5979 4115/5980 3895/5978
f 3895/5978 4114/5977 4006/5979
f 4008/5981 3898/5982 4115/5980
f 4115/5980 4006/5979 4008/5981
f 4010/5983 4116/5984 3898/5982
f 3898/5982 4008/5981 4010/5983
f 4117/5985 4118/5986 4116/5984
f 4116/5984 4010/5983 4117/5985
f 4012/5987 4119/5988 4120/5989
f 4120/5989 4013/5990 4012/5987
f 4013/5990 4120/5989 4118/5986
f 4118/5986 4117/5985 4013/5990
f 4121/5991 4123/5992 4119/5988
f 4119/5988 4012/5987 4121/5991
f 4122/5993 3904/5994 4123/5995
f 4123/5995 4121/5996 4122/5993
f 4124/5997 4125/5998 4126/5999
f 4126/5999 4019/6000 4124/5997
f 4019/6000 4126/5999 3904/5994
f 3904/5994 4122/5993 4019/6000
f 4023/6001 3909/6002 4127/6003
f 4127/6003 4128/6004 4023/6001
f 4128/6004 4127/6003 4125/5998
f 4125/5998 4124/5997 4128/6004
f 4129/6005 4130/6006 3909/6002
f 3909/6002 4023/6001 4129/6005
f 4026/6007 4131/6008 4130/6006
f 4130/6006 4129/6005 4026/6007
f 4132/6009 4133/6010 4131/6008
f 4131/6008 4026/6007 4132/6009
f 4134/6011 3914/6012 4133/6010
f 4133/6010 4132/6009 4134/6011
f 4030/6013 3916/6014 3914/6015
f 3914/6015 4134/6016 4030/6013
f 4031/6017 4135/6018 3916/6014
f 3916/6014 4030/6013 4031/6017
f 4136/6019 3919/6020 4135/6018
f 4135/6018 4031/6017 4136/6019
f 4034/6021 4137/6022 3919/6020
f 3919/6020 4136/6019 4034/6021
f 4036/6023 4138/6024 4137/6022
f 4137/6022 4034/6021 4036/6023
f 4038/6025 3923/6026 4138/6024
f 4138/6024 4036/6023 4038/6025
f 4040/6027 4139/6028 4140/6029
f 4140/6029 4141/6030 4040/6027
f 4141/6030 4140/6029 3923/6026
f 3923/6026 4038/6025 4141/6030
f 4142/6031 3927/6032 4139/6028
f 4139/6028 4040/6027 4142/6031
f 4001/5976 4113/5975 3927/6032
f 3927/6032 4142/6031 4001/5976
f 4017/5832 4020/5836 4019/5835
f 4019/5835 4122/5831 4017/5832
f 4055/5878 4020/5836 4017/5832
f 3943/5730 3905/5681 3907/5683
f 3905/5681 3904/5680 4126/5684
f 4126/5684 3907/5683 3905/5681
f 4011/5823 4043/5866 4014/5827
f 4060/5883 4035/5856 4033/5854
f 4041/5863 4039/5860 4061/5884
f 3970/5767 3966/5763 3981/5784
f 4075/5756 3962/5754 3963/5755
f 3963/5755 3972/5769 4075/5756
f 3854/5604 4143/6033 3856/5606
f 3873/5633 4083/5613 3863/5617
f 4119/5676 3902/5678 3901/5673
f 3901/5673 4120/5675 4119/5676
f 3950/5737 3925/5710 3928/5715
f 4100/5640 4099/5639 3875/5637
f 3840/6034 3842/6035 3850/5890
f 3850/5890 4066/5889 3840/6034
f 3959/5746 3840/5578 4066/5747
f 3968/5765 3960/5749 3837/5575
f 3844/5586 4070/5603 3853/5601
f 3861/5615 3851/5598 3842/5583
f 3861/5615 3842/5583 3844/5586
f 3844/5586 3853/5601 3861/5615
f 3968/5765 3837/5575 3840/5578
f 3840/5578 3959/5746 3968/5765
f 4144/6036 4148/6037 4145/6038
f 4145/6038 4146/6039 4144/6036
f 4147/6040 4150/6041 4145/6042
f 4145/6042 4148/6043 4147/6040
f 4147/6044 4151/6045 4149/6046
f 4149/6046 4150/6047 4147/6044
f 4144/6048 4146/6049 4149/6050
f 4149/6050 4151/6051 4144/6048
f 4146/6049 4152/6052 4153/6053
f 4153/6053 4149/6050 4146/6049
f 4150/6047 4149/6046 4153/6054
f 4153/6054 4154/6055 4150/6047
f 4150/6041 4154/6056 4155/6057
f 4155/6057 4145/6042 4150/6041
f 4146/6039 4145/6038 4155/6058
f 4155/6058 4152/6059 4146/6039
f 4156/6060 4381/6061 4380/6062
f 4380/6062 4157/6063 4156/6060
f 4144/6048 4157/6063 4380/6062
f 4158/6064 4159/6065 4160/6066
f 4160/6066 4161/6067 4158/6064
f 4161/6067 4160/6066 4383/6068
f 4162/6069 4163/6070 4159/6065
f 4159/6065 4158/6064 4162/6069
f 4164/6071 4165/6072 4163/6070
f 4163/6070 4162/6069 4164/6071
f 4381/6061 4156/6060 4390/6073
f 4390/6073 4388/6074 4381/6061
f 4166/6075 4391/6076 4167/6077
f 4167/6077 4390/6073 4166/6075
f 4166/6075 4393/6078 4391/6076
f 4168/6079 4156/6060 4157/6063
f 4157/6063 4169/6080 4168/6079
f 4170/6081 4169/6080 4160/6066
f 4160/6066 4159/6065 4170/6081
f 4168/6079 4169/6080 4170/6081
f 4163/6070 4170/6081 4159/6065
f 4168/6079 4166/6075 4390/6073
f 4390/6073 4156/6060 4168/6079
f 4393/6078 4166/6075 4168/6079
f 4168/6079 4171/6082 4393/6078
f 4171/6082 4168/6079 4170/6081
f 4170/6081 4172/6083 4171/6082
f 4163/6070 4165/6072 4172/6083
f 4172/6083 4170/6081 4163/6070
f 4173/6084 4395/6085 4174/6086
f 4174/6086 4393/6078 4173/6084
f 4175/6087 4396/6088 4395/6085
f 4395/6085 4173/6084 4175/6087
f 4175/6087 4176/6089 4396/6088
f 4177/6090 4178/6091 4176/6089
f 4176/6089 4175/6087 4177/6090
f 4177/6090 4179/6092 4399/6093
f 4399/6093 4178/6091 4177/6090
f 4180/6094 4399/6093 4179/6092
f 4179/6092 4181/6095 4180/6094
f 4175/6087 4182/6096 4183/6097
f 4183/6097 4177/6090 4175/6087
f 4173/6084 4184/6098 4182/6096
f 4182/6096 4175/6087 4173/6084
f 4393/6078 4184/6098 4173/6084
f 4185/6099 4186/6100 4180/6094
f 4180/6094 4181/6095 4185/6099
f 4402/6101 4186/6100 4185/6099
f 4185/6099 4187/6102 4404/6103
f 4404/6103 4402/6101 4185/6099
f 4406/6104 4404/6103 4187/6102
f 4188/6105 4187/6102 4189/6106
f 4189/6106 4190/6107 4188/6105
f 4191/6108 4192/6109 4190/6107
f 4190/6107 4189/6106 4191/6108
f 4193/6110 4194/6111 4192/6109
f 4192/6109 4191/6108 4193/6110
f 4412/6112 4411/6113 4195/6114
f 4195/6114 4196/6115 4412/6112
f 4195/6114 4411/6113 4194/6111
f 4194/6111 4193/6110 4195/6114
f 4412/6112 4196/6115 4197/6116
f 4197/6116 4198/6117 4412/6112
f 4199/6118 4415/6119 4414/6120
f 4199/6118 4414/6120 4198/6117
f 4198/6117 4197/6116 4199/6118
f 4418/6121 4415/6119 4199/6118
f 4199/6118 4200/6122 4418/6121
f 4201/6123 4202/6124 4418/6121
f 4418/6121 4200/6122 4201/6123
f 4202/6124 4201/6123 4203/6125
f 4203/6125 4204/6126 4202/6124
f 4204/6126 4203/6125 4205/6127
f 4205/6127 4206/6128 4204/6126
f 4179/6092 4177/6090 4183/6097
f 4183/6097 4207/6129 4179/6092
f 4165/6072 4164/6071 4208/6130
f 4208/6130 4209/6131 4165/6072
f 4210/6132 4209/6131 4208/6130
f 4208/6130 4211/6133 4210/6132
f 4210/6132 4211/6133 4423/6134
f 4423/6134 4212/6135 4210/6132
f 4212/6135 4423/6134 4425/6136
f 4425/6136 4213/6137 4212/6135
f 4214/6138 4213/6137 4425/6136
f 4425/6136 4427/6139 4214/6138
f 4214/6138 4427/6139 4430/6140
f 4429/6141 4434/6142 4215/6143
f 4216/6144 4215/6143 4434/6142
f 4433/6145 4217/6146 4216/6144
f 4216/6144 4434/6142 4433/6145
f 4218/6147 4219/6148 4220/6149
f 4220/6149 4221/6150 4218/6147
f 4222/6151 4223/6152 4438/6153
f 4438/6153 4224/6154 4222/6151
f 4218/6147 4221/6150 4223/6152
f 4223/6152 4222/6151 4218/6147
f 4224/6154 4438/6153 4225/6155
f 4225/6155 4226/6156 4224/6154
f 4226/6156 4225/6155 4440/6157
f 4440/6157 4227/6158 4226/6156
f 4228/6159 4227/6158 4440/6157
f 4440/6157 4441/6160 4228/6159
f 4441/6160 4444/6161 4229/6162
f 4229/6162 4228/6159 4441/6160
f 4229/6162 4444/6161 4443/6163
f 4443/6163 4230/6164 4229/6162
f 4443/6163 4445/6165 4231/6166
f 4231/6166 4230/6164 4443/6163
f 4232/6167 4233/6168 4231/6166
f 4231/6166 4445/6165 4232/6167
f 4233/6168 4232/6167 4234/6169
f 4234/6169 4235/6170 4233/6168
f 4235/6170 4234/6169 4236/6171
f 4236/6171 4237/6172 4235/6170
f 4237/6172 4236/6171 4238/6173
f 4238/6173 4239/6174 4237/6172
f 4240/6175 4241/6176 4242/6177
f 4242/6177 4243/6178 4240/6175
f 4241/6176 4239/6174 4238/6173
f 4238/6173 4242/6177 4241/6176
f 4243/6178 4244/6179 4245/6180
f 4245/6180 4240/6175 4243/6178
f 4245/6180 4244/6179 4206/6128
f 4206/6128 4205/6127 4245/6180
f 4246/6181 4247/6182 4207/6129
f 4207/6129 4183/6097 4246/6181
f 4213/6137 4214/6138 4247/6182
f 4247/6182 4246/6181 4213/6137
f 4248/6183 4210/6132 4212/6135
f 4212/6135 4246/6181 4248/6183
f 4246/6181 4212/6135 4213/6137
f 4246/6181 4183/6097 4182/6096
f 4182/6096 4248/6183 4246/6181
f 4248/6183 4182/6096 4184/6098
f 4184/6098 4249/6184 4248/6183
f 4248/6183 4249/6184 4209/6131
f 4209/6131 4210/6132 4248/6183
f 4209/6131 4249/6184 4172/6083
f 4172/6083 4165/6072 4209/6131
f 4249/6184 4184/6098 4171/6082
f 4171/6082 4172/6083 4249/6184
f 4215/6143 4247/6182 4214/6138
f 4247/6182 4215/6143 4250/6185
f 4250/6185 4207/6129 4247/6182
f 4250/6185 4181/6095 4179/6092
f 4179/6092 4207/6129 4250/6185
f 4181/6095 4250/6185 4251/6186
f 4251/6186 4185/6099 4181/6095
f 4187/6102 4185/6099 4251/6186
f 4251/6186 4252/6187 4187/6102
f 4189/6106 4187/6102 4252/6187
f 4252/6187 4253/6188 4189/6106
f 4191/6108 4189/6106 4253/6188
f 4191/6108 4253/6188 4254/6189
f 4254/6189 4193/6110 4191/6108
f 4196/6115 4195/6114 4255/6190
f 4255/6190 4197/6116 4196/6115
f 4193/6110 4254/6189 4255/6190
f 4255/6190 4195/6114 4193/6110
f 4197/6116 4256/6191 4199/6118
f 4200/6122 4199/6118 4256/6191
f 4256/6191 4257/6192 4200/6122
f 4252/6187 4251/6186 4250/6185
f 4250/6185 4258/6193 4252/6187
f 4258/6193 4250/6185 4215/6143
f 4215/6143 4216/6144 4258/6193
f 4253/6188 4252/6187 4258/6193
f 4258/6193 4259/6194 4253/6188
f 4258/6193 4216/6144 4217/6146
f 4217/6146 4260/6195 4258/6193
f 4259/6194 4258/6193 4260/6195
f 4261/6196 4254/6189 4253/6188
f 4253/6188 4259/6194 4261/6196
f 4262/6197 4261/6196 4259/6194
f 4259/6194 4260/6195 4262/6197
f 4263/6198 4261/6196 4262/6197
f 4262/6197 4264/6199 4263/6198
f 4254/6189 4261/6196 4263/6198
f 4263/6198 4255/6190 4254/6189
f 4264/6199 4262/6197 4218/6147
f 4218/6147 4222/6151 4264/6199
f 4265/6200 4263/6198 4264/6199
f 4264/6199 4266/6201 4265/6200
f 4266/6201 4264/6199 4222/6151
f 4222/6151 4224/6154 4266/6201
f 4255/6190 4263/6198 4265/6200
f 4265/6200 4197/6116 4255/6190
f 4267/6202 4239/6174 4241/6176
f 4241/6176 4240/6175 4267/6202
f 4237/6172 4239/6174 4267/6202
f 4237/6172 4267/6202 4268/6203
f 4268/6203 4235/6170 4237/6172
f 4268/6203 4267/6202 4245/6180
f 4245/6180 4205/6127 4268/6203
f 4269/6204 4268/6203 4205/6127
f 4205/6127 4203/6125 4269/6204
f 4270/6205 4268/6203 4269/6204
f 4270/6205 4233/6168 4235/6170
f 4235/6170 4268/6203 4270/6205
f 4270/6205 4230/6164 4231/6166
f 4231/6166 4233/6168 4270/6205
f 4257/6192 4271/6206 4201/6123
f 4201/6123 4200/6122 4257/6192
f 4203/6125 4201/6123 4271/6206
f 4271/6206 4269/6204 4203/6125
f 4272/6207 4270/6205 4269/6204
f 4269/6204 4271/6206 4272/6207
f 4229/6162 4230/6164 4270/6205
f 4270/6205 4272/6207 4229/6162
f 4226/6156 4273/6208 4266/6201
f 4266/6201 4224/6154 4226/6156
f 4266/6201 4273/6208 4274/6209
f 4274/6209 4265/6200 4266/6201
f 4256/6191 4197/6116 4265/6200
f 4265/6200 4274/6209 4256/6191
f 4273/6208 4272/6207 4271/6206
f 4271/6206 4274/6209 4273/6208
f 4257/6192 4256/6191 4274/6209
f 4274/6209 4271/6206 4257/6192
f 4272/6207 4273/6208 4229/6162
f 4227/6158 4228/6159 4273/6208
f 4273/6208 4226/6156 4227/6158
f 4273/6208 4228/6159 4229/6162
f 4218/6147 4262/6197 4260/6195
f 4260/6195 4219/6148 4218/6147
f 4275/6210 4276/6211 4379/6212
f 4379/6212 4277/6213 4275/6210
f 4278/6214 4382/6215 4147/6040
f 4279/6216 4384/6217 4278/6214
f 4278/6214 4280/6218 4279/6216
f 4384/6217 4382/6215 4278/6214
f 4281/6219 4279/6216 4280/6218
f 4280/6218 4282/6220 4281/6219
f 4281/6219 4385/6221 4283/6222
f 4277/6213 4387/6223 4389/6224
f 4389/6224 4275/6210 4277/6213
f 4392/6225 4284/6226 4389/6224
f 4389/6224 4285/6227 4392/6225
f 4284/6226 4392/6225 4286/6228
f 4287/6229 4288/6230 4276/6211
f 4276/6211 4275/6210 4287/6229
f 4289/6231 4280/6218 4278/6214
f 4278/6214 4288/6230 4289/6231
f 4287/6229 4289/6231 4288/6230
f 4282/6220 4280/6218 4289/6231
f 4284/6226 4287/6229 4275/6210
f 4275/6210 4389/6224 4284/6226
f 4286/6228 4290/6232 4287/6229
f 4287/6229 4284/6226 4286/6228
f 4290/6232 4291/6233 4289/6231
f 4289/6231 4287/6229 4290/6232
f 4282/6220 4289/6231 4291/6233
f 4291/6233 4292/6234 4282/6220
f 4293/6235 4286/6228 4394/6236
f 4394/6236 4294/6237 4293/6235
f 4295/6238 4293/6235 4294/6237
f 4294/6237 4397/6239 4295/6238
f 4295/6238 4397/6239 4398/6240
f 4296/6241 4295/6238 4398/6240
f 4398/6240 4297/6242 4296/6241
f 4296/6241 4297/6242 4400/6243
f 4400/6243 4298/6244 4296/6241
f 4299/6245 4300/6246 4298/6244
f 4298/6244 4400/6243 4299/6245
f 4295/6238 4296/6241 4301/6247
f 4301/6247 4302/6248 4295/6238
f 4293/6235 4295/6238 4302/6248
f 4302/6248 4303/6249 4293/6235
f 4303/6249 4286/6228 4293/6235
f 4304/6250 4300/6246 4299/6245
f 4299/6245 4401/6251 4304/6250
f 4403/6252 4304/6250 4401/6251
f 4304/6250 4403/6252 4405/6253
f 4405/6253 4305/6254 4304/6250
f 4407/6255 4305/6254 4405/6253
f 4306/6256 4307/6257 4408/6258
f 4307/6257 4306/6256 4305/6254
f 4305/6254 4407/6255 4307/6257
f 4308/6259 4306/6256 4408/6258
f 4408/6258 4409/6260 4308/6259
f 4309/6261 4308/6259 4409/6260
f 4409/6260 4410/6262 4309/6261
f 4413/6263 4310/6264 4311/6265
f 4310/6264 4309/6261 4410/6262
f 4410/6262 4311/6265 4310/6264
f 4413/6263 4417/6266 4312/6267
f 4312/6267 4310/6264 4413/6263
f 4313/6268 4314/6269 4416/6270
f 4313/6268 4312/6267 4417/6266
f 4417/6266 4314/6269 4313/6268
f 4315/6271 4316/6272 4313/6268
f 4313/6268 4416/6270 4315/6271
f 4317/6273 4316/6272 4315/6271
f 4315/6271 4419/6274 4317/6273
f 4419/6274 4318/6275 4319/6276
f 4319/6276 4317/6273 4419/6274
f 4318/6275 4420/6277 4320/6278
f 4320/6278 4319/6276 4318/6275
f 4298/6244 4321/6279 4301/6247
f 4301/6247 4296/6241 4298/6244
f 4292/6234 4322/6280 4421/6281
f 4421/6281 4385/6221 4292/6234
f 4323/6282 4324/6283 4421/6281
f 4421/6281 4322/6280 4323/6282
f 4323/6282 4325/6284 4422/6285
f 4422/6285 4324/6283 4323/6282
f 4325/6284 4326/6286 4424/6287
f 4424/6287 4422/6285 4325/6284
f 4327/6288 4426/6289 4424/6287
f 4424/6287 4326/6286 4327/6288
f 4428/6290 4431/6291 4327/6288
f 4327/6288 4328/6292 4428/6290
f 4327/6288 4431/6291 4426/6289
f 4428/6290 4328/6292 4329/6293
f 4329/6293 4330/6294 4428/6290
f 4331/6295 4330/6294 4329/6293
f 4432/6296 4330/6294 4331/6295
f 4331/6295 4332/6297 4432/6296
f 4333/6298 4435/6299 4436/6300
f 4436/6300 4334/6301 4333/6298
f 4335/6302 4336/6303 4437/6304
f 4437/6304 4337/6305 4335/6302
f 4333/6298 4335/6302 4337/6305
f 4337/6305 4435/6299 4333/6298
f 4336/6303 4338/6306 4339/6307
f 4339/6307 4437/6304 4336/6303
f 4338/6306 4340/6308 4439/6309
f 4439/6309 4339/6307 4338/6306
f 4341/6310 4342/6311 4439/6309
f 4439/6309 4340/6308 4341/6310
f 4342/6311 4341/6310 4343/6312
f 4343/6312 4344/6313 4342/6311
f 4343/6312 4345/6314 4442/6315
f 4442/6315 4344/6313 4343/6312
f 4442/6315 4345/6314 4346/6316
f 4446/6317 4346/6316 4345/6314
f 4345/6314 4347/6318 4446/6317
f 4347/6318 4348/6319 4447/6320
f 4447/6320 4446/6317 4347/6318
f 4348/6319 4349/6321 4448/6322
f 4448/6322 4447/6320 4348/6319
f 4349/6321 4350/6323 4449/6324
f 4449/6324 4448/6322 4349/6321
f 4351/6325 4352/6326 4450/6327
f 4351/6325 4450/6327 4449/6324
f 4449/6324 4350/6323 4351/6325
f 4352/6326 4351/6325 4353/6328
f 4353/6328 4354/6329 4352/6326
f 4353/6328 4320/6278 4420/6277
f 4420/6277 4354/6329 4353/6328
f 4355/6330 4301/6247 4321/6279
f 4321/6279 4356/6331 4355/6330
f 4326/6286 4355/6330 4356/6331
f 4356/6331 4327/6288 4326/6286
f 4357/6332 4355/6330 4325/6284
f 4325/6284 4323/6282 4357/6332
f 4355/6330 4326/6286 4325/6284
f 4355/6330 4357/6332 4302/6248
f 4302/6248 4301/6247 4355/6330
f 4357/6332 4358/6333 4303/6249
f 4303/6249 4302/6248 4357/6332
f 4357/6332 4323/6282 4322/6280
f 4322/6280 4358/6333 4357/6332
f 4322/6280 4292/6234 4291/6233
f 4291/6233 4358/6333 4322/6280
f 4358/6333 4291/6233 4290/6232
f 4290/6232 4303/6249 4358/6333
f 4328/6292 4356/6331 4329/6293
f 4356/6331 4321/6279 4359/6334
f 4359/6334 4329/6293 4356/6331
f 4359/6334 4321/6279 4298/6244
f 4298/6244 4300/6246 4359/6334
f 4300/6246 4304/6250 4360/6335
f 4360/6335 4359/6334 4300/6246
f 4305/6254 4361/6336 4360/6335
f 4360/6335 4304/6250 4305/6254
f 4306/6256 4361/6336 4305/6254
f 4308/6259 4361/6336 4306/6256
f 4362/6337 4310/6264 4312/6267
f 4312/6267 4363/6338 4362/6337
f 4309/6261 4310/6264 4362/6337
f 4312/6267 4313/6268 4364/6339
f 4364/6339 4363/6338 4312/6267
f 4316/6272 4365/6340 4364/6339
f 4364/6339 4313/6268 4316/6272
f 4361/6336 4366/6341 4359/6334
f 4359/6334 4360/6335 4361/6336
f 4366/6341 4331/6295 4329/6293
f 4329/6293 4359/6334 4366/6341
f 4367/6342 4366/6341 4361/6336
f 4361/6336 4308/6259 4367/6342
f 4366/6341 4368/6343 4332/6297
f 4332/6297 4331/6295 4366/6341
f 4367/6342 4368/6343 4366/6341
f 4369/6344 4367/6342 4308/6259
f 4308/6259 4309/6261 4369/6344
f 4370/6345 4368/6343 4367/6342
f 4367/6342 4369/6344 4370/6345
f 4333/6298 4334/6301 4368/6343
f 4368/6343 4370/6345 4333/6298
f 4362/6337 4371/6346 4370/6345
f 4370/6345 4369/6344 4362/6337
f 4309/6261 4362/6337 4369/6344
f 4371/6346 4335/6302 4333/6298
f 4333/6298 4370/6345 4371/6346
f 4363/6338 4372/6347 4371/6346
f 4371/6346 4362/6337 4363/6338
f 4372/6347 4336/6303 4335/6302
f 4335/6302 4371/6346 4372/6347
f 4351/6325 4350/6323 4373/6348
f 4373/6348 4374/6349 4351/6325
f 4353/6328 4374/6349 4320/6278
f 4350/6323 4349/6321 4373/6348
f 4375/6350 4319/6276 4320/6278
f 4320/6278 4374/6349 4375/6350
f 4376/6351 4375/6350 4374/6349
f 4374/6349 4373/6348 4376/6351
f 4376/6351 4373/6348 4348/6319
f 4348/6319 4347/6318 4376/6351
f 4376/6351 4347/6318 4345/6314
f 4365/6340 4316/6272 4317/6273
f 4319/6276 4375/6350 4365/6340
f 4365/6340 4317/6273 4319/6276
f 4377/6352 4365/6340 4375/6350
f 4375/6350 4376/6351 4377/6352
f 4343/6312 4377/6352 4376/6351
f 4376/6351 4345/6314 4343/6312
f 4338/6306 4336/6303 4372/6347
f 4372/6347 4378/6353 4338/6306
f 4372/6347 4363/6338 4364/6339
f 4364/6339 4378/6353 4372/6347
f 4378/6353 4364/6339 4365/6340
f 4365/6340 4377/6352 4378/6353
f 4377/6352 4343/6312 4378/6353
f 4340/6308 4338/6306 4378/6353
f 4378/6353 4341/6310 4340/6308
f 4378/6353 4343/6312 4341/6310
f 4379/6354 4380/6355 4381/6356
f 4381/6356 4277/6357 4379/6354
f 4382/6358 4383/6359 4151/6360
f 4151/6360 4147/6361 4382/6358
f 4279/6362 4158/6363 4161/6364
f 4161/6364 4384/6365 4279/6362
f 4384/6365 4161/6364 4383/6359
f 4383/6359 4382/6358 4384/6365
f 4281/6366 4162/6367 4158/6363
f 4158/6363 4279/6362 4281/6366
f 4385/6368 4164/6369 4386/6370
f 4386/6370 4283/6371 4385/6368
f 4283/6372 4386/6373 4162/6367
f 4162/6367 4281/6366 4283/6372
f 4277/6357 4381/6356 4388/6374
f 4388/6374 4387/6375 4277/6357
f 4387/6376 4388/6377 4390/6378
f 4390/6378 4389/6379 4387/6376
f 4389/6380 4390/6381 4167/6382
f 4167/6382 4285/6383 4389/6380
f 4391/6384 4392/6385 4285/6383
f 4285/6383 4167/6382 4391/6384
f 4392/6386 4391/6387 4393/6388
f 4393/6388 4286/6389 4392/6386
f 4286/6389 4393/6388 4174/6390
f 4174/6390 4394/6391 4286/6389
f 4394/6392 4174/6393 4395/6394
f 4395/6394 4294/6395 4394/6392
f 4294/6395 4395/6394 4396/6396
f 4396/6396 4397/6397 4294/6395
f 4397/6397 4396/6396 4176/6398
f 4176/6398 4398/6399 4397/6397
f 4398/6399 4176/6398 4178/6400
f 4178/6400 4297/6401 4398/6399
f 4297/6401 4178/6400 4399/6402
f 4399/6402 4400/6403 4297/6401
f 4400/6403 4399/6402 4180/6404
f 4180/6404 4299/6405 4400/6403
f 4299/6405 4180/6404 4186/6406
f 4186/6406 4401/6407 4299/6405
f 4401/6407 4186/6406 4402/6408
f 4402/6408 4403/6409 4401/6407
f 4403/6409 4402/6408 4404/6410
f 4404/6410 4405/6411 4403/6409
f 4405/6411 4404/6410 4406/6412
f 4406/6412 4407/6413 4405/6411
f 4307/6414 4188/6415 4190/6416
f 4190/6416 4408/6417 4307/6414
f 4407/6413 4406/6412 4188/6415
f 4188/6415 4307/6414 4407/6413
f 4408/6417 4190/6416 4192/6418
f 4192/6418 4409/6419 4408/6417
f 4409/6419 4192/6418 4194/6420
f 4194/6420 4410/6421 4409/6419
f 4311/6422 4411/6423 4412/6424
f 4412/6424 4413/6425 4311/6422
f 4410/6421 4194/6420 4411/6423
f 4411/6423 4311/6422 4410/6421
f 4413/6425 4412/6424 4198/6426
f 4198/6426 4417/6427 4413/6425
f 4314/6428 4414/6429 4415/6430
f 4415/6430 4416/6431 4314/6428
f 4417/6432 4198/6433 4414/6429
f 4414/6429 4314/6428 4417/6432
f 4416/6431 4415/6430 4418/6434
f 4418/6434 4315/6435 4416/6431
f 4315/6435 4418/6434 4202/6436
f 4202/6436 4419/6437 4315/6435
f 4419/6437 4202/6436 4204/6438
f 4204/6438 4318/6439 4419/6437
f 4318/6439 4204/6438 4206/6440
f 4206/6440 4420/6441 4318/6439
f 4421/6442 4208/6443 4164/6369
f 4164/6369 4385/6368 4421/6442
f 4324/6444 4211/6445 4208/6443
f 4208/6443 4421/6442 4324/6444
f 4422/6446 4423/6447 4211/6445
f 4211/6445 4324/6444 4422/6446
f 4424/6448 4425/6449 4423/6447
f 4423/6447 4422/6446 4424/6448
f 4426/6450 4427/6451 4425/6449
f 4425/6449 4424/6448 4426/6450
f 4428/6452 4429/6453 4430/6454
f 4430/6454 4431/6455 4428/6452
f 4431/6455 4430/6454 4427/6451
f 4427/6451 4426/6450 4431/6455
f 4330/6456 4434/6457 4429/6453
f 4429/6453 4428/6452 4330/6456
f 4432/6458 4433/6459 4434/6460
f 4434/6460 4330/6461 4432/6458
f 4435/6462 4221/6463 4220/6464
f 4220/6464 4436/6465 4435/6462
f 4436/6465 4220/6464 4433/6459
f 4433/6459 4432/6458 4436/6465
f 4437/6466 4438/6467 4223/6468
f 4223/6468 4337/6469 4437/6466
f 4337/6469 4223/6468 4221/6463
f 4221/6463 4435/6462 4337/6469
f 4339/6470 4225/6471 4438/6467
f 4438/6467 4437/6466 4339/6470
f 4439/6472 4440/6473 4225/6471
f 4225/6471 4339/6470 4439/6472
f 4342/6474 4441/6475 4440/6473
f 4440/6473 4439/6472 4342/6474
f 4344/6476 4444/6477 4441/6475
f 4441/6475 4342/6474 4344/6476
f 4442/6478 4443/6479 4444/6480
f 4444/6480 4344/6481 4442/6478
f 4346/6482 4445/6483 4443/6479
f 4443/6479 4442/6478 4346/6482
f 4446/6484 4232/6485 4445/6483
f 4445/6483 4346/6482 4446/6484
f 4447/6486 4234/6487 4232/6485
f 4232/6485 4446/6484 4447/6486
f 4448/6488 4236/6489 4234/6487
f 4234/6487 4447/6486 4448/6488
f 4449/6490 4238/6491 4236/6489
f 4236/6489 4448/6488 4449/6490
f 4352/6492 4243/6493 4242/6494
f 4242/6494 4450/6495 4352/6492
f 4450/6495 4242/6494 4238/6491
f 4238/6491 4449/6490 4450/6495
f 4354/6496 4244/6497 4243/6493
f 4243/6493 4352/6492 4354/6496
f 4420/6441 4206/6440 4244/6497
f 4244/6497 4354/6496 4420/6441
f 4332/6297 4334/6301 4436/6300
f 4436/6300 4432/6296 4332/6297
f 4368/6343 4334/6301 4332/6297
f 4260/6195 4217/6146 4219/6148
f 4217/6146 4433/6145 4220/6149
f 4220/6149 4219/6148 4217/6146
f 4327/6288 4356/6331 4328/6292
f 4373/6348 4349/6321 4348/6319
f 4353/6328 4351/6325 4374/6349
f 4290/6232 4286/6228 4303/6249
f 4385/6221 4281/6219 4282/6220
f 4282/6220 4292/6234 4385/6221
f 4162/6069 4386/6498 4164/6071
f 4184/6098 4393/6078 4171/6082
f 4429/6141 4215/6143 4214/6138
f 4214/6138 4430/6140 4429/6141
f 4267/6202 4240/6175 4245/6180
f 4188/6105 4406/6104 4187/6102
f 4148/6499 4144/6500 4380/6355
f 4380/6355 4379/6354 4148/6499
f 4276/6211 4148/6043 4379/6212
f 4288/6230 4147/6040 4148/6043
f 4148/6043 4276/6211 4288/6230
f 4151/6051 4383/6068 4160/6066
f 4169/6080 4144/6048 4151/6051
f 4151/6051 4160/6066 4169/6080
f 4169/6080 4157/6063 4144/6048
f 4288/6230 4278/6214 4147/6040
f 4455/6501 4454/6502 4453/6503
f 4453/6503 4456/6504 4455/6501
f 4451/6505 4452/6506 4453/6507
f 4453/6507 4454/6508 4451/6505
f 4451/6509 4458/6510 4457/6511
f 4457/6511 4452/6512 4451/6509
f 4455/6513 4456/6514 4457/6515
f 4457/6515 4458/6516 4455/6513
f 4459/6517 4460/6518 4462/6519
f 4462/6519 4461/6520 4459/6517
f 4464/6521 4461/6522 4462/6523
f 4462/6523 4463/6524 4464/6521
f 4464/6525 4463/6526 4466/6527
f 4466/6527 4465/6528 4464/6525
f 4459/6529 4465/6530 4466/6531
f 4466/6531 4460/6532 4459/6529
f 4456/6514 4459/6517 4461/6520
f 4461/6520 4457/6515 4456/6514
f 4452/6512 4457/6511 4461/6522
f 4461/6522 4464/6521 4452/6512
f 4452/6506 4464/6525 4465/6528
f 4465/6528 4453/6507 4452/6506
f 4456/6504 4453/6503 4465/6530
f 4465/6530 4459/6529 4456/6504
f 4467/6533 4700/6534 4468/6535
f 4468/6535 4469/6536 4467/6533
f 4455/6513 4469/6536 4468/6535
f 4705/6537 4470/6538 4471/6539
f 4471/6539 4706/6540 4705/6537
f 4706/6540 4471/6539 4703/6541
f 4472/6542 4473/6543 4470/6538
f 4470/6538 4705/6537 4472/6542
f 4474/6544 4475/6545 4473/6543
f 4473/6543 4472/6542 4474/6544
f 4700/6534 4467/6533 4476/6546
f 4476/6546 4477/6547 4700/6534
f 4478/6548 4479/6549 4480/6550
f 4480/6550 4476/6546 4478/6548
f 4478/6548 4481/6551 4479/6549
f 4482/6552 4467/6533 4469/6536
f 4469/6536 4483/6553 4482/6552
f 4484/6554 4483/6553 4471/6539
f 4471/6539 4470/6538 4484/6554
f 4482/6552 4483/6553 4484/6554
f 4473/6543 4484/6554 4470/6538
f 4482/6552 4478/6548 4476/6546
f 4476/6546 4467/6533 4482/6552
f 4481/6551 4478/6548 4482/6552
f 4482/6552 4485/6555 4481/6551
f 4485/6555 4482/6552 4484/6554
f 4484/6554 4486/6556 4485/6555
f 4473/6543 4475/6545 4486/6556
f 4486/6556 4484/6554 4473/6543
f 4487/6557 4715/6558 4488/6559
f 4488/6559 4481/6551 4487/6557
f 4489/6560 4716/6561 4715/6558
f 4715/6558 4487/6557 4489/6560
f 4489/6560 4717/6562 4716/6561
f 4490/6563 4718/6564 4717/6562
f 4717/6562 4489/6560 4490/6563
f 4490/6563 4491/6565 4719/6566
f 4719/6566 4718/6564 4490/6563
f 4492/6567 4719/6566 4491/6565
f 4491/6565 4493/6568 4492/6567
f 4489/6560 4494/6569 4495/6570
f 4495/6570 4490/6563 4489/6560
f 4487/6557 4496/6571 4494/6569
f 4494/6569 4489/6560 4487/6557
f 4481/6551 4496/6571 4487/6557
f 4497/6572 4720/6573 4492/6567
f 4492/6567 4493/6568 4497/6572
f 4721/6574 4720/6573 4497/6572
f 4497/6572 4498/6575 4723/6576
f 4723/6576 4721/6574 4497/6572
f 4724/6577 4723/6576 4498/6575
f 4499/6578 4498/6575 4500/6579
f 4500/6579 4501/6580 4499/6578
f 4502/6581 4726/6582 4501/6580
f 4501/6580 4500/6579 4502/6581
f 4503/6583 4504/6584 4726/6582
f 4726/6582 4502/6581 4503/6583
f 4505/6585 4729/6586 4506/6587
f 4506/6587 4507/6588 4505/6585
f 4506/6587 4729/6586 4504/6584
f 4504/6584 4503/6583 4506/6587
f 4505/6585 4507/6588 4508/6589
f 4508/6589 4730/6590 4505/6585
f 4509/6591 4510/6592 4732/6593
f 4509/6591 4732/6593 4730/6590
f 4730/6590 4508/6589 4509/6591
f 4511/6594 4510/6592 4509/6591
f 4509/6591 4512/6595 4511/6594
f 4513/6596 4514/6597 4511/6594
f 4511/6594 4512/6595 4513/6596
f 4514/6597 4513/6596 4515/6598
f 4515/6598 4516/6599 4514/6597
f 4516/6599 4515/6598 4517/6600
f 4517/6600 4734/6601 4516/6599
f 4491/6565 4490/6563 4495/6570
f 4495/6570 4518/6602 4491/6565
f 4475/6545 4474/6544 4519/6603
f 4519/6603 4520/6604 4475/6545
f 4521/6605 4520/6604 4519/6603
f 4519/6603 4737/6606 4521/6605
f 4521/6605 4737/6606 4739/6607
f 4739/6607 4522/6608 4521/6605
f 4522/6608 4739/6607 4523/6609
f 4523/6609 4524/6610 4522/6608
f 4525/6611 4524/6610 4523/6609
f 4523/6609 4740/6612 4525/6611
f 4525/6611 4740/6612 4741/6613
f 4526/6614 4745/6615 4527/6616
f 4528/6617 4527/6616 4745/6615
f 4744/6618 4529/6619 4528/6617
f 4528/6617 4745/6615 4744/6618
f 4530/6620 4531/6621 4746/6622
f 4746/6622 4532/6623 4530/6620
f 4533/6624 4534/6625 4535/6626
f 4535/6626 4536/6627 4533/6624
f 4530/6620 4532/6623 4534/6625
f 4534/6625 4533/6624 4530/6620
f 4536/6627 4535/6626 4537/6628
f 4537/6628 4538/6629 4536/6627
f 4538/6629 4537/6628 4539/6630
f 4539/6630 4540/6631 4538/6629
f 4541/6632 4540/6631 4539/6630
f 4539/6630 4542/6633 4541/6632
f 4542/6633 4543/6634 4544/6635
f 4544/6635 4541/6632 4542/6633
f 4544/6635 4543/6634 4545/6636
f 4545/6636 4546/6637 4544/6635
f 4545/6636 4547/6638 4548/6639
f 4548/6639 4546/6637 4545/6636
f 4754/6640 4549/6641 4548/6639
f 4548/6639 4547/6638 4754/6640
f 4549/6641 4754/6640 4550/6642
f 4550/6642 4551/6643 4549/6641
f 4551/6643 4550/6642 4756/6644
f 4756/6644 4552/6645 4551/6643
f 4552/6645 4756/6644 4757/6646
f 4757/6646 4553/6647 4552/6645
f 4554/6648 4555/6649 4758/6650
f 4758/6650 4556/6651 4554/6648
f 4555/6649 4553/6647 4757/6646
f 4757/6646 4758/6650 4555/6649
f 4556/6651 4761/6652 4557/6653
f 4557/6653 4554/6648 4556/6651
f 4557/6653 4761/6652 4734/6601
f 4734/6601 4517/6600 4557/6653
f 4558/6654 4559/6655 4518/6602
f 4518/6602 4495/6570 4558/6654
f 4524/6610 4525/6611 4559/6655
f 4559/6655 4558/6654 4524/6610
f 4560/6656 4521/6605 4522/6608
f 4522/6608 4558/6654 4560/6656
f 4558/6654 4522/6608 4524/6610
f 4558/6654 4495/6570 4494/6569
f 4494/6569 4560/6656 4558/6654
f 4560/6656 4494/6569 4496/6571
f 4496/6571 4561/6657 4560/6656
f 4560/6656 4561/6657 4520/6604
f 4520/6604 4521/6605 4560/6656
f 4520/6604 4561/6657 4486/6556
f 4486/6556 4475/6545 4520/6604
f 4561/6657 4496/6571 4485/6555
f 4485/6555 4486/6556 4561/6657
f 4527/6616 4559/6655 4525/6611
f 4559/6655 4527/6616 4562/6658
f 4562/6658 4518/6602 4559/6655
f 4562/6658 4493/6568 4491/6565
f 4491/6565 4518/6602 4562/6658
f 4493/6568 4562/6658 4563/6659
f 4563/6659 4497/6572 4493/6568
f 4498/6575 4497/6572 4563/6659
f 4563/6659 4564/6660 4498/6575
f 4500/6579 4498/6575 4564/6660
f 4564/6660 4565/6661 4500/6579
f 4502/6581 4500/6579 4565/6661
f 4502/6581 4565/6661 4566/6662
f 4566/6662 4503/6583 4502/6581
f 4507/6588 4506/6587 4567/6663
f 4567/6663 4508/6589 4507/6588
f 4503/6583 4566/6662 4567/6663
f 4567/6663 4506/6587 4503/6583
f 4508/6589 4568/6664 4509/6591
f 4512/6595 4509/6591 4568/6664
f 4568/6664 4569/6665 4512/6595
f 4564/6660 4563/6659 4562/6658
f 4562/6658 4570/6666 4564/6660
f 4570/6666 4562/6658 4527/6616
f 4527/6616 4528/6617 4570/6666
f 4565/6661 4564/6660 4570/6666
f 4570/6666 4571/6667 4565/6661
f 4570/6666 4528/6617 4529/6619
f 4529/6619 4572/6668 4570/6666
f 4571/6667 4570/6666 4572/6668
f 4573/6669 4566/6662 4565/6661
f 4565/6661 4571/6667 4573/6669
f 4574/6670 4573/6669 4571/6667
f 4571/6667 4572/6668 4574/6670
f 4575/6671 4573/6669 4574/6670
f 4574/6670 4576/6672 4575/6671
f 4566/6662 4573/6669 4575/6671
f 4575/6671 4567/6663 4566/6662
f 4576/6672 4574/6670 4530/6620
f 4530/6620 4533/6624 4576/6672
f 4577/6673 4575/6671 4576/6672
f 4576/6672 4578/6674 4577/6673
f 4578/6674 4576/6672 4533/6624
f 4533/6624 4536/6627 4578/6674
f 4567/6663 4575/6671 4577/6673
f 4577/6673 4508/6589 4567/6663
f 4579/6675 4553/6647 4555/6649
f 4555/6649 4554/6648 4579/6675
f 4552/6645 4553/6647 4579/6675
f 4552/6645 4579/6675 4580/6676
f 4580/6676 4551/6643 4552/6645
f 4580/6676 4579/6675 4557/6653
f 4557/6653 4517/6600 4580/6676
f 4581/6677 4580/6676 4517/6600
f 4517/6600 4515/6598 4581/6677
f 4582/6678 4580/6676 4581/6677
f 4582/6678 4549/6641 4551/6643
f 4551/6643 4580/6676 4582/6678
f 4582/6678 4546/6637 4548/6639
f 4548/6639 4549/6641 4582/6678
f 4569/6665 4583/6679 4513/6596
f 4513/6596 4512/6595 4569/6665
f 4515/6598 4513/6596 4583/6679
f 4583/6679 4581/6677 4515/6598
f 4584/6680 4582/6678 4581/6677
f 4581/6677 4583/6679 4584/6680
f 4544/6635 4546/6637 4582/6678
f 4582/6678 4584/6680 4544/6635
f 4538/6629 4585/6681 4578/6674
f 4578/6674 4536/6627 4538/6629
f 4578/6674 4585/6681 4586/6682
f 4586/6682 4577/6673 4578/6674
f 4568/6664 4508/6589 4577/6673
f 4577/6673 4586/6682 4568/6664
f 4585/6681 4584/6680 4583/6679
f 4583/6679 4586/6682 4585/6681
f 4569/6665 4568/6664 4586/6682
f 4586/6682 4583/6679 4569/6665
f 4584/6680 4585/6681 4544/6635
f 4540/6631 4541/6632 4585/6681
f 4585/6681 4538/6629 4540/6631
f 4585/6681 4541/6632 4544/6635
f 4530/6620 4574/6670 4572/6668
f 4572/6668 4531/6621 4530/6620
f 4587/6683 4588/6684 4699/6685
f 4699/6685 4701/6686 4587/6683
f 4589/6687 4702/6688 4451/6505
f 4704/6689 4707/6690 4589/6687
f 4589/6687 4590/6691 4704/6689
f 4707/6690 4702/6688 4589/6687
f 4708/6692 4704/6689 4590/6691
f 4590/6691 4591/6693 4708/6692
f 4708/6692 4709/6694 4592/6695
f 4701/6686 4711/6696 4593/6697
f 4593/6697 4587/6683 4701/6686
f 4713/6698 4594/6699 4593/6697
f 4593/6697 4712/6700 4713/6698
f 4594/6699 4713/6698 4714/6701
f 4595/6702 4596/6703 4588/6684
f 4588/6684 4587/6683 4595/6702
f 4597/6704 4590/6691 4589/6687
f 4589/6687 4596/6703 4597/6704
f 4595/6702 4597/6704 4596/6703
f 4591/6693 4590/6691 4597/6704
f 4594/6699 4595/6702 4587/6683
f 4587/6683 4593/6697 4594/6699
f 4714/6701 4598/6705 4595/6702
f 4595/6702 4594/6699 4714/6701
f 4598/6705 4599/6706 4597/6704
f 4597/6704 4595/6702 4598/6705
f 4591/6693 4597/6704 4599/6706
f 4599/6706 4600/6707 4591/6693
f 4601/6708 4714/6701 4602/6709
f 4602/6709 4603/6710 4601/6708
f 4604/6711 4601/6708 4603/6710
f 4603/6710 4605/6712 4604/6711
f 4604/6711 4605/6712 4606/6713
f 4607/6714 4604/6711 4606/6713
f 4606/6713 4608/6715 4607/6714
f 4607/6714 4608/6715 4609/6716
f 4609/6716 4610/6717 4607/6714
f 4611/6718 4612/6719 4610/6717
f 4610/6717 4609/6716 4611/6718
f 4604/6711 4607/6714 4613/6720
f 4613/6720 4614/6721 4604/6711
f 4601/6708 4604/6711 4614/6721
f 4614/6721 4615/6722 4601/6708
f 4615/6722 4714/6701 4601/6708
f 4616/6723 4612/6719 4611/6718
f 4611/6718 4617/6724 4616/6723
f 4722/6725 4616/6723 4617/6724
f 4616/6723 4722/6725 4618/6726
f 4618/6726 4619/6727 4616/6723
f 4725/6728 4619/6727 4618/6726
f 4620/6729 4621/6730 4622/6731
f 4621/6730 4620/6729 4619/6727
f 4619/6727 4725/6728 4621/6730
f 4623/6732 4620/6729 4622/6731
f 4622/6731 4727/6733 4623/6732
f 4624/6734 4623/6732 4727/6733
f 4727/6733 4625/6735 4624/6734
f 4626/6736 4627/6737 4728/6738
f 4627/6737 4624/6734 4625/6735
f 4625/6735 4728/6738 4627/6737
f 4626/6736 4628/6739 4629/6740
f 4629/6740 4627/6737 4626/6736
f 4630/6741 4731/6742 4631/6743
f 4630/6741 4629/6740 4628/6739
f 4628/6739 4731/6742 4630/6741
f 4632/6744 4633/6745 4630/6741
f 4630/6741 4631/6743 4632/6744
f 4634/6746 4633/6745 4632/6744
f 4632/6744 4733/6747 4634/6746
f 4733/6747 4635/6748 4636/6749
f 4636/6749 4634/6746 4733/6747
f 4635/6748 4637/6750 4638/6751
f 4638/6751 4636/6749 4635/6748
f 4610/6717 4639/6752 4613/6720
f 4613/6720 4607/6714 4610/6717
f 4600/6707 4640/6753 4735/6754
f 4735/6754 4709/6694 4600/6707
f 4641/6755 4736/6756 4735/6754
f 4735/6754 4640/6753 4641/6755
f 4641/6755 4642/6757 4738/6758
f 4738/6758 4736/6756 4641/6755
f 4642/6757 4643/6759 4644/6760
f 4644/6760 4738/6758 4642/6757
f 4645/6761 4646/6762 4644/6760
f 4644/6760 4643/6759 4645/6761
f 4647/6763 4742/6764 4645/6761
f 4645/6761 4648/6765 4647/6763
f 4645/6761 4742/6764 4646/6762
f 4647/6763 4648/6765 4649/6766
f 4649/6766 4650/6767 4647/6763
f 4651/6768 4650/6767 4649/6766
f 4743/6769 4650/6767 4651/6768
f 4651/6768 4652/6770 4743/6769
f 4653/6771 4654/6772 4747/6773
f 4747/6773 4655/6774 4653/6771
f 4656/6775 4657/6776 4748/6777
f 4748/6777 4658/6778 4656/6775
f 4653/6771 4656/6775 4658/6778
f 4658/6778 4654/6772 4653/6771
f 4657/6776 4659/6779 4749/6780
f 4749/6780 4748/6777 4657/6776
f 4659/6779 4660/6781 4661/6782
f 4661/6782 4749/6780 4659/6779
f 4662/6783 4750/6784 4661/6782
f 4661/6782 4660/6781 4662/6783
f 4750/6784 4662/6783 4663/6785
f 4663/6785 4751/6786 4750/6784
f 4663/6785 4664/6787 4665/6788
f 4665/6788 4751/6786 4663/6785
f 4665/6788 4664/6787 4752/6789
f 4753/6790 4752/6789 4664/6787
f 4664/6787 4666/6791 4753/6790
f 4666/6791 4667/6792 4755/6793
f 4755/6793 4753/6790 4666/6791
f 4667/6792 4668/6794 4669/6795
f 4669/6795 4755/6793 4667/6792
f 4668/6794 4670/6796 4671/6797
f 4671/6797 4669/6795 4668/6794
f 4672/6798 4673/6799 4759/6800
f 4672/6798 4759/6800 4671/6797
f 4671/6797 4670/6796 4672/6798
f 4673/6799 4672/6798 4674/6801
f 4674/6801 4760/6802 4673/6799
f 4674/6801 4638/6751 4637/6750
f 4637/6750 4760/6802 4674/6801
f 4675/6803 4613/6720 4639/6752
f 4639/6752 4676/6804 4675/6803
f 4643/6759 4675/6803 4676/6804
f 4676/6804 4645/6761 4643/6759
f 4677/6805 4675/6803 4642/6757
f 4642/6757 4641/6755 4677/6805
f 4675/6803 4643/6759 4642/6757
f 4675/6803 4677/6805 4614/6721
f 4614/6721 4613/6720 4675/6803
f 4677/6805 4678/6806 4615/6722
f 4615/6722 4614/6721 4677/6805
f 4677/6805 4641/6755 4640/6753
f 4640/6753 4678/6806 4677/6805
f 4640/6753 4600/6707 4599/6706
f 4599/6706 4678/6806 4640/6753
f 4678/6806 4599/6706 4598/6705
f 4598/6705 4615/6722 4678/6806
f 4648/6765 4676/6804 4649/6766
f 4676/6804 4639/6752 4679/6807
f 4679/6807 4649/6766 4676/6804
f 4679/6807 4639/6752 4610/6717
f 4610/6717 4612/6719 4679/6807
f 4612/6719 4616/6723 4680/6808
f 4680/6808 4679/6807 4612/6719
f 4619/6727 4681/6809 4680/6808
f 4680/6808 4616/6723 4619/6727
f 4620/6729 4681/6809 4619/6727
f 4623/6732 4681/6809 4620/6729
f 4682/6810 4627/6737 4629/6740
f 4629/6740 4683/6811 4682/6810
f 4624/6734 4627/6737 4682/6810
f 4629/6740 4630/6741 4684/6812
f 4684/6812 4683/6811 4629/6740
f 4633/6745 4685/6813 4684/6812
f 4684/6812 4630/6741 4633/6745
f 4681/6809 4686/6814 4679/6807
f 4679/6807 4680/6808 4681/6809
f 4686/6814 4651/6768 4649/6766
f 4649/6766 4679/6807 4686/6814
f 4687/6815 4686/6814 4681/6809
f 4681/6809 4623/6732 4687/6815
f 4686/6814 4688/6816 4652/6770
f 4652/6770 4651/6768 4686/6814
f 4687/6815 4688/6816 4686/6814
f 4689/6817 4687/6815 4623/6732
f 4623/6732 4624/6734 4689/6817
f 4690/6818 4688/6816 4687/6815
f 4687/6815 4689/6817 4690/6818
f 4653/6771 4655/6774 4688/6816
f 4688/6816 4690/6818 4653/6771
f 4682/6810 4691/6819 4690/6818
f 4690/6818 4689/6817 4682/6810
f 4624/6734 4682/6810 4689/6817
f 4691/6819 4656/6775 4653/6771
f 4653/6771 4690/6818 4691/6819
f 4683/6811 4692/6820 4691/6819
f 4691/6819 4682/6810 4683/6811
f 4692/6820 4657/6776 4656/6775
f 4656/6775 4691/6819 4692/6820
f 4672/6798 4670/6796 4693/6821
f 4693/6821 4694/6822 4672/6798
f 4674/6801 4694/6822 4638/6751
f 4670/6796 4668/6794 4693/6821
f 4695/6823 4636/6749 4638/6751
f 4638/6751 4694/6822 4695/6823
f 4696/6824 4695/6823 4694/6822
f 4694/6822 4693/6821 4696/6824
f 4696/6824 4693/6821 4667/6792
f 4667/6792 4666/6791 4696/6824
f 4696/6824 4666/6791 4664/6787
f 4685/6813 4633/6745 4634/6746
f 4636/6749 4695/6823 4685/6813
f 4685/6813 4634/6746 4636/6749
f 4697/6825 4685/6813 4695/6823
f 4695/6823 4696/6824 4697/6825
f 4663/6785 4697/6825 4696/6824
f 4696/6824 4664/6787 4663/6785
f 4659/6779 4657/6776 4692/6820
f 4692/6820 4698/6826 4659/6779
f 4692/6820 4683/6811 4684/6812
f 4684/6812 4698/6826 4692/6820
f 4698/6826 4684/6812 4685/6813
f 4685/6813 4697/6825 4698/6826
f 4697/6825 4663/6785 4698/6826
f 4660/6781 4659/6779 4698/6826
f 4698/6826 4662/6783 4660/6781
f 4698/6826 4663/6785 4662/6783
f 4699/6827 4468/6828 4700/6829
f 4700/6829 4701/6830 4699/6827
f 4702/6831 4703/6832 4458/6833
f 4458/6833 4451/6834 4702/6831
f 4704/6835 4705/6836 4706/6837
f 4706/6837 4707/6838 4704/6835
f 4707/6838 4706/6837 4703/6832
f 4703/6832 4702/6831 4707/6838
f 4708/6839 4472/6840 4705/6836
f 4705/6836 4704/6835 4708/6839
f 4709/6841 4474/6842 4710/6843
f 4710/6843 4592/6844 4709/6841
f 4592/6845 4710/6846 4472/6840
f 4472/6840 4708/6839 4592/6845
f 4701/6830 4700/6829 4477/6847
f 4477/6847 4711/6848 4701/6830
f 4711/6849 4477/6850 4476/6851
f 4476/6851 4593/6852 4711/6849
f 4593/6853 4476/6854 4480/6855
f 4480/6855 4712/6856 4593/6853
f 4479/6857 4713/6858 4712/6856
f 4712/6856 4480/6855 4479/6857
f 4713/6859 4479/6860 4481/6861
f 4481/6861 4714/6862 4713/6859
f 4714/6862 4481/6861 4488/6863
f 4488/6863 4602/6864 4714/6862
f 4602/6865 4488/6866 4715/6867
f 4715/6867 4603/6868 4602/6865
f 4603/6868 4715/6867 4716/6869
f 4716/6869 4605/6870 4603/6868
f 4605/6870 4716/6869 4717/6871
f 4717/6871 4606/6872 4605/6870
f 4606/6872 4717/6871 4718/6873
f 4718/6873 4608/6874 4606/6872
f 4608/6874 4718/6873 4719/6875
f 4719/6875 4609/6876 4608/6874
f 4609/6876 4719/6875 4492/6877
f 4492/6877 4611/6878 4609/6876
f 4611/6878 4492/6877 4720/6879
f 4720/6879 4617/6880 4611/6878
f 4617/6880 4720/6879 4721/6881
f 4721/6881 4722/6882 4617/6880
f 4722/6882 4721/6881 4723/6883
f 4723/6883 4618/6884 4722/6882
f 4618/6884 4723/6883 4724/6885
f 4724/6885 4725/6886 4618/6884
f 4621/6887 4499/6888 4501/6889
f 4501/6889 4622/6890 4621/6887
f 4725/6886 4724/6885 4499/6888
f 4499/6888 4621/6887 4725/6886
f 4622/6890 4501/6889 4726/6891
f 4726/6891 4727/6892 4622/6890
f 4727/6892 4726/6891 4504/6893
f 4504/6893 4625/6894 4727/6892
f 4728/6895 4729/6896 4505/6897
f 4505/6897 4626/6898 4728/6895
f 4625/6894 4504/6893 4729/6896
f 4729/6896 4728/6895 4625/6894
f 4626/6898 4505/6897 4730/6899
f 4730/6899 4628/6900 4626/6898
f 4731/6901 4732/6902 4510/6903
f 4510/6903 4631/6904 4731/6901
f 4628/6905 4730/6906 4732/6902
f 4732/6902 4731/6901 4628/6905
f 4631/6904 4510/6903 4511/6907
f 4511/6907 4632/6908 4631/6904
f 4632/6908 4511/6907 4514/6909
f 4514/6909 4733/6910 4632/6908
f 4733/6910 4514/6909 4516/6911
f 4516/6911 4635/6912 4733/6910
f 4635/6912 4516/6911 4734/6913
f 4734/6913 4637/6914 4635/6912
f 4735/6915 4519/6916 4474/6842
f 4474/6842 4709/6841 4735/6915
f 4736/6917 4737/6918 4519/6916
f 4519/6916 4735/6915 4736/6917
f 4738/6919 4739/6920 4737/6918
f 4737/6918 4736/6917 4738/6919
f 4644/6921 4523/6922 4739/6920
f 4739/6920 4738/6919 4644/6921
f 4646/6923 4740/6924 4523/6922
f 4523/6922 4644/6921 4646/6923
f 4647/6925 4526/6926 4741/6927
f 4741/6927 4742/6928 4647/6925
f 4742/6928 4741/6927 4740/6924
f 4740/6924 4646/6923 4742/6928
f 4650/6929 4745/6930 4526/6926
f 4526/6926 4647/6925 4650/6929
f 4743/6931 4744/6932 4745/6933
f 4745/6933 4650/6934 4743/6931
f 4654/6935 4532/6936 4746/6937
f 4746/6937 4747/6938 4654/6935
f 4747/6938 4746/6937 4744/6932
f 4744/6932 4743/6931 4747/6938
f 4748/6939 4535/6940 4534/6941
f 4534/6941 4658/6942 4748/6939
f 4658/6942 4534/6941 4532/6936
f 4532/6936 4654/6935 4658/6942
f 4749/6943 4537/6944 4535/6940
f 4535/6940 4748/6939 4749/6943
f 4661/6945 4539/6946 4537/6944
f 4537/6944 4749/6943 4661/6945
f 4750/6947 4542/6948 4539/6946
f 4539/6946 4661/6945 4750/6947
f 4751/6949 4543/6950 4542/6948
f 4542/6948 4750/6947 4751/6949
f 4665/6951 4545/6952 4543/6953
f 4543/6953 4751/6954 4665/6951
f 4752/6955 4547/6956 4545/6952
f 4545/6952 4665/6951 4752/6955
f 4753/6957 4754/6958 4547/6956
f 4547/6956 4752/6955 4753/6957
f 4755/6959 4550/6960 4754/6958
f 4754/6958 4753/6957 4755/6959
f 4669/6961 4756/6962 4550/6960
f 4550/6960 4755/6959 4669/6961
f 4671/6963 4757/6964 4756/6962
f 4756/6962 4669/6961 4671/6963
f 4673/6965 4556/6966 4758/6967
f 4758/6967 4759/6968 4673/6965
f 4759/6968 4758/6967 4757/6964
f 4757/6964 4671/6963 4759/6968
f 4760/6969 4761/6970 4556/6966
f 4556/6966 4673/6965 4760/6969
f 4637/6914 4734/6913 4761/6970
f 4761/6970 4760/6969 4637/6914
f 4652/6770 4655/6774 4747/6773
f 4747/6773 4743/6769 4652/6770
f 4688/6816 4655/6774 4652/6770
f 4572/6668 4529/6619 4531/6621
f 4529/6619 4744/6618 4746/6622
f 4746/6622 4531/6621 4529/6619
f 4645/6761 4676/6804 4648/6765
f 4693/6821 4668/6794 4667/6792
f 4674/6801 4672/6798 4694/6822
f 4598/6705 4714/6701 4615/6722
f 4709/6694 4708/6692 4591/6693
f 4591/6693 4600/6707 4709/6694
f 4472/6542 4710/6971 4474/6544
f 4496/6571 4481/6551 4485/6555
f 4526/6614 4527/6616 4525/6611
f 4525/6611 4741/6613 4526/6614
f 4579/6675 4554/6648 4557/6653
f 4499/6578 4724/6577 4498/6575
f 4454/6972 4455/6973 4468/6828
f 4468/6828 4699/6827 4454/6972
f 4588/6684 4454/6508 4699/6685
f 4596/6703 4451/6505 4454/6508
f 4454/6508 4588/6684 4596/6703
f 4458/6516 4703/6541 4471/6539
f 4483/6553 4455/6513 4458/6516
f 4458/6516 4471/6539 4483/6553
f 4483/6553 4469/6536 4455/6513
f 4596/6703 4589/6687 4451/6505
f 4767/6974 4762/6975 4766/6976
f 4766/6976 4763/6977 4767/6974
f 4764/6978 4765/6979 4766/6980
f 4766/6980 4762/6981 4764/6978
f 4764/6982 4769/6983 4768/6984
f 4768/6984 4765/6985 4764/6982
f 4767/6986 4763/6987 4768/6988
f 4768/6988 4769/6989 4767/6986
f 4776/6990 4777/6991 4770/6992
f 4770/6992 4772/6993 4776/6990
f 4771/6994 4772/6995 4770/6996
f 4770/6996 4773/6997 4771/6994
f 4771/6998 4773/6999 4774/7000
f 4774/7000 4775/7001 4771/6998
f 4776/7002 4775/7003 4774/7004
f 4774/7004 4777/7005 4776/7002
f 4763/6987 4776/6990 4772/6993
f 4772/6993 4768/6988 4763/6987
f 4765/6985 4768/6984 4772/6995
f 4772/6995 4771/6994 4765/6985
f 4765/6979 4771/6998 4775/7001
f 4775/7001 4766/6980 4765/6979
f 4763/6977 4766/6976 4775/7003
f 4775/7003 4776/7002 4763/6977
f 4778/7006 5001/7007 4779/7008
f 4779/7008 4780/7009 4778/7006
f 4767/6986 4780/7009 4779/7008
f 5006/7010 4781/7011 4782/7012
f 4782/7012 4783/7013 5006/7010
f 4783/7013 4782/7012 5004/7014
f 5008/7015 4784/7016 4781/7011
f 4781/7011 5006/7010 5008/7015
f 4785/7017 4786/7018 4784/7016
f 4784/7016 5008/7015 4785/7017
f 5001/7007 4778/7006 4787/7019
f 4787/7019 5010/7020 5001/7007
f 4788/7021 5012/7022 4789/7023
f 4789/7023 4787/7019 4788/7021
f 4788/7021 5014/7024 5012/7022
f 4790/7025 4778/7006 4780/7009
f 4780/7009 4791/7026 4790/7025
f 4792/7027 4791/7026 4782/7012
f 4782/7012 4781/7011 4792/7027
f 4790/7025 4791/7026 4792/7027
f 4784/7016 4792/7027 4781/7011
f 4790/7025 4788/7021 4787/7019
f 4787/7019 4778/7006 4790/7025
f 5014/7024 4788/7021 4790/7025
f 4790/7025 4793/7028 5014/7024
f 4793/7028 4790/7025 4792/7027
f 4792/7027 4794/7029 4793/7028
f 4784/7016 4786/7018 4794/7029
f 4794/7029 4792/7027 4784/7016
f 4795/7030 5018/7031 5016/7032
f 5016/7032 5014/7024 4795/7030
f 4796/7033 5020/7034 5018/7031
f 5018/7031 4795/7030 4796/7033
f 4796/7033 4797/7035 5020/7034
f 4798/7036 5023/7037 4797/7035
f 4797/7035 4796/7033 4798/7036
f 4798/7036 4799/7038 5025/7039
f 5025/7039 5023/7037 4798/7036
f 5026/7040 5025/7039 4799/7038
f 4799/7038 4800/7041 5026/7040
f 4796/7033 4801/7042 4802/7043
f 4802/7043 4798/7036 4796/7033
f 4795/7030 4803/7044 4801/7042
f 4801/7042 4796/7033 4795/7030
f 5014/7024 4803/7044 4795/7030
f 4804/7045 5027/7046 5026/7040
f 5026/7040 4800/7041 4804/7045
f 5028/7047 5027/7046 4804/7045
f 4804/7045 4805/7048 5030/7049
f 5030/7049 5028/7047 4804/7045
f 5031/7050 5030/7049 4805/7048
f 4806/7051 4805/7048 4807/7052
f 4807/7052 4808/7053 4806/7051
f 4809/7054 5034/7055 4808/7053
f 4808/7053 4807/7052 4809/7054
f 4810/7056 4811/7057 5034/7055
f 5034/7055 4809/7054 4810/7056
f 4812/7058 4813/7059 4814/7060
f 4814/7060 4815/7061 4812/7058
f 4814/7060 4813/7059 4811/7057
f 4811/7057 4810/7056 4814/7060
f 4812/7058 4815/7061 4816/7062
f 4816/7062 4817/7063 4812/7058
f 4818/7064 4819/7065 5037/7066
f 4818/7064 5037/7066 4817/7063
f 4817/7063 4816/7062 4818/7064
f 5039/7067 4819/7065 4818/7064
f 4818/7064 4820/7068 5039/7067
f 4821/7069 4822/7070 5039/7067
f 5039/7067 4820/7068 4821/7069
f 4822/7070 4821/7069 4823/7071
f 4823/7071 5041/7072 4822/7070
f 5041/7072 4823/7071 4824/7073
f 4824/7073 5043/7074 5041/7072
f 4799/7038 4798/7036 4802/7043
f 4802/7043 4825/7075 4799/7038
f 4786/7018 4785/7017 4826/7076
f 4826/7076 4827/7077 4786/7018
f 4828/7078 4827/7077 4826/7076
f 4826/7076 5045/7079 4828/7078
f 4828/7078 5045/7079 5047/7080
f 5047/7080 4829/7081 4828/7078
f 4829/7081 5047/7080 5048/7082
f 5048/7082 4830/7083 4829/7081
f 4831/7084 4830/7083 5048/7082
f 5048/7082 5049/7085 4831/7084
f 4831/7084 5049/7085 4832/7086
f 5051/7087 5052/7088 4833/7089
f 4834/7090 4833/7089 5052/7088
f 4835/7091 4836/7092 4834/7090
f 4834/7090 5052/7088 4835/7091
f 4837/7093 4838/7094 5055/7095
f 5055/7095 5054/7096 4837/7093
f 4839/7097 5056/7098 4840/7099
f 4840/7099 4841/7100 4839/7097
f 4837/7093 5054/7096 5056/7098
f 5056/7098 4839/7097 4837/7093
f 4841/7100 4840/7099 4842/7101
f 4842/7101 4843/7102 4841/7100
f 4843/7102 4842/7101 5057/7103
f 5057/7103 4844/7104 4843/7102
f 4845/7105 4844/7104 5057/7103
f 5057/7103 5059/7106 4845/7105
f 5059/7106 5063/7107 4846/7108
f 4846/7108 4845/7105 5059/7106
f 4846/7108 5063/7107 5062/7109
f 5062/7109 4847/7110 4846/7108
f 5062/7109 5065/7111 4848/7112
f 4848/7112 4847/7110 5062/7109
f 4849/7113 4850/7114 4848/7112
f 4848/7112 5065/7111 4849/7113
f 4850/7114 4849/7113 5068/7115
f 5068/7115 4851/7116 4850/7114
f 4851/7116 5068/7115 5069/7117
f 5069/7117 4852/7118 4851/7116
f 4852/7118 5069/7117 5071/7119
f 5071/7119 4853/7120 4852/7118
f 4854/7121 4855/7122 4856/7123
f 4856/7123 5072/7124 4854/7121
f 4855/7122 4853/7120 5071/7119
f 5071/7119 4856/7123 4855/7122
f 5072/7124 4857/7125 4858/7126
f 4858/7126 4854/7121 5072/7124
f 4858/7126 4857/7125 5043/7074
f 5043/7074 4824/7073 4858/7126
f 4859/7127 4860/7128 4825/7075
f 4825/7075 4802/7043 4859/7127
f 4830/7083 4831/7084 4860/7128
f 4860/7128 4859/7127 4830/7083
f 4861/7129 4828/7078 4829/7081
f 4829/7081 4859/7127 4861/7129
f 4859/7127 4829/7081 4830/7083
f 4859/7127 4802/7043 4801/7042
f 4801/7042 4861/7129 4859/7127
f 4861/7129 4801/7042 4803/7044
f 4803/7044 4862/7130 4861/7129
f 4861/7129 4862/7130 4827/7077
f 4827/7077 4828/7078 4861/7129
f 4827/7077 4862/7130 4794/7029
f 4794/7029 4786/7018 4827/7077
f 4862/7130 4803/7044 4793/7028
f 4793/7028 4794/7029 4862/7130
f 4833/7089 4860/7128 4831/7084
f 4860/7128 4833/7089 4863/7131
f 4863/7131 4825/7075 4860/7128
f 4863/7131 4800/7041 4799/7038
f 4799/7038 4825/7075 4863/7131
f 4800/7041 4863/7131 4864/7132
f 4864/7132 4804/7045 4800/7041
f 4805/7048 4804/7045 4864/7132
f 4864/7132 4865/7133 4805/7048
f 4807/7052 4805/7048 4865/7133
f 4865/7133 4866/7134 4807/7052
f 4809/7054 4807/7052 4866/7134
f 4809/7054 4866/7134 4867/7135
f 4867/7135 4810/7056 4809/7054
f 4815/7061 4814/7060 4868/7136
f 4868/7136 4816/7062 4815/7061
f 4810/7056 4867/7135 4868/7136
f 4868/7136 4814/7060 4810/7056
f 4816/7062 4869/7137 4818/7064
f 4820/7068 4818/7064 4869/7137
f 4869/7137 4870/7138 4820/7068
f 4865/7133 4864/7132 4863/7131
f 4863/7131 4871/7139 4865/7133
f 4871/7139 4863/7131 4833/7089
f 4833/7089 4834/7090 4871/7139
f 4866/7134 4865/7133 4871/7139
f 4871/7139 4872/7140 4866/7134
f 4871/7139 4834/7090 4836/7092
f 4836/7092 4873/7141 4871/7139
f 4872/7140 4871/7139 4873/7141
f 4874/7142 4867/7135 4866/7134
f 4866/7134 4872/7140 4874/7142
f 4875/7143 4874/7142 4872/7140
f 4872/7140 4873/7141 4875/7143
f 4876/7144 4874/7142 4875/7143
f 4875/7143 4877/7145 4876/7144
f 4867/7135 4874/7142 4876/7144
f 4876/7144 4868/7136 4867/7135
f 4877/7145 4875/7143 4837/7093
f 4837/7093 4839/7097 4877/7145
f 4878/7146 4876/7144 4877/7145
f 4877/7145 4879/7147 4878/7146
f 4879/7147 4877/7145 4839/7097
f 4839/7097 4841/7100 4879/7147
f 4868/7136 4876/7144 4878/7146
f 4878/7146 4816/7062 4868/7136
f 4880/7148 4853/7120 4855/7122
f 4855/7122 4854/7121 4880/7148
f 4852/7118 4853/7120 4880/7148
f 4852/7118 4880/7148 4881/7149
f 4881/7149 4851/7116 4852/7118
f 4881/7149 4880/7148 4858/7126
f 4858/7126 4824/7073 4881/7149
f 4882/7150 4881/7149 4824/7073
f 4824/7073 4823/7071 4882/7150
f 4883/7151 4881/7149 4882/7150
f 4883/7151 4850/7114 4851/7116
f 4851/7116 4881/7149 4883/7151
f 4883/7151 4847/7110 4848/7112
f 4848/7112 4850/7114 4883/7151
f 4870/7138 4884/7152 4821/7069
f 4821/7069 4820/7068 4870/7138
f 4823/7071 4821/7069 4884/7152
f 4884/7152 4882/7150 4823/7071
f 4885/7153 4883/7151 4882/7150
f 4882/7150 4884/7152 4885/7153
f 4846/7108 4847/7110 4883/7151
f 4883/7151 4885/7153 4846/7108
f 4843/7102 4886/7154 4879/7147
f 4879/7147 4841/7100 4843/7102
f 4879/7147 4886/7154 4887/7155
f 4887/7155 4878/7146 4879/7147
f 4869/7137 4816/7062 4878/7146
f 4878/7146 4887/7155 4869/7137
f 4886/7154 4885/7153 4884/7152
f 4884/7152 4887/7155 4886/7154
f 4870/7138 4869/7137 4887/7155
f 4887/7155 4884/7152 4870/7138
f 4885/7153 4886/7154 4846/7108
f 4844/7104 4845/7105 4886/7154
f 4886/7154 4843/7102 4844/7104
f 4886/7154 4845/7105 4846/7108
f 4837/7093 4875/7143 4873/7141
f 4873/7141 4838/7094 4837/7093
f 4888/7156 4889/7157 5000/7158
f 5000/7158 5002/7159 4888/7156
f 4890/7160 5003/7161 4764/6978
f 5005/7162 5007/7163 4890/7160
f 4890/7160 4891/7164 5005/7162
f 5007/7163 5003/7161 4890/7160
f 4892/7165 5005/7162 4891/7164
f 4891/7164 4893/7166 4892/7165
f 4892/7165 4894/7167 4895/7168
f 5002/7159 5011/7169 4896/7170
f 4896/7170 4888/7156 5002/7159
f 5013/7171 4897/7172 4896/7170
f 4896/7170 4898/7173 5013/7171
f 4897/7172 5013/7171 5015/7174
f 4899/7175 4900/7176 4889/7157
f 4889/7157 4888/7156 4899/7175
f 4901/7177 4891/7164 4890/7160
f 4890/7160 4900/7176 4901/7177
f 4899/7175 4901/7177 4900/7176
f 4893/7166 4891/7164 4901/7177
f 4897/7172 4899/7175 4888/7156
f 4888/7156 4896/7170 4897/7172
f 5015/7174 4902/7178 4899/7175
f 4899/7175 4897/7172 5015/7174
f 4902/7178 4903/7179 4901/7177
f 4901/7177 4899/7175 4902/7178
f 4893/7166 4901/7177 4903/7179
f 4903/7179 4904/7180 4893/7166
f 4905/7181 5015/7174 5017/7182
f 5017/7182 5019/7183 4905/7181
f 4906/7184 4905/7181 5019/7183
f 5019/7183 5021/7185 4906/7184
f 4906/7184 5021/7185 5022/7186
f 4907/7187 4906/7184 5022/7186
f 5022/7186 5024/7188 4907/7187
f 4907/7187 5024/7188 4908/7189
f 4908/7189 4909/7190 4907/7187
f 4910/7191 4911/7192 4909/7190
f 4909/7190 4908/7189 4910/7191
f 4906/7184 4907/7187 4912/7193
f 4912/7193 4913/7194 4906/7184
f 4905/7181 4906/7184 4913/7194
f 4913/7194 4914/7195 4905/7181
f 4914/7195 5015/7174 4905/7181
f 4915/7196 4911/7192 4910/7191
f 4910/7191 4916/7197 4915/7196
f 5029/7198 4915/7196 4916/7197
f 4915/7196 5029/7198 4917/7199
f 4917/7199 4918/7200 4915/7196
f 4919/7201 4918/7200 4917/7199
f 4920/7202 5032/7203 5033/7204
f 5032/7203 4920/7202 4918/7200
f 4918/7200 4919/7201 5032/7203
f 4921/7205 4920/7202 5033/7204
f 5033/7204 4922/7206 4921/7205
f 4923/7207 4921/7205 4922/7206
f 4922/7206 5035/7208 4923/7207
f 4924/7209 4925/7210 4926/7211
f 4925/7210 4923/7207 5035/7208
f 5035/7208 4926/7211 4925/7210
f 4924/7209 4927/7212 4928/7213
f 4928/7213 4925/7210 4924/7209
f 4929/7214 5036/7215 5038/7216
f 4929/7214 4928/7213 4927/7212
f 4927/7212 5036/7215 4929/7214
f 5040/7217 4930/7218 4929/7214
f 4929/7214 5038/7216 5040/7217
f 4931/7219 4930/7218 5040/7217
f 5040/7217 4932/7220 4931/7219
f 4932/7220 5042/7221 4933/7222
f 4933/7222 4931/7219 4932/7220
f 5042/7221 4934/7223 4935/7224
f 4935/7224 4933/7222 5042/7221
f 4909/7190 4936/7225 4912/7193
f 4912/7193 4907/7187 4909/7190
f 4904/7180 4937/7226 4938/7227
f 4938/7227 4894/7167 4904/7180
f 4939/7228 5044/7229 4938/7227
f 4938/7227 4937/7226 4939/7228
f 4939/7228 4940/7230 5046/7231
f 5046/7231 5044/7229 4939/7228
f 4940/7230 4941/7232 4942/7233
f 4942/7233 5046/7231 4940/7230
f 4943/7234 4944/7235 4942/7233
f 4942/7233 4941/7232 4943/7234
f 5050/7236 4945/7237 4943/7234
f 4943/7234 4946/7238 5050/7236
f 4943/7234 4945/7237 4944/7235
f 5050/7236 4946/7238 4947/7239
f 4947/7239 4948/7240 5050/7236
f 4949/7241 4948/7240 4947/7239
f 4950/7242 4948/7240 4949/7241
f 4949/7241 4951/7243 4950/7242
f 4952/7244 5053/7245 4953/7246
f 4953/7246 4954/7247 4952/7244
f 4955/7248 4956/7249 4957/7250
f 4957/7250 4958/7251 4955/7248
f 4952/7244 4955/7248 4958/7251
f 4958/7251 5053/7245 4952/7244
f 4956/7249 4959/7252 4960/7253
f 4960/7253 4957/7250 4956/7249
f 4959/7252 4961/7254 4962/7255
f 4962/7255 4960/7253 4959/7252
f 4963/7256 5058/7257 4962/7255
f 4962/7255 4961/7254 4963/7256
f 5058/7257 4963/7256 4964/7258
f 4964/7258 5060/7259 5058/7257
f 4964/7258 4965/7260 5061/7261
f 5061/7261 5060/7259 4964/7258
f 5061/7261 4965/7260 5064/7262
f 5066/7263 5064/7262 4965/7260
f 4965/7260 4966/7264 5066/7263
f 4966/7264 4967/7265 5067/7266
f 5067/7266 5066/7263 4966/7264
f 4967/7265 4968/7267 4969/7268
f 4969/7268 5067/7266 4967/7265
f 4968/7267 4970/7269 5070/7270
f 5070/7270 4969/7268 4968/7267
f 4971/7271 4972/7272 4973/7273
f 4971/7271 4973/7273 5070/7270
f 5070/7270 4970/7269 4971/7271
f 4972/7272 4971/7271 4974/7274
f 4974/7274 4975/7275 4972/7272
f 4974/7274 4935/7224 4934/7223
f 4934/7223 4975/7275 4974/7274
f 4976/7276 4912/7193 4936/7225
f 4936/7225 4977/7277 4976/7276
f 4941/7232 4976/7276 4977/7277
f 4977/7277 4943/7234 4941/7232
f 4978/7278 4976/7276 4940/7230
f 4940/7230 4939/7228 4978/7278
f 4976/7276 4941/7232 4940/7230
f 4976/7276 4978/7278 4913/7194
f 4913/7194 4912/7193 4976/7276
f 4978/7278 4979/7279 4914/7195
f 4914/7195 4913/7194 4978/7278
f 4978/7278 4939/7228 4937/7226
f 4937/7226 4979/7279 4978/7278
f 4937/7226 4904/7180 4903/7179
f 4903/7179 4979/7279 4937/7226
f 4979/7279 4903/7179 4902/7178
f 4902/7178 4914/7195 4979/7279
f 4946/7238 4977/7277 4947/7239
f 4977/7277 4936/7225 4980/7280
f 4980/7280 4947/7239 4977/7277
f 4980/7280 4936/7225 4909/7190
f 4909/7190 4911/7192 4980/7280
f 4911/7192 4915/7196 4981/7281
f 4981/7281 4980/7280 4911/7192
f 4918/7200 4982/7282 4981/7281
f 4981/7281 4915/7196 4918/7200
f 4920/7202 4982/7282 4918/7200
f 4921/7205 4982/7282 4920/7202
f 4983/7283 4925/7210 4928/7213
f 4928/7213 4984/7284 4983/7283
f 4923/7207 4925/7210 4983/7283
f 4928/7213 4929/7214 4985/7285
f 4985/7285 4984/7284 4928/7213
f 4930/7218 4986/7286 4985/7285
f 4985/7285 4929/7214 4930/7218
f 4982/7282 4987/7287 4980/7280
f 4980/7280 4981/7281 4982/7282
f 4987/7287 4949/7241 4947/7239
f 4947/7239 4980/7280 4987/7287
f 4988/7288 4987/7287 4982/7282
f 4982/7282 4921/7205 4988/7288
f 4987/7287 4989/7289 4951/7243
f 4951/7243 4949/7241 4987/7287
f 4988/7288 4989/7289 4987/7287
f 4990/7290 4988/7288 4921/7205
f 4921/7205 4923/7207 4990/7290
f 4991/7291 4989/7289 4988/7288
f 4988/7288 4990/7290 4991/7291
f 4952/7244 4954/7247 4989/7289
f 4989/7289 4991/7291 4952/7244
f 4983/7283 4992/7292 4991/7291
f 4991/7291 4990/7290 4983/7283
f 4923/7207 4983/7283 4990/7290
f 4992/7292 4955/7248 4952/7244
f 4952/7244 4991/7291 4992/7292
f 4984/7284 4993/7293 4992/7292
f 4992/7292 4983/7283 4984/7284
f 4993/7293 4956/7249 4955/7248
f 4955/7248 4992/7292 4993/7293
f 4971/7271 4970/7269 4994/7294
f 4994/7294 4995/7295 4971/7271
f 4974/7274 4995/7295 4935/7224
f 4970/7269 4968/7267 4994/7294
f 4996/7296 4933/7222 4935/7224
f 4935/7224 4995/7295 4996/7296
f 4997/7297 4996/7296 4995/7295
f 4995/7295 4994/7294 4997/7297
f 4997/7297 4994/7294 4967/7265
f 4967/7265 4966/7264 4997/7297
f 4997/7297 4966/7264 4965/7260
f 4986/7286 4930/7218 4931/7219
f 4933/7222 4996/7296 4986/7286
f 4986/7286 4931/7219 4933/7222
f 4998/7298 4986/7286 4996/7296
f 4996/7296 4997/7297 4998/7298
f 4964/7258 4998/7298 4997/7297
f 4997/7297 4965/7260 4964/7258
f 4959/7252 4956/7249 4993/7293
f 4993/7293 4999/7299 4959/7252
f 4993/7293 4984/7284 4985/7285
f 4985/7285 4999/7299 4993/7293
f 4999/7299 4985/7285 4986/7286
f 4986/7286 4998/7298 4999/7299
f 4998/7298 4964/7258 4999/7299
f 4961/7254 4959/7252 4999/7299
f 4999/7299 4963/7256 4961/7254
f 4999/7299 4964/7258 4963/7256
f 5000/7300 4779/7301 5001/7302
f 5001/7302 5002/7303 5000/7300
f 5003/7304 5004/7305 4769/7306
f 4769/7306 4764/7307 5003/7304
f 5005/7308 5006/7309 4783/7310
f 4783/7310 5007/7311 5005/7308
f 5007/7311 4783/7310 5004/7305
f 5004/7305 5003/7304 5007/7311
f 4892/7312 5008/7313 5006/7309
f 5006/7309 5005/7308 4892/7312
f 4894/7314 4785/7315 5009/7316
f 5009/7316 4895/7317 4894/7314
f 4895/7318 5009/7319 5008/7313
f 5008/7313 4892/7312 4895/7318
f 5002/7303 5001/7302 5010/7320
f 5010/7320 5011/7321 5002/7303
f 5011/7322 5010/7323 4787/7324
f 4787/7324 4896/7325 5011/7322
f 4896/7326 4787/7327 4789/7328
f 4789/7328 4898/7329 4896/7326
f 5012/7330 5013/7331 4898/7329
f 4898/7329 4789/7328 5012/7330
f 5013/7332 5012/7333 5014/7334
f 5014/7334 5015/7335 5013/7332
f 5015/7335 5014/7334 5016/7336
f 5016/7336 5017/7337 5015/7335
f 5017/7338 5016/7339 5018/7340
f 5018/7340 5019/7341 5017/7338
f 5019/7341 5018/7340 5020/7342
f 5020/7342 5021/7343 5019/7341
f 5021/7343 5020/7342 4797/7344
f 4797/7344 5022/7345 5021/7343
f 5022/7345 4797/7344 5023/7346
f 5023/7346 5024/7347 5022/7345
f 5024/7347 5023/7346 5025/7348
f 5025/7348 4908/7349 5024/7347
f 4908/7349 5025/7348 5026/7350
f 5026/7350 4910/7351 4908/7349
f 4910/7351 5026/7350 5027/7352
f 5027/7352 4916/7353 4910/7351
f 4916/7353 5027/7352 5028/7354
f 5028/7354 5029/7355 4916/7353
f 5029/7355 5028/7354 5030/7356
f 5030/7356 4917/7357 5029/7355
f 4917/7357 5030/7356 5031/7358
f 5031/7358 4919/7359 4917/7357
f 5032/7360 4806/7361 4808/7362
f 4808/7362 5033/7363 5032/7360
f 4919/7359 5031/7358 4806/7361
f 4806/7361 5032/7360 4919/7359
f 5033/7363 4808/7362 5034/7364
f 5034/7364 4922/7365 5033/7363
f 4922/7365 5034/7364 4811/7366
f 4811/7366 5035/7367 4922/7365
f 4926/7368 4813/7369 4812/7370
f 4812/7370 4924/7371 4926/7368
f 5035/7367 4811/7366 4813/7369
f 4813/7369 4926/7368 5035/7367
f 4924/7371 4812/7370 4817/7372
f 4817/7372 4927/7373 4924/7371
f 5036/7374 5037/7375 4819/7376
f 4819/7376 5038/7377 5036/7374
f 4927/7378 4817/7379 5037/7375
f 5037/7375 5036/7374 4927/7378
f 5038/7377 4819/7376 5039/7380
f 5039/7380 5040/7381 5038/7377
f 5040/7381 5039/7380 4822/7382
f 4822/7382 4932/7383 5040/7381
f 4932/7383 4822/7382 5041/7384
f 5041/7384 5042/7385 4932/7383
f 5042/7385 5041/7384 5043/7386
f 5043/7386 4934/7387 5042/7385
f 4938/7388 4826/7389 4785/7315
f 4785/7315 4894/7314 4938/7388
f 5044/7390 5045/7391 4826/7389
f 4826/7389 4938/7388 5044/7390
f 5046/7392 5047/7393 5045/7391
f 5045/7391 5044/7390 5046/7392
f 4942/7394 5048/7395 5047/7393
f 5047/7393 5046/7392 4942/7394
f 4944/7396 5049/7397 5048/7395
f 5048/7395 4942/7394 4944/7396
f 5050/7398 5051/7399 4832/7400
f 4832/7400 4945/7401 5050/7398
f 4945/7401 4832/7400 5049/7397
f 5049/7397 4944/7396 4945/7401
f 4948/7402 5052/7403 5051/7399
f 5051/7399 5050/7398 4948/7402
f 4950/7404 4835/7405 5052/7406
f 5052/7406 4948/7407 4950/7404
f 5053/7408 5054/7409 5055/7410
f 5055/7410 4953/7411 5053/7408
f 4953/7411 5055/7410 4835/7405
f 4835/7405 4950/7404 4953/7411
f 4957/7412 4840/7413 5056/7414
f 5056/7414 4958/7415 4957/7412
f 4958/7415 5056/7414 5054/7409
f 5054/7409 5053/7408 4958/7415
f 4960/7416 4842/7417 4840/7413
f 4840/7413 4957/7412 4960/7416
f 4962/7418 5057/7419 4842/7417
f 4842/7417 4960/7416 4962/7418
f 5058/7420 5059/7421 5057/7419
f 5057/7419 4962/7418 5058/7420
f 5060/7422 5063/7423 5059/7421
f 5059/7421 5058/7420 5060/7422
f 5061/7424 5062/7425 5063/7426
f 5063/7426 5060/7427 5061/7424
f 5064/7428 5065/7429 5062/7425
f 5062/7425 5061/7424 5064/7428
f 5066/7430 4849/7431 5065/7429
f 5065/7429 5064/7428 5066/7430
f 5067/7432 5068/7433 4849/7431
f 4849/7431 5066/7430 5067/7432
f 4969/7434 5069/7435 5068/7433
f 5068/7433 5067/7432 4969/7434
f 5070/7436 5071/7437 5069/7435
f 5069/7435 4969/7434 5070/7436
f 4972/7438 5072/7439 4856/7440
f 4856/7440 4973/7441 4972/7438
f 4973/7441 4856/7440 5071/7437
f 5071/7437 5070/7436 4973/7441
f 4975/7442 4857/7443 5072/7439
f 5072/7439 4972/7438 4975/7442
f 4934/7387 5043/7386 4857/7443
f 4857/7443 4975/7442 4934/7387
f 4951/7243 4954/7247 4953/7246
f 4953/7246 4950/7242 4951/7243
f 4989/7289 4954/7247 4951/7243
f 4873/7141 4836/7092 4838/7094
f 4836/7092 4835/7091 5055/7095
f 5055/7095 4838/7094 4836/7092
f 4943/7234 4977/7277 4946/7238
f 4994/7294 4968/7267 4967/7265
f 4974/7274 4971/7271 4995/7295
f 4902/7178 5015/7174 4914/7195
f 4894/7167 4892/7165 4893/7166
f 4893/7166 4904/7180 4894/7167
f 5008/7015 5009/7444 4785/7017
f 4803/7044 5014/7024 4793/7028
f 5051/7087 4833/7089 4831/7084
f 4831/7084 4832/7086 5051/7087
f 4880/7148 4854/7121 4858/7126
f 4806/7051 5031/7050 4805/7048
f 4762/7445 4767/7446 4779/7301
f 4779/7301 5000/7300 4762/7445
f 4889/7157 4762/6981 5000/7158
f 4900/7176 4764/6978 4762/6981
f 4762/6981 4889/7157 4900/7176
f 4769/6989 5004/7014 4782/7012
f 4791/7026 4767/6986 4769/6989
f 4769/6989 4782/7012 4791/7026
f 4900/7176 4890/7160 4764/6978
f 4791/7026 4780/7009 4767/6986

