# Exported from 3D Builder
mtllib Luce strada.mtl

o Object.1
v 1.082721 1.935208 0.000000
v -1.720310 0.774171 0.000000
v -0.460922 -1.791513 1.803019
v -0.559250 -2.028834 0.000000
v 2.243751 -0.867789 0.000000
v 2.006452 -0.769494 1.803019
v 0.984425 1.697886 1.803020
v -0.405812 0.229695 36.395329
v -0.014771 -0.714356 36.395329
v 0.551841 0.653608 36.168613
v 0.538227 0.620730 36.395329
v 0.341832 0.208037 36.507229
v -0.000548 0.069445 36.510864
v 0.929268 -0.323331 36.395329
v 0.137542 -0.272343 36.487106
v -0.438698 0.243309 36.168613
v 0.704807 -0.230343 36.060696
v 0.962155 -0.336944 36.168613
v 0.078187 -0.489895 36.060696
v -0.028385 -0.747244 36.168613
v 0.995043 -0.350554 3.976655
v 1.622834 -0.610578 3.554330
v 0.565502 0.686485 3.976655
v -0.041984 -0.780113 3.976655
v 1.257197 -0.459135 4.379210
v -0.471556 0.256922 3.976655
v -0.150563 -1.042249 4.379209
v 0.825526 1.314232 3.554330
v -1.482995 0.675866 1.803020
v -0.302008 -1.407874 3.554329
v -1.099348 0.516955 3.554330
v 0.541559 0.571167 8.364375
v -0.733710 0.365507 4.379210
v 0.030119 -0.664795 8.341702
v 0.674081 0.948626 4.379210
v -0.331549 0.209166 8.325667
v -0.113781 -0.941294 9.002120
v 0.138455 -0.344480 9.985250
v -0.637269 0.323693 8.978910
v -0.035929 0.076476 9.985250
v 0.385047 0.250841 9.985250
v -0.042684 0.079273 28.062180
v 0.387831 0.257587 28.062180
v 0.559416 -0.170110 9.985250
v 0.566139 -0.172902 28.062180
v 0.135625 -0.351229 28.062180
v 0.645331 0.847656 8.609335
v 1.149925 -0.417322 9.058148
v -0.618406 0.323693 8.553306
v 0.626469 0.847656 9.034943
v 0.903195 -0.302800 8.380413
v 1.168803 -0.417322 8.632544
v -0.094920 -0.941294 8.576517
v 0.445270 0.396269 36.060696
v -0.085203 0.200471 32.421413
v 0.677103 0.159706 32.421413
v -0.181352 0.136717 36.060696
v 0.732572 -0.943114 32.123581
v 0.608604 -0.294105 32.421413
v -0.469862 -0.878807 32.123581
v -0.313019 -0.332571 32.421326
v 0.993408 0.785140 32.123581
v -0.209180 0.849470 32.123581
v -0.824253 -1.281801 31.768444
v -0.504751 -0.918447 31.366014
v -0.231595 0.892166 31.366014
v -0.437225 1.283587 31.768444
v 1.347791 1.188124 31.768444
v 0.754982 -0.985814 31.366014
v 1.028242 0.824789 31.366014
v 0.960605 -1.377250 31.768444
v 0.561459 -0.617438 30.847540
v -0.204074 -0.576502 30.847540
v -0.038063 0.523800 30.847540
v 0.555167 0.286869 30.177008
v 0.072836 0.312656 30.177008
v 0.727518 0.482854 30.847540
v 0.450551 -0.406304 30.177008
v 0.837672 -0.444761 30.022806
v 0.617519 -0.300461 29.811235
v -0.390283 -0.370976 30.022806
v -0.282807 0.341324 30.022806
v 0.913705 0.277332 30.022806
v 0.566323 -0.172978 28.591722
v 0.387892 0.257772 28.591722
v -0.164365 -0.258642 29.811235
v -0.094144 0.206837 29.811235
v 0.687765 0.165013 29.811235
v 0.952735 -0.333043 28.326975
v -0.429277 0.239410 28.326975
v -0.024500 -0.737820 28.326975
v 0.135564 -0.351401 28.591722
v -0.042866 0.079350 28.591722
v 0.547978 0.644187 28.326975
v 0.169790 6.380875 33.156258
v 0.007743 6.354287 33.247272
v -0.058869 7.691543 33.269611
v 0.340600 7.691543 33.269611
v 0.140858 7.659323 33.175079
v 0.340600 7.755983 33.458672
v 0.339581 6.352179 33.231102
v 0.140858 7.788202 33.553204
v 0.347324 6.296885 33.396973
v -0.058869 7.755983 33.458672
v 0.185260 6.270287 33.487995
v 0.015470 6.298983 33.413143
v 0.331914 8.542309 44.452358
v -0.604808 7.600246 44.558884
v 0.338668 6.659246 44.533268
v -0.498966 7.763396 45.059521
v 0.378710 8.556128 44.751507
v -0.626293 7.924080 45.877247
v 0.481531 7.542997 45.686729
v 0.778616 7.811313 45.582466
v 0.673388 9.775481 46.011055
v -1.188147 8.094054 46.664341
v 1.611498 7.777715 45.493858
v 0.456193 6.734186 45.899315
v 0.529013 8.967596 45.471798
v 2.417589 7.858238 46.046600
v 0.698686 9.385224 46.267635
v 0.608397 6.616130 46.797684
v -0.733738 8.091408 46.770332
v 0.221499 8.214364 47.575371
v 0.806164 7.571692 47.587288
v 0.845495 8.777981 47.356377
v 1.430156 8.135301 47.368294
v 0.019737 7.772532 45.195656
v 0.203204 7.848949 45.681049
v 0.500278 8.117271 45.576801
v 0.762354 7.723976 45.068428
v 0.323375 6.859466 45.076283
v 0.378964 7.377692 45.202969
v 1.201023 7.652212 44.768280
v 0.403139 8.118816 45.061096
v 0.382766 11.629663 41.579300
v 0.117995 9.545537 36.016586
v -3.561033 7.632519 41.892334
v 0.438029 3.679387 41.798233
v 0.484516 1.492126 42.488197
v 0.375723 13.837868 41.685741
v 0.490600 3.720924 42.860771
v 0.120931 9.113999 36.028015
v -1.482798 7.498375 36.150009
v -1.905068 7.495281 36.170811
v 0.142957 5.909550 36.111290
v 0.146015 5.467779 36.122543
v 2.169077 7.518022 35.968327
v -5.730902 7.637234 42.647915
v 0.434013 11.643287 42.611996
v 0.400442 13.829856 42.182186
v -5.669188 7.658940 43.466900
v -3.479378 7.668767 43.265865
v 0.534379 1.539776 43.496761
v 4.390240 7.680989 41.654427
v 6.626158 7.711321 42.230499
v 6.629671 7.724257 42.727444
v 4.419462 7.703634 42.518215
v 0.479921 -0.133759 36.483471
v 0.528339 0.003302 41.104290
v 0.703043 -0.429113 41.074238
v 0.269851 -0.604455 41.078819
v 0.095133 -0.172021 41.108887
v 0.730880 -0.518534 43.515060
v 0.745102 -0.542467 43.923172
v 0.345422 -0.704143 43.519337
v 0.369607 -0.710318 43.934849
v 0.590904 -0.172055 43.559738
v 0.258017 -0.336459 43.974670
v 0.605111 -0.195983 43.967854
v 1.133360 -1.097891 43.339672
v 0.467174 -1.367514 43.346737
v 0.484728 0.507671 43.451271
v 0.243809 -0.312531 43.566559
v 1.416461 -1.419013 43.006279
v -0.181548 0.238015 43.458340
v -0.238014 0.312216 42.705204
v 0.459965 0.594723 42.697803
v -0.491269 0.603511 43.082882
v 0.509758 0.974662 43.092976
v 1.139505 -1.087329 42.580883
v 0.441573 -1.369817 42.588284
v 0.418513 -1.794817 42.996006
v 0.852070 -0.783789 42.087894
v 0.407743 -0.697086 41.435593
v 0.674932 -0.588930 41.432755
v 0.427944 -0.955460 42.092392
v 0.014968 0.066707 42.163441
v 0.414785 0.055025 41.477520
v 0.147552 -0.053136 41.480347
v 0.439124 0.238373 42.158943
v 0.208351 -0.777423 41.283199
v 0.603910 0.152605 41.322170
v 0.871237 -0.509107 41.276176
v -0.058990 -0.115702 41.329193
v 4.488902 -0.303763 52.854294
v 2.426167 -0.435713 47.214161
v 0.600685 -2.262261 47.228218
v 0.513599 -4.281886 52.872540
v 0.503682 -6.449504 53.583843
v 6.683140 -0.287479 53.535645
v 6.649218 -0.268330 54.356300
v -5.681191 -0.289654 53.538963
v 0.368331 -2.208933 55.414604
v 2.047690 -0.436576 47.208439
v 0.600122 0.993287 47.152470
v 0.600016 1.388833 47.143040
v -1.225481 -0.437716 47.157097
v 0.497430 -4.244221 53.905788
v 4.453809 -0.271682 54.229900
v 0.485854 5.891080 54.292233
v 0.495315 3.680978 53.763866
v 0.501659 5.888590 53.281441
v 0.511942 3.669710 52.699417
v -3.466022 -0.304455 52.887093
v -5.667866 -0.278062 54.035778
v -3.465977 -0.284294 53.751431
v 0.511439 -6.482156 53.087849
v 0.425495 0.994260 46.417381
v 0.403073 0.413100 44.818073
v 0.376134 0.017960 44.887199
v 0.432766 0.078532 44.524471
v 0.409706 1.747371 46.796944
v 0.847887 1.745350 46.787819
v 0.707348 0.410826 44.807812
v 0.790509 0.991537 46.405067
v 0.914026 0.724265 46.778625
v 0.811501 0.203115 45.151077
v 0.653956 0.076882 44.517014
v 0.291406 1.587197 47.423634
v 0.323396 0.728685 46.798534
v 0.392516 -2.038720 46.494495
v 0.388699 -2.826817 47.023865
v 0.299772 -1.314900 45.259727
v 0.405690 -1.220877 44.565197
v 0.778370 -2.829130 47.013489
v 0.366140 -1.620815 44.905823
v 0.787604 -2.041648 46.481190
v 0.716323 -1.621606 44.892456
v 0.660953 -1.222785 44.556583
v -0.623914 -0.841167 46.619247
v -0.858657 -0.764382 46.334686
v -0.442881 -0.727875 44.911892
v -0.220886 -0.759371 45.226456
v -0.048692 -0.768178 44.944782
v -0.141498 -0.715521 44.578201
v -0.922500 -0.464652 46.363693
v -0.636310 -0.709627 45.971275
v -0.638821 -0.354813 45.953766
v -0.140204 -0.488694 44.566952
v -1.310969 -0.496886 47.245853
v -0.269973 -0.298589 46.138721
v -0.218209 -0.380543 45.203388
v -0.441209 -0.440195 44.897621
v -0.046563 -0.401132 44.926590
v -0.621205 -0.373643 46.596088
v -1.314559 -1.114867 47.276482
v 1.438654 -0.827577 45.182739
v 1.650641 -0.752104 44.836548
v 1.103941 -0.798042 44.878731
v 2.105296 -0.740369 46.511513
v 1.180364 -0.740831 44.464886
v 2.111989 -0.387500 46.495251
v 1.763129 -0.259078 46.766159
v 1.652405 -0.449245 44.821510
v 1.441529 -0.337470 45.158455
v 1.181854 -0.488508 44.452370
v 1.106329 -0.389769 44.858498
v 1.000396 1.583916 47.408871
v 2.611504 -0.791252 47.406582
v 2.779057 -0.698865 46.895725
v 2.780654 -0.317019 46.882271
v 2.614058 -0.173438 47.384777
v 1.752178 -0.829971 46.792465
v 0.308899 -2.523435 47.533131
v 0.939278 -2.527192 47.516323
v 0.924887 -1.715377 46.854969
v 0.285626 -1.710594 46.876514
v -1.578996 -0.636771 46.779690
v -1.581201 -1.018684 46.798618
v 0.013310 -8.982488 36.729206
v -0.418954 -11.549942 42.142593
v -6.683139 -7.706433 42.557053
v -0.502709 -13.837867 43.439758
v -0.667281 -1.864436 43.705990
v -0.708642 -1.922925 44.197929
v -6.666876 -7.698783 42.061752
v -0.534850 -11.640223 43.511150
v -0.691573 -9.639627 45.067646
v 3.367939 -7.618367 43.832703
v -0.751599 -5.787935 45.165802
v -0.648890 -3.710301 43.746445
v -1.839112 -7.183321 36.709129
v 0.005765 -8.605092 36.757401
v 1.799455 -7.140239 37.020107
v -0.046760 -5.719009 36.972069
v -0.052967 -5.341059 37.000031
v -4.452090 -7.630836 42.086567
v -0.433314 -13.796948 42.622120
v -4.529940 -7.738222 43.115086
v 3.470905 -7.537905 42.776108
v 5.614200 -7.559699 43.593487
v 5.508267 -7.636178 44.595921
v -0.576484 -3.631565 42.888512
v 0.629086 9.685950 44.214001
v -1.299302 7.717572 44.567562
v 0.524125 5.705372 44.524475
v 1.275389 7.601295 44.426739
v 2.535369 7.740088 44.188717
v -0.031719 -0.380512 30.177008
v -0.265866 -0.741747 46.167076
v 0.810817 -1.316197 45.238129
v 0.754413 -1.112268 44.960880
v 0.341375 -1.047833 44.974812
v 0.366504 0.206787 45.167675
v 0.734014 0.015275 44.875130
v -0.265960 0.121805 44.509182
v -0.027083 -0.051749 43.912052
v -0.265960 -1.063297 44.509182
v 1.262460 -0.470746 43.912052
v 0.861142 -1.429517 44.509182
v 0.861142 0.488026 44.509182
v 1.557729 -0.470746 44.509182
v -0.027083 -0.051749 45.106312
v 0.769899 0.207207 45.106312
v -0.027083 -0.889743 45.106312
v 0.769899 -1.148699 45.106312
v 0.769899 0.207207 43.912052
v -0.027083 -0.889742 43.912052
v 0.769899 -1.148698 43.912052
v 0.549618 -0.470746 43.664711
v 0.549618 -0.470746 45.353649
v 1.262460 -0.470746 45.106312
v -0.697616 -7.497614 34.111752
v -0.453564 -7.320299 33.501690
v 0.453904 -7.871764 34.111752
v 0.360685 -7.584863 33.501690
v 0.863917 -6.892223 33.501690
v 1.165582 -6.892224 34.111752
v 0.360685 -6.199585 34.721817
v -0.697616 -6.286834 34.111752
v 0.360685 -7.584863 34.721817
v 0.453904 -5.912684 34.111752
v -0.453564 -6.464148 33.501690
v 0.135632 -6.892223 33.248993
v 0.360685 -6.199584 33.501690
v -0.453564 -6.464149 34.721817
v -0.453564 -7.320300 34.721817
v 0.863917 -6.892224 34.721817
v 0.135632 -6.892224 34.974510
v -0.698489 7.603104 33.475296
v -0.698489 6.392329 33.475296
v 0.359812 6.305077 32.865231
v 0.863045 6.997716 32.865231
v 1.164710 6.997716 33.475296
v 0.453031 6.018174 33.475296
v 0.453031 7.977258 33.475296
v 0.359812 7.690355 34.085365
v -0.454436 6.569640 34.085365
v 0.863045 6.997716 34.085365
v -0.454436 7.425792 32.865231
v -0.454436 6.569640 32.865231
v 0.134759 6.997716 32.612537
v 0.359812 7.690356 32.865231
v -0.454436 7.425792 34.085365
v 0.134759 6.997716 34.338058
v 0.359812 6.305077 34.085365
v -0.132578 8.521610 35.697311
v -0.036508 9.824636 35.585896
v -0.133595 8.135317 35.145008
v -0.030760 8.386147 34.821644
v -0.122301 7.862088 34.117741
v -0.026998 8.752825 35.297489
v 0.336702 8.749134 35.289066
v -0.002560 7.679470 33.488960
v -0.034898 8.037846 33.752659
v 0.455902 8.515627 35.683708
v 0.370108 7.857086 34.106350
v 0.269461 8.034751 33.745613
v 0.317587 8.382595 34.813591
v 0.218691 7.677214 33.483841
v -0.173934 6.097424 35.983459
v -0.067893 5.984485 35.089294
v -0.099163 6.534469 34.038029
v -0.063532 5.737926 35.631882
v 0.331663 5.733935 35.622757
v -0.123280 4.997837 36.225979
v -0.074073 6.018817 34.013176
v -0.030918 6.388257 33.640091
v 0.276224 6.016943 34.003357
v 0.540098 5.338480 36.697617
v 0.321192 5.983908 35.076725
v 0.224415 6.385658 33.634174
v 0.313988 6.530268 34.028469
v -2.049320 6.762664 35.812790
v -1.334751 6.949374 35.317650
v -0.488685 6.871607 33.975208
v -0.577862 6.892793 33.604576
v -2.046469 7.169725 35.757561
v -1.086284 7.017395 34.987156
v -1.088380 7.369425 34.939423
v -0.882507 6.908895 33.935135
v -0.880499 7.194311 33.896400
v -1.415516 7.329833 35.321079
v -1.763346 7.362215 36.246529
v -1.037633 7.469518 35.607571
v -0.576305 7.117832 33.574039
v -1.041743 6.883413 35.687077
v -0.486128 7.235762 33.925800
v -0.660432 7.323023 34.194439
v -0.663652 6.861217 34.257095
v 1.295016 6.958773 35.732422
v 2.614357 7.043396 35.733829
v 1.101202 6.927936 35.202206
v 1.458318 7.000700 35.016994
v 1.211636 6.878654 33.882679
v 0.664518 6.836397 33.923256
v 1.650928 7.024142 35.448330
v 1.213753 7.179129 33.841881
v 0.745027 6.858118 33.506813
v 1.658021 7.374341 35.402100
v 2.445014 7.719857 36.165123
v 1.466088 7.335455 34.973263
v 1.113814 7.469565 35.131435
v 0.746812 7.108457 33.472832
v 0.667383 7.241460 33.868298
v 0.523002 9.714051 36.215057
v 0.383139 9.821908 35.581093
v -0.156040 9.718472 36.222824
v 2.616402 7.503559 35.680950
v 2.441734 6.975314 36.250706
v 1.306614 7.525345 35.657635
v 0.349585 4.994724 36.220474
v -0.224875 5.343534 36.706535
v 0.465504 6.090919 35.968674
v -1.767967 6.703536 36.335888
v -0.717840 6.936910 35.194180
v -0.721303 7.471463 35.119938
v 0.448944 6.386515 35.285797
v -0.180599 6.387503 35.306160
v -0.143693 6.353790 34.339035
v 0.367537 6.350734 34.322643
v 0.430069 8.129590 35.131969
v -0.062781 7.650033 33.854958
v 0.295197 7.646386 33.846680
v 0.996219 6.832950 34.231941
v 0.999665 7.319200 34.165981
v -0.297360 -6.040328 36.681419
v -0.206539 -5.706292 36.357944
v -0.118872 -5.991939 34.680882
v -0.152964 -6.395283 34.678436
v -0.092846 -6.267508 34.334187
v 0.146350 -4.983021 36.737453
v 0.201078 -5.911806 35.803326
v -0.146641 -5.934502 35.803375
v 0.128006 -6.253088 34.334152
v 0.156503 -5.682577 36.357883
v 0.290058 -6.001972 36.681343
v 0.329817 -6.230591 36.047932
v 0.296113 -6.230165 34.985573
v 0.184937 -5.972098 34.680832
v -0.163259 -8.452301 36.328297
v -0.033886 -9.570899 36.278687
v -0.153013 -7.995771 35.749390
v -0.107904 -7.773927 34.807804
v -0.108868 -7.519801 34.565125
v -0.024773 -8.699376 35.898407
v 0.369708 -8.673592 35.898376
v -0.009861 -8.319671 35.438343
v 0.378294 -8.290126 35.435719
v -0.012036 -8.006896 34.408089
v -0.027724 -7.552314 34.144707
v 0.337514 -7.981989 34.406826
v 0.475024 -8.410619 36.328213
v 0.227149 -7.535668 34.144661
v 0.303537 -7.492867 34.565063
v -1.084357 -7.678037 36.224327
v -2.287545 -7.921589 36.345242
v -1.134339 -7.369869 35.582180
v -0.916834 -7.186440 34.543381
v -1.379165 -7.538548 35.877472
v -1.487522 -7.178605 35.977394
v -1.161855 -7.018564 35.627289
v -0.609836 -7.094890 34.227619
v -2.314102 -7.514992 36.397499
v -1.122589 -7.092606 36.299591
v -0.804307 -6.941972 35.837135
v -0.727170 -6.839803 34.906601
v -0.935444 -6.901348 34.580017
v -0.624536 -6.870106 34.256508
v -2.048752 -7.437378 36.926521
v -2.005788 -8.095304 36.841953
v -0.521589 -7.205625 34.582188
v -0.545340 -6.841885 34.628944
v -0.697027 -7.301083 34.847313
v 1.025943 -6.820243 35.893314
v 1.237985 -7.475155 36.450912
v 1.589881 -7.313698 36.202400
v 1.052500 -7.361160 35.820930
v 1.404460 -7.218240 35.669842
v 0.960595 -7.207292 34.856911
v 1.174202 -7.057496 34.536896
v 0.712618 -7.011607 34.157085
v 1.571653 -6.963917 36.248714
v 2.250885 -7.363732 36.724903
v 1.388021 -6.883934 35.714581
v 1.208619 -6.909245 36.525848
v 1.154612 -6.757358 34.575443
v 0.696317 -6.761547 34.189209
v 0.604999 -6.741887 34.603539
v 0.289890 -5.242280 37.325062
v -0.272394 -5.010581 36.732380
v -0.387697 -5.286873 37.316853
v 2.080579 -7.575758 37.202011
v 2.219631 -6.906660 36.793175
v 2.029980 -6.836212 37.312450
v -0.163359 -9.370082 36.829758
v 0.437967 -9.539860 36.284309
v 0.599978 -9.319878 36.838825
v -0.762257 -7.475868 35.770348
v 0.475033 -7.948011 35.745106
v 0.402273 -7.737351 34.803883
v -0.232829 -6.267336 36.048012
v -0.195406 -6.262272 34.985638
v 0.204368 -6.371954 34.678387
v 0.631398 -7.146488 34.551537
v 0.928912 -6.721597 34.919350
v -0.478732 -0.548586 56.051628
v 1.321141 -0.428833 55.607658
v 0.155787 -0.648698 56.740120
v 0.455421 -0.926241 56.674583
v 1.576475 -0.591835 56.697517
v -0.691336 -0.680146 56.856739
v 0.443036 1.070266 57.742188
v 0.474022 -1.759533 56.601833
v 0.544360 -2.550406 57.177265
v -1.333338 -0.811223 57.587997
v 0.411119 0.487543 56.952423
v 0.475389 0.617614 57.855473
v 2.320767 -0.668911 57.331455
v 1.920260 -0.720648 57.539440
v -0.891505 -0.830144 57.736839
v 0.553378 -2.168411 57.420784
v -0.025164 -0.946455 58.637733
v 0.570287 -0.315771 58.689407
v 1.199708 -0.898761 58.551723
v 0.738918 -0.625991 56.699177
v 0.023305 -0.563897 56.239761
v 0.439270 -0.348453 56.764729
v 0.775886 -0.534567 56.186924
v 0.406564 -1.368565 55.857983
v 1.244061 -0.481490 55.930679
v 0.410033 -0.922064 56.155170
v 0.358796 0.338479 56.124313
v 0.389170 -0.176401 56.271503
v 2.319018 -0.239991 55.605129
v 0.506891 1.781216 55.523945
v 0.361295 0.495730 55.621449
v -1.526379 -0.252470 55.357269
v -0.560379 -0.459294 55.500114
v 0.399467 -1.383842 55.486336
v -0.975313 -6.922866 45.196686
v -1.899406 -7.865217 45.244690
v -0.249272 -7.883968 45.758358
v -1.076994 -8.738464 45.478546
v -0.029099 -7.858266 45.274242
v -1.307981 -6.756961 46.292927
v -1.285593 -7.610762 46.219257
v -2.397567 -7.881765 45.924595
v -1.314985 -9.031268 46.232426
v -1.453257 -9.830814 46.644650
v -3.268172 -7.890185 46.378544
v -0.225397 -7.906456 46.600750
v -1.512534 -6.077785 46.972046
v -2.912697 -7.907282 46.680332
v -1.523844 -9.742352 46.874535
v -1.570443 -9.332486 47.061989
v 0.231824 -7.929952 47.468040
v -0.219518 -7.937891 47.518677
v -1.561757 -6.512684 47.137012
v -1.268133 -7.953014 48.208477
v -1.852849 -7.332148 48.042225
v -1.007226 -7.906333 46.298401
v -1.287415 -8.195552 46.203690
v -1.565764 -7.899980 46.124538
v -1.501803 -7.876024 45.604500
v -0.780961 -7.884199 45.828884
v -1.142542 -8.257460 45.706654
v -1.140207 -7.502760 45.726727
v -1.071657 -7.010729 45.524506
v 1.291422 -7.808544 45.368603
v -2.666082 -7.698465 44.840828
v -1.891318 -7.867147 44.983269
v -0.945105 -8.802531 45.060833
v 0.117379 6.378343 33.537949
v 0.200929 5.235231 32.635868
v 0.021885 9.086440 30.651316
v -0.070142 4.958781 28.859476
v -0.063395 5.108717 29.262821
v -0.059899 7.656109 29.189518
v -0.038535 2.418159 31.298836
v -0.052759 2.417100 30.878893
v -0.038535 -2.538191 31.298836
v 0.437937 6.376059 33.513706
v 0.432426 9.477008 30.651230
v 0.052682 9.208362 32.483101
v 0.477110 4.927228 28.859100
v -0.059899 7.925431 28.769323
v 0.492847 -2.534309 30.828285
v 0.430460 6.426842 33.148762
v 0.378224 8.860577 32.392792
v 0.432426 9.086440 30.651316
v 0.488838 7.656109 29.189518
v 0.507071 -2.535368 31.248230
v 0.109916 6.429131 33.173004
v 0.440758 5.598243 32.538876
v 0.052682 8.860577 32.392792
v 0.483855 5.077160 29.262447
v 0.021885 9.477008 30.651230
v 0.488838 7.925431 28.769323
v 0.507072 2.415340 31.248230
v 0.492847 2.414282 30.828287
v 0.431445 7.721012 33.168133
v 0.045570 7.721012 33.168133
v 0.045570 7.786066 33.559868
v 0.431445 7.786066 33.559868
v 0.378224 9.208366 32.483101
v 0.080366 5.355251 31.134155
v 0.194315 5.586674 32.553791
v 0.088887 4.900305 31.140545
v 0.447371 5.246799 32.620953
v -0.028821 6.005495 30.373459
v -0.014497 5.709879 29.923990
v 0.406436 4.936455 31.126919
v 0.397911 5.391409 31.120527
v 0.519722 5.746343 29.930372
v 0.505396 6.041954 30.379841
v -0.037639 6.949083 30.367311
v -0.020550 6.967680 29.666569
v 0.616350 6.992462 29.726171
v 0.599274 6.973865 30.426908
v -0.120893 7.465798 30.594799
v -0.173953 8.149927 30.051746
v -0.094769 7.677891 31.417780
v 0.658578 7.456958 30.642906
v -0.110117 8.387582 31.702499
v 0.605532 8.141072 30.099857
v 0.684703 7.617332 31.432468
v -0.070830 7.319862 31.725353
v -0.049923 7.345974 32.437943
v 0.729550 7.311728 32.383110
v 0.669354 8.327014 31.717180
v 0.708641 7.285621 31.670528
v -0.041942 7.116410 31.686411
v 0.758436 6.463873 31.972942
v -0.093224 7.074702 31.479210
v 0.737543 7.127602 31.638630
v 0.707846 6.419246 31.148544
v -0.072213 6.358955 31.145855
v -0.114382 7.184126 30.550455
v 0.687597 7.133930 31.480560
v -0.021035 6.452668 32.020729
v -0.128123 7.414606 31.366537
v 0.651348 7.455885 31.404119
v 0.665103 7.225401 30.588053
v 0.021885 -9.274299 31.252363
v 0.021885 -8.883736 31.252449
v -0.070142 -4.756072 29.460613
v -0.059899 -7.453405 29.790655
v 0.437937 -6.173357 34.114845
v 0.200929 -5.032528 33.237007
v 0.117379 -6.175641 34.139088
v 0.378224 -9.005658 33.084236
v 0.052682 -9.005653 33.084236
v 0.477110 -4.724519 29.460239
v 0.488838 -7.722728 29.370459
v 0.430459 -6.224140 33.749901
v 0.447371 -5.044096 33.222088
v 0.432426 -9.274303 31.252363
v 0.378224 -8.657872 32.993931
v 0.483855 -4.874452 29.863585
v 0.109916 -6.226429 33.774147
v 0.194315 -5.383971 33.154934
v 0.440756 -5.395539 33.140011
v 0.052682 -8.657872 32.993931
v -0.063395 -4.906013 29.863955
v 0.488838 -7.453405 29.790657
v 0.432426 -8.883736 31.252449
v -0.059900 -7.722728 29.370459
v -0.052759 -2.537132 30.878893
v 0.431445 -7.518313 33.769272
v 0.431445 -7.583359 34.161003
v 0.045570 -7.583359 34.161007
v 0.045570 -7.518309 33.769272
v 0.080368 -5.152548 31.735294
v 0.088887 -4.697598 31.741680
v 0.406435 -4.733751 31.728062
v 0.397910 -5.188706 31.721664
v -0.014496 -5.507176 30.525129
v -0.028821 -5.802796 30.974598
v 0.505396 -5.839255 30.980984
v -0.037638 -6.746385 30.968452
v -0.020549 -6.764977 30.267708
v 0.519721 -5.543640 30.531509
v 0.616350 -6.789758 30.327309
v 0.599274 -6.771162 31.028048
v -0.173953 -7.947223 30.652878
v -0.120892 -7.263095 31.195938
v 0.658578 -7.254255 31.244047
v 0.605532 -7.938368 30.700989
v 0.684703 -7.414629 32.033607
v -0.094769 -7.475188 32.018917
v 0.669356 -8.124310 32.318314
v -0.070830 -7.117160 32.326488
v -0.049921 -7.143271 33.039082
v -0.110117 -8.184878 32.303631
v 0.708641 -7.082918 32.271660
v 0.729552 -7.109025 32.984245
v -0.021033 -6.249964 32.621864
v 0.737542 -6.924899 32.239765
v 0.758436 -6.261170 32.574081
v -0.041942 -6.913707 32.287548
v -0.072213 -6.156252 31.746992
v -0.114382 -6.981423 31.151594
v -0.093225 -6.871998 32.080349
v 0.707846 -6.216543 31.749683
v 0.651347 -7.253182 32.005253
v 0.687596 -6.931226 32.081699
v 0.665102 -7.022698 31.189188
v -0.128123 -7.211902 31.967674
v 2.040810 7.909947 46.294994
v 0.556023 6.176816 46.699898
v 0.604260 -1.529435 58.500046
v -2.441351 -7.939669 47.843285
v -1.856634 -8.560528 48.009544
v 1.746260 7.516405 35.989552
v 0.600640 -1.875875 47.219395
v -0.846487 -0.438154 47.163242
v 1.405250 -7.144955 36.986610
v -1.454063 -7.178815 36.742229

vt -1.044048 -0.826133
vt -0.886925 -0.826133
vt -0.886925 -0.669010
vt -1.044048 -0.669010
vt -1.044048 -0.826133
vt -0.886925 -0.826133
vt -0.886925 -0.669010
vt -1.044048 -0.669010
vt -1.044048 -0.826133
vt -0.886925 -0.826133
vt -0.886925 -0.669010
vt -1.044048 -0.669010
vt -1.044048 -0.826133
vt -0.886925 -0.826133
vt -0.886925 -0.669010
vt -1.044048 -0.669010
vt -1.044048 -0.826133
vt -0.886925 -0.826133
vt -0.886925 -0.669010
vt -1.044048 -0.669010
vt -1.044048 -0.826133
vt -0.886925 -0.826133
vt -0.886925 -0.669010
vt -1.044048 -0.669010
vt -1.044048 -0.826133
vt -0.886925 -0.826133
vt -0.886925 -0.669010
vt -1.044048 -0.669010
vt -1.044048 -0.826133
vt -0.886925 -0.826133
vt -0.886925 -0.669010
vt -1.044048 -0.669010
vt -1.044048 -0.826133
vt -0.886925 -0.826133
vt -0.886925 -0.669010
vt -1.044048 -0.669010
vt -1.044048 -0.826133
vt -0.886925 -0.826133
vt -0.886925 -0.669010
vt -1.044048 -0.669010
vt -1.044048 -0.826133
vt -0.886925 -0.826133
vt -0.886925 -0.669010
vt -1.044048 -0.669010
vt -1.044048 -0.826133
vt -0.886925 -0.826133
vt -0.886925 -0.669010
vt -1.044048 -0.669010
vt -1.044048 -0.826133
vt -0.886925 -0.826133
vt -0.886925 -0.669010
vt -1.044048 -0.669010
vt -1.044048 -0.826133
vt -0.886925 -0.826133
vt -0.886925 -0.669010
vt -1.044048 -0.669010
vt -1.044048 -0.826133
vt -0.886925 -0.826133
vt -0.886925 -0.669010
vt -1.044048 -0.669010
vt -1.044048 -0.826133
vt -0.886925 -0.826133
vt -0.886925 -0.669010
vt -1.044048 -0.669010
vt -1.044048 -0.826133
vt -0.886925 -0.826133
vt -0.886925 -0.669010
vt -1.044048 -0.669010
vt -1.044048 -0.826133
vt -0.886925 -0.826133
vt -0.886925 -0.669010
vt -1.044048 -0.669010
vt -1.044048 -0.826133
vt -0.886925 -0.826133
vt -0.886925 -0.669010
vt -1.044048 -0.669010
vt -1.044048 -0.826133
vt -0.886925 -0.826133
vt -0.886925 -0.669010
vt -1.044048 -0.669010
vt -1.044048 -0.826133
vt -0.886925 -0.826133
vt -0.886925 -0.669010
vt -1.044048 -0.669010
vt -1.044048 -0.826133
vt -0.886925 -0.826133
vt -0.886925 -0.669010
vt -1.044048 -0.669010
vt -1.044048 -0.826133
vt -0.886925 -0.826133
vt -0.886925 -0.669010
vt -1.044048 -0.669010
vt -1.044048 -0.826133
vt -0.886925 -0.826133
vt -0.886925 -0.669010
vt -1.044048 -0.669010
vt -1.044048 -0.826133
vt -0.886925 -0.826133
vt -0.886925 -0.669010
vt -1.044048 -0.669010
vt -1.044048 -0.826133
vt -0.886925 -0.826133
vt -0.886925 -0.669010
vt -1.044048 -0.669010
vt -1.044048 -0.826133
vt -0.886925 -0.826133
vt -0.886925 -0.669010
vt -1.044048 -0.669010
vt -1.044048 -0.826133
vt -0.886925 -0.826133
vt -0.886925 -0.669010
vt -1.044048 -0.669010
vt -0.782454 -0.774177
vt -0.721443 -0.774177
vt -0.721443 -0.508211
vt -0.782454 -0.508211
vt -0.904475 -0.774177
vt -0.843465 -0.774177
vt -0.843465 -0.508211
vt -0.904475 -0.508211
vt -1.026497 -0.774177
vt -0.965486 -0.774177
vt -0.965486 -0.508211
vt -1.026497 -0.508211
vt -1.148518 -0.774177
vt -1.087508 -0.774177
vt -1.087508 -0.508211
vt -1.148518 -0.508211
vt -1.044048 -0.826133
vt -0.886925 -0.826133
vt -0.886925 -0.669010
vt -1.044048 -0.669010
vt -1.044048 -0.826133
vt -0.886925 -0.826133
vt -0.886925 -0.669010
vt -1.044048 -0.669010
vt -1.044048 -0.826133
vt -0.886925 -0.826133
vt -0.886925 -0.669010
vt -1.044048 -0.669010
vt -1.044048 -0.826133
vt -0.886925 -0.826133
vt -0.886925 -0.669010
vt -1.044048 -0.669010
vt -1.442194 3.355665
vt -1.442194 3.318738
vt 0.612376 3.318738
vt 0.612376 3.355665
vt -1.442194 3.134105
vt -1.442194 3.097179
vt 0.612376 3.097179
vt 0.612376 3.134105
vt -1.442194 3.207958
vt -1.442194 3.171032
vt 0.612376 3.171032
vt 0.612376 3.207958
vt -1.442194 3.281812
vt -1.442194 3.244885
vt 0.612376 3.244885
vt 0.612376 3.281811
vt -1.044048 -0.826133
vt -0.886925 -0.826133
vt -0.886925 -0.669010
vt -1.044048 -0.669010
vt -1.044048 -0.826133
vt -0.886925 -0.826133
vt -0.886925 -0.669010
vt -1.044048 -0.669010
vt -1.044048 -0.826133
vt -0.886925 -0.826133
vt -0.886925 -0.669010
vt -1.044048 -0.669010
vt -1.044048 -0.826133
vt -0.886925 -0.826133
vt -0.886925 -0.669010
vt -1.044048 -0.669010
vt -1.044048 -0.826133
vt -0.886925 -0.826133
vt -0.886925 -0.669010
vt -1.044048 -0.669010
vt -1.044048 -0.826133
vt -0.886925 -0.826133
vt -0.886925 -0.669010
vt -1.044048 -0.669010
vt -1.044048 -0.826133
vt -0.886925 -0.826133
vt -0.886925 -0.669010
vt -1.044048 -0.669010
vt -1.044048 -0.826133
vt -0.886925 -0.826133
vt -0.886925 -0.669010
vt -1.044048 -0.669010
vt -0.915848 -0.832581
vt -0.886065 -0.832581
vt -0.886065 -0.509906
vt -0.915848 -0.509906
vt -0.955558 -0.832581
vt -0.915848 -0.832581
vt -0.915848 -0.509906
vt -0.955558 -0.509906
vt -0.995269 -0.832581
vt -0.955558 -0.832581
vt -0.955558 -0.509906
vt -0.995269 -0.509906
vt -1.034979 -0.832581
vt -0.995269 -0.832581
vt -0.995269 -0.509906
vt -1.034979 -0.509906
vt 4.345433 2.448158
vt 4.278626 2.393544
vt 3.464840 2.393544
vt 3.862525 2.448158
vt 4.115733 2.393544
vt 4.278626 2.393544
vt 4.345433 2.448158
vt 4.033173 2.448158
vt 3.716802 2.448158
vt 3.644078 2.393544
vt 4.115733 2.393544
vt 4.033173 2.448158
vt 3.464840 2.393544
vt 3.644078 2.393544
vt 3.716802 2.448158
vt 3.477286 2.448158
vt 4.276965 2.311623
vt 3.451374 2.311623
vt 4.112957 2.311623
vt 4.276965 2.311623
vt 3.645259 2.311623
vt 4.112957 2.311623
vt 3.451374 2.311623
vt 3.645259 2.311623
vt 4.112957 2.311623
vt 3.645259 2.311623
vt 3.644510 2.229702
vt 4.113748 2.229702
vt 3.459519 2.229702
vt 3.644510 2.229702
vt 3.645259 2.311623
vt 3.451374 2.311623
vt 3.451374 2.311623
vt 4.276965 2.311623
vt 4.277392 2.229702
vt 3.459519 2.229702
vt 4.113748 2.229702
vt 4.277392 2.229702
vt 4.276965 2.311623
vt 4.112957 2.311623
vt 4.265307 2.175087
vt 4.252762 2.120473
vt 3.525825 2.120473
vt 3.503088 2.175087
vt 4.106997 2.120473
vt 4.252762 2.120473
vt 4.265307 2.175087
vt 4.111706 2.175087
vt 4.111706 2.175087
vt 3.656487 2.175087
vt 3.669231 2.120473
vt 4.106997 2.120473
vt 3.525825 2.120473
vt 3.669231 2.120473
vt 3.656487 2.175087
vt 3.503088 2.175087
vt 3.525825 2.120473
vt 4.252762 2.120473
vt 4.330395 2.065859
vt 3.422770 2.065859
vt 4.034008 2.065859
vt 4.330395 2.065859
vt 3.422770 2.065859
vt 3.667847 2.065859
vt 4.405340 2.011245
vt 4.554132 2.011245
vt 4.592053 2.065859
vt 4.330395 2.065859
vt 4.107551 2.011245
vt 4.255319 2.011245
vt 4.330395 2.065859
vt 4.034008 2.065859
vt 3.814474 2.011245
vt 3.961005 2.011245
vt 4.034008 2.065859
vt 3.814919 2.065859
vt 3.516744 2.011245
vt 3.666743 2.011245
vt 3.667847 2.065859
vt 3.422770 2.065859
vt -0.892273 -0.782022
vt -0.867869 -0.782022
vt -0.867869 -0.643441
vt -0.892273 -0.643441
vt -0.941082 -0.782022
vt -0.916678 -0.782022
vt -0.916678 -0.643441
vt -0.941082 -0.643441
vt -0.989890 -0.782022
vt -0.965486 -0.782022
vt -0.965486 -0.643441
vt -0.989890 -0.643441
vt -1.038699 -0.782022
vt -1.014295 -0.782022
vt -1.014295 -0.643441
vt -1.038699 -0.643441
vt -1.044048 -0.826133
vt -0.886925 -0.826133
vt -0.886925 -0.669010
vt -1.044048 -0.669010
vt -1.044048 -0.826133
vt -0.886925 -0.826133
vt -0.886925 -0.669010
vt -1.044048 -0.669010
vt -1.044048 -0.826133
vt -0.886925 -0.826133
vt -0.886925 -0.669010
vt -1.044048 -0.669010
vt -1.044048 -0.826133
vt -0.886925 -0.826133
vt -0.886925 -0.669010
vt -1.044048 -0.669010
vt -1.044048 -0.826133
vt -0.886925 -0.826133
vt -0.886925 -0.669010
vt -1.044048 -0.669010
vt -1.044048 -0.826133
vt -0.886925 -0.826133
vt -0.886925 -0.669010
vt -1.044048 -0.669010
vt -1.044048 -0.826133
vt -0.886925 -0.826133
vt -0.886925 -0.669010
vt -1.044048 -0.669010
vt -1.044048 -0.826133
vt -0.886925 -0.826133
vt -0.886925 -0.669010
vt -1.044048 -0.669010
vt -1.154095 -0.788073
vt -0.776877 -0.788073
vt -0.776877 -0.707070
vt -1.154095 -0.707070
vt -1.154095 -0.788073
vt -0.776877 -0.788073
vt -0.776877 -0.707070
vt -1.154095 -0.707070
vt -1.154095 -0.788073
vt -0.776877 -0.788073
vt -0.776877 -0.707070
vt -1.154095 -0.707070
vt -1.154095 -0.788073
vt -0.776877 -0.788073
vt -0.776877 -0.707070
vt -1.154095 -0.707070
vt -1.154095 -0.788073
vt -0.776877 -0.788073
vt -0.776877 -0.707070
vt -1.154095 -0.707070
vt -1.154095 -0.788073
vt -0.776877 -0.788073
vt -0.776877 -0.707070
vt -1.154095 -0.707070
vt -1.174554 -0.961859
vt -1.055086 -0.961859
vt -1.055086 -0.919193
vt -1.174554 -0.919193
vt -1.055086 -0.961859
vt -0.935619 -0.961859
vt -0.935619 -0.919193
vt -1.055086 -0.919193
vt -0.935619 -0.961859
vt -0.816152 -0.961859
vt -0.816152 -0.919193
vt -0.935619 -0.919193
vt -0.816152 -0.961859
vt -0.726552 -0.961859
vt -0.726552 -0.919193
vt -0.816152 -0.919193
vt -0.964312 -0.508637
vt -0.962447 -0.689382
vt -1.024187 -0.750954
vt -1.204420 -0.748097
vt -0.963055 -0.812256
vt -0.966661 -0.986506
vt -0.901311 -0.750685
vt -0.726552 -0.747045
vt -1.025220 -0.825671
vt -1.025220 -0.735156
vt -1.144687 -0.735156
vt -1.144687 -0.825671
vt -0.905753 -0.825671
vt -0.905753 -0.735156
vt -1.025220 -0.735156
vt -1.025220 -0.825671
vt -0.786286 -0.825671
vt -0.786286 -0.735156
vt -0.905753 -0.735156
vt -0.905753 -0.825671
vt -1.144687 -0.825671
vt -1.144687 -0.735156
vt -0.786286 -0.735156
vt -0.786286 -0.825671
vt -0.967129 -0.555842
vt -0.965814 -0.521345
vt -1.194669 -0.746456
vt -1.161804 -0.747333
vt -1.161804 -0.747333
vt -1.194669 -0.746456
vt -0.969046 -0.975824
vt -0.969876 -0.942445
vt -0.967129 -0.555842
vt -0.775200 -0.750953
vt -0.740191 -0.750712
vt -0.965814 -0.521345
vt -1.025220 -0.651998
vt -1.025220 -0.556424
vt -1.144687 -0.556424
vt -1.144687 -0.651998
vt -0.905753 -0.651998
vt -0.905753 -0.556424
vt -1.025220 -0.556424
vt -1.025220 -0.651998
vt -0.786286 -0.651998
vt -0.786286 -0.556424
vt -0.905753 -0.556424
vt -0.969876 -0.942445
vt -1.144687 -0.651998
vt -1.144687 -0.556424
vt -0.786286 -0.556424
vt -0.786286 -0.651998
vt 1.544295 3.112078
vt 1.879701 3.112078
vt 1.879701 3.359405
vt 1.544295 3.359405
vt 1.208888 3.112078
vt 1.544295 3.112078
vt 1.544295 3.359405
vt 1.208888 3.359405
vt 0.873481 3.112078
vt 1.208888 3.112078
vt 1.208888 3.359405
vt 0.873481 3.359405
vt 1.879701 3.112078
vt 2.131256 3.112078
vt 2.131256 3.359405
vt 1.879701 3.359405
vt -0.966659 -0.986506
vt -0.726552 -0.747043
vt -0.865939 -0.741606
vt -0.970827 -0.846208
vt -1.204420 -0.748097
vt -0.966659 -0.986506
vt -0.970827 -0.846208
vt -1.074690 -0.742071
vt -0.964305 -0.508637
vt -1.204420 -0.748097
vt -1.074690 -0.742071
vt -0.969797 -0.637468
vt -0.726552 -0.747043
vt -0.964305 -0.508637
vt -0.969797 -0.637468
vt -0.865939 -0.741606
vt 0.157723 0.494325
vt -0.000000 0.988650
vt 1.000000 0.988650
vt 0.842277 0.494325
vt 0.157723 0.494325
vt -0.000000 0.988650
vt 1.000000 0.988650
vt 0.842277 0.494325
vt 0.157723 0.494325
vt -0.000000 0.988650
vt 1.000000 0.988650
vt 0.842277 0.494325
vt 0.157723 0.494325
vt -0.000000 0.988650
vt 1.000000 0.988650
vt 0.842277 0.494325
vt -0.849591 -0.921298
vt -0.850485 -0.935283
vt -1.102833 -0.909215
vt -1.102073 -0.885141
vt -1.203872 -0.936108
vt -1.204420 -0.982589
vt -0.727744 -0.982061
vt -0.726552 -0.928504
vt -1.203840 -0.912612
vt -1.204420 -0.968539
vt -0.728520 -0.977226
vt -0.726552 -0.951084
vt -0.867797 -0.911386
vt -0.867904 -0.925778
vt -1.126129 -0.945155
vt -1.125789 -0.930331
vt -1.204420 -0.986506
vt -0.726552 -0.928709
vt -0.879557 -0.827574
vt -1.079577 -0.852847
vt -1.204420 -0.956529
vt -0.726552 -0.984089
vt -0.859122 -0.848305
vt -1.064178 -0.844622
vt -0.834251 -0.929801
vt -1.118024 -0.947968
vt -1.058130 -0.860545
vt -0.896329 -0.841757
vt -0.830672 -0.962710
vt -1.137956 -0.961702
vt -1.056571 -0.871449
vt -0.891950 -0.872948
vt -0.978193 -0.683021
vt -0.978092 -0.697976
vt -1.033600 -0.753963
vt -1.048216 -0.754071
vt -0.977330 -0.809023
vt -0.977224 -0.824332
vt -0.921836 -0.753339
vt -0.907200 -0.753283
vt -0.968333 -0.508637
vt -0.968061 -0.594111
vt -1.120531 -0.748829
vt -1.204420 -0.748646
vt -0.966079 -0.593584
vt -0.967377 -0.508948
vt -1.202034 -0.747806
vt -1.117374 -0.747426
vt -0.965924 -0.901843
vt -0.964127 -0.986506
vt -0.962199 -0.984662
vt -0.963892 -0.900235
vt -0.964127 -0.986506
vt -0.965924 -0.901843
vt -0.813129 -0.746953
vt -0.726688 -0.745779
vt -0.726552 -0.745278
vt -0.812000 -0.746076
vt -1.442194 3.374128
vt -1.442194 3.300275
vt -0.088583 3.326606
vt -0.088583 3.435566
vt -1.442194 3.152569
vt -1.442194 3.097179
vt -0.088583 3.026964
vt -0.088583 3.108685
vt -1.442194 3.226422
vt -1.442194 3.152569
vt -0.088583 3.108685
vt -0.088583 3.217645
vt -1.442194 3.300275
vt -1.442194 3.226422
vt -0.088583 3.217645
vt -0.088583 3.326606
vt -0.786631 -0.761021
vt -0.679318 -0.761021
vt -0.679318 -0.581466
vt -0.786631 -0.581466
vt -0.929715 -0.761021
vt -0.786631 -0.761021
vt -0.786631 -0.581466
vt -0.929715 -0.581466
vt -1.072799 -0.761021
vt -0.929715 -0.761021
vt -0.929715 -0.581466
vt -1.072799 -0.581466
vt -1.215883 -0.761021
vt -1.072799 -0.761021
vt -1.072799 -0.581466
vt -1.215883 -0.581466
vt 4.345433 2.448158
vt 4.278626 2.393544
vt 3.464840 2.393544
vt 3.862525 2.448158
vt 4.115733 2.393544
vt 4.278626 2.393544
vt 4.345433 2.448158
vt 4.033173 2.448158
vt 3.716802 2.448158
vt 3.644078 2.393544
vt 4.115733 2.393544
vt 4.033173 2.448158
vt 3.464840 2.393544
vt 3.644078 2.393544
vt 3.716802 2.448158
vt 3.477286 2.448158
vt 4.276965 2.311623
vt 3.451374 2.311623
vt 4.112957 2.311623
vt 4.276965 2.311623
vt 3.645259 2.311623
vt 4.112957 2.311623
vt 3.451374 2.311623
vt 3.645259 2.311623
vt 3.644078 2.393544
vt 3.464840 2.393544
vt 4.112957 2.311623
vt 3.645259 2.311623
vt 3.644510 2.229702
vt 4.113748 2.229702
vt 3.459519 2.229702
vt 3.644510 2.229702
vt 3.645259 2.311623
vt 3.451374 2.311623
vt 3.451374 2.311623
vt 4.276965 2.311623
vt 4.277392 2.229702
vt 3.459519 2.229702
vt 4.113748 2.229702
vt 4.277392 2.229702
vt 4.276965 2.311623
vt 4.112957 2.311623
vt 4.265307 2.175087
vt 4.252762 2.120473
vt 3.525825 2.120473
vt 3.503088 2.175087
vt 4.106997 2.120473
vt 4.252762 2.120473
vt 4.265307 2.175087
vt 4.111706 2.175087
vt 4.111706 2.175087
vt 3.656487 2.175087
vt 3.669231 2.120473
vt 4.106997 2.120473
vt 3.525825 2.120473
vt 3.669231 2.120473
vt 3.656487 2.175087
vt 3.503088 2.175087
vt 3.525825 2.120473
vt 4.252762 2.120473
vt 4.330395 2.065859
vt 3.422770 2.065859
vt 4.034008 2.065859
vt 4.330395 2.065859
vt 4.106997 2.120473
vt 3.669231 2.120473
vt 3.741383 2.065859
vt 4.034008 2.065859
vt 3.422770 2.065859
vt 3.741383 2.065859
vt 4.330329 2.011245
vt 4.554132 2.011245
vt 4.592053 2.065859
vt 4.330395 2.065859
vt 4.034278 2.011245
vt 4.330329 2.011245
vt 4.330395 2.065859
vt 4.034008 2.065859
vt 3.740608 2.011245
vt 4.034278 2.011245
vt 4.034008 2.065859
vt 3.741383 2.065859
vt 3.442349 2.011245
vt 3.740608 2.011245
vt 3.741383 2.065859
vt 3.422770 2.065859
vt 0.157723 0.494325
vt -0.000000 0.988650
vt 1.000000 0.988650
vt 0.842277 0.494325
vt 0.157723 0.494325
vt -0.000000 0.988650
vt 1.000000 0.988650
vt 0.842277 0.494325
vt 0.157723 0.494325
vt -0.000000 0.988650
vt 1.000000 0.988650
vt 0.842277 0.494325
vt 0.157723 0.494325
vt -0.000000 0.988650
vt 1.000000 0.988650
vt 0.842277 0.494325
vt -0.849591 -0.921298
vt -0.850485 -0.935283
vt -1.102833 -0.909215
vt -1.102073 -0.885141
vt -1.203872 -0.936108
vt -1.204420 -0.982589
vt -0.727744 -0.982061
vt -0.726552 -0.928504
vt -1.203840 -0.912612
vt -1.204420 -0.968539
vt -0.728520 -0.977226
vt -0.726552 -0.951084
vt -0.867797 -0.911386
vt -0.867904 -0.925778
vt -1.126129 -0.945155
vt -1.125789 -0.930331
vt -1.204420 -0.986506
vt -0.726552 -0.928709
vt -0.879557 -0.827574
vt -1.079577 -0.852847
vt -1.204420 -0.956529
vt -0.726552 -0.984089
vt -0.859122 -0.848305
vt -1.064178 -0.844622
vt -0.834251 -0.929801
vt -1.118024 -0.947968
vt -1.058130 -0.860545
vt -0.896329 -0.841757
vt -0.830672 -0.962710
vt -1.137956 -0.961702
vt -1.056571 -0.871449
vt -0.891950 -0.872948
vt -0.978193 -0.683021
vt -0.978092 -0.697976
vt -1.033600 -0.753963
vt -1.048216 -0.754071
vt -0.977330 -0.809023
vt -0.977224 -0.824332
vt -0.921836 -0.753339
vt -0.907200 -0.753283
vt -0.966079 -0.593584
vt -0.967377 -0.508948
vt -1.202034 -0.747806
vt -1.117374 -0.747426
vt -1.204420 -0.748646
vt -1.120531 -0.748829
vt -0.965924 -0.901843
vt -0.964127 -0.986506
vt -0.962199 -0.984662
vt -0.963892 -0.900235
vt -0.964127 -0.986506
vt -0.965924 -0.901843
vt -0.813129 -0.746953
vt -0.726688 -0.745779
vt -0.726552 -0.745278
vt -0.812000 -0.746076
vt -0.968061 -0.594111
vt -0.968333 -0.508637
vt 4.077991 5.446906
vt 3.291382 5.446906
vt 3.291382 5.302647
vt 4.077991 5.302647
vt 5.173286 5.302647
vt 5.173286 5.446906
vt 5.538384 5.446906
vt 5.538384 5.302647
vt 4.077991 5.302647
vt 3.291382 5.302647
vt 3.291382 5.158387
vt 4.077991 5.158387
vt 5.173286 5.158387
vt 5.173286 5.302647
vt 4.077991 5.302647
vt 4.077991 5.158387
vt 5.538384 5.302647
vt 5.173286 5.302647
vt 5.173286 5.158387
vt 5.538384 5.158387
vt 4.077991 5.158387
vt 3.291382 5.158387
vt 3.291382 5.014128
vt 4.077991 5.014128
vt 5.173286 5.014128
vt 5.173286 5.158387
vt 5.538384 5.158387
vt 5.538384 5.014128
vt 3.291382 5.446906
vt 4.077991 5.446906
vt 4.077991 5.014128
vt 4.077991 5.014128
vt 4.071291 5.170130
vt 3.291382 5.446906
vt 4.077991 5.446906
vt 4.077991 5.302647
vt 3.291382 5.302647
vt 3.291382 5.446906
vt 5.173286 5.446906
vt 5.173286 5.302647
vt 5.538384 5.446906
vt 5.538384 5.302647
vt 4.077991 5.302647
vt 4.077991 5.158387
vt 3.291382 5.158387
vt 3.291382 5.302647
vt 5.173286 5.302647
vt 5.173286 5.158387
vt 5.538384 5.302647
vt 5.538384 5.158387
vt 5.173286 5.158387
vt 5.173286 5.302647
vt 4.077991 5.158387
vt 4.077991 5.014128
vt 3.291382 5.014128
vt 3.291382 5.158387
vt 5.173286 5.158387
vt 5.173286 5.014128
vt 5.538384 5.158387
vt 5.538384 5.014128
vt 4.077991 5.446906
vt 3.291382 5.446906
vt 3.291382 5.302647
vt 4.077991 5.302647
vt 4.443089 5.446906
vt 4.443089 5.302647
vt 5.173286 5.302647
vt 5.173286 5.446906
vt 5.538384 5.446906
vt 5.538384 5.302647
vt 4.077991 5.302647
vt 3.291382 5.302647
vt 3.291382 5.158387
vt 4.077991 5.158387
vt 4.443089 5.302647
vt 4.443089 5.158387
vt 5.173286 5.158387
vt 5.173286 5.302647
vt 5.538384 5.302647
vt 5.173286 5.302647
vt 5.173286 5.158387
vt 5.538384 5.158387
vt 4.077991 5.158387
vt 3.291382 5.158387
vt 3.291382 5.014128
vt 4.077991 5.014128
vt 4.443089 5.158387
vt 4.443089 5.014128
vt 5.173286 5.014128
vt 5.173286 5.158387
vt 5.538384 5.158387
vt 5.538384 5.014128
vt 4.077991 5.446906
vt 4.077991 5.014128
vt 4.071291 5.170130
vt 3.291382 5.446906
vt 5.538384 5.446906
vt 5.538384 5.014128
vt 5.173286 5.014128
vt 5.173286 5.446906
vt 5.173286 5.446906
vt 4.077991 5.446906
vt 4.077991 5.014128
vt 5.173286 5.014128
vt 4.077991 5.446906
vt 4.077991 5.302647
vt 3.291382 5.302647
vt 3.291382 5.446906
vt 5.173286 5.446906
vt 5.173286 5.302647
vt 5.538384 5.446906
vt 5.538384 5.302647
vt 4.077991 5.302647
vt 4.077991 5.158387
vt 3.291382 5.158387
vt 3.291382 5.302647
vt 4.077991 5.158387
vt 4.077991 5.302647
vt 5.173286 5.302647
vt 5.173286 5.158387
vt 5.538384 5.302647
vt 5.538384 5.158387
vt 5.173286 5.158387
vt 5.173286 5.302647
vt 4.077991 5.158387
vt 4.077991 5.014128
vt 3.291382 5.014128
vt 3.291382 5.158387
vt 5.173286 5.158387
vt 5.173286 5.014128
vt 5.538384 5.158387
vt 5.538384 5.014128
vt -1.204420 -0.986506
vt -0.787570 -0.986506
vt -0.726552 -0.706186
vt -1.105688 -0.532923
vt -1.204420 -0.986506
vt -0.787562 -0.986506
vt -0.726552 -0.706136
vt -1.105682 -0.532865
vt 4.071291 5.170130
vt 3.291382 5.014128
vt 4.077991 5.014128
vt 4.077991 5.446906
vt -1.204420 -0.986506
vt -0.787561 -0.986506
vt -0.726552 -0.706121
vt -1.105681 -0.532862
vt 4.071291 5.170130
vt 3.291382 5.014128
vt 4.077991 5.014128
vt 4.077991 5.446906
vt -1.204420 -0.986506
vt -0.787574 -0.986506
vt -0.726552 -0.706188
vt -1.105679 -0.532915
vt 0.157723 0.494325
vt -0.000000 0.988650
vt 1.000000 0.988650
vt 0.842277 0.494325
vt 0.157723 0.494325
vt -0.000000 0.988650
vt 1.000000 0.988650
vt 0.842277 0.494325
vt 0.157723 0.494325
vt -0.000000 0.988650
vt 1.000000 0.988650
vt 0.842277 0.494325
vt 0.157723 0.494325
vt -0.000000 0.988650
vt 1.000000 0.988650
vt 0.842277 0.494325
vt -0.849591 -0.921298
vt -0.850485 -0.935283
vt -1.102833 -0.909215
vt -1.102073 -0.885141
vt -1.203872 -0.936108
vt -1.204420 -0.982589
vt -0.727744 -0.982061
vt -0.726552 -0.928504
vt -1.203840 -0.912612
vt -1.204420 -0.968539
vt -0.728520 -0.977226
vt -0.726552 -0.951084
vt -0.867797 -0.911386
vt -0.867904 -0.925778
vt -1.126129 -0.945155
vt -1.125789 -0.930331
vt -1.204420 -0.986506
vt -0.726552 -0.928709
vt -0.879557 -0.827574
vt -1.079577 -0.852847
vt -1.204420 -0.956529
vt -0.726552 -0.984089
vt -0.859122 -0.848305
vt -1.064178 -0.844622
vt -0.834251 -0.929801
vt -1.118024 -0.947968
vt -1.058130 -0.860545
vt -0.896329 -0.841757
vt -0.830672 -0.962710
vt -1.137956 -0.961702
vt -1.056571 -0.871449
vt -0.891950 -0.872948
vt -0.978193 -0.683021
vt -0.978092 -0.697976
vt -1.033600 -0.753963
vt -1.048216 -0.754071
vt -0.977330 -0.809023
vt -0.977224 -0.824332
vt -0.921836 -0.753339
vt -0.907200 -0.753283
vt -0.968333 -0.508637
vt -0.968061 -0.594111
vt -1.120531 -0.748829
vt -1.204420 -0.748646
vt -0.966079 -0.593584
vt -0.967377 -0.508948
vt -1.202034 -0.747806
vt -1.117374 -0.747426
vt -0.965924 -0.901843
vt -0.964127 -0.986506
vt -0.962199 -0.984662
vt -0.963892 -0.900235
vt -0.964127 -0.986506
vt -0.965924 -0.901843
vt -0.813129 -0.746953
vt -0.726688 -0.745779
vt -0.726552 -0.745278
vt -0.812000 -0.746076
vt -0.964109 -0.508637
vt -1.204420 -0.744941
vt -1.117874 -0.759026
vt -1.001142 -0.645932
vt -0.977189 -0.986506
vt -1.000300 -0.871993
vt -0.883568 -0.758901
vt -0.726552 -0.742238
vt 4.106997 2.120473
vt 3.884183 2.123013
vt 3.814919 2.065859
vt 4.034008 2.065859
vt 4.443089 5.446906
vt 4.443089 5.014128
vt 4.443089 5.014128
vt 4.443089 5.446906
vt 5.173286 5.446906
vt 5.173286 5.014128
vt 5.173286 5.446906
vt 5.173286 5.014128
vt 5.538384 5.014128
vt 5.538384 5.446906
vt 5.173286 5.014128
vt 5.173286 5.446906
vt -1.204420 -0.986506
vt -0.797647 -0.986506
vt -0.726552 -0.790328
vt -1.040781 -0.534925
vt -1.204420 -0.986506
vt -0.761753 -0.986506
vt -0.727040 -0.588423
vt -1.162735 -0.508637
vt -1.204420 -0.867039
vt -1.108847 -0.867039
vt -1.108847 -0.747572
vt -1.204420 -0.747572
vt -1.108847 -0.867039
vt -1.013273 -0.867039
vt -1.013273 -0.747572
vt -1.108847 -0.747572
vt -1.013273 -0.867039
vt -0.917699 -0.867039
vt -0.917699 -0.747572
vt -1.013273 -0.747572
vt -0.917699 -0.867039
vt -0.822126 -0.867039
vt -0.822126 -0.747572
vt -0.917699 -0.747572
vt -0.822126 -0.867039
vt -0.726552 -0.867039
vt -0.726552 -0.747572
vt -0.822126 -0.747572
vt -1.204420 -0.747572
vt -1.108847 -0.747572
vt -1.108847 -0.628104
vt -1.204420 -0.628104
vt -1.108847 -0.747572
vt -1.013273 -0.747572
vt -1.013273 -0.628104
vt -1.108847 -0.628104
vt -1.013273 -0.747572
vt -0.917699 -0.747572
vt -0.917699 -0.628104
vt -1.013273 -0.628104
vt -0.917699 -0.747572
vt -0.822126 -0.747572
vt -0.822126 -0.628104
vt -0.917699 -0.628104
vt -0.822126 -0.747572
vt -0.726552 -0.747572
vt -0.726552 -0.628104
vt -0.822126 -0.628104
vt -1.108847 -0.867039
vt -1.204420 -0.867039
vt -1.156633 -0.986506
vt -1.013273 -0.867039
vt -1.061060 -0.986506
vt -0.917699 -0.867039
vt -0.965486 -0.986506
vt -0.822126 -0.867039
vt -0.869913 -0.986506
vt -0.726552 -0.867039
vt -0.774339 -0.986506
vt -1.204420 -0.628104
vt -1.108847 -0.628104
vt -1.156633 -0.508637
vt -1.013273 -0.628104
vt -1.061060 -0.508637
vt -0.917699 -0.628104
vt -0.965486 -0.508637
vt -0.822126 -0.628104
vt -0.869913 -0.508637
vt -0.726552 -0.628104
vt -0.774339 -0.508637
vt -1.204420 -0.867039
vt -1.108847 -0.867039
vt -1.108847 -0.747572
vt -1.204420 -0.747572
vt -1.108847 -0.867039
vt -1.013273 -0.867039
vt -1.013273 -0.747572
vt -1.108847 -0.747572
vt -1.013273 -0.867039
vt -0.917699 -0.867039
vt -0.917699 -0.747572
vt -1.013273 -0.747572
vt -0.917699 -0.867039
vt -0.822126 -0.867039
vt -0.822126 -0.747572
vt -0.917699 -0.747572
vt -0.822126 -0.867039
vt -0.726552 -0.867039
vt -0.726552 -0.747572
vt -0.822126 -0.747572
vt -1.204420 -0.747572
vt -1.108847 -0.747572
vt -1.108847 -0.628104
vt -1.204420 -0.628104
vt -1.108847 -0.747572
vt -1.013273 -0.747572
vt -1.013273 -0.628104
vt -1.108847 -0.628104
vt -1.013273 -0.747572
vt -0.917699 -0.747572
vt -0.917699 -0.628104
vt -1.013273 -0.628104
vt -0.917699 -0.747572
vt -0.822126 -0.747572
vt -0.822126 -0.628104
vt -0.917699 -0.628104
vt -0.822126 -0.747572
vt -0.726552 -0.747572
vt -0.726552 -0.628104
vt -0.822126 -0.628104
vt -1.108847 -0.867039
vt -1.204420 -0.867039
vt -1.156633 -0.986506
vt -1.013273 -0.867039
vt -1.061060 -0.986506
vt -0.917699 -0.867039
vt -0.965486 -0.986506
vt -0.822126 -0.867039
vt -0.869913 -0.986506
vt -0.726552 -0.867039
vt -0.774339 -0.986506
vt -1.204420 -0.628104
vt -1.108847 -0.628104
vt -1.156633 -0.508637
vt -1.013273 -0.628104
vt -1.061060 -0.508637
vt -0.917699 -0.628104
vt -0.965486 -0.508637
vt -0.822126 -0.628104
vt -0.869913 -0.508637
vt -0.726552 -0.628104
vt -0.774339 -0.508637
vt -1.204420 -0.867039
vt -1.108847 -0.867039
vt -1.108847 -0.747572
vt -1.204420 -0.747572
vt -1.108847 -0.867039
vt -1.013273 -0.867039
vt -1.013273 -0.747572
vt -1.108847 -0.747572
vt -1.013273 -0.867039
vt -0.917699 -0.867039
vt -0.917699 -0.747572
vt -1.013273 -0.747572
vt -0.917699 -0.867039
vt -0.822126 -0.867039
vt -0.822126 -0.747572
vt -0.917699 -0.747572
vt -0.822126 -0.867039
vt -0.726552 -0.867039
vt -0.726552 -0.747572
vt -0.822126 -0.747572
vt -1.204420 -0.747572
vt -1.108847 -0.747572
vt -1.108847 -0.628104
vt -1.204420 -0.628104
vt -1.108847 -0.747572
vt -1.013273 -0.747572
vt -1.013273 -0.628104
vt -1.108847 -0.628104
vt -1.013273 -0.747572
vt -0.917699 -0.747572
vt -0.917699 -0.628104
vt -1.013273 -0.628104
vt -0.917699 -0.747572
vt -0.822126 -0.747572
vt -0.822126 -0.628104
vt -0.917699 -0.628104
vt -0.822126 -0.747572
vt -0.726552 -0.747572
vt -0.726552 -0.628104
vt -0.822126 -0.628104
vt -1.108847 -0.867039
vt -1.204420 -0.867039
vt -1.156633 -0.986506
vt -1.013273 -0.867039
vt -1.061060 -0.986506
vt -0.917699 -0.867039
vt -0.965486 -0.986506
vt -0.822126 -0.867039
vt -0.869912 -0.986506
vt -0.726552 -0.867039
vt -0.774339 -0.986506
vt -1.204420 -0.628104
vt -1.108847 -0.628104
vt -1.156633 -0.508637
vt -1.013273 -0.628104
vt -1.061060 -0.508637
vt -0.917699 -0.628104
vt -0.965486 -0.508637
vt -0.822126 -0.628104
vt -0.869912 -0.508637
vt -0.726552 -0.628104
vt -0.774339 -0.508637
vt 4.077991 5.446906
vt 3.291382 5.446906
vt 3.291382 5.302647
vt 4.077991 5.302647
vt 4.443089 5.446906
vt 4.443089 5.302647
vt 5.173286 5.302647
vt 5.173286 5.446906
vt 5.538384 5.446906
vt 5.538384 5.302647
vt 4.077991 5.302647
vt 3.291382 5.302647
vt 3.291382 5.158387
vt 4.077991 5.158387
vt 4.443089 5.158387
vt 4.443089 5.302647
vt 4.077991 5.302647
vt 4.077991 5.158387
vt 5.173286 5.158387
vt 5.173286 5.302647
vt 5.538384 5.302647
vt 5.173286 5.302647
vt 5.173286 5.158387
vt 5.538384 5.158387
vt 4.077991 5.158387
vt 3.291382 5.158387
vt 3.291382 5.014128
vt 4.077991 5.014128
vt 4.443089 5.014128
vt 5.173286 5.014128
vt 5.173286 5.158387
vt 4.443089 5.158387
vt 5.538384 5.158387
vt 5.538384 5.014128
vt 3.291382 5.446906
vt 4.077991 5.446906
vt 4.077991 5.014128
vt 4.077991 5.014128
vt 4.071291 5.170130
vt 3.291382 5.446906
vt 4.077991 5.446906
vt 4.077991 5.302647
vt 3.291382 5.302647
vt 3.291382 5.446906
vt 4.443089 5.446906
vt 4.443089 5.302647
vt 5.173286 5.446906
vt 5.173286 5.302647
vt 5.538384 5.446906
vt 5.538384 5.302647
vt 4.077991 5.302647
vt 4.077991 5.158387
vt 3.291382 5.158387
vt 3.291382 5.302647
vt 4.443089 5.302647
vt 4.443089 5.158387
vt 5.173286 5.302647
vt 5.173286 5.158387
vt 5.538384 5.302647
vt 5.538384 5.158387
vt 5.173286 5.158387
vt 5.173286 5.302647
vt 4.077991 5.158387
vt 4.077991 5.014128
vt 3.291382 5.014128
vt 3.291382 5.158387
vt 4.443089 5.158387
vt 4.443089 5.014128
vt 5.173286 5.158387
vt 5.173286 5.014128
vt 5.538384 5.158387
vt 5.538384 5.014128
vt 4.077991 5.446906
vt 3.291382 5.446906
vt 3.291382 5.302647
vt 4.077991 5.302647
vt 4.443089 5.446906
vt 4.443089 5.302647
vt 5.173286 5.302647
vt 5.173286 5.446906
vt 5.538384 5.446906
vt 5.538384 5.302647
vt 4.077991 5.302647
vt 3.291382 5.302647
vt 3.291382 5.158387
vt 4.077991 5.158387
vt 4.443089 5.302647
vt 4.443089 5.158387
vt 5.173286 5.158387
vt 5.173286 5.302647
vt 5.538384 5.302647
vt 5.173286 5.302647
vt 5.173286 5.158387
vt 5.538384 5.158387
vt 4.077991 5.158387
vt 3.291382 5.158387
vt 3.291382 5.014128
vt 4.077991 5.014128
vt 4.443089 5.158387
vt 4.443089 5.014128
vt 5.173286 5.014128
vt 5.173286 5.158387
vt 5.538384 5.158387
vt 5.538384 5.014128
vt 4.077991 5.446906
vt 4.077991 5.014128
vt 4.071291 5.170130
vt 3.291382 5.446906
vt 5.538384 5.446906
vt 5.538384 5.014128
vt 5.173286 5.014128
vt 5.173286 5.446906
vt 4.443089 5.014128
vt 4.443089 5.446906
vt 4.077991 5.446906
vt 4.077991 5.014128
vt 4.077991 5.446906
vt 4.077991 5.302647
vt 3.291382 5.302647
vt 3.291382 5.446906
vt 4.443089 5.446906
vt 4.443089 5.302647
vt 5.173286 5.446906
vt 5.173286 5.302647
vt 5.538384 5.446906
vt 5.538384 5.302647
vt 4.077991 5.302647
vt 4.077991 5.158387
vt 3.291382 5.158387
vt 3.291382 5.302647
vt 4.443089 5.302647
vt 4.443089 5.158387
vt 4.077991 5.158387
vt 4.077991 5.302647
vt 5.173286 5.302647
vt 5.173286 5.158387
vt 5.538384 5.302647
vt 5.538384 5.158387
vt 5.173286 5.158387
vt 5.173286 5.302647
vt 4.077991 5.158387
vt 4.077991 5.014128
vt 3.291382 5.014128
vt 3.291382 5.158387
vt 4.443089 5.158387
vt 4.443089 5.014128
vt 5.173286 5.158387
vt 5.173286 5.014128
vt 5.538384 5.158387
vt 5.538384 5.014128
vt -1.204420 -0.986506
vt -0.787570 -0.986506
vt -0.726552 -0.706186
vt -1.105688 -0.532923
vt -1.204420 -0.986506
vt -0.787562 -0.986506
vt -0.726552 -0.706136
vt -1.105682 -0.532865
vt 4.071291 5.170130
vt 3.291382 5.014128
vt 4.077991 5.014128
vt 4.077991 5.446906
vt -1.204420 -0.986506
vt -0.787561 -0.986506
vt -0.726552 -0.706121
vt -1.105681 -0.532862
vt 4.071291 5.170130
vt 3.291382 5.014128
vt 4.077991 5.014128
vt 4.077991 5.446906
vt -1.204420 -0.986506
vt -0.787574 -0.986506
vt -0.726552 -0.706188
vt -1.105679 -0.532915
vt 4.443089 5.446906
vt 4.443089 5.014128
vt 4.443089 5.014128
vt 4.443089 5.446906
vt 4.443089 5.014128
vt 4.443089 5.446906
vt 5.173286 5.014128
vt 5.173286 5.446906
vt 5.173286 5.446906
vt 5.173286 5.014128
vt 5.538384 5.014128
vt 5.538384 5.446906
vt 4.443089 5.446906
vt 4.443089 5.014128
vt 4.077991 5.014128
vt 4.077991 5.446906
vt 5.173286 5.446906
vt 5.173286 5.014128
vt 5.173286 5.014128
vt 5.173286 5.446906
vt -1.204420 -0.986506
vt -0.797647 -0.986506
vt -0.726552 -0.790328
vt -1.040781 -0.534925
vt -1.167066 -0.986506
vt -0.726552 -0.986506
vt -0.771378 -0.511561
vt -1.204420 -0.590860
vt 4.077991 5.446906
vt 3.291382 5.446906
vt 3.291382 5.302647
vt 4.077991 5.302647
vt 4.443089 5.446906
vt 4.443089 5.302647
vt 5.173286 5.302647
vt 5.173286 5.446906
vt 5.538384 5.446906
vt 5.538384 5.302647
vt 4.077991 5.302647
vt 3.291382 5.302647
vt 3.291382 5.158387
vt 4.077991 5.158387
vt 4.443089 5.158387
vt 4.443089 5.302647
vt 4.077991 5.302647
vt 4.077991 5.158387
vt 5.173286 5.158387
vt 5.173286 5.302647
vt 5.538384 5.302647
vt 5.173286 5.302647
vt 5.173286 5.158387
vt 5.538384 5.158387
vt 4.077991 5.158387
vt 3.291382 5.158387
vt 3.291382 5.014128
vt 4.077991 5.014128
vt 4.443089 5.014128
vt 5.173286 5.014128
vt 5.173286 5.158387
vt 4.443089 5.158387
vt 5.538384 5.158387
vt 5.538384 5.014128
vt 3.291382 5.446906
vt 4.077991 5.446906
vt 4.077991 5.014128
vt 4.077991 5.014128
vt 4.071291 5.170130
vt 3.291382 5.446906
vt 4.077991 5.446906
vt 4.077991 5.302647
vt 3.291382 5.302647
vt 3.291382 5.446906
vt 4.443089 5.446906
vt 4.443089 5.302647
vt 5.173286 5.446906
vt 5.173286 5.302647
vt 5.538384 5.446906
vt 5.538384 5.302647
vt 4.077991 5.302647
vt 4.077991 5.158387
vt 3.291382 5.158387
vt 3.291382 5.302647
vt 4.443089 5.302647
vt 4.443089 5.158387
vt 5.173286 5.302647
vt 5.173286 5.158387
vt 5.538384 5.302647
vt 5.538384 5.158387
vt 5.173286 5.158387
vt 5.173286 5.302647
vt 4.077991 5.158387
vt 4.077991 5.014128
vt 3.291382 5.014128
vt 3.291382 5.158387
vt 4.443089 5.158387
vt 4.443089 5.014128
vt 5.173286 5.158387
vt 5.173286 5.014128
vt 5.538384 5.158387
vt 5.538384 5.014128
vt 4.077991 5.446906
vt 3.291382 5.446906
vt 3.291382 5.302647
vt 4.077991 5.302647
vt 4.443089 5.446906
vt 4.443089 5.302647
vt 5.173286 5.302647
vt 5.173286 5.446906
vt 5.538384 5.446906
vt 5.538384 5.302647
vt 4.077991 5.302647
vt 3.291382 5.302647
vt 3.291382 5.158387
vt 4.077991 5.158387
vt 4.443089 5.302647
vt 4.443089 5.158387
vt 5.173286 5.158387
vt 5.173286 5.302647
vt 5.538384 5.302647
vt 5.173286 5.302647
vt 5.173286 5.158387
vt 5.538384 5.158387
vt 4.077991 5.158387
vt 3.291382 5.158387
vt 3.291382 5.014128
vt 4.077991 5.014128
vt 4.443089 5.158387
vt 4.443089 5.014128
vt 5.173286 5.014128
vt 5.173286 5.158387
vt 5.538384 5.158387
vt 5.538384 5.014128
vt 4.077991 5.446906
vt 4.077991 5.014128
vt 4.071291 5.170130
vt 3.291382 5.446906
vt 5.538384 5.446906
vt 5.538384 5.014128
vt 5.173286 5.014128
vt 5.173286 5.446906
vt 4.443089 5.014128
vt 4.443089 5.446906
vt 4.077991 5.446906
vt 4.077991 5.014128
vt 4.077991 5.446906
vt 4.077991 5.302647
vt 3.291382 5.302647
vt 3.291382 5.446906
vt 4.443089 5.446906
vt 4.443089 5.302647
vt 5.173286 5.446906
vt 5.173286 5.302647
vt 5.538384 5.446906
vt 5.538384 5.302647
vt 4.077991 5.302647
vt 4.077991 5.158387
vt 3.291382 5.158387
vt 3.291382 5.302647
vt 4.443089 5.302647
vt 4.443089 5.158387
vt 4.077991 5.158387
vt 4.077991 5.302647
vt 5.173286 5.302647
vt 5.173286 5.158387
vt 5.538384 5.302647
vt 5.538384 5.158387
vt 5.173286 5.158387
vt 5.173286 5.302647
vt 4.077991 5.158387
vt 4.077991 5.014128
vt 3.291382 5.014128
vt 3.291382 5.158387
vt 4.443089 5.158387
vt 4.443089 5.014128
vt 5.173286 5.158387
vt 5.173286 5.014128
vt 5.538384 5.158387
vt 5.538384 5.014128
vt -1.204420 -0.986506
vt -0.787570 -0.986506
vt -0.726552 -0.706186
vt -1.105688 -0.532923
vt -1.204420 -0.986506
vt -0.787562 -0.986506
vt -0.726552 -0.706136
vt -1.105682 -0.532865
vt 4.071291 5.170130
vt 3.291382 5.014128
vt 4.077991 5.014128
vt 4.077991 5.446906
vt -1.204420 -0.986506
vt -0.787561 -0.986506
vt -0.726552 -0.706121
vt -1.105681 -0.532862
vt 4.071291 5.170130
vt 3.291382 5.014128
vt 4.077991 5.014128
vt 4.077991 5.446906
vt -1.204420 -0.986506
vt -0.787574 -0.986506
vt -0.726552 -0.706188
vt -1.105679 -0.532915
vt 4.443089 5.446906
vt 4.443089 5.014128
vt 4.443089 5.014128
vt 4.443089 5.446906
vt 4.443089 5.014128
vt 4.443089 5.446906
vt 5.173286 5.014128
vt 5.173286 5.446906
vt 5.173286 5.446906
vt 5.173286 5.014128
vt 5.538384 5.014128
vt 5.538384 5.446906
vt 4.443089 5.446906
vt 4.443089 5.014128
vt 5.173286 5.446906
vt 5.173286 5.014128
vt 5.173286 5.014128
vt 5.173286 5.446906
vt -1.204420 -0.986506
vt -0.797647 -0.986506
vt -0.726552 -0.790328
vt -1.040781 -0.534925
vt -1.167066 -0.986506
vt -0.726552 -0.986506
vt -0.771378 -0.511561
vt -1.204420 -0.590860
vt -1.204420 -0.986506
vt -0.947132 -0.986506
vt -1.120531 -0.748829
vt -1.204420 -0.748646
vt -1.174554 -0.961859
vt -1.055086 -0.961859
vt -1.055086 -0.919193
vt -1.174554 -0.919193
vt -1.055086 -0.961859
vt -0.935619 -0.961859
vt -0.935619 -0.919193
vt -1.055086 -0.919193
vt -0.935619 -0.961859
vt -0.816152 -0.961859
vt -0.816152 -0.919193
vt -0.935619 -0.919193
vt -0.816152 -0.961859
vt -0.726552 -0.961859
vt -0.726552 -0.919193
vt -0.816152 -0.919193
vt -0.964312 -0.508637
vt -0.962447 -0.689382
vt -1.024187 -0.750954
vt -1.204420 -0.748097
vt -0.963055 -0.812256
vt -0.966661 -0.986506
vt -0.901311 -0.750685
vt -0.726552 -0.747045
vt -1.025220 -0.825671
vt -1.025220 -0.735156
vt -1.144687 -0.735156
vt -1.144687 -0.825671
vt -0.905753 -0.825671
vt -0.905753 -0.735156
vt -1.025220 -0.735156
vt -1.025220 -0.825671
vt -0.786286 -0.825671
vt -0.786286 -0.735156
vt -0.905753 -0.735156
vt -0.905753 -0.825671
vt -1.144687 -0.825671
vt -1.144687 -0.735156
vt -0.786286 -0.735156
vt -0.786286 -0.825671
vt -0.967129 -0.555842
vt -0.965814 -0.521345
vt -1.194669 -0.746456
vt -1.161804 -0.747333
vt -1.161804 -0.747333
vt -1.194669 -0.746456
vt -0.969046 -0.975824
vt -0.969876 -0.942445
vt -0.969876 -0.942445
vt -0.969046 -0.975824
vt -0.740191 -0.750712
vt -0.775200 -0.750953
vt -0.967129 -0.555842
vt -0.775200 -0.750953
vt -0.740191 -0.750712
vt -0.965814 -0.521345
vt -1.025220 -0.651998
vt -1.025220 -0.556424
vt -1.144687 -0.556424
vt -1.144687 -0.651998
vt -0.905753 -0.651998
vt -0.905753 -0.556424
vt -1.025220 -0.556424
vt -1.025220 -0.651998
vt -0.786286 -0.651998
vt -0.786286 -0.556424
vt -0.905753 -0.556424
vt -0.905753 -0.651998
vt -1.144687 -0.651998
vt -1.144687 -0.556424
vt -0.786286 -0.556424
vt -0.786286 -0.651998
vt 1.544295 3.112078
vt 1.879701 3.112078
vt 1.879701 3.359405
vt 1.544295 3.359405
vt 1.208888 3.112078
vt 1.544295 3.112078
vt 1.544295 3.359405
vt 1.208888 3.359405
vt 0.873481 3.112078
vt 1.208888 3.112078
vt 1.208888 3.359405
vt 0.873481 3.359405
vt 1.879701 3.112078
vt 2.131256 3.112078
vt 2.131256 3.359405
vt 1.879701 3.359405
vt -0.966659 -0.986506
vt -0.726552 -0.747043
vt -0.865939 -0.741606
vt -0.970827 -0.846208
vt -1.204420 -0.748097
vt -0.966659 -0.986506
vt -0.970827 -0.846208
vt -1.074690 -0.742071
vt -0.964305 -0.508637
vt -1.204420 -0.748097
vt -1.074690 -0.742071
vt -0.969797 -0.637468
vt -0.726552 -0.747043
vt -0.964305 -0.508637
vt -0.969797 -0.637468
vt -0.865939 -0.741606
vt -0.726552 -0.742238
vt -0.964109 -0.508637
vt -1.001142 -0.645932
vt -0.883568 -0.758901
vt -1.204420 -0.744941
vt -1.117874 -0.759026
vt -0.977189 -0.986506
vt -1.000300 -0.871993
vt -1.174554 -0.961859
vt -1.055086 -0.961859
vt -1.055086 -0.919193
vt -1.174554 -0.919193
vt -1.055086 -0.961859
vt -0.935619 -0.961859
vt -0.935619 -0.919193
vt -1.055086 -0.919193
vt -0.935619 -0.961859
vt -0.816152 -0.961859
vt -0.816152 -0.919193
vt -0.935619 -0.919193
vt -0.816152 -0.961859
vt -0.726552 -0.961859
vt -0.726552 -0.919193
vt -0.816152 -0.919193
vt -0.964312 -0.508637
vt -0.962447 -0.689382
vt -1.024187 -0.750954
vt -1.204420 -0.748097
vt -0.963055 -0.812256
vt -0.966661 -0.986506
vt -0.901311 -0.750685
vt -0.726552 -0.747045
vt -0.905753 -0.765671
vt -1.025220 -0.735156
vt -1.144687 -0.735156
vt -1.144687 -0.825671
vt -0.905753 -0.825671
vt -1.025220 -0.825671
vt -1.025220 -0.735156
vt -0.905753 -0.759362
vt -0.905753 -0.735156
vt -0.786286 -0.825671
vt -0.786286 -0.735156
vt -0.905753 -0.735156
vt -0.905753 -0.765671
vt -0.905753 -0.825671
vt -1.144687 -0.825671
vt -1.144687 -0.735156
vt -0.786286 -0.735156
vt -0.786286 -0.825671
vt -0.967129 -0.555842
vt -0.965814 -0.521345
vt -1.194669 -0.746456
vt -1.161804 -0.747333
vt -1.161804 -0.747333
vt -1.194669 -0.746456
vt -0.969046 -0.975824
vt -0.969876 -0.942445
vt -0.969876 -0.942445
vt -0.969046 -0.975824
vt -0.740191 -0.750712
vt -0.775200 -0.750953
vt -0.967129 -0.555842
vt -0.775200 -0.750953
vt -0.740191 -0.750712
vt -0.965814 -0.521345
vt -1.025220 -0.651998
vt -1.025220 -0.556424
vt -1.144687 -0.556424
vt -1.144687 -0.651998
vt -0.905753 -0.651998
vt -0.905753 -0.556424
vt -1.025220 -0.556424
vt -1.025220 -0.651998
vt -0.786286 -0.651998
vt -0.786286 -0.556424
vt -0.905753 -0.556424
vt -0.905753 -0.651998
vt -1.144687 -0.651998
vt -1.144687 -0.556424
vt -0.786286 -0.556424
vt -0.786286 -0.651998
vt 1.544295 3.112078
vt 1.879701 3.112078
vt 1.879701 3.359405
vt 1.544295 3.359405
vt 1.208888 3.112078
vt 1.544295 3.112078
vt 1.544295 3.359405
vt 1.208888 3.359405
vt 0.873481 3.112078
vt 1.208888 3.112078
vt 1.208888 3.359405
vt 0.873481 3.359405
vt 1.879701 3.112078
vt 2.131256 3.112078
vt 2.131256 3.359405
vt 1.879701 3.359405
vt -0.966659 -0.986506
vt -0.726552 -0.747043
vt -0.865939 -0.741606
vt -0.970827 -0.846208
vt -1.204420 -0.748097
vt -0.966659 -0.986506
vt -0.970827 -0.846208
vt -1.074690 -0.742071
vt -0.964305 -0.508637
vt -1.204420 -0.748097
vt -1.074690 -0.742071
vt -0.969797 -0.637468
vt -0.726552 -0.747043
vt -0.964305 -0.508637
vt -0.969797 -0.637468
vt -0.865939 -0.741606
vt -0.726552 -0.742238
vt -0.964109 -0.508637
vt -1.001142 -0.645932
vt -0.883568 -0.758901
vt -1.204420 -0.744941
vt -1.117874 -0.759026
vt -0.977189 -0.986506
vt -1.000300 -0.871993
vt 0.559593 7.233560
vt 0.561400 7.181734
vt 0.881254 7.181734
vt 0.879121 7.233560
vt -0.428605 7.233560
vt -0.427426 7.181734
vt -0.066751 7.181734
vt -0.070201 7.233560
vt -1.014167 7.233560
vt -1.018547 7.181734
vt -0.755668 7.181734
vt -0.754001 7.233560
vt 2.600302 5.020731
vt 2.600302 5.439989
vt 1.258675 5.439989
vt 1.258675 5.020731
vt 0.563655 7.337211
vt 0.559593 7.233560
vt 0.879121 7.233560
vt 0.880450 7.337211
vt -0.428591 7.337211
vt -0.428605 7.233560
vt -0.070201 7.233560
vt -0.069892 7.337213
vt -1.018774 7.337211
vt -1.014167 7.233560
vt -0.754001 7.233560
vt -0.753307 7.337211
vt 2.600302 5.020731
vt 2.600302 5.439989
vt 1.258675 5.439989
vt 1.258675 5.020731
vt 0.563655 7.337211
vt 0.880450 7.337211
vt 0.882925 7.389037
vt 0.565749 7.389037
vt -0.428591 7.337211
vt -0.069892 7.337213
vt -0.066370 7.389037
vt -0.427394 7.389037
vt -1.018774 7.337211
vt -0.753307 7.337211
vt -0.755129 7.389037
vt -1.022737 7.389037
vt 2.600302 5.020731
vt 2.600302 5.439989
vt 1.258675 5.439989
vt 1.258675 5.020731
vt 0.561400 7.181734
vt 0.565749 7.389037
vt 0.882925 7.389037
vt 0.881254 7.181734
vt -0.427426 7.181734
vt -0.427394 7.389037
vt -0.066370 7.389037
vt -0.066751 7.181734
vt -1.018547 7.181734
vt -1.022737 7.389037
vt -0.755129 7.389037
vt -0.755668 7.181734
vt 2.600302 5.020731
vt 2.600302 5.439989
vt 1.258675 5.439989
vt 1.258675 5.020731
vt -0.755668 7.181734
vt -0.755129 7.389037
vt -0.427394 7.389037
vt -0.427426 7.181734
vt -0.754001 7.233560
vt -0.428605 7.233560
vt -0.428591 7.337211
vt -0.753307 7.337211
vt -1.615209 7.268231
vt -1.628634 7.184337
vt -1.628634 7.184337
vt -1.627548 7.387958
vt -1.022737 7.389037
vt -1.018547 7.181734
vt -1.614980 7.298852
vt -1.627548 7.387958
vt -1.614980 7.298852
vt -1.615209 7.268231
vt -1.014167 7.233560
vt -1.018774 7.337211
vt -0.066751 7.181734
vt -0.066370 7.389037
vt 0.250289 7.389037
vt 0.247921 7.181734
vt 0.249211 7.337211
vt 0.250289 7.389037
vt -0.070201 7.233560
vt 0.247061 7.233560
vt 0.249211 7.337211
vt -0.069892 7.337213
vt 0.247921 7.181734
vt 0.247061 7.233560
vt 1.209373 7.181734
vt 0.881254 7.181734
vt 0.882925 7.389037
vt 1.210861 7.389037
vt 1.209373 7.181734
vt 1.200596 7.233560
vt 1.201511 7.337211
vt 1.210861 7.389037
vt 0.882925 7.389037
vt 0.880450 7.337211
vt 1.200596 7.233560
vt 0.879121 7.233560
vt 1.434493 7.181734
vt 1.209373 7.181734
vt 1.210861 7.389037
vt 1.440602 7.389037
vt 1.434493 7.181734
vt 1.432006 7.233560
vt 1.432006 7.233560
vt 1.437338 7.337211
vt 1.201511 7.337211
vt 1.200596 7.233560
vt 1.210861 7.389037
vt 1.201511 7.337211
vt 1.437338 7.337211
vt 1.440602 7.389037
vt 1.605698 7.181734
vt 1.434493 7.181734
vt 1.440602 7.389037
vt 1.613349 7.389037
vt 1.605698 7.181734
vt 1.605217 7.233560
vt 1.605217 7.233560
vt 1.610825 7.337213
vt 1.437338 7.337211
vt 1.432006 7.233560
vt 1.610825 7.337213
vt 1.613349 7.389037
vt 1.718930 7.181734
vt 1.726424 7.389037
vt 1.718930 7.181734
vt 1.717935 7.233560
vt 1.717935 7.233560
vt 1.722302 7.337211
vt 1.722302 7.337211
vt 1.726424 7.389037
vt 1.836657 7.181734
vt 1.718930 7.181734
vt 1.726424 7.389037
vt 1.846135 7.389037
vt 1.836657 7.181734
vt 1.838789 7.233560
vt 1.838789 7.233560
vt 1.843815 7.337211
vt 1.722302 7.337211
vt 1.717935 7.233560
vt 1.843815 7.337211
vt 1.846135 7.389037
vt 1.916754 7.181734
vt 1.836657 7.181734
vt 1.846135 7.389037
vt 1.925716 7.389037
vt 1.916754 7.181734
vt 1.918042 7.233560
vt 1.918042 7.233560
vt 1.922014 7.337211
vt 1.843815 7.337211
vt 1.838789 7.233560
vt 1.922014 7.337211
vt 1.925716 7.389037
vt 1.978237 7.181734
vt 1.916754 7.181734
vt 1.925716 7.389037
vt 1.980061 7.389037
vt 1.978237 7.181734
vt 1.974733 7.233560
vt 1.974733 7.233560
vt 1.975173 7.337213
vt 1.922014 7.337211
vt 1.918042 7.233560
vt 1.975173 7.337213
vt 1.980061 7.389037
vt 2.034402 7.181734
vt 1.978237 7.181734
vt 1.980061 7.389037
vt 2.026200 7.389037
vt 2.035689 7.233560
vt 2.034402 7.181734
vt 2.118324 7.181734
vt 2.163137 7.233560
vt 2.155861 7.337211
vt 2.029504 7.337211
vt 2.035689 7.233560
vt 2.156881 7.231271
vt 2.026200 7.389037
vt 2.029504 7.337211
vt 2.155861 7.337211
vt 2.110990 7.389037
vt 2.035689 7.233560
vt 2.029504 7.337211
vt 1.975173 7.337213
vt 1.974733 7.233560
vt 2.118324 7.181734
vt 2.034402 7.181734
vt 2.026200 7.389037
vt 2.132661 7.393151
vt 4.436798 0.058391
vt 4.443912 0.415980
vt 3.788432 0.426705
vt 3.791837 0.066270
vt 0.559593 7.233560
vt 0.879121 7.233560
vt 0.881254 7.181734
vt 0.561400 7.181734
vt -0.428605 7.233560
vt -0.070201 7.233560
vt -0.066751 7.181734
vt -0.427426 7.181734
vt -1.014167 7.233560
vt -0.754001 7.233560
vt -0.755668 7.181734
vt -1.018547 7.181734
vt 0.563655 7.337211
vt 0.880450 7.337211
vt 0.879121 7.233560
vt 0.559593 7.233560
vt -0.428591 7.337211
vt -0.069892 7.337213
vt -0.070201 7.233560
vt -0.428605 7.233560
vt -1.018774 7.337211
vt -0.753307 7.337211
vt -0.754001 7.233560
vt -1.014167 7.233560
vt 0.563655 7.337211
vt 0.565749 7.389037
vt 0.882925 7.389037
vt 0.880450 7.337211
vt -0.428591 7.337211
vt -0.427394 7.389037
vt -0.066370 7.389037
vt -0.069892 7.337213
vt -1.018774 7.337211
vt -1.022737 7.389037
vt -0.755129 7.389037
vt -0.753307 7.337211
vt 0.561400 7.181734
vt 0.881254 7.181734
vt 0.882925 7.389037
vt 0.565749 7.389037
vt -0.427426 7.181734
vt -0.066751 7.181734
vt -0.066370 7.389037
vt -0.427394 7.389037
vt -1.018547 7.181734
vt -0.755668 7.181734
vt -0.755129 7.389037
vt -1.022737 7.389037
vt -0.755668 7.181734
vt -0.427426 7.181734
vt -0.427394 7.389037
vt -0.755129 7.389037
vt -0.754001 7.233560
vt -0.753307 7.337211
vt -0.428591 7.337211
vt -0.428605 7.233560
vt -1.614009 7.230481
vt -1.629415 7.179338
vt -1.629415 7.179338
vt -1.628819 7.391442
vt -1.613890 7.340671
vt -1.628819 7.391442
vt -1.613890 7.340671
vt -1.018774 7.337211
vt -1.014167 7.233560
vt -1.614009 7.230481
vt -0.066751 7.181734
vt 0.247921 7.181734
vt 0.250289 7.389037
vt -0.066370 7.389037
vt 0.250289 7.389037
vt 0.249211 7.337211
vt -0.070201 7.233560
vt -0.069892 7.337213
vt 0.249211 7.337211
vt 0.247061 7.233560
vt 0.247061 7.233560
vt 0.247921 7.181734
vt 1.209373 7.181734
vt 1.210861 7.389037
vt 0.882925 7.389037
vt 0.881254 7.181734
vt 1.200596 7.233560
vt 1.209373 7.181734
vt 1.200596 7.233560
vt 0.879121 7.233560
vt 0.880450 7.337211
vt 1.201511 7.337211
vt 1.210861 7.389037
vt 1.201511 7.337211
vt 1.434493 7.181734
vt 1.440602 7.389037
vt 1.210861 7.389037
vt 1.209373 7.181734
vt 1.432006 7.233560
vt 1.434493 7.181734
vt 1.432006 7.233560
vt 1.200596 7.233560
vt 1.201511 7.337211
vt 1.437338 7.337211
vt 1.440602 7.389037
vt 1.437338 7.337211
vt 1.605698 7.181734
vt 1.613349 7.389037
vt 1.440602 7.389037
vt 1.434493 7.181734
vt 1.605217 7.233560
vt 1.605698 7.181734
vt 1.605217 7.233560
vt 1.432006 7.233560
vt 1.437338 7.337211
vt 1.610825 7.337213
vt 1.613349 7.389037
vt 1.610825 7.337213
vt 1.718930 7.181734
vt 1.726424 7.389037
vt 1.717935 7.233560
vt 1.718930 7.181734
vt 1.717935 7.233560
vt 1.722302 7.337211
vt 1.726424 7.389037
vt 1.722302 7.337211
vt 1.836657 7.181734
vt 1.846135 7.389037
vt 1.726424 7.389037
vt 1.718930 7.181734
vt 1.838789 7.233560
vt 1.836657 7.181734
vt 1.838789 7.233560
vt 1.717935 7.233560
vt 1.722302 7.337211
vt 1.843815 7.337211
vt 1.846135 7.389037
vt 1.843815 7.337211
vt 1.916754 7.181734
vt 1.925716 7.389037
vt 1.846135 7.389037
vt 1.836657 7.181734
vt 1.918042 7.233560
vt 1.916754 7.181734
vt 1.918042 7.233560
vt 1.838789 7.233560
vt 1.843815 7.337211
vt 1.922014 7.337211
vt 1.925716 7.389037
vt 1.922014 7.337211
vt 1.978237 7.181734
vt 1.980061 7.389037
vt 1.925716 7.389037
vt 1.916754 7.181734
vt 1.974733 7.233560
vt 1.978237 7.181734
vt 1.974733 7.233560
vt 1.918042 7.233560
vt 1.922014 7.337211
vt 1.975173 7.337213
vt 1.980061 7.389037
vt 1.975173 7.337213
vt 2.034402 7.181734
vt 2.026200 7.389037
vt 1.980061 7.389037
vt 1.978237 7.181734
vt 2.035689 7.233560
vt 2.163137 7.233560
vt 2.118324 7.181734
vt 2.034402 7.181734
vt 2.155861 7.337211
vt 2.156881 7.231271
vt 2.035689 7.233560
vt 2.029504 7.337211
vt 2.026200 7.389037
vt 2.110990 7.389037
vt 2.155861 7.337211
vt 2.029504 7.337211
vt 2.035689 7.233560
vt 1.974733 7.233560
vt 1.975173 7.337213
vt 2.029504 7.337211
vt 2.118324 7.181734
vt 2.132661 7.393151
vt 2.026200 7.389037
vt 2.034402 7.181734
vt 4.556104 0.067139
vt 5.158631 0.083995
vt 5.166802 0.438766
vt 4.539093 0.427495
vt -0.786286 -0.651998
vt -0.969876 -0.942445
vt -0.969046 -0.975824
vt -0.740191 -0.750712
vt -1.204419 -0.986506
vt -0.726553 -0.986506
vt -0.726552 -0.508648
vt -1.204420 -0.508644
vt -1.204420 -0.986506
vt -0.726556 -0.986506
vt -0.726555 -0.508640
vt -1.204415 -0.508637
vt -1.204420 -0.986506
vt -0.726557 -0.986506
vt -0.726555 -0.508640
vt -1.204415 -0.508637
vt -0.000000 0.494325
vt 0.988848 0.494325
vt 1.000000 0.988650
vt 0.008319 0.988650
vt -0.000000 0.494325
vt 0.994239 0.494325
vt 1.000000 0.988650
vt 0.008614 0.988650
vt 0.011141 0.494325
vt 1.000000 0.494325
vt 0.991390 0.988650
vt -0.000000 0.988650

usemtl phong141_0
f 1/1 2/2 29/3
f 29/3 7/4 1/1
f 2/5 4/6 3/7
f 3/7 29/8 2/5
f 4/9 5/10 6/11
f 6/11 3/12 4/9
f 5/13 1/14 7/15
f 7/15 6/16 5/13
f 10/17 16/18 8/19
f 8/19 11/20 10/17
f 16/21 20/22 9/23
f 9/23 8/24 16/21
f 20/25 18/26 14/27
f 14/27 9/28 20/25
f 18/29 10/30 11/31
f 11/31 14/32 18/29
f 11/33 8/34 13/35
f 13/35 12/36 11/33
f 8/37 9/38 15/39
f 15/39 13/40 8/37
f 9/41 14/42 159/43
f 159/43 15/44 9/41
f 14/45 11/46 12/47
f 12/47 159/48 14/45
f 54/49 57/50 16/51
f 16/51 10/52 54/49
f 17/53 54/54 10/55
f 10/55 18/56 17/53
f 19/57 17/58 18/59
f 18/59 20/60 19/57
f 57/61 19/62 20/63
f 20/63 16/64 57/61
f 28/65 31/66 26/67
f 26/67 23/68 28/65
f 22/69 28/70 23/71
f 23/71 21/72 22/69
f 30/73 22/74 21/75
f 21/75 24/76 30/73
f 31/77 30/78 24/79
f 24/79 26/80 31/77
f 23/81 26/82 33/83
f 33/83 35/84 23/81
f 21/85 23/86 35/87
f 35/87 25/88 21/85
f 24/89 21/90 25/91
f 25/91 27/92 24/89
f 26/93 24/94 27/95
f 27/95 33/96 26/93
f 6/97 7/98 28/99
f 28/99 22/100 6/97
f 3/101 6/102 22/103
f 22/103 30/104 3/101
f 29/105 3/106 30/107
f 30/107 31/108 29/105
f 7/109 29/110 31/111
f 31/111 28/112 7/109
f 25/113 35/114 32/115
f 32/115 51/116 25/113
f 27/117 25/118 51/119
f 51/119 34/120 27/117
f 33/121 27/122 34/123
f 34/123 36/124 33/121
f 35/125 33/126 36/127
f 36/127 32/128 35/125
f 48/129 50/130 41/131
f 41/131 44/132 48/129
f 37/133 48/134 44/135
f 44/135 38/136 37/133
f 39/137 37/138 38/139
f 38/139 40/140 39/137
f 50/141 39/142 40/143
f 40/143 41/144 50/141
f 41/145 40/146 42/147
f 42/147 43/148 41/145
f 44/149 41/150 43/151
f 43/151 45/152 44/149
f 38/153 44/154 45/155
f 45/155 46/156 38/153
f 40/157 38/158 46/159
f 46/159 42/160 40/157
f 52/161 47/162 50/163
f 50/163 48/164 52/161
f 53/165 52/166 48/167
f 48/167 37/168 53/165
f 49/169 53/170 37/171
f 37/171 39/172 49/169
f 47/173 49/174 39/175
f 39/175 50/176 47/173
f 32/177 36/178 49/179
f 49/179 47/180 32/177
f 51/181 32/182 47/183
f 47/183 52/184 51/181
f 34/185 51/186 52/187
f 52/187 53/188 34/185
f 36/189 34/190 53/191
f 53/191 49/192 36/189
f 59/193 56/194 54/195
f 54/195 17/196 59/193
f 61/197 59/198 17/199
f 17/199 19/200 61/197
f 55/201 61/202 19/203
f 19/203 57/204 55/201
f 56/205 55/206 57/207
f 57/207 54/208 56/205
f 59/209 58/210 62/211
f 62/211 56/212 59/209
f 60/213 58/214 59/215
f 59/215 61/216 60/213
f 55/217 63/218 60/219
f 60/219 61/220 55/217
f 62/221 63/222 55/223
f 55/223 56/224 62/221
f 62/211 58/210 71/225
f 71/225 68/226 62/211
f 64/227 71/228 58/214
f 58/214 60/213 64/227
f 60/219 63/218 67/229
f 67/229 64/230 60/219
f 68/231 67/232 63/222
f 63/222 62/221 68/231
f 64/233 67/234 66/235
f 66/235 65/236 64/233
f 70/237 66/238 67/239
f 67/239 68/240 70/237
f 68/241 71/242 69/243
f 69/243 70/244 68/241
f 65/245 69/246 71/247
f 71/247 64/248 65/245
f 72/249 78/250 75/251
f 75/251 77/252 72/249
f 310/253 78/254 72/255
f 72/255 73/256 310/253
f 73/257 74/258 76/259
f 76/259 310/260 73/257
f 75/261 76/262 74/263
f 74/263 77/264 75/261
f 75/265 78/266 79/267
f 79/267 83/268 75/265
f 81/269 79/270 78/254
f 78/254 310/253 81/269
f 83/271 82/272 76/262
f 76/262 75/261 83/271
f 80/273 88/274 83/275
f 83/275 79/276 80/273
f 86/277 80/278 79/279
f 79/279 81/280 86/277
f 87/281 86/282 81/283
f 81/283 82/284 87/281
f 88/285 87/286 82/287
f 82/287 83/288 88/285
f 84/289 85/290 88/291
f 88/291 80/292 84/289
f 92/293 84/294 80/295
f 80/295 86/296 92/293
f 93/297 92/298 86/299
f 86/299 87/300 93/297
f 85/301 93/302 87/303
f 87/303 88/304 85/301
f 45/305 43/306 94/307
f 94/307 89/308 45/305
f 46/309 45/310 89/311
f 89/311 91/312 46/309
f 42/313 46/314 91/315
f 91/315 90/316 42/313
f 43/317 42/318 90/319
f 90/319 94/320 43/317
f 89/321 94/322 85/323
f 85/323 84/324 89/321
f 91/325 89/326 84/327
f 84/327 92/328 91/325
f 90/329 91/330 92/331
f 92/331 93/332 90/329
f 94/333 90/334 93/335
f 93/335 85/336 94/333
f 70/244 69/243 72/249
f 72/249 77/252 70/244
f 73/256 72/255 69/246
f 69/246 65/245 73/256
f 65/236 66/235 74/258
f 74/258 73/257 65/236
f 77/264 74/263 66/238
f 66/238 70/237 77/264
f 99/337 95/338 96/339
f 96/339 97/340 99/337
f 98/341 101/342 95/343
f 95/343 99/344 98/341
f 100/345 103/346 101/347
f 101/347 98/348 100/345
f 102/349 105/350 103/351
f 103/351 100/352 102/349
f 104/353 106/354 105/355
f 105/355 102/356 104/353
f 104/357 97/358 96/359
f 96/359 106/360 104/357
f 107/361 108/362 110/363
f 110/363 111/364 107/361
f 108/365 109/366 132/367
f 132/367 110/368 108/365
f 109/369 308/370 134/371
f 134/371 132/372 109/369
f 308/373 107/374 111/375
f 111/375 134/376 308/373
f 119/377 130/378 129/379
f 129/379 112/380 119/377
f 112/380 129/379 113/381
f 113/381 118/382 112/380
f 118/382 113/381 114/383
f 114/383 117/384 118/382
f 119/377 117/384 114/383
f 114/383 130/378 119/377
f 112/385 116/386 115/387
f 115/387 119/388 112/385
f 118/389 732/390 116/391
f 116/391 112/392 118/389
f 117/393 120/394 732/395
f 732/395 118/396 117/393
f 119/397 115/398 120/399
f 120/399 117/400 119/397
f 121/401 115/402 116/403
f 116/403 123/404 121/401
f 123/405 116/406 732/407
f 732/407 122/408 123/405
f 121/409 731/410 120/411
f 120/411 115/412 121/409
f 123/413 124/414 126/415
f 126/415 121/416 123/413
f 122/417 125/418 124/419
f 124/419 123/420 122/417
f 731/421 127/422 125/423
f 125/423 122/424 731/421
f 121/425 126/426 127/427
f 127/427 731/428 121/425
f 133/429 131/430 114/431
f 114/431 113/432 133/429
f 128/433 133/434 113/435
f 113/435 129/436 128/433
f 135/437 128/438 129/439
f 129/439 130/440 135/437
f 131/441 135/442 130/443
f 130/443 114/444 131/441
f 132/445 134/446 131/447
f 131/447 133/448 132/445
f 110/449 132/450 133/451
f 133/451 128/452 110/449
f 111/453 110/454 128/455
f 128/455 135/456 111/453
f 134/457 111/458 135/459
f 135/459 131/460 134/457
f 145/461 138/462 136/463
f 136/463 137/464 145/461
f 147/465 139/466 138/467
f 138/467 145/468 147/465
f 148/469 155/470 139/471
f 139/471 147/472 148/469
f 137/473 136/474 155/475
f 155/475 148/476 137/473
f 151/477 141/478 149/479
f 149/479 152/480 151/477
f 152/481 149/482 140/483
f 140/483 154/484 152/481
f 154/485 140/486 156/487
f 156/487 157/488 154/485
f 157/489 156/490 141/491
f 141/491 151/492 157/489
f 150/493 153/494 306/495
f 306/495 305/496 150/493
f 153/497 142/498 307/499
f 307/499 306/500 153/497
f 142/501 158/502 309/503
f 309/503 307/504 142/501
f 158/505 150/506 305/507
f 305/507 309/508 158/505
f 137/509 143/510 144/511
f 144/511 145/512 137/509
f 145/512 144/511 146/513
f 146/513 147/514 145/512
f 147/514 146/513 736/515
f 736/515 148/516 147/514
f 148/516 736/515 143/510
f 143/510 137/509 148/516
f 141/517 136/518 138/519
f 138/519 149/520 141/517
f 150/521 151/522 152/523
f 152/523 153/524 150/521
f 149/520 138/519 139/525
f 139/525 140/526 149/520
f 153/524 152/523 154/527
f 154/527 142/528 153/524
f 140/529 139/530 155/531
f 155/531 156/532 140/529
f 142/528 154/527 157/533
f 157/533 158/534 142/528
f 156/532 155/531 136/518
f 136/518 141/517 156/532
f 158/534 157/533 151/522
f 151/522 150/521 158/534
f 12/535 13/536 163/537
f 163/537 160/538 12/535
f 159/539 12/540 160/541
f 160/541 161/542 159/539
f 15/543 159/544 161/545
f 161/545 162/546 15/543
f 13/547 15/548 162/549
f 162/549 163/550 13/547
f 164/551 168/552 170/553
f 170/553 165/554 164/551
f 166/555 164/556 165/557
f 165/557 167/558 166/555
f 174/559 166/560 167/561
f 167/561 169/562 174/559
f 168/563 174/564 169/565
f 169/565 170/566 168/563
f 164/567 171/568 173/569
f 173/569 168/570 164/567
f 172/571 171/572 164/573
f 164/573 166/574 172/571
f 174/575 176/576 172/577
f 172/577 166/578 174/575
f 173/579 176/580 174/581
f 174/581 168/582 173/579
f 173/569 171/568 175/583
f 175/583 180/584 173/569
f 183/585 175/586 171/572
f 171/572 172/571 183/585
f 172/577 176/576 179/587
f 179/587 183/588 172/577
f 180/589 179/590 176/591
f 176/591 173/592 180/589
f 183/593 179/594 177/595
f 177/595 182/596 183/593
f 178/597 177/598 179/599
f 179/599 180/600 178/597
f 180/601 175/602 181/603
f 181/603 178/604 180/601
f 182/605 181/606 175/607
f 175/607 183/608 182/605
f 184/609 186/610 189/611
f 189/611 191/612 184/609
f 185/613 186/614 184/615
f 184/615 187/616 185/613
f 187/617 188/618 190/619
f 190/619 185/620 187/617
f 189/621 190/622 188/623
f 188/623 191/624 189/621
f 189/625 186/626 194/627
f 194/627 193/628 189/625
f 192/629 194/630 186/614
f 186/614 185/613 192/629
f 185/631 190/632 195/633
f 195/633 192/634 185/631
f 193/635 195/636 190/622
f 190/622 189/621 193/635
f 161/637 160/638 193/639
f 193/639 194/640 161/637
f 162/641 161/642 194/643
f 194/643 192/644 162/641
f 163/645 162/646 192/647
f 192/647 195/648 163/645
f 160/649 163/650 195/651
f 195/651 193/652 160/649
f 178/604 181/603 184/609
f 184/609 191/612 178/604
f 187/616 184/615 181/606
f 181/606 182/605 187/616
f 182/596 177/595 188/618
f 188/618 187/617 182/596
f 191/624 188/623 177/598
f 177/598 178/597 191/624
f 197/653 196/654 199/655
f 199/655 198/656 197/653
f 207/657 214/658 196/659
f 196/659 197/660 207/657
f 208/661 215/662 214/663
f 214/663 207/664 208/661
f 198/665 199/666 215/667
f 215/667 208/668 198/665
f 200/669 218/670 201/671
f 201/671 202/672 200/669
f 202/673 201/674 213/675
f 213/675 211/676 202/673
f 211/677 213/678 203/679
f 203/679 216/680 211/677
f 216/681 203/682 218/683
f 218/683 200/684 216/681
f 209/685 210/686 556/687
f 556/687 204/688 209/685
f 210/689 212/690 557/691
f 557/691 556/692 210/689
f 212/693 217/694 559/695
f 559/695 557/696 212/693
f 217/697 209/698 204/699
f 204/699 559/700 217/697
f 198/701 737/702 205/703
f 205/703 197/704 198/701
f 197/704 205/703 206/705
f 206/705 207/706 197/704
f 207/706 206/705 738/707
f 738/707 208/708 207/706
f 208/708 738/707 737/702
f 737/702 198/701 208/708
f 209/709 200/710 202/711
f 202/711 210/712 209/709
f 201/713 196/714 214/715
f 214/715 213/716 201/713
f 210/712 202/711 211/717
f 211/717 212/718 210/712
f 213/719 214/720 215/721
f 215/721 203/722 213/719
f 212/718 211/717 216/723
f 216/723 217/724 212/718
f 203/722 215/721 199/725
f 199/725 218/726 203/722
f 217/724 216/723 200/710
f 200/710 209/709 217/724
f 231/727 230/728 223/729
f 223/729 219/730 231/727
f 220/731 315/732 231/727
f 231/727 219/730 220/731
f 221/733 315/732 220/731
f 220/731 222/734 221/733
f 219/735 223/736 224/737
f 224/737 226/738 219/735
f 225/739 220/740 219/741
f 219/741 226/742 225/739
f 222/743 220/744 225/745
f 225/745 229/746 222/743
f 226/747 224/748 269/749
f 269/749 227/750 226/747
f 228/751 225/752 226/747
f 226/747 227/750 228/751
f 229/753 225/752 228/751
f 228/751 316/754 229/753
f 230/755 231/756 227/757
f 227/758 269/759 230/760
f 278/761 232/762 233/763
f 233/763 275/764 278/761
f 232/762 278/761 234/765
f 234/765 237/766 232/762
f 314/767 235/768 237/766
f 237/766 234/765 314/767
f 232/769 238/770 236/771
f 236/771 233/772 232/769
f 238/770 232/769 237/773
f 237/773 239/774 238/770
f 235/775 240/776 239/777
f 239/777 237/778 235/775
f 238/779 277/780 276/781
f 276/781 236/782 238/779
f 277/780 238/779 239/783
f 239/783 312/784 277/780
f 240/785 313/786 312/784
f 312/784 239/783 240/785
f 241/787 257/788 280/789
f 280/789 242/790 241/787
f 311/791 241/787 242/790
f 242/790 248/792 311/791
f 248/792 243/793 244/794
f 244/794 311/791 248/792
f 245/795 244/794 243/793
f 243/793 246/796 245/795
f 242/797 280/798 279/799
f 279/799 247/800 242/797
f 248/801 242/797 247/800
f 247/800 249/802 248/801
f 249/802 254/803 243/804
f 243/804 248/801 249/802
f 246/805 243/806 254/807
f 254/807 250/808 246/805
f 247/809 279/810 251/811
f 251/811 256/812 247/809
f 249/813 247/809 256/812
f 256/812 252/814 249/813
f 252/814 253/815 254/816
f 254/816 249/813 252/814
f 250/817 254/816 253/815
f 253/815 255/818 250/817
f 241/819 256/820 251/821
f 251/821 257/822 241/819
f 245/823 255/824 253/825
f 253/825 244/826 245/823
f 258/827 274/828 264/829
f 264/829 266/830 258/827
f 274/831 261/832 271/833
f 271/833 270/834 274/831
f 261/832 274/831 258/835
f 258/835 259/836 261/832
f 260/837 262/838 259/836
f 259/836 258/835 260/837
f 261/839 263/840 272/841
f 272/841 271/842 261/839
f 263/843 261/844 259/845
f 259/845 265/846 263/843
f 262/847 267/848 265/849
f 265/849 259/850 262/847
f 263/851 264/852 273/853
f 273/853 272/854 263/851
f 264/852 263/851 265/855
f 265/855 266/856 264/852
f 267/857 268/858 266/856
f 266/856 265/855 267/857
f 269/859 224/860 223/861
f 223/861 230/862 269/859
f 270/863 271/864 272/865
f 272/865 273/866 270/863
f 270/867 273/868 264/869
f 264/869 274/870 270/867
f 275/871 233/872 236/873
f 236/873 276/874 275/871
f 275/875 276/876 277/877
f 277/877 278/878 275/875
f 251/879 279/880 280/881
f 280/881 257/882 251/879
f 281/883 282/884 298/885
f 298/885 293/886 281/883
f 295/887 301/888 282/889
f 282/889 281/890 295/887
f 297/891 304/892 301/893
f 301/893 295/894 297/891
f 293/895 298/896 304/897
f 304/897 297/898 293/895
f 283/899 287/900 299/901
f 299/901 284/902 283/899
f 284/903 299/904 302/905
f 302/905 303/906 284/903
f 303/907 302/908 285/909
f 285/909 286/910 303/907
f 286/911 285/912 287/913
f 287/913 283/914 286/911
f 300/915 288/916 289/917
f 289/917 592/918 300/915
f 288/919 290/920 591/921
f 591/921 289/922 288/919
f 290/923 292/924 291/925
f 291/925 591/926 290/923
f 292/927 300/928 592/929
f 592/929 291/930 292/927
f 293/931 740/932 294/933
f 294/933 281/934 293/931
f 281/934 294/933 739/935
f 739/935 295/936 281/934
f 295/936 739/935 296/937
f 296/937 297/938 295/936
f 297/938 296/937 740/932
f 740/932 293/931 297/938
f 287/939 298/940 282/941
f 282/941 299/942 287/939
f 300/943 283/944 284/945
f 284/945 288/946 300/943
f 299/942 282/941 301/947
f 301/947 302/948 299/942
f 288/946 284/945 303/949
f 303/949 290/950 288/946
f 302/951 301/952 304/953
f 304/953 285/954 302/951
f 290/950 303/949 286/955
f 286/955 292/956 290/950
f 285/954 304/953 298/940
f 298/940 287/939 285/954
f 292/956 286/955 283/944
f 283/944 300/943 292/956
f 305/957 306/958 108/959
f 108/959 107/960 305/957
f 306/958 307/961 109/962
f 109/962 108/959 306/958
f 308/963 109/962 307/961
f 307/961 309/964 308/963
f 310/965 76/966 82/967
f 82/967 81/968 310/965
f 311/969 252/970 256/820
f 256/820 241/819 311/969
f 252/971 311/972 244/826
f 244/826 253/825 252/971
f 234/973 278/878 277/877
f 277/877 312/974 234/973
f 234/975 312/976 313/977
f 313/977 314/978 234/975
f 228/979 227/757 231/756
f 231/756 315/980 228/979
f 315/981 221/982 316/983
f 316/983 228/984 315/981
f 266/985 268/986 260/987
f 260/987 258/988 266/985
f 328/989 318/990 317/991
f 317/991 322/992 328/989
f 318/993 329/994 319/995
f 319/995 317/996 318/993
f 329/997 330/998 321/999
f 321/999 319/1000 329/997
f 330/1001 320/1002 323/1003
f 323/1003 321/1004 330/1001
f 320/1005 328/1006 322/1007
f 322/1007 323/1008 320/1005
f 322/1009 317/1010 324/1011
f 324/1011 325/1012 322/1009
f 317/1013 319/1014 326/1015
f 326/1015 324/1016 317/1013
f 319/1017 321/1018 327/1019
f 327/1019 326/1020 319/1017
f 321/1021 323/1022 333/1023
f 333/1023 327/1024 321/1021
f 323/1025 322/1026 325/1027
f 325/1027 333/1028 323/1025
f 318/1029 328/1030 331/1031
f 329/1032 318/1029 331/1033
f 330/1034 329/1032 331/1035
f 320/1036 330/1034 331/1037
f 328/1038 320/1036 331/1039
f 325/1040 324/1041 332/1042
f 324/1041 326/1043 332/1044
f 326/1043 327/1045 332/1046
f 327/1045 333/1047 332/1048
f 333/1047 325/1049 332/1050
f 346/1051 344/1052 341/1053
f 341/1053 343/1054 346/1051
f 344/1055 335/1056 334/1057
f 334/1057 341/1058 344/1055
f 335/1059 337/1060 336/1061
f 336/1061 334/1062 335/1059
f 337/1063 338/1064 339/1065
f 339/1065 336/1066 337/1063
f 338/1067 346/1068 343/1069
f 343/1069 339/1070 338/1067
f 343/1071 341/1072 347/1073
f 347/1073 340/1074 343/1071
f 341/1075 334/1076 348/1077
f 348/1077 347/1078 341/1075
f 334/1079 336/1080 342/1081
f 342/1081 348/1082 334/1079
f 336/1083 339/1084 349/1085
f 349/1085 342/1086 336/1083
f 339/1087 343/1088 340/1089
f 340/1089 349/1090 339/1087
f 344/1091 346/1092 345/1093
f 335/1094 344/1091 345/1095
f 337/1096 335/1094 345/1097
f 338/1098 337/1096 345/1099
f 346/1100 338/1098 345/1101
f 340/1102 347/1103 350/1104
f 347/1103 348/1105 350/1106
f 348/1105 342/1107 350/1108
f 342/1107 349/1109 350/1110
f 349/1109 340/1111 350/1112
f 364/1113 361/1114 351/1115
f 351/1115 357/1116 364/1113
f 361/1117 362/1118 352/1119
f 352/1119 351/1120 361/1117
f 362/1121 353/1122 356/1123
f 356/1123 352/1124 362/1121
f 353/1125 354/1126 355/1127
f 355/1127 356/1128 353/1125
f 354/1129 364/1130 357/1131
f 357/1131 355/1132 354/1129
f 357/1133 351/1134 365/1135
f 365/1135 358/1136 357/1133
f 351/1137 352/1138 359/1139
f 359/1139 365/1140 351/1137
f 352/1141 356/1142 367/1143
f 367/1143 359/1144 352/1141
f 356/1145 355/1146 360/1147
f 360/1147 367/1148 356/1145
f 355/1149 357/1150 358/1151
f 358/1151 360/1152 355/1149
f 361/1153 364/1154 363/1155
f 362/1156 361/1153 363/1157
f 353/1158 362/1156 363/1159
f 354/1160 353/1158 363/1161
f 364/1162 354/1160 363/1163
f 358/1164 365/1165 366/1166
f 365/1165 359/1167 366/1168
f 359/1167 367/1169 366/1170
f 367/1169 360/1171 366/1172
f 360/1171 358/1173 366/1174
f 368/1175 429/1176 369/1177
f 369/1177 373/1178 368/1175
f 370/1179 368/1175 373/1178
f 373/1178 371/1180 370/1179
f 371/1180 376/1181 372/1182
f 372/1182 370/1179 371/1180
f 444/1183 372/1182 376/1181
f 376/1181 375/1184 444/1183
f 373/1185 369/1186 428/1187
f 428/1187 374/1188 373/1185
f 380/1189 371/1190 373/1191
f 373/1191 374/1192 380/1189
f 380/1189 379/1193 376/1194
f 376/1194 371/1190 380/1189
f 375/1195 376/1196 379/1197
f 379/1197 381/1198 375/1195
f 374/1199 428/1200 427/1201
f 427/1201 377/1202 374/1199
f 443/1203 378/1204 379/1205
f 379/1205 380/1206 443/1203
f 381/1207 379/1205 378/1204
f 378/1204 445/1208 381/1207
f 429/1209 368/1210 377/1211
f 377/1212 427/1213 429/1214
f 382/1215 385/1216 387/1217
f 387/1217 434/1218 382/1215
f 440/1219 383/1220 385/1216
f 385/1216 382/1215 440/1219
f 383/1220 440/1219 441/1221
f 441/1221 388/1222 383/1220
f 384/1223 389/1224 388/1222
f 388/1222 441/1221 384/1223
f 385/1225 386/1226 433/1227
f 433/1227 387/1228 385/1225
f 383/1229 392/1230 386/1226
f 386/1226 385/1225 383/1229
f 392/1230 383/1229 388/1231
f 388/1231 390/1232 392/1230
f 389/1233 393/1234 390/1235
f 390/1235 388/1236 389/1233
f 386/1237 435/1238 391/1239
f 391/1239 433/1240 386/1237
f 392/1241 439/1242 435/1238
f 435/1238 386/1237 392/1241
f 439/1242 392/1241 390/1243
f 390/1243 442/1244 439/1242
f 393/1245 394/1246 442/1244
f 442/1244 390/1243 393/1245
f 408/1247 436/1248 395/1249
f 395/1249 396/1250 408/1247
f 437/1251 408/1247 396/1250
f 396/1250 400/1252 437/1251
f 400/1252 402/1253 411/1254
f 411/1254 437/1251 400/1252
f 397/1255 411/1254 402/1253
f 402/1253 398/1256 397/1255
f 396/1257 395/1258 399/1259
f 399/1259 404/1260 396/1257
f 400/1261 396/1257 404/1260
f 404/1260 401/1262 400/1261
f 401/1262 403/1263 402/1264
f 402/1264 400/1261 401/1262
f 398/1265 402/1266 403/1267
f 403/1267 407/1268 398/1265
f 404/1269 399/1270 405/1271
f 405/1271 406/1272 404/1269
f 401/1273 404/1269 406/1272
f 406/1272 438/1274 401/1273
f 438/1274 410/1275 403/1276
f 403/1276 401/1273 438/1274
f 407/1277 403/1276 410/1275
f 410/1275 409/1278 407/1277
f 408/1279 406/1280 405/1281
f 405/1281 436/1282 408/1279
f 397/1283 409/1284 410/1285
f 410/1285 411/1286 397/1283
f 424/1287 414/1288 412/1289
f 412/1289 432/1290 424/1287
f 412/1291 418/1292 413/1293
f 413/1293 431/1294 412/1291
f 414/1295 415/1296 418/1292
f 418/1292 412/1291 414/1295
f 415/1296 414/1295 446/1297
f 446/1297 416/1298 415/1296
f 417/1299 420/1300 416/1298
f 416/1298 446/1297 417/1299
f 418/1301 421/1302 430/1303
f 430/1303 413/1304 418/1301
f 415/1305 423/1306 421/1307
f 421/1307 418/1308 415/1305
f 423/1306 415/1305 416/1309
f 416/1309 419/1310 423/1306
f 420/1311 425/1312 419/1313
f 419/1313 416/1314 420/1311
f 421/1315 432/1316 422/1317
f 422/1317 430/1318 421/1315
f 423/1319 424/1320 432/1316
f 432/1316 421/1315 423/1319
f 424/1320 423/1319 419/1321
f 419/1321 447/1322 424/1320
f 425/1323 426/1324 447/1322
f 447/1322 419/1321 425/1323
f 427/1325 428/1326 369/1327
f 369/1327 429/1328 427/1325
f 431/1329 413/1330 430/1331
f 430/1331 422/1332 431/1329
f 431/1333 422/1334 432/1335
f 432/1335 412/1336 431/1333
f 434/1337 387/1338 433/1339
f 433/1339 391/1340 434/1337
f 434/1341 391/1342 435/1343
f 435/1343 382/1344 434/1341
f 405/1345 399/1346 395/1347
f 395/1347 436/1348 405/1345
f 437/1349 438/1350 406/1280
f 406/1280 408/1279 437/1349
f 438/1351 437/1352 411/1286
f 411/1286 410/1285 438/1351
f 382/1344 435/1343 439/1353
f 439/1353 440/1354 382/1344
f 440/1354 439/1353 442/1355
f 442/1355 441/1356 440/1354
f 441/1357 442/1358 394/1359
f 394/1359 384/1360 441/1357
f 370/1361 443/1362 377/1363
f 377/1363 368/1364 370/1361
f 443/1362 370/1361 372/1365
f 372/1365 378/1366 443/1362
f 414/1288 424/1287 447/1367
f 447/1367 446/1368 414/1288
f 380/1206 374/1199 377/1202
f 377/1202 443/1203 380/1206
f 372/1369 444/1370 445/1371
f 445/1371 378/1372 372/1369
f 417/1373 446/1374 447/1375
f 447/1375 426/1376 417/1373
f 448/1377 513/1378 512/1379
f 512/1379 449/1380 448/1377
f 523/1381 448/1377 449/1380
f 449/1380 455/1382 523/1381
f 455/1382 450/1383 524/1384
f 524/1384 523/1381 455/1382
f 451/1385 524/1384 450/1383
f 450/1383 452/1386 451/1385
f 449/1387 512/1388 453/1389
f 453/1389 457/1390 449/1387
f 454/1391 455/1392 449/1393
f 449/1393 457/1394 454/1391
f 454/1391 461/1395 450/1396
f 450/1396 455/1392 454/1391
f 452/1397 450/1398 461/1399
f 461/1399 456/1400 452/1397
f 457/1401 453/1402 511/1403
f 511/1403 458/1404 457/1401
f 459/1405 460/1406 461/1407
f 461/1407 454/1408 459/1405
f 456/1409 461/1407 460/1406
f 460/1406 525/1410 456/1409
f 513/1411 448/1412 458/1413
f 458/1414 511/1415 513/1416
f 462/1417 467/1418 463/1419
f 463/1419 517/1420 462/1417
f 464/1421 469/1422 467/1418
f 467/1418 462/1417 464/1421
f 469/1422 464/1421 465/1423
f 465/1423 471/1424 469/1422
f 466/1425 472/1426 471/1424
f 471/1424 465/1423 466/1425
f 467/1427 468/1428 518/1429
f 518/1429 463/1430 467/1427
f 469/1431 470/1432 468/1428
f 468/1428 467/1427 469/1431
f 470/1432 469/1431 471/1433
f 471/1433 473/1434 470/1432
f 472/1435 475/1436 473/1437
f 473/1437 471/1438 472/1435
f 468/1439 474/1440 519/1441
f 519/1441 518/1442 468/1439
f 470/1443 521/1444 474/1440
f 474/1440 468/1439 470/1443
f 521/1444 470/1443 473/1445
f 473/1445 522/1446 521/1444
f 475/1447 476/1448 522/1446
f 522/1446 473/1445 475/1447
f 477/1449 492/1450 478/1451
f 478/1451 481/1452 477/1449
f 520/1453 477/1449 481/1452
f 481/1452 479/1454 520/1453
f 479/1454 480/1455 495/1456
f 495/1456 520/1453 479/1454
f 493/1457 495/1456 480/1455
f 480/1455 484/1458 493/1457
f 481/1459 478/1460 485/1461
f 485/1461 482/1462 481/1459
f 479/1463 481/1459 482/1462
f 482/1462 483/1464 479/1463
f 483/1464 489/1465 480/1466
f 480/1466 479/1463 483/1464
f 484/1467 480/1468 489/1469
f 489/1469 490/1470 484/1467
f 482/1471 485/1472 491/1473
f 491/1473 486/1474 482/1471
f 483/1475 482/1471 486/1474
f 486/1474 487/1476 483/1475
f 487/1476 488/1477 489/1478
f 489/1478 483/1475 487/1476
f 490/1479 489/1478 488/1477
f 488/1477 494/1480 490/1479
f 477/1481 486/1482 491/1483
f 491/1483 492/1484 477/1481
f 493/1485 494/1486 488/1487
f 488/1487 495/1488 493/1485
f 496/1489 499/1490 497/1491
f 497/1491 507/1492 496/1489
f 497/1493 498/1494 505/1495
f 505/1495 514/1496 497/1493
f 499/1497 500/1498 498/1494
f 498/1494 497/1493 499/1497
f 500/1498 499/1497 501/1499
f 501/1499 502/1500 500/1498
f 526/1501 503/1502 502/1500
f 502/1500 501/1499 526/1501
f 498/1503 504/1504 515/1505
f 515/1505 505/1506 498/1503
f 500/1507 506/1508 504/1509
f 504/1509 498/1510 500/1507
f 506/1508 500/1507 502/1511
f 502/1511 508/1512 506/1508
f 503/1513 509/1514 508/1515
f 508/1515 502/1516 503/1513
f 504/1517 507/1518 516/1519
f 516/1519 515/1520 504/1517
f 506/1521 496/1522 507/1518
f 507/1518 504/1517 506/1521
f 496/1522 506/1521 508/1523
f 508/1523 527/1524 496/1522
f 509/1525 510/1526 527/1524
f 527/1524 508/1523 509/1525
f 511/1527 453/1528 512/1529
f 512/1529 513/1530 511/1527
f 514/1531 505/1532 515/1533
f 515/1533 516/1534 514/1531
f 514/1535 516/1536 507/1537
f 507/1537 497/1538 514/1535
f 517/1539 463/1540 518/1541
f 518/1541 519/1542 517/1539
f 517/1543 519/1544 474/1545
f 474/1545 462/1546 517/1543
f 491/1547 485/1548 478/1549
f 478/1549 492/1550 491/1547
f 520/1551 487/1552 486/1482
f 486/1482 477/1481 520/1551
f 487/1553 520/1554 495/1488
f 495/1488 488/1487 487/1553
f 462/1546 474/1545 521/1555
f 521/1555 464/1556 462/1546
f 464/1556 521/1555 522/1557
f 522/1557 465/1558 464/1556
f 465/1559 522/1560 476/1561
f 476/1561 466/1562 465/1559
f 523/1563 459/1564 458/1413
f 458/1413 448/1412 523/1563
f 459/1564 523/1563 524/1565
f 524/1565 460/1566 459/1564
f 499/1490 496/1489 527/1567
f 527/1567 501/1568 499/1490
f 454/1408 457/1401 458/1404
f 458/1404 459/1405 454/1408
f 524/1569 451/1570 525/1571
f 525/1571 460/1572 524/1569
f 526/1573 501/1574 527/1575
f 527/1575 510/1576 526/1573
f 218/1577 199/1578 196/1579
f 196/1579 201/1580 218/1577
f 558/1581 560/1582 528/1583
f 528/1583 554/1584 558/1581
f 560/1585 561/1586 551/1587
f 551/1587 528/1588 560/1585
f 561/1589 529/1590 552/1591
f 552/1591 551/1592 561/1589
f 529/1593 558/1594 554/1595
f 554/1595 552/1596 529/1593
f 538/1597 549/1598 530/1599
f 530/1599 533/1600 538/1597
f 533/1600 530/1599 531/1601
f 531/1601 535/1602 533/1600
f 535/1602 531/1601 547/1603
f 547/1603 532/1604 535/1602
f 538/1597 532/1604 547/1603
f 547/1603 549/1598 538/1597
f 533/1605 537/1606 534/1607
f 534/1607 538/1608 533/1605
f 535/1609 536/1610 537/1611
f 537/1611 533/1612 535/1609
f 532/1613 540/1614 536/1615
f 536/1615 535/1616 532/1613
f 538/1617 534/1618 540/1619
f 540/1619 532/1620 538/1617
f 539/1621 534/1622 537/1623
f 537/1623 542/1624 539/1621
f 542/1625 537/1626 536/1627
f 536/1627 543/1628 542/1625
f 543/1629 536/1630 540/1631
f 540/1631 541/1632 543/1629
f 539/1633 541/1634 540/1635
f 540/1635 534/1636 539/1633
f 542/1637 544/1638 545/1639
f 545/1639 539/1640 542/1637
f 543/1641 733/1642 544/1643
f 544/1643 542/1644 543/1641
f 541/1645 546/1646 733/1647
f 733/1647 543/1648 541/1645
f 539/1649 545/1650 546/1651
f 546/1651 541/1652 539/1649
f 553/1653 550/1654 547/1655
f 547/1655 531/1656 553/1653
f 548/1657 553/1658 531/1659
f 531/1659 530/1660 548/1657
f 555/1661 548/1662 530/1663
f 530/1663 549/1664 555/1661
f 550/1665 555/1666 549/1667
f 549/1667 547/1668 550/1665
f 551/1669 552/1670 550/1671
f 550/1671 553/1672 551/1669
f 528/1673 551/1674 553/1675
f 553/1675 548/1676 528/1673
f 554/1677 528/1678 548/1679
f 548/1679 555/1680 554/1677
f 552/1681 554/1682 555/1683
f 555/1683 550/1684 552/1681
f 556/1685 557/1686 558/1687
f 558/1687 529/1688 556/1685
f 557/1686 559/1689 560/1690
f 560/1690 558/1687 557/1686
f 559/1689 204/1691 561/1692
f 561/1692 560/1690 559/1689
f 562/1693 593/1694 563/1695
f 563/1695 590/1696 562/1693
f 593/1697 594/1698 565/1699
f 565/1699 563/1700 593/1697
f 594/1701 566/1702 564/1703
f 564/1703 565/1704 594/1701
f 566/1705 562/1706 590/1707
f 590/1707 564/1708 566/1705
f 567/1709 568/1710 585/1711
f 585/1711 569/1712 567/1709
f 569/1712 585/1711 584/1713
f 584/1713 570/1714 569/1712
f 570/1714 584/1713 583/1715
f 583/1715 573/1716 570/1714
f 567/1709 573/1716 583/1715
f 583/1715 568/1710 567/1709
f 571/1717 572/1718 574/1719
f 574/1719 567/1720 571/1717
f 571/1717 567/1720 570/1721
f 567/1720 569/1722 570/1721
f 572/1723 571/1724 576/1725
f 573/1726 578/1727 576/1728
f 576/1728 571/1729 573/1726
f 573/1726 571/1729 570/1730
f 567/1731 574/1732 578/1733
f 578/1733 573/1734 567/1731
f 580/1735 574/1736 572/1737
f 572/1737 575/1738 580/1735
f 575/1739 572/1740 576/1741
f 576/1741 577/1742 575/1739
f 577/1743 576/1744 578/1745
f 578/1745 579/1746 577/1743
f 580/1747 579/1748 578/1749
f 578/1749 574/1750 580/1747
f 575/1751 734/1752 582/1753
f 582/1753 580/1754 575/1751
f 577/1755 735/1756 734/1757
f 734/1757 575/1758 577/1755
f 579/1759 581/1760 735/1761
f 735/1761 577/1762 579/1759
f 580/1763 582/1764 581/1765
f 581/1765 579/1766 580/1763
f 588/1767 587/1768 583/1769
f 583/1769 584/1770 588/1767
f 586/1771 588/1772 584/1773
f 584/1773 585/1774 586/1771
f 589/1775 586/1776 585/1777
f 585/1777 568/1778 589/1775
f 587/1779 589/1780 568/1781
f 568/1781 583/1782 587/1779
f 565/1783 564/1784 587/1785
f 587/1785 588/1786 565/1783
f 563/1787 565/1788 588/1789
f 588/1789 586/1790 563/1787
f 590/1791 563/1792 586/1793
f 586/1793 589/1794 590/1791
f 564/1795 590/1796 589/1797
f 589/1797 587/1798 564/1795
f 591/1799 291/1800 562/1801
f 562/1801 566/1802 591/1799
f 291/1800 592/1803 593/1804
f 593/1804 562/1801 291/1800
f 592/1803 289/1805 594/1806
f 594/1806 593/1804 592/1803
f 595/1807 615/1808 629/1809
f 629/1809 596/1810 595/1807
f 619/1811 597/1812 617/1813
f 617/1813 606/1814 619/1811
f 598/1815 599/1816 600/1817
f 600/1817 608/1818 598/1815
f 601/1819 602/1820 690/1821
f 690/1821 603/1822 601/1819
f 604/1823 595/1824 596/1825
f 596/1825 631/1826 604/1823
f 605/1827 619/1828 606/1829
f 606/1829 627/1830 605/1827
f 607/1831 598/1832 608/1833
f 608/1833 620/1834 607/1831
f 602/1835 622/1836 609/1837
f 609/1837 690/1838 602/1835
f 604/1839 631/1840 616/1841
f 616/1841 610/1842 604/1839
f 605/1843 627/1844 611/1845
f 611/1845 612/1846 605/1843
f 607/1847 620/1848 613/1849
f 613/1849 618/1850 607/1847
f 622/1851 621/1852 614/1853
f 614/1853 609/1854 622/1851
f 615/1855 610/1856 616/1857
f 616/1857 629/1858 615/1855
f 597/1859 612/1860 611/1861
f 611/1861 617/1862 597/1859
f 599/1863 618/1864 613/1865
f 613/1865 600/1866 599/1863
f 621/1867 601/1868 603/1869
f 603/1869 614/1870 621/1867
f 600/1871 613/1872 612/1873
f 612/1873 597/1874 600/1871
f 620/1848 605/1843 612/1846
f 612/1846 613/1849 620/1848
f 608/1875 619/1876 605/1877
f 605/1877 620/1878 608/1875
f 600/1817 597/1812 619/1811
f 619/1811 608/1818 600/1817
f 602/1879 601/1880 599/1816
f 599/1816 598/1815 602/1879
f 601/1881 621/1882 618/1883
f 618/1883 599/1884 601/1881
f 622/1885 607/1847 618/1850
f 618/1850 621/1886 622/1885
f 622/1887 602/1888 598/1889
f 598/1889 607/1890 622/1887
f 617/1891 611/1892 623/1893
f 623/1893 624/1894 617/1891
f 627/1844 626/1895 623/1896
f 623/1896 611/1845 627/1844
f 606/1897 625/1898 626/1899
f 626/1899 627/1900 606/1897
f 617/1813 624/1901 625/1902
f 625/1902 606/1814 617/1813
f 628/1903 629/1904 616/1905
f 616/1905 635/1906 628/1903
f 596/1810 629/1809 628/1907
f 628/1907 630/1908 596/1810
f 634/1909 635/1910 616/1911
f 616/1911 631/1912 634/1909
f 634/1909 631/1912 630/1913
f 631/1912 596/1914 630/1913
f 632/1915 628/1916 635/1917
f 635/1917 637/1918 632/1915
f 630/1908 628/1907 632/1919
f 632/1919 633/1920 630/1908
f 633/1921 636/1922 634/1923
f 634/1923 630/1924 633/1921
f 635/1925 634/1926 636/1927
f 636/1927 637/1928 635/1925
f 638/1929 632/1930 637/1931
f 637/1931 641/1932 638/1929
f 633/1920 632/1919 638/1933
f 638/1933 639/1934 633/1920
f 639/1935 640/1936 636/1937
f 636/1937 633/1938 639/1935
f 637/1928 636/1927 640/1939
f 640/1939 641/1940 637/1928
f 642/1941 638/1929 641/1932
f 641/1932 645/1942 642/1941
f 639/1934 638/1933 642/1943
f 642/1943 643/1944 639/1934
f 643/1945 647/1946 640/1936
f 640/1936 639/1935 643/1945
f 641/1940 640/1939 647/1947
f 647/1947 645/1948 641/1940
f 644/1949 642/1950 645/1951
f 645/1951 648/1952 644/1949
f 643/1944 642/1943 644/1953
f 644/1953 646/1954 643/1944
f 646/1955 652/1956 647/1957
f 647/1957 643/1958 646/1955
f 645/1948 647/1947 652/1959
f 652/1959 648/1960 645/1948
f 649/1961 644/1962 648/1963
f 648/1963 653/1964 649/1961
f 646/1954 644/1953 649/1965
f 649/1965 650/1966 646/1954
f 650/1967 651/1968 652/1969
f 652/1969 646/1970 650/1967
f 648/1960 652/1959 651/1971
f 651/1971 653/1972 648/1960
f 654/1973 649/1974 653/1975
f 653/1975 657/1976 654/1973
f 650/1966 649/1965 654/1977
f 654/1977 662/1978 650/1966
f 662/1979 655/1980 651/1981
f 651/1981 650/1982 662/1979
f 653/1972 651/1971 655/1983
f 655/1983 657/1984 653/1972
f 656/1985 654/1986 657/1987
f 657/1987 661/1988 656/1985
f 659/1989 656/1990 663/1991
f 663/1991 660/1992 659/1989
f 665/1993 658/1994 659/1995
f 659/1995 660/1996 665/1993
f 661/1997 658/1998 665/1999
f 665/1999 664/2000 661/1997
f 662/1978 654/1977 656/1990
f 656/1990 659/1989 662/1978
f 659/2001 658/2002 655/2003
f 655/2003 662/2004 659/2001
f 657/1984 655/1983 658/1998
f 658/1998 661/1997 657/1984
f 663/2005 656/2006 661/2007
f 661/2007 664/2008 663/2005
f 660/2009 663/2010 664/2011
f 664/2011 665/2012 660/2009
f 672/2013 671/2014 683/2015
f 683/2015 682/2016 672/2013
f 666/2017 674/2018 685/2019
f 685/2019 667/2020 666/2017
f 668/2021 689/2022 669/2023
f 669/2023 686/2024 668/2021
f 670/2025 678/2026 671/2027
f 671/2027 672/2028 670/2025
f 679/2029 673/2030 674/2031
f 674/2031 666/2032 679/2029
f 675/2033 676/2034 689/2035
f 689/2035 668/2036 675/2033
f 670/2037 677/2038 684/2039
f 684/2039 678/2040 670/2037
f 679/2041 688/2042 680/2043
f 680/2043 673/2044 679/2041
f 675/2045 681/2046 687/2047
f 687/2047 676/2048 675/2045
f 682/2049 683/2050 684/2051
f 684/2051 677/2052 682/2049
f 667/2053 685/2054 680/2055
f 680/2055 688/2056 667/2053
f 686/2057 669/2058 687/2059
f 687/2059 681/2060 686/2057
f 669/2061 667/2062 688/2063
f 688/2063 687/2064 669/2061
f 676/2048 687/2047 688/2042
f 688/2042 679/2041 676/2048
f 689/2065 676/2066 679/2067
f 679/2067 666/2068 689/2065
f 669/2023 689/2022 666/2017
f 666/2017 667/2020 669/2023
f 690/2069 668/2021 686/2024
f 686/2024 603/2070 690/2069
f 603/2071 686/2057 681/2060
f 681/2060 614/2072 603/2071
f 609/2073 614/2074 681/2046
f 681/2046 675/2045 609/2073
f 609/2075 675/2076 668/2077
f 668/2077 690/2078 609/2075
f 685/2079 694/2080 691/2081
f 691/2081 680/2082 685/2079
f 673/2044 680/2043 691/2083
f 691/2083 692/2084 673/2044
f 674/2085 673/2086 692/2087
f 692/2087 693/2088 674/2085
f 685/2019 674/2018 693/2089
f 693/2089 694/2090 685/2019
f 695/2091 698/2092 684/2093
f 684/2093 683/2094 695/2091
f 671/2014 696/2095 695/2096
f 695/2096 683/2015 671/2014
f 696/2097 671/2098 678/2099
f 678/2099 697/2100 696/2097
f 684/2039 698/2101 697/2102
f 697/2102 678/2040 684/2039
f 700/2103 701/2104 698/2105
f 698/2105 695/2106 700/2103
f 696/2095 699/2107 700/2108
f 700/2108 695/2096 696/2095
f 699/2109 696/2110 697/2111
f 697/2111 704/2112 699/2109
f 698/2101 701/2113 704/2114
f 704/2114 697/2102 698/2101
f 702/2115 706/2116 701/2117
f 701/2117 700/2118 702/2115
f 699/2107 703/2119 702/2120
f 702/2120 700/2108 699/2107
f 703/2121 699/2122 704/2123
f 704/2123 705/2124 703/2121
f 701/2113 706/2125 705/2126
f 705/2126 704/2114 701/2113
f 708/2127 709/2128 706/2116
f 706/2116 702/2115 708/2127
f 703/2119 707/2129 708/2130
f 708/2130 702/2120 703/2119
f 707/2131 703/2121 705/2124
f 705/2124 710/2132 707/2131
f 706/2125 709/2133 710/2134
f 710/2134 705/2126 706/2125
f 712/2135 711/2136 709/2137
f 709/2137 708/2138 712/2135
f 707/2129 716/2139 712/2140
f 712/2140 708/2130 707/2129
f 716/2141 707/2142 710/2143
f 710/2143 713/2144 716/2141
f 709/2133 711/2145 713/2146
f 713/2146 710/2134 709/2133
f 714/2147 717/2148 711/2149
f 711/2149 712/2150 714/2147
f 716/2139 715/2151 714/2152
f 714/2152 712/2140 716/2139
f 715/2153 716/2154 713/2155
f 713/2155 718/2156 715/2153
f 711/2145 717/2157 718/2158
f 718/2158 713/2146 711/2145
f 722/2159 720/2160 717/2161
f 717/2161 714/2162 722/2159
f 715/2151 719/2163 722/2164
f 722/2164 714/2152 715/2151
f 719/2165 715/2166 718/2167
f 718/2167 721/2168 719/2165
f 717/2157 720/2169 721/2170
f 721/2170 718/2158 717/2157
f 725/2171 728/2172 720/2173
f 720/2173 722/2174 725/2171
f 723/2175 724/2176 730/2177
f 730/2177 725/2178 723/2175
f 729/2179 724/2180 723/2181
f 723/2181 726/2182 729/2179
f 728/2183 727/2184 729/2185
f 729/2185 726/2186 728/2183
f 719/2163 723/2175 725/2178
f 725/2178 722/2164 719/2163
f 723/2187 719/2188 721/2189
f 721/2189 726/2190 723/2187
f 720/2169 728/2183 726/2186
f 726/2186 721/2170 720/2169
f 730/2191 727/2192 728/2193
f 728/2193 725/2194 730/2191
f 724/2195 729/2196 727/2197
f 727/2197 730/2198 724/2195
f 591/1799 566/1802 594/1806
f 594/1806 289/1805 591/1799
f 556/1685 529/1688 561/1692
f 561/1692 204/1691 556/1685
f 308/963 309/964 305/957
f 305/957 107/960 308/963
f 731/2199 122/2200 732/2201
f 732/2201 120/2202 731/2199
f 124/2203 125/2204 127/2205
f 127/2205 126/2206 124/2203
f 545/2207 544/2208 733/2209
f 733/2209 546/2210 545/2207
f 582/2211 734/2212 735/2213
f 735/2213 581/2214 582/2211
f 736/2215 146/2216 144/2217
f 144/2217 143/2218 736/2215
f 205/2219 737/2220 738/2221
f 738/2221 206/2222 205/2219
f 739/2223 294/2224 740/2225
f 740/2225 296/2226 739/2223

