# Exported from 3D Builder
mtllib buccia_di_banana.mtl

o Object.1
v -816.723755 499.339294 1909.261475
v -924.298767 508.261292 1875.061523
v -900.646729 493.115295 1799.201538
v -789.751770 487.306305 1828.341431
v -785.238770 396.433319 1226.501465
v -670.972778 340.620300 1065.691528
v -581.758728 352.032318 1080.971436
v -697.114746 399.752319 1243.051514
v -150.574768 478.591309 1156.271484
v -257.371796 494.153320 1319.411499
v -485.282776 418.424316 1278.771484
v -371.171783 386.265320 1118.331543
v 208.253235 818.227295 1203.921509
v 101.455231 831.091309 1373.911499
v -65.198769 642.081299 1348.991455
v 36.930729 629.841309 1181.671509
v -533.624756 267.590302 896.429504
v -377.914795 185.015289 745.374512
v -300.630798 213.647293 766.182495
v -448.663788 289.791290 915.261475
v -247.827774 345.393311 958.790466
v -116.755775 290.620300 809.289490
v 86.361526 415.105316 843.891479
v -35.322273 453.487305 996.211487
v 446.070221 753.080322 880.606506
v 323.816223 792.709290 1038.051514
v 149.174225 607.018311 1018.331482
v 268.679199 570.710327 864.299500
v 568.636230 911.799316 881.286499
v 439.949219 956.198303 1041.931519
v 321.378204 985.866333 1213.101440
v 210.172226 1003.710327 1386.711426
v -223.034775 89.992287 607.615479
v -147.773773 123.084290 629.229492
v 27.905525 220.597290 664.395508
v 213.180222 347.260315 691.988464
v 394.720215 505.771301 712.024475
v 576.727234 696.025330 732.745483
v 696.492249 849.763306 732.065491
v 359.709198 -199.434708 310.143494
v 295.962219 -238.543716 290.776489
v 472.056213 -383.879700 223.992477
v 535.544250 -343.214691 243.490479
v 668.068237 44.451290 353.082489
v 510.543213 -88.020813 335.978485
v 686.274231 -230.763718 269.304474
v 841.465271 -99.120712 284.098480
v 1017.304260 402.034302 376.844482
v 834.826233 203.066284 365.095490
v 1006.614258 63.228588 292.134491
v 1179.644287 255.349289 295.754486
v 1287.274292 395.187317 276.005493
v 1128.764282 548.096313 364.848480
v 1064.814209 -844.887695 152.866486
v 1000.754272 -880.677673 133.689484
v 1216.684204 -1088.569702 127.003487
v 1274.624268 -1049.869751 143.765488
v 1362.904297 -624.238708 190.284485
v 1215.544189 -745.507690 178.700485
v 1411.294189 -946.238708 166.853485
v 1546.304199 -824.140686 177.627487
v 1652.694214 -289.685699 175.276489
v 1509.634277 -472.678680 188.541489
v 1682.464233 -683.265686 175.677490
v 1822.244263 -517.596680 161.828491
v 1917.534302 -393.941681 136.275482
v 1746.104248 -151.922714 149.261490
v 1487.804199 -1250.919800 139.862488
v 1436.914185 -1290.849731 125.539497
v 1652.954224 -1483.289795 128.712479
v 1700.354248 -1445.729736 139.228485
v 1729.044189 -1024.559814 168.577484
v 1608.394287 -1145.829712 158.885483
v 1808.864258 -1345.939697 153.236481
v 1911.044189 -1222.799805 161.999481
v 1988.384277 -748.411682 156.308487
v 1854.714233 -894.785706 167.567490
v 2024.794189 -1101.949707 162.719482
v 2150.574219 -974.352722 155.700485
v 2240.774170 -886.382690 141.260483
v 2082.524170 -642.392700 137.723480
v 2438.394043 -1378.509766 161.596481
v 2562.464111 -1556.319702 164.278488
v 2628.084229 -1488.369751 164.157486
v 2514.954102 -1308.589722 157.965485
v 2336.424072 -1478.519775 158.425491
v 2477.244141 -1648.329712 157.391479
v 2387.774170 -1738.899780 151.590485
v 2239.994141 -1580.279785 153.744492
v 2159.444092 -1692.109741 148.114487
v 2312.044189 -1836.509766 148.370483
v 2036.004272 -1810.369751 138.308487
v 2199.384033 -1947.819702 143.046478
v 2232.894043 -1915.559814 146.478485
v 2073.554199 -1777.379761 143.274490
v 2374.494141 -2068.049805 149.318481
v 2552.404053 -2184.029785 151.445480
v 2573.514160 -2161.109863 153.861481
v 2402.244141 -2039.529785 150.808487
v 2526.314209 -1881.329712 151.067490
v 2466.874023 -1969.189697 150.053482
v 2622.214111 -2102.079834 152.445480
v 2665.114014 -2023.759766 151.370483
v 2787.834229 -1901.139771 160.437485
v 2675.284180 -1728.419800 164.162491
v 2602.874023 -1805.489746 156.317490
v 2728.494141 -1963.279785 154.529480
v 2831.874023 -1857.679810 159.981491
v 2732.694092 -1671.879761 166.479477
v 2694.524170 -2253.019775 154.878479
v 2834.824219 -2324.079834 152.245483
v 2842.924072 -2309.039795 153.530487
v 2709.354004 -2233.929688 155.444489
v 2744.624023 -2186.309814 153.611481
v 2862.684082 -2273.349854 154.199478
v 2882.604004 -2235.489746 153.446487
v 2776.634033 -2127.909668 151.916489
v 2934.104004 -2157.369873 148.810486
v 2864.544189 -2027.079712 154.295486
v 2819.524170 -2078.839844 152.349487
v 2904.284180 -2198.559814 151.759491
v 2952.624023 -2135.999756 139.799484
v 2899.404053 -1992.219727 148.357483
v 2935.664063 -2391.919678 136.923477
v 2851.214111 -2294.099854 154.231491
v 2955.834229 -2376.149658 146.878479
v 2972.124023 -2360.899658 150.840485
v 2989.194092 -2345.239746 152.038483
v 3006.664063 -2327.089844 146.536484
v -1132.395752 936.903320 1562.601440
v -1114.865723 822.792297 1563.591431
v -1149.925781 800.385315 1708.311523
v -1176.175781 902.462280 1719.371460
v -854.691772 850.179321 877.215454
v -935.191772 863.457275 1067.211426
v -941.311768 979.228333 1060.671509
v -862.263733 967.194275 882.766479
v -810.187744 967.609314 742.705505
v -812.885742 852.461304 744.168457
v -833.632751 852.668335 816.276489
v -836.018738 969.268311 818.011475
v -909.256775 977.360291 341.646484
v -890.480774 866.570313 355.243469
v -823.466736 851.424316 443.441498
v -826.992737 963.459290 423.286499
v -1152.935791 1004.960327 242.977478
v -1111.645752 903.085327 239.125488
v -988.823730 880.263306 289.090485
v -1027.105713 986.697327 282.049500
v -1423.065796 965.119324 174.752487
v -1240.695801 928.604309 205.127487
v -1281.985718 1025.490234 215.056488
v -1459.685791 1057.240234 188.262482
v -1639.465698 1084.210205 167.979477
v -1844.445801 1105.370239 149.824478
v -1823.075806 1020.310303 134.523483
v -1608.135742 996.448303 153.666489
v -2250.265869 1063.050293 115.550491
v -2038.435791 1041.060303 121.822495
v -2049.745850 1123.010254 137.117477
v -2255.455811 1141.890259 129.777481
v -2460.855957 1163.260254 127.369499
v -2664.175781 1182.970215 132.027481
v -2667.705811 1115.120239 119.940491
v -2461.475830 1089.400269 114.481491
v -3073.735840 1172.800293 137.307480
v -2872.895996 1141.890259 129.645477
v -2866.465820 1204.550293 140.552490
v -3061.495850 1232.550293 146.045486
v -3425.095947 1221.770264 141.823486
v -3270.935791 1210.980225 140.744492
v -3251.435791 1276.950195 146.563492
v -3412.855957 1285.880249 143.778488
v -3710.475830 1246.250244 200.753479
v -3580.075928 1226.750244 166.229477
v -3576.345947 1280.690186 166.942490
v -3706.635986 1280.900269 197.032486
v -3756.795898 1248.110229 172.814484
v -3755.495850 1303.930298 162.966492
v -3704.355957 1325.090210 161.815491
v -3573.435791 1353.930298 142.487488
v -3219.275879 1394.180298 159.211487
v -3401.545898 1378.620239 141.545486
v -2856.925781 1320.320190 156.708481
v -3044.165771 1335.050293 159.191483
v -2463.135986 1301.850220 149.390488
v -2660.545898 1310.770264 151.309479
v -2067.065918 1279.240234 161.992477
v -2265.205811 1290.230225 154.801483
v -1682.415771 1252.890259 190.723480
v -1874.635742 1267.820190 173.835480
v -1337.895752 1212.840210 236.900482
v -1509.275757 1234.840210 211.707489
v -1075.445801 1189.400269 288.719482
v -1206.255737 1200.190186 259.925476
v -835.499756 1175.080200 395.687469
v -937.369751 1185.660278 334.276489
v -805.830750 1177.780273 806.354492
v -777.821777 1175.290283 727.400513
v -912.472778 1196.040283 1047.471436
v -837.574768 1178.400269 884.227478
v -1191.315796 1095.000244 1753.701538
v -1133.125732 1141.260254 1576.631470
v -1195.365723 887.731323 1804.881470
v -1215.175781 1075.700195 1841.581543
v -1019.425781 964.082275 1247.381470
v -1009.465759 850.593323 1252.871460
v -1067.975708 842.709290 1418.231445
v -1080.525757 958.687317 1412.451538
v -1014.445740 1186.490234 1257.701538
v -1074.305786 1175.290283 1412.681519
v -3206.415771 1468.040283 165.452484
v -3341.065918 1491.070190 164.225479
v -3348.015869 1453.720215 152.489487
v -3484.015869 1500.200195 156.326477
v -3479.655762 1528.830200 168.423477
v -3622.405762 1524.470215 162.136490
v -3617.945801 1557.040283 176.489487
v -3717.835938 1561.190186 154.925491
v -3730.705811 1657.670288 158.703491
v -3604.245850 1679.870239 189.481491
v -3609.745850 1726.340210 181.824478
v -3717.325928 1684.430298 156.619492
v -3467.315918 1782.780273 188.449478
v -3460.055908 1718.460205 192.796478
v -3311.505859 1745.850220 187.530487
v -3322.285889 1830.700195 190.650482
v -3148.325928 1774.480225 185.263489
v -3171.355957 1871.990234 186.884491
v -2846.345947 1436.290283 167.025482
v -3028.405762 1438.580200 168.894485
v -2797.175781 1983.400269 165.225479
v -2984.205811 1928.630249 181.754486
v -2964.915771 1813.690186 184.777481
v -2783.895996 1862.650269 178.920486
v -2383.675781 2075.320313 139.924484
v -2591.775879 2035.690186 151.852478
v -2583.055908 1906.220215 172.517487
v -2381.085938 1941.080200 169.431488
v -2461.785889 1441.270264 162.567490
v -2654.325928 1438.580200 162.592484
v -2074.325928 1436.710205 178.139481
v -2268.115967 1439.610229 170.671478
v -1950.465698 2128.640137 141.396484
v -2167.485840 2104.150146 135.611481
v -2176.615967 1965.560303 167.996490
v -1970.695801 1981.330200 171.390488
v -1703.465698 1425.710205 205.252487
v -1888.745728 1432.560303 188.729477
v -1631.475708 2155.610352 150.615479
v -1791.025757 2143.780273 144.941483
v -1806.995728 1991.080200 177.503479
v -1648.385742 1999.590210 185.650482
v -1093.075806 1396.250244 300.398499
v -1229.705811 1400.610229 275.406494
v -1366.275757 1406.210205 253.279480
v -1534.275757 1417.000244 227.294479
v -1199.405762 2189.840332 187.672485
v -1415.185791 2176.360352 164.763489
v -1448.585815 2017.020264 202.023483
v -1250.245728 2030.500244 227.715485
v -1097.125732 2031.950195 252.618484
v -945.357727 2031.330200 282.652496
v -869.940735 2187.770264 247.836487
v -1034.255737 2190.670166 214.133484
v -833.424744 1387.540283 380.409485
v -947.432739 1395.210205 335.121490
v -803.755737 2038.180298 319.094482
v -671.179749 2040.250244 374.596497
v -585.699768 2184.650146 329.418488
v -723.670776 2188.600342 278.749481
v -749.916748 1382.140259 790.249512
v -725.434753 1379.860229 708.904480
v -361.627777 2079.670166 588.555481
v -488.187775 1965.350220 635.157471
v -467.750793 1944.810303 718.283508
v -329.365784 2048.760254 664.513489
v -799.502747 843.747314 510.132507
v -792.863770 955.161316 495.059479
v -772.116760 1165.750244 469.031494
v -745.352783 1376.540283 450.293488
v -505.200775 2172.000244 382.853485
v -600.534729 2033.200195 425.649475
v -801.888733 438.134308 1407.611450
v -877.098755 466.143311 1541.921509
v -959.673767 487.721313 1526.121460
v -890.065735 446.641296 1395.671509
v -353.121796 501.828308 1475.631470
v -434.970795 506.807312 1623.711426
v -670.038757 459.504303 1575.631470
v -587.567749 441.869293 1434.541504
v 5.135137 835.863281 1544.471436
v -78.892174 833.787292 1707.301514
v -234.860779 642.496277 1667.731445
v -155.294769 645.609314 1512.151489
v 104.464226 1010.560303 1564.191528
v 11.618726 1008.690308 1734.811523
v 710.652222 -496.745697 198.859482
v 649.084229 -537.098694 178.938492
v 823.830261 -708.369690 148.766479
v 887.576233 -669.779724 168.933487
v 1010.764221 -255.971710 238.306488
v 858.063232 -385.953705 225.004486
v 1038.354248 -563.448669 195.719482
v 1188.984253 -436.992706 208.070480
v 1335.824219 92.170593 238.169479
v 1172.544189 -91.444511 242.216492
v 1344.854248 -277.652710 208.113480
v 1498.074219 -94.555809 198.177490
v 1599.314209 43.414589 172.783478
v 1444.234253 228.689285 215.770477
v -545.865784 1634.430298 1939.801514
v -436.629791 1537.960205 2064.691406
v -395.757782 1564.510254 1985.321533
v -288.908783 1630.280273 1787.341431
v -439.741791 1715.550293 1736.251465
v -270.235779 2044.400269 763.115479
v -447.107788 1939.210205 798.925476
v -467.283783 1904.770264 1045.351440
v -852.097778 1407.870239 1044.211426
v -781.763733 1385.050293 877.573486
v -1022.645752 1382.350220 1423.481445
v -966.312744 1400.190186 1269.171509
v -514.328735 1853.110229 1257.961426
v -565.367737 1782.570190 1481.281494
v -367.022797 1796.260254 1521.021484
v -1154.075806 1277.580200 1794.001465
v -1086.235718 1334.840210 1601.161499
v -634.871765 1714.310303 1692.781494
v -731.139771 1631.110229 1899.031494
v -1180.215698 1254.960205 1882.631470
v -766.929749 1596.670288 1980.821533
v -587.878784 1601.650269 2019.141479
v -3735.165771 1628.830200 159.694489
v -3605.285889 1630.490234 187.824478
v -3460.775879 1641.280273 186.714478
v -3312.955811 1643.350220 179.556488
v -3157.245850 1657.460205 178.009491
v -2983.375977 1674.060303 179.099487
v -2807.025879 1701.650269 173.956482
v -2617.395996 1728.630249 165.822479
v -2426.935791 1752.690186 165.490479
v -2233.875977 1771.160278 172.854477
v -2040.615723 1785.060303 178.997482
v -1858.245728 1793.150269 188.861481
v -1675.145752 1798.550293 202.403488
v -1503.255737 1806.010254 220.879486
v -1331.775757 1811.200195 246.579483
v -1177.935791 1812.450195 270.041473
v -1025.135742 1814.930298 296.223480
v -884.463745 1823.230225 330.007477
v -755.310730 1825.720215 382.118469
v -676.366760 1817.430298 440.620483
v -592.754761 1786.100220 679.227478
v -595.659729 1779.660278 763.739502
v -607.588745 1777.590210 846.391479
v -650.121765 1784.640259 1045.281494
v -708.628784 1758.290283 1258.391479
v -759.979736 1704.560303 1461.701538
v -823.154785 1637.130249 1660.031494
v -904.588745 1553.720215 1863.571533
v -934.257751 1521.360229 1947.761475
v -200.212769 1714.930298 1586.791504
v -311.833801 1874.900269 1288.681519
v -129.411774 1804.770264 1380.391479
v -266.189789 1938.180298 1080.031494
v -71.786072 1876.970215 1190.571533
v -35.011070 1942.320190 988.640503
v 342.385223 2036.930298 664.140503
v 155.606232 2224.280273 523.535461
v -0.933329 2158.720215 602.820496
v 191.032227 1998.550293 760.302490
v -201.042770 2066.390137 736.628479
v 54.669727 1965.150269 875.487488
v 855.988220 2120.750244 414.197479
v 701.212219 2342.960205 318.296478
v 524.962219 2326.360352 378.965485
v 679.116272 2105.810303 485.523499
v 1283.594238 2150.210205 290.571472
v 1157.814209 2360.180176 209.755478
v 903.811218 2353.120361 256.242493
v 1052.984253 2135.900146 346.218475
v 1657.514282 2376.570313 175.383484
v 1412.594238 2364.120361 191.154480
v 1523.014282 2158.720215 252.335480
v 1760.524292 2161.830322 226.007477
v 2662.464111 2211.420166 178.391479
v 2842.094238 2226.150146 173.804489
v 2759.774170 2360.390137 162.988480
v 2548.464111 2367.440186 167.509491
v 3149.044189 2340.260254 151.444489
v 2954.384033 2350.840332 155.969482
v 3033.174072 2245.030273 170.156479
v 3224.254150 2261.630127 166.478485
v 3522.974121 2303.950195 149.845490
v 3336.554199 2326.780273 149.563492
v 3385.414063 2268.680176 164.364487
v 3545.064209 2261.840332 164.658478
v 2322.574219 2377.810303 169.484482
v 2099.124023 2383.830322 167.356491
v 2208.774170 2177.600342 195.452484
v 2435.754150 2191.290283 186.442490
v -269.509796 1440.440186 2030.411499
v -306.231781 1421.360229 2105.701416
v -218.574768 1267.620239 2136.651367
v -182.888779 1281.100220 2061.791504
v -82.730270 1323.640259 1863.501465
v -170.024765 1492.100220 1832.331543
v -68.466270 1562.440186 1641.481445
v 31.069527 1373.430298 1677.161499
v 28.372326 1638.790283 1457.841431
v 153.376221 1424.470215 1504.161499
v 120.646225 1703.310303 1287.691528
v 279.831207 1471.150269 1343.161499
v 187.349228 1755.390259 1129.291504
v 397.314209 1510.160278 1196.451538
v 398.818207 1791.070190 888.543457
v 287.041199 1776.550293 1001.031494
v 487.047211 1530.900269 1089.261475
v 594.311218 1551.860229 978.094482
v 710.859253 1572.810303 876.828491
v 532.380249 1815.770264 783.308472
v 1133.074219 1632.150269 610.672485
v 1002.884216 1880.910278 511.840454
v 837.056213 1864.310303 590.590454
v 987.475220 1615.140259 688.208496
v 1496.204224 1666.590210 454.597473
v 1400.144287 1912.660278 371.771484
v 1187.484253 1897.090210 438.235474
v 1298.484253 1648.330200 534.437500
v 1847.144287 1945.230225 272.514496
v 1625.404297 1927.390259 315.592499
v 1710.784302 1689.410278 379.252472
v 1922.254272 1723.230225 315.256470
v 2509.924072 2018.470215 201.678482
v 2286.574219 1989.840210 216.837479
v 2344.464111 1794.600220 232.505478
v 2556.084229 1836.310303 210.739487
v 2950.344238 1934.850220 188.557480
v 2908.534180 2084.440186 184.081482
v 2731.354004 2054.360352 189.988480
v 2765.064209 1885.680298 197.332489
v 3265.444092 2161.630127 174.511490
v 3088.054199 2121.370361 179.655487
v 3119.014160 1988.590210 180.523483
v 3284.634033 2051.250244 173.385483
v 3571.104004 2219.300293 170.225479
v 3418.504150 2196.070313 170.910492
v 3440.444092 2117.640137 168.693481
v 3597.504150 2176.360352 167.324478
v 18.206125 30.446791 506.274475
v -51.194473 -5.860769 487.030487
v 119.298225 -116.755707 376.697479
v 186.727234 -78.269508 396.771484
v 348.765198 262.195313 559.249512
v 180.970230 135.325287 535.894470
v 344.823212 32.313889 424.365479
v 507.431213 163.438293 443.874481
v 714.023254 619.467285 598.576477
v 524.807251 419.876312 577.445496
v 678.234253 321.533295 459.140472
v 866.206238 522.162292 476.505493
v 979.954224 674.241333 465.093475
v 831.662231 769.471313 597.972473
v -140.926773 1116.580200 2070.191406
v -24.637474 1172.390259 1875.531494
v 109.235229 1200.400269 1691.861450
v 258.254211 1224.670288 1518.031494
v 407.998199 1248.320190 1356.241455
v 566.405273 1272.390259 1199.431519
v 644.779236 1290.860229 1124.581543
v 751.369263 1313.050293 1032.751465
v 861.590271 1334.630249 945.448486
v 1115.534302 1384.630249 770.901489
v 1232.764282 1406.210205 701.601501
v 1372.964233 1431.520264 624.130493
v 1557.614258 1465.760254 528.051514
v 1766.434204 1499.160278 432.237488
v 1977.184204 1540.860229 346.669495
v 2376.054199 1629.450195 239.128479
v 2569.784180 1680.280273 208.184479
v 2765.374023 1742.110229 195.202484
v 2958.484131 1816.800293 184.072479
v 3128.044189 1889.210205 173.007477
v 3293.864014 1969.710205 164.981491
v 3455.384033 2056.440186 161.064484
v 3618.094238 2137.770264 159.089478
v -514.743774 673.410278 2297.971436
v -368.474792 832.128296 2347.911377
v -401.877777 835.448303 2407.511475
v -538.915771 687.104309 2358.171387
v -867.346741 569.258301 2191.131592
v -679.997742 591.250305 2246.361572
v -697.321777 609.300293 2307.581543
v -876.164734 589.798279 2257.121582
v -966.001770 584.404297 2159.131592
v -970.565735 604.529297 2230.961426
v -1247.435791 1037.320190 2118.801514
v -1228.555786 871.963318 2089.141602
v -1230.115723 874.038330 2173.071533
v -1246.145752 1030.060303 2197.381592
v -550.844727 1447.710205 2298.941406
v -695.453735 1495.840210 2256.341553
v -580.305786 1421.150269 2363.391602
v -1207.505737 1179.440186 2234.491455
v -1210.405762 1194.790283 2157.651367
v -847.118774 1485.880249 2226.261475
v -988.823730 1421.770264 2202.411377
v -995.565735 1393.550293 2272.851563
v -862.263733 1454.550293 2294.611572
v -719.209778 1464.930298 2322.581543
v -343.162781 1220.940186 2365.811523
v -427.708801 1352.680298 2337.901367
v -461.527802 1332.350220 2401.691406
v -379.262787 1207.660278 2428.541504
v -971.706787 688.555298 2473.951416
v -894.837769 677.560303 2493.081543
v -896.808777 730.051331 2616.911377
v -962.992737 738.972290 2601.181396
v -1089.965698 818.643311 2587.321533
v -1121.035767 781.297302 2453.521484
v -1073.575806 738.349304 2455.981445
v -1050.965698 781.712280 2587.901367
v -1190.385742 1019.480286 2473.611572
v -1186.235718 900.387329 2457.401367
v -1138.615723 920.098328 2593.671387
v -1136.645752 1018.860291 2604.311523
v -1100.855713 1111.390259 2615.821533
v -1152.625732 1132.340210 2492.341553
v -883.322754 1342.930298 2528.111572
v -982.702759 1297.910278 2512.811523
v -958.116760 1245.630249 2630.021484
v -878.861755 1278.410278 2641.751465
v -670.972778 1323.430298 2582.651367
v -776.473755 1352.060303 2549.971436
v -794.108765 1286.080200 2661.541504
v -711.429749 1265.340210 2689.791504
v -574.703735 1262.220215 2615.191406
v -633.522766 1220.110229 2718.231445
v -508.208801 1171.140259 2637.091553
v -579.268738 1151.430298 2737.841553
v -554.578735 1007.030334 2743.331543
v -477.501801 1001.430298 2640.711426
v -489.431793 1067.400269 2639.341553
v -563.292786 1058.690186 2741.341553
v -591.509766 899.142334 2719.611572
v -527.607727 870.926331 2614.901367
v -500.843781 940.637329 2628.661377
v -575.014771 947.484314 2730.211426
v -626.831787 757.645325 2574.851563
v -671.076782 802.459290 2685.041504
v -751.991760 694.573303 2532.771484
v -776.991760 745.819275 2649.681396
v -701.055786 840.427307 2784.081543
v -638.813782 922.172302 2809.921387
v -667.652771 925.077332 2941.161377
v -717.135742 854.120300 2919.171387
v -895.355774 776.940308 2734.321533
v -798.983765 786.899292 2755.001465
v -801.992737 803.082275 2899.411377
v -892.658752 796.857300 2883.181396
v -950.958740 786.692322 2722.371582
v -941.415771 809.306335 2874.851563
v -626.676758 959.103333 2816.491455
v -658.938782 960.969299 2947.831543
v -1024.815796 879.432312 2865.211426
v -1053.965698 857.233276 2708.951416
v -1023.265747 826.111328 2710.691406
v -1001.895752 851.008301 2866.541504
v -1081.975708 1022.800293 2711.731445
v -1089.345703 941.675293 2709.321533
v -1045.675781 950.803284 2866.011475
v -1033.225708 1014.910278 2869.591553
v -738.920776 1214.710205 2770.441406
v -803.237732 1228.820190 2748.181396
v -803.133728 1159.940186 2897.351563
v -755.207764 1151.850220 2916.191406
v -1000.125732 1071.760254 2873.671387
v -1047.645752 1097.490234 2715.211426
v -870.458740 1222.180298 2732.341553
v -931.975769 1198.110229 2723.251465
v -904.588745 1141.470215 2878.451416
v -855.520752 1156.200195 2884.761475
v -634.353760 1130.890259 2815.711426
v -677.818787 1182.140259 2795.971436
v -710.910767 1131.720215 2936.671387
v -676.989746 1097.490234 2951.801514
v -646.697754 1011.800293 2957.341553
v -608.522766 1014.710327 2826.501465
v -617.340759 1054.330200 2822.811523
v -657.589783 1042.510254 2955.371582
v -732.073730 840.427307 3277.051514
v -679.582764 905.366333 3282.471436
v -671.802734 887.316284 3400.661377
v -728.857727 824.244324 3399.741455
v -881.766785 791.255310 3266.791504
v -805.311768 799.970276 3271.041504
v -804.378784 791.048279 3400.671387
v -879.899780 782.749329 3399.931396
v -926.580750 799.969299 3266.301514
v -924.713745 787.314331 3400.031494
v -656.345764 983.170288 3285.981445
v -647.216736 967.194275 3403.321533
v -1014.445740 839.181335 3402.071533
v -1008.535767 862.212280 3265.611572
v -983.947754 834.825317 3265.941406
v -985.088745 813.040283 3400.791504
v -1028.035767 998.315308 3266.441406
v -1036.235718 934.414307 3265.971436
v -1050.335815 948.729309 3405.401367
v -1043.285767 984.622314 3405.851563
v -738.401733 1120.520264 3277.751465
v -767.240784 1130.060303 3404.741455
v -725.900757 1112.630249 3402.941406
v -1033.945801 1014.290283 3406.011475
v -998.678772 1056.200195 3268.301514
v -842.242737 1139.400269 3272.661377
v -903.966736 1125.080200 3270.211426
v -907.078735 1123.630249 3404.621582
v -836.640747 1137.530273 3405.251465
v -780.103760 1135.040283 3275.711426
v -670.765747 1050.810303 3286.401367
v -698.254761 1091.260254 3282.541504
v -684.042786 1077.980225 3405.581543
v -658.109741 1034.210205 3406.511475
v -679.789734 915.948303 3175.591553
v -675.329773 921.342285 3059.401367
v -654.478760 1001.840332 3071.451416
v -658.523743 991.053284 3185.181396
v -681.656738 1084.620239 3071.871582
v -679.478760 1068.440186 3188.661377
v -713.297729 1119.070190 3061.981445
v -708.629761 1105.160278 3184.201416
v -755.726746 1140.640259 3047.251465
v -749.293762 1130.270264 3175.941406
v -792.137756 1141.470215 3167.821533
v -800.539734 1148.530273 3033.681396
v -852.201782 1146.450195 3024.091553
v -847.533752 1141.680298 3160.971436
v -901.995728 1131.310303 3018.791504
v -901.891785 1127.570190 3156.911377
v -989.860779 1062.630249 3153.471436
v -990.690735 1067.200195 3014.221436
v -1023.675781 1013.460327 3011.361572
v -1021.295776 1008.690308 3152.061523
v -1037.575806 952.463318 3009.201416
v -1033.325806 947.899292 3151.331543
v -1011.545776 874.453308 3151.541504
v -1018.805786 878.810303 3009.001465
v -996.396729 848.725281 3009.691406
v -988.200745 844.992310 3151.681396
v -936.228760 806.609314 3014.141602
v -887.679749 794.782288 3018.941406
v -883.841736 795.198303 3153.761475
v -930.004761 805.572327 3152.381592
v -802.096741 804.120300 3028.641602
v -802.511780 805.364319 3157.271484
v -722.322754 854.121277 3043.661377
v -728.027771 850.800293 3164.641602
v -659.249756 873.208313 3483.831543
v -732.903748 822.584290 3490.561523
v -808.424744 793.330322 3503.601563
v -880.106750 765.113281 3509.881592
v -925.439758 768.640320 3512.961426
v -629.165771 952.255310 3486.511475
v -1027.305786 819.264282 3521.161377
v -989.860779 796.028320 3518.811523
v -1080.635742 933.168335 3520.351563
v -1073.365723 973.419312 3517.471436
v -765.269775 1126.530273 3521.191406
v -719.210754 1110.770264 3512.871582
v -1059.935791 1008.900330 3517.451416
v -909.671753 1117.820190 3525.551514
v -837.159729 1131.100220 3525.811523
v -662.984741 1060.970215 3498.841553
v -637.672729 1016.780334 3491.481445
v -695.661743 1096.240234 3508.721436
v -922.120728 849.556335 3736.241455
v -941.207764 865.531311 3740.831543
v -964.860779 849.349304 3732.321533
v -942.452759 827.356323 3727.841553
v -968.179749 967.194275 3770.431396
v -1008.945740 944.164307 3763.511475
v -1007.495728 940.429321 3739.481445
v -966.416748 933.584290 3760.661377
v -1007.495728 971.758301 3796.921387
v -975.544739 981.925293 3786.541504
v -981.665771 994.165283 3799.721436
v -1001.685730 1001.630310 3794.751465
v -835.706787 1097.490234 3768.531494
v -886.849731 1087.530273 3773.901367
v -874.089783 1069.890259 3801.051514
v -832.283752 1080.890259 3797.551514
v -789.025757 1082.760254 3801.571533
v -758.630737 1084.210205 3809.321533
v -753.754761 1106.410278 3766.971436
v -782.800781 1104.540283 3766.181396
v -719.832764 1057.450195 3797.591553
v -698.099731 1083.170288 3767.081543
v -723.255737 1099.560303 3768.511475
v -735.496765 1074.040283 3807.271484
v -697.529785 981.925293 3711.701416
v -686.947754 1017.200317 3730.541504
v -716.097778 1005.160278 3748.321533
v -725.745728 976.738281 3728.141602
v -740.061768 945.616333 3715.501465
v -716.201782 946.447327 3696.171387
v -758.007751 913.873291 3708.711426
v -739.854736 908.272278 3690.801514
v -770.456787 871.548279 3691.231445
v -783.112732 883.789307 3708.161377
v -848.051758 820.302307 3705.401367
v -807.698730 839.597290 3699.111572
v -812.988770 857.025330 3714.771484
v -845.665771 842.294312 3720.731445
v -883.114746 814.077332 3710.611572
v -874.919739 837.314331 3726.321533
v -566.923767 738.557312 2226.771484
v -414.430786 871.133301 2239.901367
v -323.556793 879.017334 2041.081543
v -483.311798 716.149292 2026.921509
v -858.944763 641.666321 2081.471436
v -719.521729 660.131287 2146.991455
v -648.461731 626.105286 1958.671509
v -801.785767 603.906311 1897.301514
v -684.769775 494.359314 1202.881470
v -592.546753 446.433319 1042.131470
v -224.279770 548.304321 1110.721436
v -413.600800 475.065308 1076.381470
v -513.395752 511.372314 1238.461426
v -329.157776 570.918335 1279.811523
v 124.692230 867.606323 1148.961426
v -39.938671 679.427307 1136.331543
v -147.669769 702.664307 1310.011475
v 24.067226 894.994324 1330.781494
v -565.056763 326.306305 850.143494
v -463.704773 376.100311 864.155457
v -313.959778 294.977295 703.129456
v -286.521790 425.270294 900.985474
v -103.996773 518.219299 931.917480
v 28.735626 472.783295 766.106506
v -144.298767 367.178314 738.587463
v 372.468201 791.878296 802.642456
v 198.657227 613.657288 785.435486
v 68.259026 660.754333 949.561462
v 243.783234 838.767334 969.491455
v 519.412231 947.277283 826.948486
v 388.859222 996.241333 993.604492
v 157.784225 1052.260254 1349.641479
v -152.233765 205.140289 560.751465
v -247.620773 145.388290 548.867493
v 170.648224 411.163300 609.942505
v 6.639367 296.845306 587.452515
v 508.053223 730.051331 645.739502
v 336.835205 551.416321 628.461487
v 380.249207 -123.810707 225.279480
v 559.870239 -278.897705 151.784485
v 474.287201 -346.015686 147.113480
v 654.530273 95.697693 247.120483
v 831.039246 -60.219711 176.658478
v 689.905273 -177.753708 167.918488
v 512.151245 -20.903311 242.263489
v 961.074219 409.503296 272.139496
v 1132.084229 255.557297 187.577484
v 977.516235 81.382088 179.548477
v 804.638245 237.091293 256.906494
v 1263.464233 407.843292 201.065491
v 1089.554199 -814.077698 53.293392
v 1292.154297 -1022.899719 40.500492
v 1357.354248 -605.150696 75.666389
v 1537.284302 -803.911682 59.783493
v 1411.454224 -923.520691 54.531094
v 1220.004272 -721.440674 66.582291
v 1628.204224 -297.154694 64.903893
v 1802.744263 -522.057678 48.497593
v 1669.754272 -676.522705 56.487591
v 1494.754272 -470.603699 71.459793
v 1734.534302 -147.254715 60.537693
v 1910.584229 -390.725708 43.847294
v 1498.124268 -1229.129761 37.482292
v 1703.934204 -1428.619751 33.088692
v 1716.594238 -1003.919678 55.773090
v 1891.594238 -1198.109741 44.859192
v 1794.864258 -1321.249756 38.571392
v 1604.094238 -1125.079712 48.955593
v 1973.184204 -750.590698 42.654892
v 2132.214111 -970.409668 40.188892
v 2002.334229 -1082.449707 44.645092
v 1841.804199 -884.826721 49.115292
v 2080.654053 -639.073669 42.384590
v 2245.604004 -881.195679 43.940193
v 2427.194092 -1365.549805 47.610893
v 2527.404053 -1299.669800 68.653694
v 2558.884033 -1543.449707 54.634193
v 2310.334229 -1456.319702 46.118191
v 2456.554199 -1633.399780 45.486294
v 2376.314209 -1727.689697 36.537693
v 2309.244141 -1829.559814 35.357891
v 2146.734131 -1674.269775 32.275791
v 2220.804199 -1560.679810 41.372593
v 2073.034180 -1771.049805 34.204391
v 2237.454102 -1912.239746 39.866192
v 2189.794189 -1959.959717 53.838493
v 2362.154053 -2084.859863 53.631592
v 2403.854004 -2037.239746 41.142990
v 2571.024170 -2161.209717 48.831692
v 2518.844238 -1874.579712 37.508392
v 2661.224121 -2021.479736 40.211990
v 2621.594238 -2100.729736 43.112793
v 2465.364014 -1965.249756 37.472691
v 2778.394043 -1881.019775 56.600693
v 2705.104004 -1941.489746 44.284092
v 2580.674072 -1787.439697 45.453991
v 2668.334229 -1712.129761 55.808292
v 2682.024170 -2269.719727 67.612595
v 2701.574219 -2240.879639 49.409393
v 2837.264160 -2310.899658 49.220894
v 2739.964111 -2190.979736 44.580891
v 2770.144043 -2128.839844 42.537991
v 2876.844238 -2236.319824 44.291592
v 2858.744141 -2277.709717 48.570690
v 2915.584229 -2155.609863 44.268093
v 2890.954102 -2189.739746 46.370991
v 2800.384033 -2064.419678 42.614391
v 2850.704102 -2016.599731 47.013893
v 2943.234131 -2131.019775 47.036591
v 2900.074219 -1984.229736 61.871994
v 2944.324219 -2368.269775 46.277794
v -1074.195801 1087.320190 166.438492
v -931.664734 1063.460205 226.530487
v -897.534729 867.607300 228.988480
v -1033.945801 899.557312 159.008484
v -1378.565796 967.402283 73.383591
v -1424.105713 1124.870239 87.730492
v -1235.615723 1105.370239 124.659492
v -1179.805786 931.094299 114.039490
v -1619.135742 1140.020264 61.256889
v -1583.655762 1002.260315 47.276192
v -1804.925781 1012.630310 26.150690
v -1834.175781 1161.600220 39.512192
v -2262.405762 1059.520264 4.866140
v -2267.485840 1198.530273 24.246790
v -2053.275879 1183.590210 31.249289
v -2037.505737 1038.980225 15.316891
v -2479.525879 1209.320190 33.750690
v -2485.545898 1079.650269 7.738990
v -2682.745850 1096.870239 14.258390
v -2674.765869 1218.240234 38.683891
v -3083.175781 1139.400269 26.759390
v -3060.455811 1256.830200 35.924492
v -2867.605957 1235.040283 44.317692
v -2878.705811 1115.540283 20.718691
v -3437.175781 1193.130249 36.999992
v -3423.845947 1286.290283 41.487892
v -3257.035889 1277.990234 43.843594
v -3286.295898 1168.030273 32.762192
v -3696.575928 1235.040283 86.478195
v -3688.685791 1269.070190 78.696495
v -3577.275879 1284.420288 52.022293
v -3580.175781 1215.960205 55.879391
v -3747.715820 1263.880249 87.232689
v -3693.255859 1309.320190 80.567192
v -3576.755859 1351.640259 71.197189
v -3228.515869 1395.630249 74.443893
v -2857.235840 1363.260254 64.645393
v -3039.185791 1376.750244 66.730293
v -2666.875977 1346.670288 60.679691
v -2473.715820 1345.010254 58.544491
v -2066.755859 1333.180298 47.232693
v -2271.225830 1339.820190 54.828590
v -1658.185791 1302.060303 80.130592
v -1860.315796 1316.580200 56.733994
v -1285.405762 1282.560303 137.704483
v -1469.645752 1293.340210 106.788490
v -3343.345947 1500.400269 78.293091
v -3213.885986 1470.320190 72.850594
v -3349.365967 1457.460205 88.949692
v -3482.875977 1499.780273 87.081390
v -3476.755859 1533.600220 69.498192
v -3609.225830 1574.680298 78.986290
v -3707.565918 1580.900269 72.708694
v -3702.795898 1654.560303 75.158493
v -3601.345947 1717.420288 92.950691
v -3597.295898 1677.170288 85.882393
v -3462.645996 1713.690186 83.601395
v -3327.265869 1750.620239 82.111595
v -3206.415771 1786.300293 74.915588
v -3030.475830 1458.080200 60.760094
v -2851.635986 1454.970215 66.373093
v -2846.965820 1962.860229 93.817894
v -2859.625977 1831.740234 67.373795
v -3038.775879 1814.310303 70.761093
v -2493.945801 1887.140259 53.396191
v -2677.665771 1857.880249 60.334293
v -2664.385986 1454.350220 67.955894
v -2475.065918 1462.440186 66.337593
v -2277.035889 1469.080200 67.833488
v -2078.115967 1471.150269 79.812294
v -2029.415771 2104.150146 59.174091
v -2077.135986 1952.490234 57.266090
v -2286.575928 1921.990234 49.108593
v -1879.615723 1467.830200 69.759689
v -1682.925781 1462.020264 87.019989
v -1656.575806 1977.800293 71.889893
v -1869.655762 1968.880249 59.745892
v -1830.965698 2126.770264 63.122192
v -1497.865723 1457.040283 110.604492
v -1317.155762 1449.780273 141.488480
v -1279.905762 1984.860229 106.433495
v -1468.295776 1983.200195 89.566093
v -1093.595703 1983.820190 141.377487
v -1039.035767 2153.530273 126.958488
v -910.916748 1978.420288 181.723480
v -761.223755 533.158325 1376.351440
v -818.590759 557.017334 1518.811523
v -420.550781 585.234314 1454.091431
v -598.874756 540.005310 1409.161499
v -662.983765 557.639282 1558.811523
v -490.469788 596.023315 1609.881470
v -80.344376 900.388306 1520.361450
v -240.877777 712.623291 1486.731445
v -316.502777 713.660278 1651.461426
v -161.725769 900.802307 1691.901489
v 734.408264 -449.129700 102.148491
v 911.954224 -630.358704 70.142189
v 1003.864258 -229.414703 129.389481
v 1182.084229 -414.481689 93.682495
v 1042.454224 -533.571716 84.389488
v 863.872253 -349.023682 116.983490
v 1298.324219 88.021294 124.847488
v 1465.964233 -99.639412 82.296089
v 1323.114258 -276.407684 94.509193
v 1147.234253 -88.746811 130.464478
v 1425.404297 238.751297 132.570480
v -603.750732 1385.260254 2221.701416
v -764.750732 1409.950195 2188.161377
v -715.994751 1526.340210 1895.671509
v -522.731750 1485.260254 1981.621460
v -416.401794 1577.380249 1769.031494
v -3598.745850 1634.430298 85.900192
v -3461.295898 1639.410278 76.798096
v -3324.465820 1644.600220 73.787689
v -3187.945801 1652.690186 66.792290
v -2849.765869 1679.450195 61.054092
v -3021.555908 1664.930298 63.799889
v -2484.095947 1724.680298 63.254692
v -2668.225830 1699.370239 63.940292
v -2085.635986 1771.570190 78.228691
v -2286.365967 1749.580200 64.602493
v -1681.065796 1787.550293 79.136589
v -1882.625732 1781.740234 69.446495
v -1311.445801 1789.000244 124.734489
v -1494.545776 1790.660278 99.167496
v -315.257782 1665.970215 1548.801514
v -406.960785 1820.120239 1201.701538
v -205.814774 1745.640259 1333.571533
v 164.268234 2173.870361 458.335480
v 356.856201 1962.860229 568.725464
v 206.281235 1917.630249 670.532471
v -314.634796 1884.850220 940.748474
v -108.093773 1799.370239 1115.891479
v 687.518250 2293.990234 236.133484
v 829.535217 2036.720215 333.669495
v 685.599243 2018.470215 398.475494
v 517.182251 2269.510254 299.642487
v 1149.614258 2320.760254 126.518486
v 1248.844238 2075.730225 197.303482
v 1007.084229 2055.400146 267.758484
v 890.429260 2308.720215 180.948486
v 1663.894287 2347.110352 78.410095
v 1739.414185 2112.040283 118.837494
v 1495.524292 2096.480225 153.979477
v 2632.484131 2189.430176 70.864288
v 2813.774170 2211.630127 59.254791
v 3176.334229 2253.330322 58.470093
v 2995.154053 2234.450195 65.268692
v 2959.364014 2343.370361 64.483391
v 3544.134033 2259.350342 60.892891
v 3360.364014 2263.700195 57.826992
v 3336.244141 2326.150146 69.002892
v 2414.434082 2164.740234 78.635994
v 2193.574219 2142.750244 88.309692
v 2133.204102 2358.730225 73.141190
v -385.695801 1169.070190 2270.971436
v -464.328796 1294.380249 2242.361572
v -366.503784 1365.750244 2012.761475
v -258.512787 1228.820190 2004.781494
v -258.201782 1434.840210 1805.391479
v -159.599777 1271.350220 1812.031494
v -154.256775 1494.590210 1597.151489
v -40.872372 1313.050293 1617.161499
v -32.210171 1561.400269 1406.811523
v 92.015228 1357.870239 1435.961426
v 78.217827 1615.140259 1218.421509
v 222.153229 1400.820190 1262.541504
v 185.482224 1660.990234 1057.851440
v 357.427216 1435.460205 1114.011475
v 401.930206 1712.860229 797.757507
v 562.567261 1480.690186 883.160461
v 450.479218 1458.910278 999.991455
v 282.269226 1685.260254 922.753479
v 537.151245 1740.240234 689.133484
v 691.357239 1508.290283 786.129456
v 962.889221 1794.400269 430.506470
v 1086.904297 1562.650269 527.949463
v 955.057251 1541.070190 596.394470
v 824.296265 1778.420288 502.233490
v 1350.664185 1840.660278 273.876495
v 1446.924194 1619.290283 358.527496
v 1239.094238 1585.470215 451.650482
v 1125.554199 1811.620239 354.635498
v 1815.354248 1897.930298 155.944489
v 1889.264282 1693.980225 202.597488
v 1666.694214 1654.140259 273.249481
v 1581.944214 1868.260254 205.324478
v 2485.234131 2000.000244 83.920692
v 2531.864014 1831.740234 97.012093
v 2320.084229 1781.740234 122.305489
v 2264.374023 1962.450195 102.023491
v 2911.334229 1937.140259 76.269890
v 2740.584229 1889.210205 84.399094
v 2697.374023 2039.630249 70.972191
v 2859.414063 2072.200195 65.004295
v 3213.674072 2149.180176 54.499691
v 3255.954102 2046.680298 58.954693
v 3084.684082 1989.420288 72.445992
v 3036.904053 2109.960205 65.505394
v 3570.634033 2216.400146 63.134193
v 3597.034180 2174.700195 64.103889
v 3426.284180 2114.940186 58.611492
v 3392.524170 2190.670166 58.828693
v 18.621225 112.296288 431.180481
v 200.369232 4.097921 316.917480
v 110.584229 -65.510010 309.488495
v -73.756973 43.206890 422.396484
v 320.911224 331.492310 469.882477
v 488.758209 222.257294 350.315491
v 339.739227 107.213287 335.375488
v 167.743225 211.261292 456.504486
v 650.277222 647.683289 504.509491
v 805.364258 539.382324 377.500488
v 643.689270 364.896301 360.460480
v 482.171204 470.708313 486.400482
v 793.642273 800.800293 532.811462
v 944.113220 692.084290 401.521484
v -22.355173 1845.020264 925.681458
v 74.691132 1873.240234 795.135498
v -204.465775 1083.170288 2028.281494
v 55.758728 1153.510254 1641.901489
v 365.778198 1204.550293 1303.601440
v 527.141235 1221.560303 1145.401489
v 1205.324219 1358.700195 638.801514
v 1087.424194 1330.270264 707.500488
v 1530.484253 1415.750244 449.637482
v 1344.904297 1379.650269 553.212463
v 1957.104248 1515.340210 264.766479
v 3622.554199 2129.880127 71.784889
v 3457.304199 2044.190186 69.179893
v -621.697754 789.389282 2422.331543
v -535.283752 902.047302 2475.651367
v -847.843750 707.436279 2309.331543
v -734.459778 726.109314 2359.971436
v -679.478760 1283.180298 2477.541504
v -801.680786 1291.060303 2465.991455
v -513.810730 1140.640259 2496.681396
v -578.645752 1223.430298 2489.271484
v -1028.965698 768.019287 2258.401367
v -962.059753 855.780334 2619.011475
v -915.584778 830.883301 2620.161377
v -953.760742 721.544312 2269.241455
v -747.426758 1162.220215 2750.771484
v -688.814758 1137.320190 2756.521484
v -648.150757 1095.830200 2755.471436
v -649.394775 959.102295 2720.461426
v -632.900757 1001.640320 2733.701416
v -515.262756 963.252319 2504.481445
v -701.678772 883.582275 2691.561523
v -847.532776 821.547302 2636.981445
v -770.871765 835.862305 2660.451416
v -756.659729 906.196289 3066.191406
v -723.774780 965.327332 3086.621582
v -859.774780 860.760315 3036.291504
v -807.282776 868.852295 3048.911377
v -929.278748 902.254333 3012.991455
v -902.513733 877.981323 3023.691406
v -717.964783 997.485291 3093.011475
v -783.112732 1092.510254 3059.331543
v -812.365784 1094.580200 3045.501465
v -735.808777 1057.450195 3081.951416
v -757.177734 1080.060303 3073.321533
v -628.647766 1047.490234 2745.811523
v -726.471741 1044.580200 3088.481445
v -634.145752 1072.590210 2751.751465
v -759.045776 884.826294 3252.381592
v -764.957764 860.552307 3462.041504
v -715.786743 895.199280 3450.181396
v -721.907776 940.222290 3265.211426
v -862.263733 851.216309 3234.201416
v -867.243774 848.726318 3419.551514
v -820.561768 853.083313 3421.431396
v -811.743774 854.328308 3241.091553
v -932.805786 890.636292 3225.031494
v -932.805786 856.609314 3426.901367
v -886.123779 844.161316 3468.381592
v -904.899780 866.570313 3228.761475
v -698.462769 925.076294 3448.101563
v -713.919739 972.174316 3270.161377
v -959.880737 962.630310 3219.091553
v -986.126770 932.753296 3417.011475
v -948.676758 916.985291 3222.181396
v -950.959778 1008.070313 3218.941406
v -979.072754 986.697327 3417.591553
v -766.825745 1077.780273 3256.281494
v -747.841736 1065.750244 3446.251465
v -912.057739 1060.140259 3224.031494
v -931.871765 1051.840210 3422.081543
v -853.445740 1089.190186 3234.241455
v -855.624756 1087.320190 3431.551514
v -792.967773 1087.740234 3247.331543
v -778.755737 1081.930298 3440.451416
v -726.575745 1035.250244 3271.441406
v -699.603760 1010.560303 3455.341553
v -720.661743 1040.850220 3451.831543
v -745.248779 1059.930298 3265.141602
v -690.475769 955.991333 3448.001465
v -690.578735 983.585327 3451.511475
v -719.002747 1021.140320 3273.071533
v -855.831787 1084.830200 3064.801514
v -901.891785 1057.450195 3019.081543
v -937.162781 1013.670288 2989.371582
v -951.788757 970.099304 2985.961426
v -944.216736 926.737305 2996.761475
v -781.141785 881.715332 3554.061523
v -745.767761 901.009277 3561.781494
v -857.387756 865.947327 3560.681396
v -821.494751 869.473328 3552.491455
v -917.140747 866.775330 3569.931396
v -886.123779 865.116333 3564.671387
v -715.994751 916.363281 3555.981445
v -1012.685730 904.122314 3577.361572
v -949.921753 868.436279 3563.391602
v -969.942749 983.377319 3579.101563
v -756.659729 1067.200195 3582.761475
v -926.788757 1045.830200 3585.961426
v -852.097778 1071.350220 3596.891602
v -795.872742 1074.460205 3589.231445
v -684.147766 1007.440308 3576.941406
v -712.363770 1045.620239 3574.441406
v -697.217773 937.318298 3565.021484
v -683.421753 962.422302 3564.051514
v -818.279785 902.669312 3627.971436
v -814.752747 937.940308 3687.621582
v -773.049744 916.363281 3623.251465
v -792.863770 903.499329 3613.121582
v -841.101746 897.690308 3630.401367
v -880.313782 891.051331 3632.871582
v -870.874756 885.448303 3617.591553
v -717.031738 919.268311 3657.441406
v -719.728760 904.537292 3637.091553
v -910.398743 903.085327 3663.731445
v -918.800781 885.449280 3628.181396
v -921.601746 931.508301 3711.391602
v -777.199768 1041.880249 3676.161377
v -795.249756 1037.320190 3690.831543
v -864.753784 1035.250244 3768.531494
v -825.956787 1037.320190 3684.441406
v -721.907776 960.555298 3676.801514
v -746.804749 1038.570190 3719.381592
v -693.586731 936.073303 3656.211426
v -686.325745 337.717316 1063.121460
v -800.643738 395.394318 1223.451538
v -805.830750 428.798309 1208.441528
v -710.184753 365.311310 1041.601440
v -396.897797 177.546295 740.260498
v -548.251770 263.233307 893.243469
v -574.392761 287.300293 866.327515
v -423.144775 199.538284 708.437500
v 392.905212 995.618286 996.317505
v 523.354248 946.862305 829.954468
v 265.463226 1028.400269 1169.351440
v 161.363235 1050.810303 1351.581543
v 269.613220 1027.360229 1171.811523
v -237.765778 83.767792 603.079468
v -254.778778 110.740288 571.750488
v 653.752258 883.374329 672.939514
v 657.435242 883.167297 676.216492
v 459.297211 -391.763702 219.597488
v 282.632202 -246.323715 286.213470
v 271.065216 -232.422714 246.350479
v 450.635223 -380.352692 176.486481
v 1097.334229 561.997314 295.035492
v 1100.344238 562.620300 298.822479
v 1265.954224 408.880310 205.147491
v 1202.364258 -1098.109741 122.470490
v 989.031250 -887.212708 129.836487
v 983.170227 -885.137695 86.983894
v 1198.894287 -1096.139771 79.197495
v 1735.994263 -145.905716 65.242691
v 1911.934204 -389.377686 48.834393
v 1637.544189 -1495.529785 124.847488
v 1421.874268 -1302.579712 120.827492
v 1417.834229 -1303.929810 78.376091
v 1632.774292 -1498.539795 79.414795
v 2081.904053 -637.827698 47.429993
v 2246.634033 -880.158691 49.354393
v 2644.164063 -1476.129761 76.762794
v 2527.974121 -1299.049805 73.516792
v 2644.364014 -1475.509766 81.535194
v 2189.374023 -1957.989746 141.641479
v 2021.374268 -1823.649780 135.866486
v 2015.464233 -1829.149780 89.790588
v 2183.414063 -1963.589722 96.848694
v 2543.374023 -2194.409668 149.790482
v 2364.584229 -2078.739746 148.456482
v 2356.184082 -2088.389648 102.618492
v 2537.514160 -2200.629639 108.000488
v 2846.494141 -1841.699707 77.638290
v 2748.574219 -1657.149780 74.031990
v 2749.034180 -1656.629761 79.076691
v 2846.754150 -1841.489746 82.184891
v 2831.454102 -2330.719727 151.537491
v 2688.044189 -2261.839844 154.360489
v 2678.704102 -2273.249756 111.113495
v 2822.894043 -2341.819824 105.036491
v 2901.014160 -1983.509766 66.472092
v 2944.994141 -2129.669678 51.669090
v 2924.564209 -2377.089844 95.027596
v 2942.094238 -2383.099854 92.956894
v 2981.464111 -2350.739746 100.713493
v 2949.924072 -2372.109863 95.243393
v 2989.764160 -2341.819824 56.059093
v 2998.734131 -2334.039795 104.028496
v 2989.504150 -2343.479736 102.222488
v 3006.824219 -2330.819824 105.289490
v -1094.945801 660.339294 1696.761475
v -1067.765747 670.713318 1570.221436
v -1024.925781 678.389282 1538.981445
v -1059.575806 664.488281 1679.991455
v -920.045776 698.100281 1080.761475
v -828.963745 680.464294 854.855469
v -790.166748 680.050293 852.539490
v -881.870728 684.613281 1076.291504
v -817.449768 683.370300 788.167480
v -807.697754 683.577332 725.523499
v -765.580750 679.842285 710.195496
v -775.746765 677.975281 768.971497
v -814.648743 689.801331 460.828491
v -861.745728 704.116333 374.102478
v -833.632751 709.719299 351.453491
v -786.743774 698.514282 442.754486
v -930.730774 722.997314 306.211487
v -1048.365723 751.836304 234.817490
v -1022.015747 756.607300 197.218491
v -900.335754 724.241333 277.592499
v -1177.315796 787.107300 188.206482
v -1366.425781 829.846313 150.034485
v -1351.175781 829.639282 102.819489
v -1159.785767 788.351318 145.232483
v -1559.795776 868.021301 127.265495
v -1791.545776 897.483276 104.002495
v -1784.795776 902.670288 57.781292
v -1547.865723 865.324280 78.746094
v -2024.015747 926.114319 87.489189
v -2247.365967 950.805298 82.958595
v -2250.885986 955.161316 38.502293
v -2023.495728 930.056335 43.115391
v -2469.465820 986.074280 83.454391
v -2676.215820 1019.270325 90.709694
v -2682.025879 1009.100281 50.957092
v -2478.285889 982.755310 42.646591
v -2882.965820 1051.640259 102.687492
v -3090.225830 1084.420288 116.895493
v -3093.655762 1069.480225 75.199791
v -2885.455811 1038.980225 62.517891
v -3297.805908 1115.750244 127.958488
v -3444.695801 1131.310303 124.264488
v -3447.815918 1125.290283 84.632591
v -3302.265869 1100.190186 86.035095
v -3587.135986 1156.000244 131.912491
v -3720.845947 1194.380249 176.111481
v -3717.945801 1192.930298 131.098480
v -3588.165771 1155.790283 91.220093
v -3756.225830 1242.720215 126.086494
v -3758.815918 1296.040283 116.094490
v -3702.275879 1323.010254 117.946495
v -3576.445801 1358.080200 107.973495
v -3342.935791 1414.300293 124.202492
v -3408.285889 1398.120239 104.508492
v -1039.555786 683.576294 1446.251465
v -985.088745 689.800293 1276.451538
v -937.992737 681.294312 1260.831543
v -992.764771 686.481323 1423.271484
v -3354.135986 1442.100220 120.258492
v -3486.715820 1490.240234 123.222488
v -3619.805908 1530.900269 120.006493
v -3727.275879 1571.570190 114.412491
v -3692.315918 1676.130249 93.123489
v -3603.315918 1721.160278 100.888489
v -3688.585938 1673.650269 87.513596
v -3470.525879 1782.980225 112.758492
v -3469.805908 1780.290283 104.350494
v -3332.455811 1838.590210 125.753487
v -3332.245850 1835.890259 118.248489
v -3206.205811 1884.650269 137.688492
v -3208.905762 1882.780273 131.370483
v -3027.265869 1934.850220 125.323494
v -2842.605957 1967.010254 100.691490
v -3030.995850 1931.950195 118.668495
v -2652.355957 2001.450195 83.122894
v -2462.205811 2036.730225 65.670296
v -2470.505859 2030.500244 58.174191
v -2658.475830 1995.650269 76.532890
v -2242.385986 2073.660156 63.634789
v -2021.945801 2108.720215 66.745491
v -2250.265869 2068.470215 56.129292
v -1827.335815 2130.710205 70.804291
v -1631.785767 2142.740234 80.209290
v -1631.575806 2139.220215 73.067795
v -1427.635742 2154.990234 86.666695
v -1224.205811 2159.340332 104.836494
v -1227.005737 2153.530273 96.869492
v -1428.975708 2150.420166 78.829491
v -1038.405762 2159.760254 134.413483
v -854.172729 2158.720215 174.294479
v -852.720764 2153.120361 167.346481
v -706.761780 2156.440186 215.768478
v -568.376770 2145.650146 276.887482
v -307.061798 2043.990234 574.939514
v -278.326782 2030.920288 651.244507
v -799.606750 682.954285 521.676514
v -764.024780 688.141296 510.545471
v -474.493774 2126.560303 340.459473
v -471.900787 2120.340332 336.487488
v -901.787781 447.471313 1393.881470
v -969.942749 490.626312 1523.881470
v -957.391785 523.199280 1513.591431
v -896.393738 483.364319 1381.031494
v 50.883327 1060.140259 1540.011475
v -40.924171 1059.940186 1714.201538
v -37.448772 1058.070190 1715.341431
v 54.462128 1058.270264 1541.311523
v 812.263245 -715.320679 144.709488
v 635.131226 -546.020691 173.877487
v 628.699219 -539.485718 131.586487
v 806.765259 -710.340698 101.909492
v 1582.874268 49.949791 87.866196
v 1427.374268 239.478287 137.073486
v 1584.534302 50.987289 92.298294
v -3714.515869 1629.870239 79.375092
v -3708.085938 1656.010254 82.156296
v -3710.055908 1629.450195 71.603294
v 2.489907 2117.640137 556.240479
v 162.349228 2179.260254 463.273499
v 3.786417 2112.450195 552.073486
v -203.324768 2053.740234 692.644470
v 517.078247 2277.190186 305.856476
v 688.297241 2301.050293 243.004486
v 891.414246 2314.530273 187.289490
v 1150.184204 2326.980225 133.695480
v 1407.874268 2341.920166 106.499489
v 1663.064209 2353.950195 86.754295
v 1407.664185 2334.450195 99.091492
v 2565.424072 2356.030273 74.701889
v 2769.944092 2351.050293 71.863190
v 2770.924072 2345.860352 62.563293
v 2567.184082 2349.600342 65.309494
v 2958.954102 2346.280273 73.471695
v 3147.854004 2337.150146 79.482094
v 3147.594238 2335.070313 71.772392
v 3336.394043 2327.400146 76.963692
v 3523.284180 2303.330322 78.605690
v 3523.074219 2302.080322 71.024689
v 2129.884033 2364.540283 81.495491
v 2351.414063 2364.740234 80.825089
v 2354.474121 2359.350342 72.045692
v 105.656227 -124.121712 372.132477
v -66.754974 -13.640809 482.281494
v -83.041473 6.795251 449.198486
v 92.741226 -104.307709 334.126495
v 797.169250 800.800293 536.433472
v 947.225220 692.498291 405.102478
v -85.686874 1125.910278 1828.271484
v -81.381676 1126.530273 1831.151489
v -200.108765 1081.930298 2030.371460
v 59.545528 1154.540283 1644.811523
v 206.645233 1177.570190 1462.561523
v 210.586227 1178.200195 1465.761475
v 369.512207 1204.550293 1306.731445
v 530.720215 1222.390259 1148.421509
v 607.745239 1241.680298 1071.701538
v 714.801270 1261.190186 975.282471
v 718.328247 1261.810303 979.112488
v 611.272217 1242.100220 1075.071533
v 826.734253 1281.520264 884.876465
v 829.950256 1282.560303 888.895508
v 1207.714233 1359.110229 642.919495
v 1090.074219 1331.310303 711.676514
v 1532.614258 1416.380249 454.714478
v 1347.184204 1380.690186 557.994507
v 1742.324219 1458.910278 349.503479
v 1958.764282 1514.930298 269.396484
v 1744.184204 1459.320190 354.530487
v 2362.774170 1611.820190 151.003479
v 2559.454102 1671.570190 126.882484
v 2560.344238 1669.910278 131.405487
v 2363.864014 1610.990234 156.039490
v 2757.754150 1733.190186 112.117493
v 2955.684082 1801.450195 102.873489
v 2955.994141 1800.410278 107.370491
v 2758.064209 1731.950195 116.604492
v 3125.294189 1876.560303 93.967789
v 3291.944092 1958.300293 80.351891
v 3292.464111 1956.640259 84.986893
v 3125.704102 1875.310303 98.197495
v 3623.334229 2128.640137 76.471893
v 3457.924072 2042.740234 74.279091
v -1009.575745 829.846313 3656.131592
v -1021.815735 818.849304 3633.681396
v -986.852783 797.064331 3629.001465
v -978.864746 807.232300 3651.481445
v -870.562744 895.615295 3761.851563
v -895.148743 886.901306 3755.801514
v -887.264771 880.054321 3752.641602
v -1117.045776 940.429321 3679.731445
v -1111.025757 945.409302 3639.511475
v -1106.045776 920.098328 3639.691406
v -1101.795776 914.495300 3678.011475
v -857.802734 958.894287 3788.421387
v -893.748779 955.990295 3789.111572
v -901.995728 931.923279 3776.601563
v -1090.895752 1029.230225 3681.821533
v -1083.845703 1023.420288 3640.991455
v -1100.855713 999.352295 3640.091553
v -1113.925781 1001.630310 3681.131592
v -877.824768 998.107300 3823.761475
v -869.836731 1024.870239 3826.021484
v -843.383728 1119.480225 3641.201416
v -910.501770 1107.240234 3644.321533
v -909.567749 1104.540283 3675.471436
v -844.317749 1115.950195 3670.911377
v -833.528748 1028.400269 3824.411377
v -832.283752 1045.620239 3817.171387
v -854.794739 1040.020264 3817.371582
v -844.420776 1028.810303 3823.911377
v -779.585754 1122.800293 3634.281494
v -809.565735 1035.250244 3826.721436
v -722.010742 1115.120239 3624.791504
v -781.867737 1120.720215 3664.411377
v -722.529785 1115.750244 3655.771484
v -820.768738 1005.370300 3816.991455
v -796.597778 1030.470215 3825.211426
v -669.208740 1094.580200 3647.321533
v -673.461731 1092.090210 3615.331543
v -783.423767 1015.330322 3808.771484
v -787.883728 1024.040283 3818.171387
v -616.095764 996.447327 3604.311523
v -635.597778 1052.880249 3608.031494
v -629.892761 1050.810303 3641.801514
v -626.261780 991.053284 3636.971436
v -784.460754 955.783325 3762.061523
v -781.867737 977.983276 3776.601563
v -651.677734 936.696289 3630.171387
v -643.170776 937.524292 3602.351563
v -805.000732 926.736328 3761.461426
v -782.800781 935.036316 3750.381592
v -688.814758 883.997314 3627.771484
v -681.553772 880.885315 3602.321533
v -821.702759 904.121277 3756.441406
v -798.569763 911.176331 3743.621582
v -734.770752 825.903320 3606.581543
v -736.637756 828.186279 3631.551514
v -810.913757 893.541321 3738.091553
v -865.894775 802.044312 3604.391602
v -804.274780 807.853333 3607.451416
v -804.689758 809.305298 3630.791504
v -862.056763 819.264282 3626.071533
v -844.006775 878.602295 3745.701416
v -844.109741 867.399292 3738.181396
v -824.400757 876.113281 3735.541504
v -912.057739 792.708313 3612.811523
v -908.011780 813.455322 3630.481445
v -861.952759 867.606323 3742.271484
v -744.107727 474.235291 1721.651489
v -509.246796 513.655334 1778.461426
v -560.181763 522.161316 1894.111450
v -306.646790 640.422302 1829.831543
v -150.314774 835.863281 1871.071533
v -200.627777 834.202332 1992.211426
v -359.656799 638.969299 1949.021484
v -64.213173 1006.410278 1885.631470
v -134.857773 992.091309 2035.461426
v -126.040771 1054.960205 1855.211426
v -180.190765 1031.930298 1998.191528
v -121.735771 1053.300293 1856.911499
v -240.981766 891.673279 1850.711426
v -183.407776 1032.960205 1995.971436
v -390.362793 712.415283 1828.011475
v -718.276733 577.350281 1714.811523
v -555.512756 608.055298 1772.291504
v -1008.635742 603.907288 1728.881470
v -919.319763 611.167297 1835.981445
v -860.500732 578.386292 1666.201538
v -1121.915771 1274.880249 177.912491
v -967.764771 1260.980225 218.023483
v -1151.065796 1443.350220 172.567490
v -992.453735 1433.180298 208.977478
v -967.764771 1777.170288 183.561478
v -1136.955811 1785.270264 153.211487
v -735.081787 1217.200195 344.435486
v -838.508728 1239.820190 269.914490
v -857.284729 1417.830200 256.836487
v -735.289734 1400.400269 315.866486
v -743.588745 1023.630310 372.637482
v -822.324768 1042.510254 288.615479
v -749.916748 830.054321 389.352478
v -812.884766 843.333313 303.709473
v -770.871765 1974.280273 226.624481
v -641.614746 1964.320190 286.713470
v -700.226746 1765.560303 289.160492
v -828.756775 1773.440186 229.539490
v -566.923767 2140.250244 271.853485
v -705.101746 2151.250244 209.533478
v -545.657776 1947.930298 357.871490
v -600.223755 1752.280273 360.444489
v -649.810730 1387.950195 396.482483
v -671.594727 1204.340210 430.119476
v -696.802734 1012.630310 455.561493
v -715.994751 808.476318 468.206482
v -742.965759 1007.440308 841.606506
v -729.479736 784.409302 791.662476
v -710.496765 787.729309 700.973511
v -704.479736 1009.310303 734.891479
v -703.234741 1218.240234 832.897461
v -665.474731 1215.750244 720.053467
v -605.721741 1393.140259 704.893494
v -653.751770 1402.060303 821.640503
v -373.038788 1896.890259 696.099487
v -492.959778 1729.250244 757.924500
v -485.489777 1735.260254 645.036499
v -397.416779 1906.430298 613.631470
v -274.799774 2028.010254 650.536499
v -302.497772 2037.760254 573.397461
v -684.561768 1009.520325 650.460510
v -704.997742 789.181335 641.409485
v -702.611755 793.331299 563.628479
v -682.280762 1011.390320 570.811462
v -643.897766 1212.220215 626.028503
v -638.710754 1214.500244 526.269470
v -598.563782 1388.370239 491.766479
v -590.679749 1388.160278 600.501465
v -426.152802 1913.480225 536.684509
v -498.975800 1738.170288 549.815491
v -541.404785 1747.920288 454.742493
v -472.626801 1928.630249 445.036499
v -339.946777 2057.060303 505.720490
v -397.935791 2096.270264 423.612488
v -343.681793 2064.110352 507.458496
v -394.616791 2089.630127 420.811493
v -546.902771 2016.390259 489.111481
v -511.009796 1991.080200 561.034485
v -393.267792 2116.600342 527.491455
v -440.156799 2148.140137 454.052490
v -626.676758 1807.470215 511.471497
v -600.638733 1796.680298 592.670471
v -707.798767 1377.160278 620.739502
v -708.525757 1373.010254 533.068481
v -750.227783 1164.710205 551.568481
v -755.310730 1171.350220 635.620483
v -789.543762 963.252319 649.511475
v -783.734741 955.576294 571.538513
v -792.759766 844.576294 580.343506
v -796.909729 850.178284 654.480469
v -800.540771 684.406311 654.818481
v -797.012756 683.162292 587.038513
v -758.733765 689.386292 583.807495
v -760.393738 684.822327 652.606506
v -568.687744 1564.100220 788.480469
v -548.354736 1562.440186 669.035461
v -545.449768 1559.530273 568.165466
v -575.222778 1563.680298 465.347473
v -635.286743 1568.250244 375.887482
v -729.687744 1579.240234 293.286499
v -858.114746 1592.110229 237.425491
v -997.329773 1602.270264 198.394485
v -1157.605713 1609.950195 165.530487
v -1325.345703 1615.140259 138.650482
v -1506.675781 1619.290283 112.219490
v -1691.335815 1619.700195 91.627396
v -1887.605713 1618.870239 77.556496
v -2084.915771 1614.930298 85.385796
v -2282.325928 1602.070190 61.436493
v -2479.315918 1585.470215 58.353092
v -2665.215820 1568.040283 60.255390
v -2849.145996 1557.250244 62.532593
v -3024.255859 1551.860229 62.339294
v -3198.735840 1552.900269 71.194389
v -3333.695801 1564.720215 72.221893
v -3468.145996 1581.110229 75.584793
v -3604.555908 1601.030273 81.705292
v -3716.285889 1608.500244 79.202293
v -3711.925781 1609.330200 71.320290
v -3732.565918 1603.310303 161.065491
v -3612.025879 1592.520264 183.129486
v -3472.395996 1574.680298 177.718491
v -3330.385986 1554.970215 172.341492
v -3188.885986 1552.070190 171.552490
v -3011.385986 1550.610229 174.321487
v -2828.915771 1568.660278 170.673477
v -2639.175781 1584.020264 162.244492
v -2448.825928 1597.710205 161.328491
v -2257.325928 1606.420288 171.212479
v -2065.925781 1612.440186 182.591492
v -1882.625732 1614.310303 191.513489
v -1699.215698 1614.100220 208.523483
v -1531.365723 1614.310303 229.905487
v -1364.355713 1612.230225 256.170471
v -1075.025757 1610.570190 301.871490
v -1219.745728 1611.190186 278.397491
v -808.009766 1611.820190 377.620483
v -930.626770 1614.100220 333.297485
v -713.919739 1601.240234 442.048492
v -653.233765 1590.860229 608.117493
v -665.992737 1593.350220 519.851501
v -678.752747 1587.960205 780.417480
v -661.013733 1588.370239 696.810486
v -776.057739 1604.760254 1059.661499
v -703.442749 1591.070190 863.973511
v -859.877747 1600.610229 1261.651489
v -917.659729 1562.850220 1442.641479
v -979.797729 1505.590210 1629.681519
v -1051.895752 1433.600220 1830.621460
v -1077.935791 1405.590210 1917.541504
v -1114.655762 1324.470215 2182.991455
v -1114.965698 1302.270264 2256.611572
v -1075.135742 1228.820190 2505.421387
v -1033.535767 1190.230225 2626.051514
v -992.764771 1157.030273 2719.541504
v -953.863770 1113.880249 2876.351563
v -948.677734 1104.960205 3016.501465
v -948.780762 1100.190186 3155.001465
v -955.523743 1096.870239 3268.871582
v -966.104736 1092.090210 3404.371582
v -977.101746 1090.020264 3523.851563
v -976.167786 1088.980225 3644.581543
v -973.469727 1088.150269 3679.071533
v -936.124756 1071.970215 3783.141602
v -912.887756 1051.430298 3804.341553
v -974.300781 1039.190186 3794.931396
v -959.361755 1031.930298 3799.651367
v -1035.405762 1061.800293 3643.321533
v -1034.365723 1064.290283 3681.981445
v -1013.825745 1045.410278 3405.651367
v -1032.915771 1045.000244 3518.591553
v -3710.935791 1579.240234 79.908791
v 542.753235 1994.610229 464.024475
v 690.942261 1762.650269 584.217468
v 830.417236 1524.060303 677.668457
v 972.433228 1306.000244 781.982483
v 975.338257 1307.040283 786.082458
v 847.949219 1595.430298 775.427490
v 1001.224243 1361.810303 844.388489
v 678.494263 1842.320190 682.484497
v 509.091217 2079.470215 567.422485
v 350.891205 2294.200195 436.197479
v 344.356201 2254.780273 378.117493
v 343.993225 2249.180176 371.868469
v -379.574799 1866.390259 852.206482
v -525.947754 1727.170288 895.198486
v -618.273743 1570.110229 934.421509
v -700.018738 1403.100220 978.354492
v -764.646729 1217.620239 977.762512
v -793.174744 1011.800293 977.289490
v -762.468750 779.430298 914.497498
v -875.749756 1009.310303 1165.451538
v -837.574768 775.903320 1105.341431
v -852.512756 1219.280273 1165.091431
v -789.543762 1413.260254 1161.051514
v -687.051758 1575.920288 1111.181519
v -568.479736 1735.470215 1067.991455
v -437.459778 1829.870239 981.496460
v -935.606750 1002.670288 1312.251465
v -907.078735 781.090332 1287.021484
v -986.540771 993.544312 1453.411499
v -947.535767 773.413330 1413.701538
v -1015.175781 965.741333 2660.351563
v -1033.945801 990.639282 1588.061523
v -992.350769 776.733276 1548.161499
v -1103.245728 776.525330 1997.881470
v -1141.315796 955.368286 2060.441406
v -1120.055786 964.705322 2334.121582
v -1089.755737 986.282288 1760.491455
v -1026.585815 780.467285 1668.391479
v -743.899780 1596.050293 1284.321533
v -853.238770 1409.530273 1305.601440
v -897.741760 1417.210205 1467.281494
v -740.631775 1604.350220 1468.501465
v -938.407776 1384.010254 1655.701538
v -785.083740 1546.050293 1666.131470
v -955.108765 1375.300293 1883.191528
v -975.648743 1314.300293 2160.341553
v -969.527771 1219.280273 2442.751465
v -918.074768 1118.240234 2719.331543
v -816.308777 1160.350220 2740.091553
v -988.512756 1040.020264 2689.781494
v -1087.065796 1090.230225 2397.181396
v -1119.635742 1133.800293 2116.721436
v -1088.515747 1163.470215 1836.661499
v -1031.355713 1173.220215 1628.961426
v -973.677734 1182.550293 1450.701538
v -921.601746 1195.000244 1300.671509
v -600.327759 1740.450195 1254.561523
v -520.501770 1732.150269 1437.171509
v -592.132751 1627.170288 1698.401489
v -885.916748 978.605286 3807.301514
v -463.186798 848.103333 2510.921387
v -364.635773 932.131287 2424.861572
v -429.160797 933.168335 2525.831543
v -581.239746 718.224304 2465.611572
v -725.434753 647.475281 2417.741455
v -888.093750 629.633301 2371.571533
v -974.300781 642.704285 2348.791504
v -1141.105713 751.006287 2319.201416
v -1150.235718 727.561279 2189.661377
v -1094.845703 671.958313 2200.081543
v -1087.265747 701.626282 2324.761475
v -1218.085815 885.449280 2316.711426
v -1227.835815 1023.630310 2337.531494
v -1188.305786 1155.170288 2364.331543
v -1102.515747 1265.540283 2381.301514
v -995.565735 1346.250244 2392.861572
v -878.239746 1401.020264 2411.611572
v -751.887756 1410.570190 2436.121582
v -627.091736 1374.260254 2473.251465
v -517.441772 1298.120239 2509.231445
v -441.401794 1188.360229 2533.401367
v -255.089767 2033.820190 726.010498
v -202.287766 2052.080322 689.123474
v -254.259766 2031.750244 724.654480
v 1875.574219 2386.940186 167.122482
v 1981.694214 2168.680176 207.785492
v 1908.194214 2359.970215 80.544891
v 1911.824219 2353.750244 72.215096
v 1972.404297 2125.110352 96.388489
v 2043.104248 1928.630249 120.095490
v 2107.894043 1736.720215 152.720490
v 2167.124023 1559.950195 193.856491
v 2168.574219 1559.330200 199.045486
v 2133.464111 1759.330200 266.275482
v 2182.844238 1584.850220 283.547485
v 2063.754150 1966.810303 239.749481
v -401.151794 1003.090332 2538.071533
v -417.646790 1078.610229 2536.171387
v -838.404785 1126.120239 3581.431396
v -909.983765 1113.670288 3577.011475
v -910.294739 1110.560303 3612.111572
v -841.101746 1122.800293 3611.311523
v -774.501770 1124.250244 3605.531494
v -719.728760 1112.840210 3562.231445
v -768.174744 1125.080200 3576.331543
v -720.766785 1114.290283 3594.661377
v -678.752747 1091.470215 3585.581543
v -686.429749 1093.130249 3554.801514
v -625.742737 1008.480286 3538.831543
v -651.573730 1056.620239 3545.041504
v -643.377747 1054.330200 3577.651367
v -618.066772 1002.460327 3573.121582
v -634.923767 939.807312 3572.681396
v -623.357727 941.467285 3537.181396
v -678.441772 881.091309 3573.101563
v -674.914734 880.469299 3537.221436
v -727.612732 815.323303 3543.221436
v -730.206787 820.095276 3580.801514
v -801.992737 780.051331 3551.701416
v -803.340759 793.953308 3583.961426
v -873.778748 758.475281 3559.481445
v -867.139771 776.732300 3588.591553
v -924.713745 760.342285 3564.061523
v -918.177734 767.396301 3595.121582
v -1031.975708 808.268311 3606.271484
v -1033.425781 807.024292 3573.231445
v -996.084778 778.807312 3572.341553
v -995.047729 782.333313 3603.631592
v -1087.895752 970.721313 3568.741455
v -1092.665771 927.773315 3567.741455
v -1099.305786 924.247314 3604.721436
v -1097.535767 971.135315 3604.501465
v -1075.855713 1018.030334 3604.651367
v -1069.845703 1013.050293 3567.351563
v -977.308777 1089.810303 3573.281494
v -1033.845703 1053.710205 3567.921387
v -1034.575806 1058.690186 3606.871582
v -977.100769 1089.600220 3610.341553
v -1013.205750 515.107300 1663.911499
v -937.991760 490.418304 1681.961426
v -1024.095703 519.464294 1661.021484
v -1013.615784 552.038330 1643.091431
v 2405.514160 -1126.429810 57.919792
v 2406.604004 -1125.389771 62.859695
v 2291.814209 -1189.919800 46.527092
v 2163.644043 -1279.549805 47.020493
v 2067.324219 -1391.789795 43.446194
v 1987.864258 -1515.029785 36.858692
v 1913.844238 -1623.329712 32.061592
v 1857.464233 -1683.709717 131.486481
v 1850.364258 -1690.139771 83.563095
v 1874.224243 -1670.009766 134.575485
v 1916.704224 -1635.989746 141.216492
v 2010.584229 -1544.079712 149.563492
v 2093.674072 -1420.219727 157.040482
v 2195.084229 -1308.699707 159.917480
v 2311.524170 -1201.329712 158.324478
v 2399.544189 -1129.439697 149.570480
v 3652.334229 2251.670166 165.957489
v 3641.854004 2279.890137 149.777481
v 3665.454102 2221.380127 171.733490
v 3679.044189 2190.260254 168.399490
v 3689.154053 2164.110352 159.371490
v 3694.754150 2156.230225 77.446091
v 3694.914063 2155.400146 81.779388
v 3681.274170 2187.560303 66.120895
v 3666.904053 2217.230225 62.505890
v 3653.734131 2248.560303 62.674889
v 3643.664063 2278.850342 75.144196
v 3643.664063 2279.890137 82.311195
v 3730.284180 2196.070313 66.474289
v 3758.814209 2209.760254 89.687889
v 3732.774170 2172.830322 84.859894
v 3749.164063 2180.920166 99.648491
v 3732.464111 2172.210205 88.533394
v 3721.784180 2215.780273 65.295692
v 3750.574219 2245.440186 90.966194
v 3716.594238 2237.560303 65.679390
v 3704.144043 2265.980225 143.928482
v 3729.304199 2254.780273 114.083488
v 3702.484131 2268.470215 117.670494
v 3756.584229 2222.210205 150.710480
v 3714.054199 2242.120361 166.659485
v 3720.384033 2221.790283 171.570480
v 3725.364014 2200.420166 167.897491
v 3727.694092 2181.750244 157.770477
v 3753.834229 2237.560303 108.203491
v 3705.284180 2264.950195 90.501190
v 3705.914063 2264.120361 84.832291
v 3758.094238 2214.320313 110.879494
v 3748.854004 2181.130127 119.007492
v 3746.994141 2180.920166 139.068481
v -593.895752 531.912292 1978.961426
v -399.180786 639.177307 2034.211426
v -236.728775 831.921326 2080.111572
v -1102.625732 987.941284 3756.781494
v -1086.645752 979.850281 3778.571533
v -1063.415771 1016.360291 3761.741455
v -1078.345703 1023.420288 3737.831543
v -967.557739 1087.320190 3715.221436
v -1026.065796 1065.950195 3724.791504
v -1007.595764 1060.350220 3767.781494
v -954.382751 1083.170288 3752.021484
v -898.467773 1097.490234 3740.571533
v -905.729736 1102.050293 3707.781494
v -843.072754 1112.630249 3702.581543
v -839.960754 1107.650269 3735.091553
v -781.763733 1118.240234 3695.801514
v -781.244751 1114.290283 3730.201416
v -752.198730 1115.740234 3727.711426
v -751.990784 1118.030273 3692.661377
v -687.362732 1105.580200 3728.031494
v -690.474731 1111.180298 3686.421387
v -720.558777 1116.990234 3689.501465
v -718.587769 1114.290283 3727.631592
v -645.764771 987.527283 3667.131592
v -637.776733 1041.680298 3679.171387
v -660.909729 1029.230225 3707.851563
v -670.972778 985.867310 3691.891602
v -692.030762 943.127319 3677.441406
v -668.897766 937.733276 3658.431396
v -720.558777 899.972290 3672.131592
v -702.612732 889.391296 3653.341553
v -745.663757 841.879333 3654.171387
v -757.696777 856.818298 3673.671387
v -804.378784 809.928284 3654.231445
v -804.481750 818.850281 3679.081543
v -858.010742 817.397278 3652.761475
v -854.950745 813.248291 3677.211426
v -901.372742 820.924316 3657.051514
v -894.214783 817.605286 3682.841553
v -990.483765 833.995300 3712.531494
v -999.715759 833.372314 3682.531494
v -971.810730 807.646301 3675.351563
v -960.606750 809.928284 3703.871582
v -1074.615723 929.434326 3766.111572
v -1099.305786 931.508301 3744.731445
v -1080.835815 912.421326 3715.141602
v -1043.905762 918.022278 3742.891602
v -873.052734 869.888306 3745.511475
v -914.547729 813.663330 3719.641602
v -900.439758 839.389282 3731.951416
v -936.539734 810.758301 3664.891602
v -926.892761 811.587280 3690.661377
v -950.751770 792.085327 3619.221436
v -944.527771 808.061279 3640.061523
v -961.332764 766.981323 3567.731445
v -958.739746 767.188293 3600.121582
v -959.050781 778.807312 3515.981445
v -956.872742 796.442322 3400.301514
v -957.702759 813.455322 3266.211426
v -961.851746 821.340332 3151.941406
v -969.216736 823.206299 3011.471436
v -974.507751 825.904297 2869.911377
v -989.653748 801.630310 2715.371582
v -1009.465759 755.154297 2592.741455
v -1025.335815 707.228333 2463.011475
v -1033.845703 665.526306 2334.821533
v -1036.435791 630.671326 2213.891602
v -985.503784 654.115295 2011.781494
v 2724.144043 -2214.839844 155.217484
v 2594.364014 -2137.769775 154.478485
v 2429.784180 -2010.899780 151.185486
v 2266.404053 -1883.189697 148.330490
v 2110.384033 -1743.459717 146.486481
v 1957.624268 -1600.199707 146.027481
v 1746.624268 -1406.419800 147.129486
v 1538.114258 -1209.319702 150.633484
v 1331.934204 -1009.099670 156.646484
v 1128.244263 -806.400696 167.500488
v 950.700256 -628.388672 184.187485
v 771.649231 -453.694702 213.719482
v 598.201233 -299.747681 258.068481
v 422.366211 -156.798706 324.569489
v 252.859222 -36.048512 411.966492
v 86.361626 70.385689 521.581482
v -73.601570 160.015289 647.034485
v -223.553772 243.523285 785.681458
v -363.806793 311.574310 934.081482
v -492.854797 363.858307 1096.571533
v -608.833740 404.316315 1258.561523
v -713.504761 433.984314 1418.751465
v -793.071777 454.317291 1556.331543
v -860.811768 475.065308 1698.631470
v -902.098755 919.683289 3772.661377
v -899.609741 895.199280 3760.761475
v -993.958740 901.424316 3738.301514
v -983.013733 875.905334 3733.011475
v -953.241760 886.072327 3742.921387
v -965.067749 910.554321 3749.831543
v -1048.675781 891.466309 3696.871582
v -1021.815735 863.664307 3686.351563
v -1007.285767 864.702332 3715.951416
v -1027.515747 894.784302 3722.261475
v -1084.465698 877.981323 3640.331543
v -1051.375732 849.349304 3635.961426
v -1037.375732 858.477295 3660.671387
v -1069.015747 883.789307 3669.961426
v -1085.605713 883.582275 3568.391602
v -1065.065796 843.332275 3571.051514
v -1062.575806 842.295288 3606.721436
v -1088.095703 880.263306 3606.061523
v -1076.795776 890.844299 3520.261475
v -1058.945801 852.668335 3522.951416
v -1048.785767 910.345276 3404.651367
v -1037.165771 873.623291 3403.491455
v -1027.725708 895.615295 3265.391602
v -1027.825806 909.724304 3151.311523
v -1033.635742 914.703308 3008.681396
v -1040.485718 913.874329 2865.071533
v -1078.035767 897.275330 2708.591553
v -1121.605713 866.361328 2589.391602
v -1161.965698 837.107300 2453.411377
v -1188.625732 814.077332 2314.891602
v -1198.895752 796.650330 2177.151367
v -1199.615723 790.218323 2088.731445
v -962.370728 879.017334 3420.701416
v -995.877747 892.089294 2630.591553
v -1087.585815 835.448303 2274.351563
v -945.253784 699.552307 1399.341431
v -837.885742 695.817322 1077.781494
v -720.765747 700.589294 648.813477
v -879.898743 747.894287 249.263489
v -1547.135742 888.146301 39.183090
v -2485.545898 1003.710327 7.693390
v -2685.445801 1027.570190 16.137590
v -3719.295898 1201.850220 182.457489
v -3586.195801 1164.300293 139.036484
v -3442.725830 1139.810303 127.919487
v -3295.625977 1123.630249 130.523483
v -3088.775879 1091.890259 120.147491
v -2882.135986 1059.110229 106.525490
v -2675.275879 1027.570190 95.023293
v -2468.425781 994.166321 87.713890
v -2247.365967 957.858276 86.714790
v -2024.845703 933.168335 91.411392
v -1793.615723 904.744324 107.586494
v -1561.555786 872.171326 129.019485
v -1371.505737 839.805298 154.204483
v -1181.465698 794.368286 190.745483
v -1056.455811 766.152283 237.927490
v -937.680786 735.860291 306.708496
v -867.657776 720.507324 374.427490
v -818.382751 704.947327 461.156494
v -803.963745 703.287292 521.775513
v -800.228760 699.967285 586.770508
v -803.548767 699.137329 655.091492
v -811.380737 699.137329 728.716492
v -821.806763 697.892334 792.266479
v -835.706787 699.967285 857.448486
v -921.393738 717.809326 1078.851440
v -999.715759 779.015320 1260.951538
v -928.344727 790.633301 1072.511475
v -988.200745 708.059326 1272.731445
v -1056.045776 769.264282 1427.671509
v -1042.145752 696.855286 1442.631470
v -1096.915771 753.911316 1566.821533
v -1073.785767 686.274292 1570.091431
v -1127.725708 737.935303 1702.551514
v -1101.995728 676.522278 1697.801514
v -1166.935791 791.670288 1792.561523
v -502.295776 1086.910278 2512.951416
v -334.033783 1012.010315 2439.121582
v -351.253784 1086.490234 2435.091553
v -234.290771 1016.160278 2075.801514
v -183.822769 1098.110229 2154.981445
v -313.597778 1086.280273 2375.321533
v -298.140778 1016.370300 2380.311523
v -164.008774 981.717285 2105.571533
v -330.091797 932.545288 2365.581543
v -396.068787 943.335327 2293.781494
v -380.923798 1093.340210 2310.941406
v -387.354797 1020.520325 2322.281494
v -319.510773 1006.820313 2162.911377
v -310.796783 1046.860229 2170.781494
v -322.207794 1026.120239 2167.611572
v -1098.265747 632.746277 1972.011475
v -973.055786 511.996307 1778.271484
v -1043.905762 537.307312 1755.191528
v -1036.955811 614.072327 1810.381470
v -1044.325806 572.370300 1737.141479
v -1055.115723 542.909302 1750.251465
v -1110.195801 651.833313 1790.641479
v -1083.845703 649.758301 1792.641479
v -1073.365723 565.108276 1822.471436
v -1066.005737 591.872314 1816.371460
v -1096.395752 597.681335 1920.761475
v -1104.075806 611.790283 1960.121460
v -1100.855713 621.749329 1953.101440
v -1091.415771 612.828308 1914.131470
v -1121.295776 645.401306 1865.061523
v -1097.745728 641.666321 1866.591431
v -1106.255737 625.276306 1961.231445
v -1110.505737 620.297302 1975.771484
v -1115.175781 630.463318 1981.581543
v -1110.605713 630.464294 1963.561523
v -1110.295776 634.197327 1940.901489
v -1125.235718 638.554321 1939.731445
v -3709.855957 1211.810303 91.208595
v -3586.305908 1177.160278 63.562988
v -3446.565918 1138.360229 55.837791
v -3299.985840 1111.600220 54.198490
v -3092.825928 1079.020264 44.632591
v -2884.935791 1051.010254 33.433392
v -2684.715820 1023.840332 23.141491
v -2484.095947 999.560303 14.724590
v -2255.455811 973.004333 7.744990
v -2026.715698 948.314331 11.963590
v -1786.355713 918.852295 25.254990
v -1547.245728 883.375305 47.141693
v -1348.065796 851.838318 73.387589
v -1154.285767 814.077332 118.729492
v -1010.505737 778.393311 170.999481
v -884.048767 742.914307 254.965485
v -813.818787 724.241333 329.840485
v -764.542786 711.793335 424.250488
v -736.326782 703.702332 498.363495
v -727.093750 701.834290 578.665466
v -728.650757 697.478333 649.586487
v -733.629761 692.498291 699.779480
v -746.077759 687.933289 759.470459
v -765.995728 690.838318 856.045471
v -846.806763 693.536316 1077.481445
v -903.965759 696.647278 1251.431519
v -954.693787 696.855286 1404.131470
v -992.557739 691.461304 1519.341431
v -1032.705811 678.390320 1667.891479
v -1071.505737 670.713318 1793.161499
v -1094.535767 663.244324 1917.541504
v -1106.255737 639.384277 1964.391479
v -1103.975708 637.310303 1973.701538
v -1102.105713 633.783325 1973.561523
v -1103.035767 631.916321 1970.691528
v -1106.355713 634.820313 1969.961426
v -1082.495728 620.919312 1920.761475
v -1098.685791 630.878296 1968.851440
v -1080.835815 622.786316 1922.101440
v -1014.655762 598.512329 1730.291504
v -1041.835815 610.338318 1811.391479
v -976.893738 588.760315 1630.721436
v -983.014771 582.536316 1632.831543
v -935.502747 551.000305 1503.441528
v -931.145752 556.603333 1501.361450
v -876.060730 514.070313 1368.861450
v -871.807739 520.502319 1366.431519
v -792.552734 456.807312 1197.651489
v -789.958740 462.617310 1195.451538
v -699.914734 398.091309 1031.851440
v -697.736755 404.731293 1029.881470
v -566.612732 319.874298 852.882507
v -415.156799 233.253296 692.164490
v -413.496796 240.204285 688.867493
v -248.813766 139.578293 552.722473
v -75.313171 37.086189 426.906494
v 107.576225 -72.045113 313.637482
v 289.064209 -200.368713 223.204483
v 292.746216 -193.936707 218.515488
v 470.293213 -351.824707 152.061478
v 645.661255 -518.011719 102.083488
v 649.084229 -513.654724 96.108994
v 823.051270 -692.808716 72.296394
v 826.319214 -689.281677 66.297195
v 998.782227 -871.236694 55.046593
v 1001.944214 -868.435669 48.575394
v 1211.704224 -1084.519775 46.901993
v 1214.294189 -1082.139771 40.359390
v 1428.354248 -1294.169800 45.125393
v 1430.484253 -1292.099731 38.390190
v 1641.904297 -1490.339722 45.696793
v 1643.764282 -1488.679810 38.866692
v 1858.144287 -1683.499756 46.855694
v 1859.754272 -1682.149780 39.419392
v 2021.014282 -1825.309814 53.786591
v 2022.154297 -1824.479736 46.492790
v 2188.704102 -1960.579712 61.084892
v 2361.164063 -2085.479736 61.884995
v 2541.564209 -2198.039795 73.670692
v 2542.444092 -2197.519775 66.715889
v 2681.454102 -2270.339844 74.940895
v 2825.334229 -2334.139648 65.059296
v 2825.804199 -2332.579834 56.960491
v 3729.774170 2167.640137 118.653496
v 3728.684082 2173.870361 153.501480
v 3696.104004 2149.590332 117.322495
v 3691.594238 2157.680176 157.174484
v 3629.764160 2116.190186 114.901489
v 3621.774170 2130.920166 157.599487
v 3462.754150 2030.710205 116.091492
v 3457.774170 2046.480225 159.849487
v 3296.924072 1945.230225 122.990494
v 3295.004150 1959.540283 163.923477
v 3129.234131 1865.140259 132.890488
v 3129.134033 1876.760254 172.085480
v 2958.744141 1792.740234 144.229477
v 2959.414063 1803.730225 183.566483
v 2760.964111 1721.360229 153.404480
v 2765.424072 1730.290283 195.029480
v 2566.974121 1656.630249 168.481491
v 2570.714111 1670.740234 208.025482
v 2372.784180 1603.520264 197.346481
v 2378.384033 1617.210205 239.620483
v 2180.354004 1555.380249 241.562485
v 2186.784180 1571.150269 284.932495
v 1972.564209 1508.910278 307.353485
v 1981.644287 1525.920288 349.225494
v 1759.644287 1462.230225 395.804474
v 1770.224243 1486.090210 435.842499
v 1549.994263 1423.850220 496.349487
v 1562.434204 1449.780273 533.845459
v 1366.014282 1389.200195 597.145508
v 1377.784302 1417.620239 629.937500
v 1227.214233 1362.640259 676.619507
v 1239.144287 1391.690186 707.438477
v 1111.904297 1338.570190 745.909485
v 1124.304199 1368.660278 776.575500
v 999.301270 1315.340210 819.694458
v 1011.384216 1346.460205 848.964478
v 856.248230 1289.820190 921.836487
v 871.134216 1319.490234 949.795471
v 747.116272 1266.990234 1010.631470
v 761.328247 1297.700195 1036.191528
v 640.163269 1245.830200 1102.721436
v 654.738220 1275.920288 1126.801514
v 560.129272 1229.230225 1173.221436
v 576.572266 1258.070190 1199.611450
v 400.011200 1204.340210 1332.391479
v 417.750214 1231.310303 1357.231445
v 242.745224 1184.210205 1491.791504
v 265.360199 1211.180298 1519.001465
v 90.873924 1161.810303 1668.461426
v 115.356232 1186.910278 1692.991455
v -45.955173 1131.720215 1854.731445
v -17.998074 1155.170288 1876.891479
v -164.319778 1073.420288 2047.661377
v -133.665771 1092.510254 2069.981445
v -86.153770 1039.400269 1870.621460
v -153.167770 1024.660278 2016.391479
v -129.930771 1003.920288 2038.701538
v -59.285770 1016.160278 1886.471436
v -8.765674 1042.720215 1724.981445
v 16.234926 1017.610291 1736.211426
v 83.923531 1043.750244 1551.971436
v 109.183228 1019.060303 1565.121460
v 190.825226 1038.770264 1367.511475
v 215.514221 1012.010315 1387.331543
v 303.691223 1020.310303 1191.991455
v 327.084198 994.165283 1213.541504
v 425.841217 990.017334 1018.661499
v 446.330200 965.119324 1042.141479
v 555.617249 943.126282 854.726501
v 575.067261 920.097290 881.335510
v 687.570251 881.507324 703.205505
v 704.479248 860.345276 732.020508
v 825.904236 801.007324 566.185486
v 841.206238 781.504333 597.917480
v 972.693237 695.402283 434.523499
v 985.556213 681.709290 464.541473
v 1125.034302 570.087280 329.876495
v 1137.014282 558.885315 363.958496
v 1286.234253 415.312317 238.617477
v 1296.194214 407.013306 274.362488
v 1443.604248 245.805283 173.994492
v 1452.424194 238.959290 214.084488
v 1598.334229 59.389790 128.639481
v 1607.254272 54.203190 170.796478
v 1747.714233 -135.324707 103.821495
v 1753.674194 -140.822708 147.160492
v 1922.874268 -378.691681 89.724892
v 1924.484253 -384.916687 134.414490
v 2092.124023 -627.039673 88.798889
v 2091.654053 -632.122681 135.927490
v 2255.354004 -871.547668 93.747093
v 2250.684082 -876.735718 139.678482
v 2416.714111 -1117.609741 103.362495
v 2408.984131 -1121.759766 148.629486
v 2532.594238 -1293.859741 113.389488
v 2524.554199 -1299.669800 157.504486
v 2646.134033 -1471.049805 120.658493
v 2636.374023 -1479.859741 164.142487
v 2752.724121 -1652.479736 120.455490
v 2742.134033 -1662.539795 166.861481
v 2848.624023 -1839.829712 119.463493
v 2840.534180 -1849.169800 159.887482
v 2908.634033 -1977.909790 104.183495
v 2906.144043 -1985.479736 147.210480
v 2959.314209 -2118.889648 89.645988
v 2961.074219 -2126.249756 135.689484
v 3016.004150 -2311.419678 139.677490
v -3736.925781 1605.390259 116.972488
v -3736.405762 1630.280273 116.608490
v -3733.085938 1661.820190 115.681496
v -3710.685791 1687.340210 120.002495
v -3613.065918 1739.830200 138.920486
v -3474.265869 1795.640259 153.039490
v -3332.975830 1851.040283 161.712479
v -3192.825928 1894.400269 167.961487
v -3008.895996 1947.930298 157.212479
v -2821.445801 1985.890259 133.614487
v -2623.095947 2029.670288 114.694489
v -2422.995850 2065.770264 101.589493
v -2204.515869 2097.930176 99.598495
v -1985.945801 2131.540283 103.022491
v -1809.175781 2148.140137 107.611488
v -1632.205811 2160.380127 114.422493
v -1421.515747 2177.600342 124.210495
v -1210.925781 2188.390137 143.007477
v -1034.985718 2188.800293 170.129486
v -861.226746 2185.480225 207.603485
v -714.334778 2179.880127 245.629486
v -575.015747 2171.580322 301.008484
v -486.215790 2155.820313 359.460480
v -414.326782 2128.640137 437.038483
v -361.834778 2097.720215 515.790466
v -328.742798 2073.860352 582.333496
v -295.028778 2045.440186 654.562500
v -208.615768 2062.870361 709.577515
v -259.135773 2044.610229 732.506470
v -3.578494 2143.160156 576.212463
v 153.116226 2206.650146 486.969482
v 346.067200 2281.960205 408.064484
v 516.715271 2314.330322 335.634491
v 691.979248 2334.040283 275.927490
v 896.082214 2343.790283 217.683487
v 1152.934204 2356.440186 168.087479
v 1408.594238 2376.570313 141.992477
v 1658.964233 2386.940186 126.734489
v 1890.714233 2390.260254 120.451492
v 2113.904053 2391.920166 121.519493
v 2336.894043 2390.260254 122.886490
v 2557.384033 2385.490234 119.705490
v 2765.274170 2377.400146 116.423492
v 2957.134033 2361.840332 116.532494
v 3148.994141 2347.940186 116.419495
v 3337.174072 2333.620361 115.104492
v 3524.214111 2309.350342 114.934494
v 3643.464111 2284.660156 116.656494
v -213.490768 1009.310303 2129.601563
v -183.303772 994.166321 2172.011475
v -157.420776 996.033325 2108.651367
v -223.345779 1015.120300 2160.681396
v -210.741776 1005.580322 2225.551514
v -221.997772 1041.260254 2173.091553
v -215.669769 1044.790283 2232.681396
v -223.553772 1023.630310 2244.381592
v -224.486771 1027.980225 2176.661377
v -175.522766 1069.060303 2148.181396
v -197.204773 1065.740234 2117.461426
v -258.097778 1075.910278 2115.041504
v -251.354767 1074.870239 2115.301514
v -311.522797 1026.320190 2168.591553
v -301.148773 1046.240234 2171.011475
v -232.059769 1015.540283 2081.671387
v -309.033783 1007.860291 2162.671387
v -3614.305908 1547.090210 88.232895
v -3613.165771 1550.200195 81.599396
v -3483.495850 1498.330200 93.321892
v -3350.195801 1454.760254 94.354393
v -3248.325928 1398.740234 83.036491
v -3410.155762 1381.310303 71.189293
v -3410.465820 1377.990234 64.235092
v -3576.755859 1352.890259 77.547493
v -3694.805908 1311.810303 87.021393
v -1105.215698 640.629333 1970.311523
v -1108.015747 637.725281 1964.561523
v -1122.225708 636.065308 1969.601440
v -1112.785767 632.952332 1954.991455
v -1063.515747 618.222290 1873.011475
v -1059.885742 620.919312 1872.871460
v -1086.755737 585.233276 1880.661499
v -1081.775757 605.774292 1873.561523
v -855.935730 758.889282 865.182495
v -838.922729 754.740295 808.260498
v -824.503784 754.326294 740.090454
v -814.233765 752.666321 656.083496
v -809.876770 747.687317 585.982483
v -813.610779 747.479309 521.977478
v -830.312744 753.081299 462.161499
v -884.878784 768.849304 375.411499
v -965.585754 787.314331 308.695496
v -1082.805786 812.834290 248.156479
v -1208.845703 844.992310 208.019485
v -1394.025757 885.242310 173.014481
v -1582.825806 921.549316 150.452484
v -1806.275757 946.862305 128.521484
v -2029.935791 972.381287 113.270493
v -2247.365967 995.827332 107.583488
v -2463.655762 1029.230225 106.559494
v -2671.125977 1060.560303 112.234489
v -2878.295898 1090.850220 122.660492
v -3082.865967 1123.420288 133.520477
v -3286.085938 1158.280273 141.753479
v -3435.775879 1169.900269 140.927490
v -3583.915771 1184.420288 155.900482
v -3716.495850 1215.330200 194.056488
v -1154.595703 715.527283 2099.841553
v -715.060730 1006.200317 3272.981445
v -721.181763 1030.470215 3092.911377
v -507.067780 1030.060303 2521.251465
v -190.149765 979.228333 2168.521484
v -267.226776 830.883301 2150.741455
v -431.546783 642.496277 2102.581543
v -618.481750 543.323303 2048.231445
v -833.113770 511.996307 1977.061523
v -938.095764 524.858276 1940.461426
v -1101.895752 654.322327 2116.711426
v -319.510773 1230.060303 2323.851563
v -405.300781 1366.170288 2295.291504
v -530.511780 1465.130249 2256.121582
v -677.818787 1515.760254 2212.541504
v -835.084778 1506.420288 2181.001465
v -982.080750 1440.240234 2155.611572
v -1111.545776 1339.610229 2133.951416
v -1209.265747 1205.370239 2106.331543
v -1244.955811 1042.920288 2066.281494
v -1224.615723 872.377319 2033.091431
v -1197.545776 787.521301 2028.881470
v -860.603760 556.187317 2145.411377
v -961.643738 570.710327 2110.051514
v -667.756775 580.254333 2205.381592
v -498.353790 665.319275 2257.651367
v -346.689789 831.298279 2307.791504
v -1038.725708 610.545288 2136.541504
v -1039.655762 597.060303 2081.741455
v -306.957794 932.753296 2326.191406
v -288.078796 1086.280273 2336.041504
v -273.346802 1018.440308 2341.761475
v -1115.905762 665.319275 1791.301514
v -1142.875732 727.976318 1791.051514
v -1155.945801 709.096313 2037.501465
v -994.943787 527.764282 1848.861450
v -1060.715698 558.054321 1825.901489
v -1069.425781 575.897278 1886.331543
v -1010.815735 541.872314 1913.441528
v -842.242737 523.199280 2025.751465
v -945.668762 538.552307 1987.871460
v -634.249756 553.282288 2096.031494
v -453.123779 647.268311 2149.751465
v -290.048798 830.675293 2199.401367
v -852.305786 539.382324 2089.631592
v -954.693787 555.772278 2057.421387
v -652.403748 567.183289 2154.381592
v -477.709778 656.189331 2207.251465
v -320.962799 831.091309 2257.781494
v -1019.735779 554.527283 1959.631470
v -1079.595703 589.383301 1928.241455
v -1034.985718 572.578308 2013.591431
v -1080.215698 602.454285 1964.991455
v -342.851776 1403.300293 2175.821533
v -258.720795 1253.510254 2213.991455
v -468.373779 1515.130249 2128.431396
v -620.141785 1574.060303 2082.891602
v -792.655762 1567.210205 2046.761475
v -953.967773 1495.220215 2016.281494
v -1093.805786 1383.800293 1988.551514
v -1195.575806 1237.950195 1955.411499
v -1229.285767 1062.840210 1913.951538
v -1207.505737 879.224304 1876.611450
v -1178.145752 787.521301 1865.091431
v -1154.595703 720.092285 1864.421509
v -1127.725708 660.132324 1865.741455
v -379.574799 1387.540283 2243.681396
v -291.500793 1240.850220 2273.051514
v -502.191772 1488.580200 2197.621582
v -816.723755 1534.430298 2119.181396
v -652.403748 1542.940186 2152.821533
v -970.669739 1465.760254 2091.551514
v -1105.315796 1359.940186 2067.011475
v -1205.215698 1220.110229 2036.751465
v -1239.555786 1051.430298 1995.941528
v -1217.665771 873.831299 1960.421509
v -1186.965698 786.276306 1952.241455
v -1156.155762 709.718323 1917.211426
v -1132.085815 654.945313 1939.981445
v -1106.045776 644.156311 2056.461426
v -1128.455811 650.795288 1975.231445
v -1086.545776 607.018311 1988.991455
v -220.545776 981.510315 2220.111572
v -222.411774 1085.870239 2234.221436
v -233.200775 994.580322 2248.591553
v -231.541779 1022.800293 2259.661377
v -233.823776 1051.840210 2255.191406
v -1161.855713 706.606323 2003.781494
v -1112.275757 634.198303 2013.551514
v -1157.815796 705.361328 1958.141479
v -287.662781 931.301331 2297.161377
v -270.753784 1085.870239 2307.151367
v -258.720795 1019.890320 2316.161377
v -275.940796 935.451294 2281.381592
v -259.549774 1086.080200 2291.091553
v -246.997772 1020.510315 2300.561523
v -264.840790 939.600281 2262.321533
v -249.798767 1085.250244 2270.691406
v -237.869766 1020.720276 2278.601563
v -846.806763 1018.440308 3830.021484
v -827.408752 1018.860291 3826.361572
v -868.591736 929.225281 3777.471436
v -815.685730 943.334290 3774.361572
v -816.722778 966.364319 3787.041504
v -853.342773 980.680298 3805.541504
v -849.400757 996.863281 3823.341553
v -855.313782 881.506287 3749.951416
v -828.964783 890.636292 3747.791504
v -832.906738 883.374329 3744.011475
v -782.801758 998.315308 3793.591553
v -816.204773 984.828308 3802.581543
v -682.279785 1056.200195 3759.281494
v -716.823730 1030.470215 3774.211426
v -664.540771 1097.280273 3683.561523
v -662.569763 1086.700195 3726.761475
v -777.614746 915.947327 3725.491455
v -795.560730 891.051331 3723.671387
v -817.968750 869.266296 3726.741455
v -844.524780 857.025330 3730.671387
v -868.177734 854.120300 3734.911377
v -888.197754 857.648315 3740.131592
v -903.655762 865.531311 3743.771484
v -917.866760 878.809326 3748.181396
v -926.269775 893.540283 3755.141602
v -933.634766 913.666321 3763.511475
v -933.530762 934.827332 3770.561523
v -931.249756 958.065308 3786.211426
v -965.897766 977.360291 3789.241455
v -938.717773 968.024292 3798.041504
v -947.328735 979.850281 3811.691406
v -964.030762 986.282288 3805.701416
v -927.514771 1016.570313 3808.621582
v -943.593750 1024.250244 3803.861572
v -863.716736 1050.810303 3810.311523
v -890.791748 1036.490234 3816.761475
v -831.661743 1061.590210 3809.341553
v -776.576782 1055.370239 3825.401367
v -797.947754 1057.860229 3823.221436
v -750.850769 1030.270264 3801.101563
v -759.771729 1044.580200 3816.011475
v -750.642761 1015.540283 3782.771484
v -748.567749 992.298279 3761.721436
v -754.791748 968.438293 3744.501465
v -762.053772 941.052307 3733.591553
v -905.211731 1006.200317 3818.551514
v -918.593750 978.190308 3809.181396
v -924.609741 968.853333 3798.401367
v -1041.315796 928.811279 3772.951416
v -1061.125732 929.019287 3770.901367
v -1063.095703 973.833313 3791.411377
v -1033.325806 971.966309 3797.391602
v -1023.055786 1005.780334 3788.831543
v -1042.975708 1009.310303 3779.841553
v -992.972778 1051.010254 3784.141602
v -1109.465698 935.036316 3722.851563
v -1116.625732 996.862305 3717.431396
v -1088.515747 1028.400269 3711.011475
v -1009.255737 954.953308 3784.281494
v -1038.305786 947.691284 3790.351563
v -1066.315796 949.143311 3785.811523
v -1086.435791 952.256287 3776.761475
v -1105.835815 958.273315 3756.561523
v -1120.775757 965.120300 3722.101563
v -1121.605713 971.343323 3680.701416
v -1109.675781 973.211304 3639.551514
v -3585.885986 1182.550293 56.599693
v -3446.355957 1141.680298 48.587193
v -3299.365967 1114.710205 46.181892
v -3092.515869 1081.310303 36.934292
v -2884.825928 1053.920288 26.108990
v -2256.695801 977.153320 0.000000
v -2027.545776 953.086304 4.119101
v -1786.665771 923.209290 17.064190
v -1347.335815 857.440308 65.977089
v -1152.835815 820.510315 112.055489
v -1007.595764 783.787292 164.399490
v -808.839783 727.976318 324.405487
v -759.045776 714.905334 419.591492
v -729.168762 707.643311 495.288483
v -719.209778 704.946289 577.364502
v -725.641785 695.817322 697.139465
v -738.608765 690.424316 757.061462
v -759.875732 693.742310 856.941467
v -895.251770 700.382324 1249.071533
v -984.362732 694.781311 1514.401489
v -1026.065796 681.916321 1664.851440
v -1068.385742 676.107300 1793.291504
v -1093.595703 668.846313 1930.341431

vt 0.470602 0.778873
vt 0.460181 0.778806
vt 0.460560 0.771626
vt 0.470991 0.771199
vt 0.454406 0.720005
vt 0.458384 0.702714
vt 0.466473 0.701186
vt 0.462440 0.718713
vt 0.507601 0.694794
vt 0.503674 0.712507
vt 0.481708 0.715221
vt 0.485780 0.697557
vt 0.552730 0.693290
vt 0.548756 0.711228
vt 0.525814 0.711249
vt 0.529563 0.693436
vt 0.462744 0.683284
vt 0.467871 0.663737
vt 0.475506 0.662952
vt 0.470773 0.682152
vt 0.489863 0.679227
vt 0.493847 0.660775
vt 0.515585 0.658725
vt 0.511658 0.676763
vt 0.560491 0.657087
vt 0.556726 0.675170
vt 0.533511 0.675397
vt 0.537369 0.657484
vt 0.578636 0.657269
vt 0.574910 0.675563
vt 0.571059 0.693862
vt 0.567227 0.711920
vt 0.471847 0.644217
vt 0.479467 0.643397
vt 0.497790 0.641335
vt 0.518161 0.639467
vt 0.540052 0.638474
vt 0.564009 0.638784
vt 0.581695 0.639307
vt 0.490386 0.582784
vt 0.483410 0.583604
vt 0.485587 0.562185
vt 0.492572 0.561308
vt 0.526225 0.580305
vt 0.507524 0.581271
vt 0.509707 0.559725
vt 0.528179 0.558778
vt 0.571620 0.581232
vt 0.547134 0.580107
vt 0.549188 0.558919
vt 0.572637 0.560203
vt 0.588679 0.561599
vt 0.588217 0.582590
vt 0.495771 0.494239
vt 0.489067 0.495720
vt 0.490598 0.468502
vt 0.497003 0.467545
vt 0.529344 0.490504
vt 0.512081 0.491612
vt 0.512593 0.466040
vt 0.529081 0.465788
vt 0.569232 0.494235
vt 0.548406 0.491297
vt 0.546773 0.466625
vt 0.566301 0.468788
vt 0.580469 0.470872
vt 0.584159 0.497172
vt 0.498728 0.440943
vt 0.492744 0.441402
vt 0.495352 0.415230
vt 0.500892 0.414822
vt 0.528808 0.441133
vt 0.513312 0.440522
vt 0.514313 0.414808
vt 0.528698 0.416711
vt 0.563030 0.443342
vt 0.545128 0.441947
vt 0.543699 0.417717
vt 0.559926 0.418415
vt 0.571413 0.418694
vt 0.575902 0.444490
vt 0.554269 0.373938
vt 0.551662 0.354543
vt 0.560201 0.355020
vt 0.563660 0.373886
vt 0.541334 0.373552
vt 0.540329 0.353639
vt 0.528805 0.353080
vt 0.528657 0.372694
vt 0.516413 0.370166
vt 0.517772 0.351196
vt 0.500890 0.369810
vt 0.503436 0.350627
vt 0.507653 0.350741
vt 0.505442 0.369720
vt 0.507753 0.331902
vt 0.512509 0.313290
vt 0.515331 0.313560
vt 0.511354 0.332114
vt 0.529348 0.335136
vt 0.519988 0.332888
vt 0.522220 0.314627
vt 0.529937 0.317261
vt 0.545769 0.317854
vt 0.548688 0.336208
vt 0.539119 0.335509
vt 0.537945 0.317395
vt 0.551368 0.318028
vt 0.555966 0.336474
vt 0.517663 0.300037
vt 0.523142 0.287226
vt 0.524517 0.287996
vt 0.519832 0.300532
vt 0.525165 0.301815
vt 0.527865 0.289604
vt 0.531466 0.291023
vt 0.531005 0.303807
vt 0.539811 0.292419
vt 0.543286 0.304854
vt 0.537003 0.304368
vt 0.535215 0.291997
vt 0.542508 0.292294
vt 0.547831 0.304862
vt 0.527111 0.278244
vt 0.525907 0.288715
vt 0.528740 0.278594
vt 0.530079 0.278964
vt 0.531502 0.279102
vt 0.533084 0.279118
vt 0.386445 0.792098
vt 0.392312 0.783465
vt 0.405773 0.789852
vt 0.401080 0.798121
vt 0.329084 0.752096
vt 0.345875 0.761922
vt 0.340174 0.770810
vt 0.324321 0.761667
vt 0.311734 0.755221
vt 0.317322 0.746232
vt 0.323552 0.749536
vt 0.318345 0.758820
vt 0.275936 0.732838
vt 0.283860 0.726103
vt 0.292917 0.731192
vt 0.285359 0.738507
vt 0.254976 0.719394
vt 0.263465 0.714223
vt 0.274404 0.720288
vt 0.265691 0.725775
vt 0.236773 0.700291
vt 0.252325 0.708319
vt 0.244126 0.713176
vt 0.229141 0.705108
vt 0.214282 0.696742
vt 0.197808 0.686769
vt 0.203921 0.681571
vt 0.221304 0.691931
vt 0.169269 0.661555
vt 0.186571 0.671228
vt 0.181417 0.676786
vt 0.164777 0.667229
vt 0.147956 0.658073
vt 0.131167 0.649314
vt 0.134379 0.643979
vt 0.151698 0.652449
vt 0.099904 0.628489
vt 0.116998 0.635982
vt 0.114219 0.641017
vt 0.097523 0.633411
vt 0.073009 0.611644
vt 0.083316 0.620793
vt 0.080466 0.626480
vt 0.069190 0.616462
vt 0.057451 0.593990
vt 0.064601 0.601194
vt 0.060748 0.604368
vt 0.055605 0.595582
vt 0.055509 0.590915
vt 0.052335 0.592843
vt 0.051836 0.596982
vt 0.054928 0.608234
vt 0.075481 0.636689
vt 0.063249 0.622991
vt 0.109026 0.650023
vt 0.093239 0.641752
vt 0.140658 0.668427
vt 0.124958 0.659100
vt 0.171904 0.687542
vt 0.156329 0.677872
vt 0.202108 0.706800
vt 0.186954 0.697172
vt 0.229960 0.723809
vt 0.215991 0.715378
vt 0.250997 0.737808
vt 0.240519 0.730702
vt 0.271261 0.752538
vt 0.261892 0.746199
vt 0.306896 0.774728
vt 0.299985 0.770983
vt 0.328206 0.786994
vt 0.313922 0.778269
vt 0.392883 0.813534
vt 0.376650 0.807777
vt 0.408605 0.801914
vt 0.400358 0.817005
vt 0.357811 0.778412
vt 0.363418 0.769723
vt 0.378589 0.777286
vt 0.372569 0.785991
vt 0.347865 0.795814
vt 0.361586 0.802269
vt 0.073381 0.643376
vt 0.060819 0.639376
vt 0.061611 0.635617
vt 0.046979 0.635928
vt 0.046845 0.638805
vt 0.033657 0.636434
vt 0.034036 0.639480
vt 0.025811 0.639135
vt 0.023432 0.645586
vt 0.032786 0.649913
vt 0.030710 0.653542
vt 0.023574 0.647690
vt 0.040523 0.661376
vt 0.043272 0.656096
vt 0.054274 0.662533
vt 0.050322 0.669223
vt 0.065696 0.671104
vt 0.059861 0.678026
vt 0.104153 0.659167
vt 0.089460 0.650135
vt 0.081660 0.703296
vt 0.070882 0.690332
vt 0.077641 0.682302
vt 0.088624 0.694626
vt 0.106882 0.730132
vt 0.094030 0.716944
vt 0.101249 0.707543
vt 0.114199 0.720089
vt 0.133668 0.678895
vt 0.119036 0.668955
vt 0.163100 0.698786
vt 0.148396 0.688806
vt 0.134865 0.755618
vt 0.120704 0.743126
vt 0.127650 0.732198
vt 0.141567 0.743734
vt 0.191265 0.718164
vt 0.177141 0.708467
vt 0.155207 0.773967
vt 0.145040 0.764819
vt 0.152634 0.752897
vt 0.163240 0.761872
vt 0.238026 0.751646
vt 0.227697 0.743749
vt 0.217293 0.736090
vt 0.204259 0.727134
vt 0.181810 0.799153
vt 0.168542 0.786716
vt 0.176055 0.773759
vt 0.188804 0.785536
vt 0.198960 0.794312
vt 0.208926 0.803231
vt 0.202245 0.817537
vt 0.192145 0.808325
vt 0.258129 0.767474
vt 0.248877 0.760570
vt 0.217533 0.812491
vt 0.226067 0.821485
vt 0.217949 0.835078
vt 0.210234 0.826473
vt 0.294792 0.790586
vt 0.287865 0.786847
vt 0.242369 0.848805
vt 0.251628 0.835415
vt 0.258585 0.838754
vt 0.248559 0.851727
vt 0.298740 0.734371
vt 0.291904 0.742240
vt 0.279039 0.757485
vt 0.266841 0.773409
vt 0.223670 0.840021
vt 0.231834 0.826375
vt 0.458638 0.735737
vt 0.455932 0.749207
vt 0.448152 0.750350
vt 0.450734 0.737351
vt 0.499967 0.729038
vt 0.496918 0.744293
vt 0.474803 0.746263
vt 0.477834 0.731769
vt 0.545086 0.728797
vt 0.541730 0.745322
vt 0.519190 0.744048
vt 0.522366 0.728179
vt 0.563330 0.730032
vt 0.559604 0.747153
vt 0.494224 0.539737
vt 0.487368 0.540625
vt 0.488113 0.518211
vt 0.494987 0.516993
vt 0.529236 0.537250
vt 0.511052 0.538157
vt 0.511744 0.514860
vt 0.529557 0.513865
vt 0.572371 0.539202
vt 0.550161 0.537779
vt 0.549725 0.514508
vt 0.571231 0.516664
vt 0.586704 0.518887
vt 0.588208 0.540625
vt 0.614718 0.845777
vt 0.608517 0.848730
vt 0.602311 0.834611
vt 0.608986 0.831293
vt 0.626718 0.824193
vt 0.631639 0.839428
vt 0.254161 0.858763
vt 0.264495 0.843034
vt 0.283693 0.851761
vt 0.277261 0.869176
vt 0.316530 0.803448
vt 0.302408 0.794556
vt 0.350971 0.818305
vt 0.337482 0.812535
vt 0.294107 0.875410
vt 0.301464 0.858505
vt 0.320674 0.865849
vt 0.313979 0.882820
vt 0.384880 0.828650
vt 0.367293 0.823308
vt 0.339997 0.871242
vt 0.360650 0.874089
vt 0.355316 0.890339
vt 0.334105 0.888260
vt 0.392439 0.831576
vt 0.368802 0.875248
vt 0.363740 0.890951
vt 0.023674 0.643554
vt 0.034026 0.645849
vt 0.045668 0.649391
vt 0.057868 0.653772
vt 0.069748 0.661189
vt 0.082517 0.670533
vt 0.094638 0.681180
vt 0.107570 0.692517
vt 0.120501 0.703794
vt 0.133732 0.714980
vt 0.147100 0.725931
vt 0.159891 0.736060
vt 0.172754 0.746246
vt 0.184623 0.756161
vt 0.196544 0.766143
vt 0.207264 0.775123
vt 0.217710 0.784448
vt 0.226911 0.793848
vt 0.236076 0.802702
vt 0.243288 0.808229
vt 0.264388 0.820155
vt 0.271470 0.823565
vt 0.278373 0.826898
vt 0.294514 0.835621
vt 0.312595 0.843127
vt 0.330218 0.849729
vt 0.348376 0.854834
vt 0.368094 0.858476
vt 0.375970 0.860237
vt 0.646092 0.820922
vt 0.650217 0.838192
vt 0.670606 0.839492
vt 0.666138 0.820609
vt 0.715489 0.852061
vt 0.689016 0.841329
vt 0.684309 0.821159
vt 0.702984 0.823967
vt 0.743376 0.803485
vt 0.754179 0.828540
vt 0.740280 0.836872
vt 0.729447 0.812082
vt 0.720496 0.847372
vt 0.715157 0.819636
vt 0.785148 0.773209
vt 0.794953 0.797211
vt 0.782836 0.807943
vt 0.772094 0.784197
vt 0.814665 0.746375
vt 0.823828 0.767881
vt 0.808373 0.784462
vt 0.799229 0.760978
vt 0.853511 0.735259
vt 0.838468 0.750811
vt 0.829824 0.730795
vt 0.844507 0.715184
vt 0.904352 0.660218
vt 0.916913 0.649899
vt 0.920082 0.663724
vt 0.907085 0.677428
vt 0.944149 0.638239
vt 0.932147 0.651062
vt 0.930508 0.639176
vt 0.943977 0.628303
vt 0.966302 0.612761
vt 0.955501 0.625693
vt 0.954912 0.618739
vt 0.964888 0.608518
vt 0.893547 0.692274
vt 0.880279 0.706956
vt 0.873315 0.686912
vt 0.888552 0.673258
vt 0.600432 0.817331
vt 0.593808 0.820902
vt 0.583224 0.808432
vt 0.590142 0.804255
vt 0.609576 0.794396
vt 0.618872 0.809158
vt 0.638525 0.803720
vt 0.629472 0.786400
vt 0.658138 0.800340
vt 0.648941 0.779511
vt 0.676311 0.797514
vt 0.667567 0.773080
vt 0.692525 0.796252
vt 0.684514 0.767254
vt 0.719125 0.784361
vt 0.706302 0.790982
vt 0.696680 0.762381
vt 0.709808 0.756354
vt 0.722606 0.749666
vt 0.732746 0.776676
vt 0.761841 0.724629
vt 0.774080 0.748654
vt 0.760734 0.758839
vt 0.749312 0.733446
vt 0.790804 0.702257
vt 0.803519 0.723890
vt 0.788183 0.737234
vt 0.775286 0.714446
vt 0.834710 0.696009
vt 0.819249 0.709696
vt 0.807389 0.689259
vt 0.824103 0.677209
vt 0.882084 0.657499
vt 0.865834 0.670029
vt 0.856800 0.653895
vt 0.873338 0.642890
vt 0.905458 0.624234
vt 0.912217 0.636542
vt 0.898751 0.645763
vt 0.890209 0.632776
vt 0.940343 0.619157
vt 0.926241 0.627657
vt 0.919881 0.617056
vt 0.934667 0.610701
vt 0.963853 0.604123
vt 0.952495 0.611892
vt 0.949040 0.605294
vt 0.962932 0.599622
vt 0.483836 0.623606
vt 0.476593 0.624447
vt 0.480088 0.604134
vt 0.487282 0.603279
vt 0.520544 0.620363
vt 0.501458 0.621763
vt 0.504859 0.601560
vt 0.523817 0.600364
vt 0.566998 0.620306
vt 0.542005 0.619626
vt 0.544952 0.599899
vt 0.569940 0.600786
vt 0.587295 0.601954
vt 0.584203 0.621197
vt 0.580249 0.792660
vt 0.601921 0.781788
vt 0.622216 0.770667
vt 0.642348 0.760232
vt 0.661456 0.750744
vt 0.680387 0.741216
vt 0.689813 0.736971
vt 0.701760 0.731075
vt 0.713500 0.724873
vt 0.738874 0.710648
vt 0.749847 0.704000
vt 0.762665 0.696074
vt 0.779263 0.685724
vt 0.797133 0.673743
vt 0.815133 0.662149
vt 0.848198 0.641315
vt 0.864343 0.631896
vt 0.881183 0.623480
vt 0.898565 0.616066
vt 0.914214 0.609988
vt 0.930162 0.604743
vt 0.946233 0.600226
vt 0.962047 0.595626
vt 0.509882 0.806654
vt 0.530340 0.809446
vt 0.528176 0.815612
vt 0.509342 0.812734
vt 0.473908 0.804886
vt 0.492235 0.805239
vt 0.492552 0.811266
vt 0.475272 0.811086
vt 0.463932 0.804888
vt 0.466093 0.811472
vt 0.420779 0.830558
vt 0.429307 0.818446
vt 0.434327 0.824255
vt 0.425932 0.835032
vt 0.583570 0.845504
vt 0.590547 0.858057
vt 0.585613 0.860606
vt 0.578700 0.848801
vt 0.418823 0.846692
vt 0.413376 0.842996
vt 0.392549 0.879823
vt 0.398519 0.867113
vt 0.404531 0.869305
vt 0.398958 0.881298
vt 0.388714 0.893251
vt 0.395564 0.894014
vt 0.564341 0.824204
vt 0.574768 0.834065
vt 0.569991 0.838199
vt 0.559890 0.829271
vt 0.474094 0.834564
vt 0.481239 0.834166
vt 0.484581 0.846894
vt 0.478280 0.847268
vt 0.465246 0.851271
vt 0.459338 0.839106
vt 0.464290 0.836804
vt 0.469572 0.849287
vt 0.442740 0.852982
vt 0.449763 0.845574
vt 0.456888 0.856806
vt 0.450428 0.862742
vt 0.444416 0.869198
vt 0.436306 0.861055
vt 0.420164 0.887109
vt 0.424209 0.878173
vt 0.433634 0.883042
vt 0.430362 0.890008
vt 0.418415 0.896751
vt 0.429182 0.897635
vt 0.562756 0.860249
vt 0.568585 0.868612
vt 0.560143 0.872065
vt 0.555144 0.865826
vt 0.555287 0.853046
vt 0.548705 0.860785
vt 0.547107 0.847651
vt 0.541867 0.857334
vt 0.529727 0.853481
vt 0.533703 0.841659
vt 0.538900 0.843980
vt 0.534097 0.854899
vt 0.519655 0.850717
vt 0.521720 0.838457
vt 0.528123 0.840248
vt 0.524193 0.852022
vt 0.508033 0.835859
vt 0.507918 0.848373
vt 0.494797 0.834421
vt 0.496249 0.847113
vt 0.508746 0.859433
vt 0.518850 0.861155
vt 0.518497 0.874637
vt 0.510167 0.873230
vt 0.487676 0.859147
vt 0.497418 0.858648
vt 0.500436 0.873023
vt 0.491446 0.873724
vt 0.482041 0.859686
vt 0.486468 0.874424
vt 0.522506 0.861919
vt 0.521918 0.875252
vt 0.475961 0.877485
vt 0.470190 0.863018
vt 0.474133 0.861490
vt 0.479334 0.876198
vt 0.456192 0.871730
vt 0.462430 0.867222
vt 0.469377 0.880808
vt 0.464108 0.884295
vt 0.549670 0.870032
vt 0.554023 0.874321
vt 0.546929 0.878903
vt 0.542811 0.877577
vt 0.459133 0.888052
vt 0.450385 0.876736
vt 0.438186 0.892333
vt 0.441045 0.887173
vt 0.450881 0.895048
vt 0.447821 0.898400
vt 0.436593 0.898191
vt 0.444996 0.902178
vt 0.538409 0.865131
vt 0.544164 0.866951
vt 0.538597 0.877114
vt 0.534471 0.877012
vt 0.526682 0.876223
vt 0.527940 0.863040
vt 0.531614 0.863712
vt 0.529506 0.876456
vt 0.515740 0.907591
vt 0.523270 0.907312
vt 0.524874 0.918014
vt 0.517686 0.918710
vt 0.501379 0.909240
vt 0.508235 0.908187
vt 0.510898 0.919628
vt 0.504657 0.920687
vt 0.497359 0.910239
vt 0.500963 0.921520
vt 0.530583 0.907013
vt 0.532216 0.917704
vt 0.492316 0.924146
vt 0.488169 0.913034
vt 0.491413 0.911974
vt 0.495520 0.923075
vt 0.475818 0.917866
vt 0.481364 0.915585
vt 0.482488 0.927932
vt 0.479434 0.929161
vt 0.545201 0.904404
vt 0.548972 0.903263
vt 0.551612 0.915383
vt 0.547583 0.916056
vt 0.476824 0.930295
vt 0.470320 0.920347
vt 0.454800 0.926714
vt 0.460287 0.924631
vt 0.462787 0.936463
vt 0.456886 0.938990
vt 0.449338 0.928402
vt 0.450973 0.940987
vt 0.536748 0.906496
vt 0.540969 0.905595
vt 0.542821 0.916999
vt 0.538304 0.917540
vt 0.521456 0.897417
vt 0.519583 0.886335
vt 0.526999 0.887182
vt 0.528591 0.897778
vt 0.534428 0.887407
vt 0.535686 0.897667
vt 0.538264 0.886837
vt 0.539672 0.896921
vt 0.542164 0.886012
vt 0.543649 0.895756
vt 0.546016 0.885233
vt 0.547340 0.894446
vt 0.447707 0.909104
vt 0.451907 0.906855
vt 0.453694 0.917163
vt 0.448867 0.918871
vt 0.455870 0.904394
vt 0.458472 0.915143
vt 0.467648 0.910816
vt 0.464240 0.899183
vt 0.469139 0.896187
vt 0.472883 0.908288
vt 0.474194 0.893396
vt 0.478098 0.905914
vt 0.484784 0.903280
vt 0.480708 0.890498
vt 0.483992 0.889304
vt 0.488073 0.902110
vt 0.490653 0.887478
vt 0.495236 0.886613
vt 0.498628 0.899135
vt 0.494373 0.900178
vt 0.503205 0.885630
vt 0.506026 0.897795
vt 0.511983 0.885581
vt 0.514010 0.897188
vt 0.525635 0.925495
vt 0.518777 0.926836
vt 0.512804 0.928683
vt 0.507267 0.930141
vt 0.503991 0.930967
vt 0.532507 0.925295
vt 0.495869 0.933676
vt 0.498960 0.932475
vt 0.486164 0.936714
vt 0.482963 0.937682
vt 0.554038 0.927697
vt 0.549540 0.927175
vt 0.480101 0.938963
vt 0.466242 0.947283
vt 0.460635 0.950423
vt 0.454642 0.952685
vt 0.542589 0.926001
vt 0.538052 0.925479
vt 0.546999 0.926863
vt 0.507053 0.954357
vt 0.504996 0.955234
vt 0.503936 0.952787
vt 0.506045 0.951717
vt 0.496479 0.961158
vt 0.496451 0.957659
vt 0.497669 0.956294
vt 0.499351 0.959324
vt 0.493260 0.959650
vt 0.494270 0.961743
vt 0.492370 0.962127
vt 0.491164 0.960897
vt 0.477711 0.970523
vt 0.481020 0.967545
vt 0.483818 0.969770
vt 0.480911 0.972388
vt 0.474493 0.974091
vt 0.479015 0.975800
vt 0.542142 0.956980
vt 0.546147 0.953914
vt 0.547578 0.956046
vt 0.543350 0.959277
vt 0.539695 0.953840
vt 0.542156 0.950755
vt 0.544202 0.952150
vt 0.541060 0.955298
vt 0.532799 0.947051
vt 0.536138 0.947891
vt 0.534435 0.950666
vt 0.531426 0.949740
vt 0.528220 0.949347
vt 0.529195 0.946662
vt 0.524886 0.949334
vt 0.525327 0.946888
vt 0.521253 0.947588
vt 0.521274 0.949944
vt 0.513415 0.949711
vt 0.517079 0.948816
vt 0.517480 0.951124
vt 0.514105 0.952252
vt 0.510629 0.950303
vt 0.511368 0.953010
vt 0.721224 0.549167
vt 0.704260 0.542728
vt 0.705812 0.523070
vt 0.725130 0.529997
vt 0.751765 0.552943
vt 0.738074 0.550574
vt 0.742811 0.532856
vt 0.757365 0.536105
vt 0.793488 0.482543
vt 0.784634 0.478033
vt 0.787003 0.461171
vt 0.796434 0.465249
vt 0.754653 0.446967
vt 0.771907 0.454084
vt 0.770056 0.471606
vt 0.753198 0.465310
vt 0.713634 0.433480
vt 0.735280 0.440014
vt 0.733734 0.458716
vt 0.711275 0.452125
vt 0.798436 0.444458
vt 0.788863 0.440762
vt 0.789803 0.419967
vt 0.799468 0.423596
vt 0.773356 0.433890
vt 0.755872 0.426975
vt 0.756794 0.407030
vt 0.774119 0.413547
vt 0.715968 0.394735
vt 0.737747 0.400718
vt 0.736624 0.420294
vt 0.714769 0.414045
vt 0.696984 0.390499
vt 0.695793 0.409662
vt 0.694828 0.428760
vt 0.693191 0.447300
vt 0.790520 0.399180
vt 0.800049 0.402791
vt 0.757878 0.386914
vt 0.774948 0.393106
vt 0.717354 0.375377
vt 0.739081 0.380891
vt 0.698474 0.371551
vt 0.794499 0.335452
vt 0.798695 0.313488
vt 0.807892 0.316954
vt 0.804052 0.338832
vt 0.764572 0.324796
vt 0.768989 0.302935
vt 0.784668 0.308368
vt 0.780188 0.330426
vt 0.725984 0.315589
vt 0.730601 0.294023
vt 0.751260 0.298023
vt 0.746655 0.319721
vt 0.707687 0.312445
vt 0.712648 0.290989
vt 0.816091 0.247158
vt 0.822948 0.221787
vt 0.831142 0.225086
vt 0.824377 0.251423
vt 0.787408 0.236123
vt 0.794562 0.212920
vt 0.809665 0.217145
vt 0.802803 0.241369
vt 0.751030 0.229167
vt 0.760448 0.205240
vt 0.778568 0.208494
vt 0.770640 0.231619
vt 0.734488 0.227760
vt 0.745273 0.202893
vt 0.829428 0.196279
vt 0.835394 0.171091
vt 0.842851 0.172994
vt 0.837442 0.198615
vt 0.801817 0.189756
vt 0.808821 0.167181
vt 0.822855 0.169001
vt 0.816418 0.192879
vt 0.770321 0.181483
vt 0.780042 0.159011
vt 0.794731 0.163925
vt 0.786795 0.185513
vt 0.756714 0.178281
vt 0.767886 0.154329
vt 0.797081 0.117882
vt 0.787214 0.113055
vt 0.795447 0.095808
vt 0.804782 0.099428
vt 0.809523 0.122755
vt 0.816513 0.103222
vt 0.827571 0.105107
vt 0.838572 0.105614
vt 0.834022 0.125391
vt 0.821758 0.124885
vt 0.851520 0.128129
vt 0.844928 0.126647
vt 0.848310 0.107368
vt 0.854352 0.108859
vt 0.856055 0.089723
vt 0.850326 0.088682
vt 0.852269 0.069987
vt 0.856707 0.070520
vt 0.832395 0.087270
vt 0.837222 0.069435
vt 0.845214 0.068851
vt 0.841885 0.087231
vt 0.820834 0.066786
vt 0.828979 0.069709
vt 0.822747 0.086476
vt 0.812819 0.083138
vt 0.814406 0.063217
vt 0.804707 0.079387
vt 0.855961 0.056356
vt 0.852413 0.056177
vt 0.851602 0.042411
vt 0.853920 0.042306
vt 0.846760 0.055502
vt 0.840544 0.056024
vt 0.843973 0.042788
vt 0.848031 0.042266
vt 0.835907 0.043504
vt 0.839701 0.043834
vt 0.834148 0.056650
vt 0.828105 0.054944
vt 0.832714 0.042482
vt 0.823161 0.052554
vt 0.851147 0.031448
vt 0.846919 0.029119
vt 0.341313 0.303229
vt 0.342086 0.317384
vt 0.325188 0.323114
vt 0.325272 0.309433
vt 0.324564 0.277449
vt 0.337762 0.270862
vt 0.339755 0.288155
vt 0.325217 0.295709
vt 0.335299 0.253226
vt 0.323685 0.258750
vt 0.320316 0.239069
vt 0.333020 0.233770
vt 0.315676 0.197865
vt 0.328007 0.194796
vt 0.330768 0.214020
vt 0.318192 0.218092
vt 0.325109 0.175811
vt 0.313290 0.177781
vt 0.311159 0.160013
vt 0.322257 0.158376
vt 0.307379 0.123803
vt 0.318217 0.123562
vt 0.320160 0.141006
vt 0.309180 0.142328
vt 0.305425 0.091494
vt 0.313914 0.090901
vt 0.316427 0.105775
vt 0.306088 0.105294
vt 0.304291 0.067276
vt 0.307523 0.067505
vt 0.310862 0.077372
vt 0.304751 0.078302
vt 0.306025 0.062281
vt 0.311021 0.066372
vt 0.317030 0.075931
vt 0.327705 0.105967
vt 0.322491 0.090226
vt 0.331820 0.139460
vt 0.329569 0.123098
vt 0.333940 0.156607
vt 0.337400 0.173730
vt 0.343794 0.210055
vt 0.340704 0.191771
vt 0.349042 0.246942
vt 0.346333 0.228652
vt 0.354616 0.280866
vt 0.351969 0.264012
vt 0.334821 0.093799
vt 0.334597 0.105839
vt 0.330780 0.094075
vt 0.331863 0.081471
vt 0.335345 0.081388
vt 0.334208 0.069008
vt 0.336442 0.068895
vt 0.335077 0.060072
vt 0.341687 0.059062
vt 0.343952 0.059915
vt 0.349339 0.066869
vt 0.345795 0.067987
vt 0.357555 0.077216
vt 0.351554 0.079249
vt 0.365414 0.088118
vt 0.357360 0.090533
vt 0.372390 0.097890
vt 0.362661 0.100616
vt 0.336961 0.122336
vt 0.340061 0.138225
vt 0.385349 0.128952
vt 0.373268 0.130408
vt 0.368312 0.114888
vt 0.379655 0.112973
vt 0.398171 0.161152
vt 0.385037 0.161778
vt 0.378989 0.146055
vt 0.391608 0.145100
vt 0.343519 0.154804
vt 0.347779 0.171417
vt 0.352089 0.188829
vt 0.356057 0.206432
vt 0.412912 0.198778
vt 0.398613 0.197416
vt 0.392010 0.179450
vt 0.405650 0.179925
vt 0.359400 0.224134
vt 0.362680 0.241798
vt 0.423425 0.233192
vt 0.408712 0.234085
vt 0.403941 0.215441
vt 0.418618 0.215858
vt 0.365850 0.258502
vt 0.368754 0.275016
vt 0.432425 0.268306
vt 0.416533 0.267203
vt 0.412772 0.250627
vt 0.428294 0.250711
vt 0.420008 0.283852
vt 0.436083 0.284724
vt 0.439782 0.300950
vt 0.423208 0.300292
vt 0.781101 0.494966
vt 0.789975 0.499807
vt 0.787289 0.513126
vt 0.778033 0.508618
vt 0.751081 0.483248
vt 0.767322 0.488915
vt 0.764441 0.503473
vt 0.748535 0.498625
vt 0.710024 0.471493
vt 0.731915 0.476874
vt 0.729963 0.493236
vt 0.708280 0.488454
vt 0.691964 0.466518
vt 0.690729 0.483896
vt 0.804070 0.291723
vt 0.810013 0.269449
vt 0.818559 0.273339
vt 0.813058 0.295295
vt 0.774375 0.281260
vt 0.780649 0.258623
vt 0.796380 0.263901
vt 0.790197 0.286483
vt 0.736207 0.272765
vt 0.743135 0.250861
vt 0.763435 0.254010
vt 0.756860 0.276556
vt 0.718625 0.269883
vt 0.726128 0.248688
vt 0.167449 0.514532
vt 0.154560 0.522204
vt 0.137559 0.499316
vt 0.155944 0.492759
vt 0.130813 0.477550
vt 0.147368 0.471385
vt 0.341991 0.068677
vt 0.339318 0.058886
vt 0.344999 0.080764
vt 0.347987 0.092785
vt 0.351191 0.104751
vt 0.359956 0.134167
vt 0.355432 0.119249
vt 0.370816 0.165688
vt 0.365153 0.149849
vt 0.382388 0.200137
vt 0.376737 0.182733
vt 0.391472 0.235657
vt 0.387132 0.217915
vt 0.398660 0.268638
vt 0.395292 0.252223
vt 0.117022 0.455254
vt 0.138318 0.449989
vt 0.108055 0.431930
vt 0.130381 0.428556
vt 0.086402 0.343650
vt 0.113911 0.340881
vt 0.113191 0.357863
vt 0.085795 0.361009
vt 0.097437 0.408826
vt 0.122917 0.407845
vt 0.095238 0.292388
vt 0.123147 0.293492
vt 0.119894 0.307498
vt 0.091224 0.308335
vt 0.110450 0.252370
vt 0.134979 0.255239
vt 0.127795 0.276916
vt 0.101565 0.274533
vt 0.128948 0.209544
vt 0.151249 0.213242
vt 0.142926 0.233959
vt 0.119677 0.230823
vt 0.180841 0.137674
vt 0.165246 0.136491
vt 0.173790 0.120163
vt 0.186369 0.122101
vt 0.189824 0.090114
vt 0.197652 0.091102
vt 0.191839 0.106502
vt 0.181607 0.105026
vt 0.207664 0.061053
vt 0.212067 0.061151
vt 0.204267 0.075820
vt 0.198165 0.075196
vt 0.155904 0.153312
vt 0.174071 0.156323
vt 0.166953 0.175090
vt 0.147022 0.171208
vt 0.194709 0.506175
vt 0.181251 0.508353
vt 0.172831 0.486371
vt 0.187267 0.479942
vt 0.165890 0.465402
vt 0.182401 0.460569
vt 0.159341 0.444620
vt 0.178210 0.440010
vt 0.153545 0.424053
vt 0.174663 0.419601
vt 0.148103 0.404378
vt 0.171307 0.399884
vt 0.144050 0.386786
vt 0.169654 0.381548
vt 0.141273 0.355626
vt 0.167934 0.353440
vt 0.168292 0.368172
vt 0.141977 0.371618
vt 0.142023 0.339621
vt 0.168683 0.338701
vt 0.149526 0.294661
vt 0.174784 0.296141
vt 0.172433 0.309474
vt 0.146561 0.308576
vt 0.158981 0.257744
vt 0.181922 0.260562
vt 0.177748 0.280926
vt 0.153386 0.278799
vt 0.171839 0.216024
vt 0.191683 0.218786
vt 0.186759 0.239592
vt 0.165258 0.236724
vt 0.190252 0.157245
vt 0.205745 0.160282
vt 0.201387 0.179586
vt 0.184437 0.176692
vt 0.212507 0.125333
vt 0.209518 0.141090
vt 0.195576 0.138461
vt 0.199480 0.124045
vt 0.207578 0.092291
vt 0.217569 0.093030
vt 0.215311 0.109223
vt 0.203601 0.108177
vt 0.216636 0.060763
vt 0.221082 0.060324
vt 0.218971 0.076530
vt 0.211476 0.076181
vt 0.791122 0.378317
vt 0.792177 0.356801
vt 0.801841 0.360255
vt 0.800949 0.381775
vt 0.759259 0.366836
vt 0.761391 0.345702
vt 0.777400 0.351476
vt 0.775839 0.372716
vt 0.719328 0.356034
vt 0.722116 0.335757
vt 0.743149 0.340281
vt 0.740843 0.361075
vt 0.700526 0.352539
vt 0.703627 0.332443
vt 0.116242 0.389637
vt 0.114148 0.374781
vt 0.201423 0.478559
vt 0.196925 0.457754
vt 0.194838 0.436614
vt 0.193602 0.415410
vt 0.193029 0.395091
vt 0.193535 0.374868
vt 0.193442 0.352016
vt 0.193189 0.364979
vt 0.194168 0.339051
vt 0.198240 0.298040
vt 0.197003 0.310532
vt 0.203151 0.264068
vt 0.200439 0.283325
vt 0.209599 0.221579
vt 0.206619 0.242845
vt 0.220004 0.164723
vt 0.217002 0.183183
vt 0.225476 0.127368
vt 0.222995 0.146150
vt 0.226363 0.093795
vt 0.226242 0.110607
vt 0.225772 0.060059
vt 0.225996 0.076890
vt 0.714429 0.566716
vt 0.700920 0.566522
vt 0.738320 0.569662
vt 0.727234 0.567504
vt 0.179901 0.537108
vt 0.171137 0.543877
vt 0.198439 0.529538
vt 0.189426 0.532463
vt 0.754369 0.578093
vt 0.728410 0.600583
vt 0.724759 0.597497
vt 0.748098 0.573018
vt 0.194234 0.560827
vt 0.188921 0.564285
vt 0.199365 0.558090
vt 0.204096 0.555782
vt 0.694755 0.590364
vt 0.690427 0.590006
vt 0.694750 0.567632
vt 0.703513 0.591410
vt 0.718832 0.594905
vt 0.711675 0.592691
vt 0.688621 0.622811
vt 0.682347 0.621454
vt 0.699059 0.625987
vt 0.694362 0.624378
vt 0.706353 0.628491
vt 0.703161 0.627376
vt 0.679453 0.620627
vt 0.208956 0.585490
vt 0.206083 0.585938
vt 0.214695 0.584694
vt 0.211828 0.585255
vt 0.208489 0.553624
vt 0.217663 0.584453
vt 0.216232 0.584612
vt 0.206306 0.554646
vt 0.680769 0.638149
vt 0.672430 0.655113
vt 0.668388 0.651589
vt 0.675067 0.635921
vt 0.690189 0.641739
vt 0.682176 0.656438
vt 0.678524 0.654435
vt 0.685977 0.639997
vt 0.696988 0.644606
vt 0.686985 0.660143
vt 0.681374 0.661106
vt 0.693932 0.643351
vt 0.665863 0.649861
vt 0.672363 0.634617
vt 0.333405 0.605345
vt 0.328544 0.623071
vt 0.323230 0.622946
vt 0.329115 0.605099
vt 0.337609 0.605652
vt 0.333557 0.623291
vt 0.219048 0.600183
vt 0.228353 0.614690
vt 0.225287 0.615605
vt 0.216439 0.600615
vt 0.343466 0.606461
vt 0.340879 0.624053
vt 0.349377 0.607691
vt 0.348466 0.625628
vt 0.354798 0.609127
vt 0.355229 0.627273
vt 0.224432 0.599015
vt 0.234791 0.612446
vt 0.231604 0.613665
vt 0.221665 0.599766
vt 0.227026 0.597839
vt 0.238967 0.609490
vt 0.236941 0.610966
vt 0.225781 0.598498
vt 0.353825 0.591083
vt 0.349592 0.592293
vt 0.345043 0.587749
vt 0.340034 0.584790
vt 0.335882 0.584394
vt 0.331947 0.585482
vt 0.668736 0.662727
vt 0.665087 0.661559
vt 0.674562 0.666851
vt 0.672173 0.664533
vt 0.678720 0.670524
vt 0.676596 0.668561
vt 0.662686 0.659440
vt 0.326169 0.637040
vt 0.320606 0.637290
vt 0.333499 0.637215
vt 0.232990 0.626315
vt 0.230207 0.628711
vt 0.340175 0.638097
vt 0.346449 0.640946
vt 0.351524 0.641596
vt 0.240256 0.621686
vt 0.236404 0.623451
vt 0.246107 0.618361
vt 0.243608 0.619193
vt 0.667663 0.670374
vt 0.663575 0.675176
vt 0.664094 0.667994
vt 0.666402 0.668000
vt 0.669403 0.671634
vt 0.672400 0.673708
vt 0.672538 0.672010
vt 0.657950 0.667369
vt 0.659802 0.666001
vt 0.327266 0.647795
vt 0.334774 0.657328
vt 0.324907 0.650699
vt 0.324104 0.645618
vt 0.331252 0.648343
vt 0.237341 0.634425
vt 0.247689 0.638738
vt 0.237415 0.636599
vt 0.339980 0.650819
vt 0.344641 0.650321
vt 0.346480 0.652390
vt 0.246366 0.629610
vt 0.240402 0.633264
vt 0.250440 0.627690
vt 0.248024 0.626747
vt 0.456975 0.702951
vt 0.452989 0.720195
vt 0.449681 0.719530
vt 0.453155 0.702641
vt 0.465976 0.663899
vt 0.461327 0.683454
vt 0.457296 0.683082
vt 0.461765 0.663505
vt 0.587216 0.658775
vt 0.583434 0.677188
vt 0.583005 0.677074
vt 0.586778 0.658668
vt 0.579593 0.695612
vt 0.575313 0.713551
vt 0.574935 0.713443
vt 0.579165 0.695492
vt 0.470361 0.644363
vt 0.466334 0.643977
vt 0.590478 0.640556
vt 0.590039 0.640470
vt 0.484185 0.562363
vt 0.481959 0.583778
vt 0.477995 0.583570
vt 0.480088 0.562282
vt 0.597494 0.561637
vt 0.596940 0.583009
vt 0.596495 0.582995
vt 0.597056 0.561653
vt 0.489011 0.468738
vt 0.487833 0.495990
vt 0.483917 0.496155
vt 0.485082 0.468791
vt 0.589915 0.469861
vt 0.593482 0.496365
vt 0.593033 0.496469
vt 0.589445 0.469969
vt 0.493537 0.415354
vt 0.490973 0.441541
vt 0.487110 0.441407
vt 0.489397 0.415125
vt 0.581449 0.417330
vt 0.585772 0.443272
vt 0.585299 0.443381
vt 0.580950 0.417431
vt 0.569235 0.353544
vt 0.572949 0.372570
vt 0.572509 0.372652
vt 0.568813 0.353654
vt 0.502138 0.350560
vt 0.499087 0.369812
vt 0.494870 0.369400
vt 0.498055 0.350015
vt 0.511263 0.313139
vt 0.506441 0.331791
vt 0.502207 0.330977
vt 0.507533 0.312149
vt 0.559793 0.315986
vt 0.565562 0.334567
vt 0.565120 0.334698
vt 0.559404 0.316124
vt 0.522558 0.286870
vt 0.516693 0.299789
vt 0.512785 0.298321
vt 0.518884 0.284428
vt 0.550869 0.287377
vt 0.556083 0.301876
vt 0.555702 0.302078
vt 0.550543 0.287708
vt 0.525190 0.276201
vt 0.526833 0.275187
vt 0.525884 0.271157
vt 0.531856 0.274854
vt 0.528110 0.274616
vt 0.535208 0.271448
vt 0.533732 0.275461
vt 0.532732 0.275106
vt 0.534349 0.275758
vt 0.412063 0.777794
vt 0.400036 0.771396
vt 0.397667 0.766689
vt 0.411258 0.774078
vt 0.354054 0.749129
vt 0.334559 0.737221
vt 0.335066 0.733786
vt 0.354240 0.745447
vt 0.328836 0.734740
vt 0.323698 0.732085
vt 0.323924 0.728104
vt 0.328382 0.730663
vt 0.303093 0.719882
vt 0.295257 0.715710
vt 0.296655 0.712658
vt 0.304006 0.716909
vt 0.287342 0.711788
vt 0.276081 0.706178
vt 0.278289 0.702672
vt 0.289391 0.708653
vt 0.264461 0.700836
vt 0.248207 0.692977
vt 0.250695 0.689264
vt 0.266571 0.697213
vt 0.231852 0.684704
vt 0.212956 0.673730
vt 0.215198 0.670127
vt 0.234495 0.681037
vt 0.193928 0.662835
vt 0.175480 0.652842
vt 0.176916 0.649059
vt 0.195695 0.659204
vt 0.156595 0.643784
vt 0.138789 0.635872
vt 0.140087 0.632354
vt 0.157533 0.640100
vt 0.121073 0.628349
vt 0.103684 0.621048
vt 0.105601 0.617512
vt 0.122764 0.624930
vt 0.087617 0.612669
vt 0.078357 0.604376
vt 0.080669 0.601489
vt 0.089832 0.609282
vt 0.069612 0.595644
vt 0.059748 0.590499
vt 0.060510 0.587537
vt 0.071838 0.592691
vt 0.054540 0.587547
vt 0.050679 0.590405
vt 0.048395 0.596556
vt 0.051918 0.609071
vt 0.063305 0.630074
vt 0.059983 0.623986
vt 0.388185 0.765728
vt 0.372233 0.757687
vt 0.371279 0.753146
vt 0.386572 0.761032
vt 0.061330 0.633055
vt 0.046772 0.632802
vt 0.032499 0.632834
vt 0.022512 0.638043
vt 0.018430 0.650119
vt 0.024776 0.658742
vt 0.024198 0.659310
vt 0.017964 0.650506
vt 0.035488 0.666827
vt 0.034966 0.667432
vt 0.045555 0.673996
vt 0.045060 0.674509
vt 0.054160 0.680538
vt 0.053572 0.680775
vt 0.064192 0.692285
vt 0.074374 0.704941
vt 0.073580 0.705120
vt 0.063493 0.692473
vt 0.085159 0.717895
vt 0.096564 0.730600
vt 0.095437 0.730647
vt 0.084205 0.717981
vt 0.111007 0.743699
vt 0.125370 0.756530
vt 0.124346 0.756620
vt 0.109945 0.743764
vt 0.137894 0.767768
vt 0.150279 0.778679
vt 0.149755 0.779185
vt 0.137125 0.768085
vt 0.162132 0.790958
vt 0.174133 0.803010
vt 0.173305 0.803432
vt 0.161439 0.791417
vt 0.185650 0.813263
vt 0.196890 0.823013
vt 0.196330 0.823612
vt 0.184965 0.813796
vt 0.205302 0.831097
vt 0.213421 0.839391
vt 0.212923 0.839855
vt 0.204768 0.831601
vt 0.241426 0.855157
vt 0.246617 0.856785
vt 0.246486 0.857182
vt 0.241345 0.855853
vt 0.308010 0.722593
vt 0.309308 0.719504
vt 0.220215 0.845468
vt 0.219840 0.846057
vt 0.449673 0.737539
vt 0.447160 0.750476
vt 0.444033 0.749492
vt 0.446356 0.736586
vt 0.570781 0.732178
vt 0.567065 0.749140
vt 0.566710 0.749020
vt 0.570425 0.732042
vt 0.486857 0.518434
vt 0.485811 0.540830
vt 0.481894 0.540787
vt 0.482933 0.518555
vt 0.595829 0.518361
vt 0.597292 0.540307
vt 0.596843 0.540350
vt 0.595395 0.518432
vt 0.017348 0.642517
vt 0.017165 0.646363
vt 0.016402 0.646388
vt 0.016576 0.642433
vt 0.743857 0.841414
vt 0.758952 0.833750
vt 0.759439 0.834255
vt 0.744243 0.841897
vt 0.723694 0.850260
vt 0.724006 0.850461
vt 0.788823 0.813853
vt 0.800964 0.802837
vt 0.801618 0.803433
vt 0.789463 0.814485
vt 0.813806 0.789626
vt 0.829696 0.773252
vt 0.830325 0.773835
vt 0.814387 0.790174
vt 0.845120 0.757022
vt 0.860684 0.741065
vt 0.861451 0.741681
vt 0.845804 0.757670
vt 0.915148 0.682698
vt 0.927542 0.669103
vt 0.928344 0.669667
vt 0.916009 0.683260
vt 0.938339 0.655939
vt 0.949132 0.642773
vt 0.949670 0.643262
vt 0.939024 0.656468
vt 0.960564 0.630053
vt 0.971533 0.616698
vt 0.972080 0.617128
vt 0.961115 0.630532
vt 0.888445 0.710802
vt 0.901768 0.696357
vt 0.902635 0.696784
vt 0.889317 0.711208
vt 0.478635 0.604304
vt 0.474973 0.624627
vt 0.471173 0.624275
vt 0.474606 0.603949
vt 0.595306 0.602639
vt 0.593362 0.622193
vt 0.592909 0.622131
vt 0.594877 0.602600
vt 0.575500 0.783936
vt 0.597087 0.773128
vt 0.597306 0.773547
vt 0.575726 0.784322
vt 0.617900 0.762481
vt 0.618122 0.762862
vt 0.638041 0.751639
vt 0.638282 0.752033
vt 0.657444 0.742198
vt 0.657673 0.742574
vt 0.676484 0.732784
vt 0.676718 0.733146
vt 0.685651 0.728518
vt 0.697281 0.722294
vt 0.697524 0.722702
vt 0.685883 0.728897
vt 0.708814 0.716108
vt 0.709061 0.716511
vt 0.733988 0.701993
vt 0.745016 0.695850
vt 0.745241 0.696219
vt 0.734229 0.702379
vt 0.757479 0.687519
vt 0.773832 0.676713
vt 0.774084 0.677150
vt 0.757728 0.687940
vt 0.792027 0.665045
vt 0.810250 0.653707
vt 0.810478 0.654095
vt 0.792270 0.665468
vt 0.843402 0.633059
vt 0.860024 0.624303
vt 0.860213 0.624701
vt 0.843629 0.633475
vt 0.877095 0.615767
vt 0.894970 0.608177
vt 0.895103 0.608573
vt 0.877244 0.616164
vt 0.911105 0.602148
vt 0.927220 0.596372
vt 0.927321 0.596802
vt 0.911207 0.602536
vt 0.943457 0.591033
vt 0.960147 0.586729
vt 0.960260 0.587166
vt 0.943569 0.591504
vt 0.500522 0.945113
vt 0.499603 0.942883
vt 0.502350 0.942110
vt 0.503142 0.944284
vt 0.509090 0.961263
vt 0.507527 0.959225
vt 0.508792 0.958541
vt 0.490346 0.947840
vt 0.488780 0.945427
vt 0.490603 0.944924
vt 0.492363 0.947390
vt 0.504295 0.965965
vt 0.500377 0.969453
vt 0.499576 0.966354
vt 0.502310 0.963767
vt 0.484396 0.950883
vt 0.483132 0.948130
vt 0.484983 0.947033
vt 0.486401 0.949549
vt 0.493083 0.970236
vt 0.493358 0.972690
vt 0.490034 0.973319
vt 0.489622 0.971310
vt 0.467274 0.960779
vt 0.471818 0.957462
vt 0.473755 0.959932
vt 0.469459 0.963213
vt 0.487029 0.974478
vt 0.485186 0.973865
vt 0.486925 0.972229
vt 0.488002 0.973487
vt 0.462294 0.963471
vt 0.464817 0.966241
vt 0.487543 0.975367
vt 0.485319 0.976276
vt 0.550140 0.938986
vt 0.554960 0.941399
vt 0.554273 0.944923
vt 0.549630 0.942178
vt 0.533996 0.962794
vt 0.532782 0.961619
vt 0.536205 0.960560
vt 0.536249 0.961794
vt 0.545072 0.940086
vt 0.545690 0.937154
vt 0.534669 0.958631
vt 0.535638 0.959499
vt 0.536364 0.935421
vt 0.541153 0.935964
vt 0.540397 0.938803
vt 0.535650 0.938280
vt 0.528328 0.959100
vt 0.525911 0.957857
vt 0.527907 0.955270
vt 0.530379 0.956298
vt 0.530928 0.938267
vt 0.531224 0.935692
vt 0.524272 0.956036
vt 0.525848 0.954080
vt 0.525948 0.938857
vt 0.525954 0.936400
vt 0.520810 0.956187
vt 0.522716 0.954128
vt 0.520245 0.937609
vt 0.520516 0.939937
vt 0.518688 0.955786
vt 0.520186 0.954062
vt 0.510742 0.939756
vt 0.515108 0.939074
vt 0.515533 0.941346
vt 0.511478 0.942163
vt 0.517368 0.955662
vt 0.515167 0.956520
vt 0.514868 0.955181
vt 0.517588 0.954204
vt 0.507460 0.940459
vt 0.508260 0.942760
vt 0.512932 0.958023
vt 0.512524 0.956373
vt 0.472285 0.760816
vt 0.494495 0.759797
vt 0.493022 0.771190
vt 0.516687 0.760236
vt 0.539586 0.761747
vt 0.538052 0.773900
vt 0.514784 0.772065
vt 0.556736 0.762197
vt 0.553522 0.777148
vt 0.565194 0.763642
vt 0.561191 0.776550
vt 0.560821 0.776537
vt 0.564762 0.763525
vt 0.707357 0.504403
vt 0.690009 0.512316
vt 0.690357 0.498556
vt 0.727537 0.510374
vt 0.760625 0.518067
vt 0.745352 0.514187
vt 0.784023 0.525420
vt 0.781275 0.534465
vt 0.769127 0.537850
vt 0.773587 0.521874
vt 0.357163 0.296090
vt 0.358927 0.310672
vt 0.371444 0.290289
vt 0.373654 0.305135
vt 0.404422 0.299802
vt 0.401722 0.284396
vt 0.359700 0.335580
vt 0.359596 0.323643
vt 0.375031 0.318381
vt 0.376010 0.330966
vt 0.342311 0.339569
vt 0.342367 0.328958
vt 0.324946 0.342435
vt 0.324828 0.333149
vt 0.425809 0.313189
vt 0.427854 0.325805
vt 0.409079 0.325731
vt 0.406964 0.312908
vt 0.445183 0.326531
vt 0.442845 0.313799
vt 0.446036 0.336331
vt 0.428765 0.336557
vt 0.410219 0.337047
vt 0.376711 0.341827
vt 0.359881 0.345513
vt 0.342261 0.348310
vt 0.323682 0.349980
vt 0.340458 0.384245
vt 0.320721 0.378315
vt 0.321636 0.370258
vt 0.341611 0.373999
vt 0.360038 0.383806
vt 0.360856 0.372903
vt 0.378088 0.371391
vt 0.377423 0.382969
vt 0.429736 0.371249
vt 0.410867 0.376533
vt 0.411708 0.366018
vt 0.429438 0.363540
vt 0.444696 0.368261
vt 0.444372 0.361484
vt 0.342143 0.366131
vt 0.321974 0.365071
vt 0.322534 0.358338
vt 0.342438 0.358889
vt 0.361128 0.364020
vt 0.361486 0.354806
vt 0.377919 0.351705
vt 0.378089 0.361704
vt 0.429109 0.356169
vt 0.411617 0.357020
vt 0.411297 0.347283
vt 0.429100 0.346870
vt 0.444496 0.354968
vt 0.445484 0.346263
vt 0.228241 0.850437
vt 0.235897 0.853531
vt 0.235831 0.854252
vt 0.228043 0.851134
vt 0.238172 0.830084
vt 0.244932 0.832940
vt 0.236717 0.846779
vt 0.230203 0.844001
vt 0.250046 0.812687
vt 0.257050 0.816590
vt 0.280637 0.782669
vt 0.273868 0.778104
vt 0.285789 0.761922
vt 0.292338 0.766446
vt 0.304018 0.750533
vt 0.297997 0.746213
vt 0.304251 0.737957
vt 0.309947 0.741930
vt 0.318063 0.728955
vt 0.312906 0.725709
vt 0.314586 0.722615
vt 0.319597 0.725648
vt 0.394116 0.379297
vt 0.394663 0.368099
vt 0.394500 0.358738
vt 0.394105 0.348801
vt 0.393131 0.338819
vt 0.391989 0.327214
vt 0.390400 0.314346
vt 0.388449 0.301154
vt 0.385929 0.286331
vt 0.383111 0.271051
vt 0.379947 0.254636
vt 0.376452 0.238077
vt 0.372643 0.220622
vt 0.368608 0.203160
vt 0.363750 0.185825
vt 0.358588 0.168712
vt 0.353587 0.152595
vt 0.349168 0.136526
vt 0.345374 0.121132
vt 0.342185 0.105641
vt 0.340709 0.093467
vt 0.339731 0.081241
vt 0.338893 0.068799
vt 0.337483 0.059122
vt 0.018205 0.639551
vt 0.017477 0.639295
vt 0.024274 0.641878
vt 0.034184 0.642604
vt 0.046485 0.643183
vt 0.059503 0.645427
vt 0.071408 0.651104
vt 0.085775 0.659579
vt 0.099241 0.669978
vt 0.113058 0.680560
vt 0.126734 0.691162
vt 0.140574 0.701648
vt 0.154463 0.712047
vt 0.167834 0.721936
vt 0.181282 0.731879
vt 0.193541 0.741223
vt 0.205849 0.750623
vt 0.226739 0.767673
vt 0.216355 0.759013
vt 0.246041 0.784729
vt 0.236865 0.776865
vt 0.254664 0.790951
vt 0.268763 0.799985
vt 0.261756 0.795627
vt 0.283025 0.807458
vt 0.276016 0.803868
vt 0.306909 0.820173
vt 0.290130 0.811158
vt 0.324702 0.828203
vt 0.340669 0.833974
vt 0.357743 0.838882
vt 0.376460 0.843422
vt 0.384128 0.845784
vt 0.405735 0.854995
vt 0.411433 0.857934
vt 0.429888 0.869730
vt 0.438662 0.876355
vt 0.445242 0.882073
vt 0.454677 0.891695
vt 0.459919 0.901889
vt 0.463016 0.913054
vt 0.465272 0.922526
vt 0.468251 0.933990
vt 0.471567 0.944016
vt 0.475818 0.954024
vt 0.477512 0.956728
vt 0.484286 0.964931
vt 0.486755 0.967371
vt 0.488083 0.962994
vt 0.488888 0.964092
vt 0.479485 0.950866
vt 0.480972 0.953736
vt 0.473747 0.931611
vt 0.476760 0.940693
vt 0.020555 0.635868
vt 0.020232 0.635281
vt 0.086940 0.324656
vt 0.117071 0.321610
vt 0.144144 0.322671
vt 0.170481 0.322833
vt 0.195817 0.322993
vt 0.723061 0.708197
vt 0.723308 0.708591
vt 0.736393 0.741697
vt 0.727743 0.717032
vt 0.746793 0.768268
vt 0.758394 0.794274
vt 0.770590 0.818211
vt 0.774687 0.823196
vt 0.775164 0.823789
vt 0.427426 0.385080
vt 0.409315 0.389480
vt 0.392931 0.393470
vt 0.376075 0.397854
vt 0.358275 0.398096
vt 0.339440 0.397314
vt 0.319173 0.389420
vt 0.336964 0.415756
vt 0.316728 0.407547
vt 0.355969 0.416757
vt 0.374241 0.416290
vt 0.391106 0.410718
vt 0.408576 0.405798
vt 0.421961 0.396920
vt 0.334702 0.429924
vt 0.315099 0.425078
vt 0.332522 0.443296
vt 0.313032 0.437086
vt 0.332663 0.554706
vt 0.325313 0.553365
vt 0.331098 0.456043
vt 0.312060 0.450072
vt 0.315316 0.519935
vt 0.309464 0.493019
vt 0.325800 0.499308
vt 0.328142 0.523737
vt 0.329547 0.472182
vt 0.311408 0.461601
vt 0.391009 0.427336
vt 0.372129 0.430446
vt 0.371671 0.445491
vt 0.393421 0.443938
vt 0.368171 0.462552
vt 0.388323 0.462390
vt 0.367803 0.482996
vt 0.393285 0.483948
vt 0.383137 0.512209
vt 0.362599 0.507932
vt 0.355473 0.533705
vt 0.371431 0.538566
vt 0.349628 0.560179
vt 0.359192 0.563701
vt 0.340077 0.557019
vt 0.340129 0.528856
vt 0.342023 0.503976
vt 0.345133 0.479455
vt 0.347335 0.460637
vt 0.349564 0.444143
vt 0.352063 0.430098
vt 0.408437 0.422878
vt 0.416086 0.439330
vt 0.407328 0.464716
vt 0.426317 0.416348
vt 0.433434 0.393030
vt 0.496738 0.971412
vt 0.496186 0.968575
vt 0.524637 0.826698
vt 0.537380 0.817954
vt 0.532510 0.828725
vt 0.508627 0.823896
vt 0.493503 0.822364
vt 0.478016 0.822096
vt 0.469894 0.822508
vt 0.453064 0.827482
vt 0.446679 0.816533
vt 0.453075 0.813869
vt 0.458716 0.824929
vt 0.442210 0.834787
vt 0.434546 0.843791
vt 0.427706 0.853566
vt 0.420793 0.863534
vt 0.414480 0.873514
vt 0.409652 0.884113
vt 0.407052 0.895519
vt 0.577133 0.864724
vt 0.570618 0.854488
vt 0.562366 0.845468
vt 0.553090 0.838222
vt 0.251150 0.859921
vt 0.250966 0.860068
vt 0.084018 0.383550
vt 0.445802 0.374614
vt 0.083656 0.389430
vt 0.719105 0.853269
vt 0.719284 0.853438
vt 0.867035 0.721565
vt 0.858591 0.701079
vt 0.875430 0.725393
vt 0.876341 0.725804
vt 0.138459 0.189272
vt 0.159457 0.193705
vt 0.178313 0.196037
vt 0.196646 0.198786
vt 0.213653 0.201562
vt 0.827282 0.642517
vt 0.827528 0.642940
vt 0.840596 0.665480
vt 0.832276 0.651234
vt 0.850035 0.683079
vt 0.538928 0.830382
vt 0.544736 0.833455
vt 0.463387 0.955612
vt 0.468271 0.951834
vt 0.470003 0.954826
vt 0.465231 0.958243
vt 0.457672 0.958176
vt 0.459925 0.960833
vt 0.550177 0.932361
vt 0.554695 0.934293
vt 0.555045 0.937904
vt 0.550301 0.935805
vt 0.546172 0.934367
vt 0.546713 0.931410
vt 0.537535 0.929772
vt 0.542223 0.930332
vt 0.541757 0.933293
vt 0.536927 0.932782
vt 0.531622 0.932992
vt 0.532035 0.929776
vt 0.525909 0.933716
vt 0.525724 0.930445
vt 0.519503 0.931673
vt 0.519988 0.935132
vt 0.513768 0.933252
vt 0.514506 0.936509
vt 0.508644 0.934377
vt 0.509895 0.937231
vt 0.505311 0.935266
vt 0.506401 0.937927
vt 0.498608 0.940433
vt 0.497608 0.937800
vt 0.500652 0.937031
vt 0.501474 0.939598
vt 0.484645 0.941340
vt 0.487825 0.940092
vt 0.489191 0.942588
vt 0.485767 0.943766
vt 0.482075 0.945532
vt 0.481266 0.942762
vt 0.473005 0.948211
vt 0.477450 0.944901
vt 0.478340 0.948063
vt 0.474354 0.951271
vt 0.447098 0.763334
vt 0.454366 0.762682
vt 0.446022 0.763412
vt 0.442858 0.762004
vt 0.576524 0.391433
vt 0.576061 0.391509
vt 0.779493 0.130573
vt 0.789706 0.136493
vt 0.802576 0.142303
vt 0.815734 0.144596
vt 0.828981 0.145069
vt 0.840815 0.145812
vt 0.847901 0.147306
vt 0.496692 0.389239
vt 0.492276 0.388898
vt 0.498669 0.389131
vt 0.503625 0.388797
vt 0.515560 0.389176
vt 0.528727 0.392331
vt 0.542338 0.393514
vt 0.556701 0.393482
vt 0.567025 0.392841
vt 0.971059 0.601528
vt 0.972618 0.604052
vt 0.969854 0.598876
vt 0.968918 0.596055
vt 0.968310 0.593577
vt 0.967823 0.585849
vt 0.967864 0.586245
vt 0.223437 0.053012
vt 0.226706 0.053101
vt 0.220446 0.052990
vt 0.217378 0.052747
vt 0.214333 0.052167
vt 0.978082 0.606942
vt 0.978649 0.607271
vt 0.227577 0.046917
vt 0.227110 0.049126
vt 0.224577 0.048777
vt 0.224925 0.045324
vt 0.972464 0.586515
vt 0.974756 0.588452
vt 0.972435 0.586861
vt 0.222713 0.048667
vt 0.221570 0.044445
vt 0.220810 0.048242
vt 0.217859 0.047352
vt 0.975797 0.599473
vt 0.978585 0.597240
vt 0.977820 0.600181
vt 0.975509 0.594009
vt 0.973875 0.597467
vt 0.973023 0.596001
vt 0.972324 0.594420
vt 0.971723 0.592853
vt 0.978782 0.594078
vt 0.980217 0.600511
vt 0.980726 0.600584
vt 0.977393 0.591775
vt 0.974094 0.590027
vt 0.973296 0.591298
vt 0.492267 0.779435
vt 0.513285 0.780497
vt 0.537014 0.782688
vt 0.489308 0.953758
vt 0.490489 0.955116
vt 0.487835 0.956489
vt 0.486567 0.954657
vt 0.479550 0.959485
vt 0.482853 0.956909
vt 0.485336 0.960077
vt 0.481864 0.962344
vt 0.478293 0.964967
vt 0.475915 0.962445
vt 0.471896 0.965739
vt 0.474617 0.968186
vt 0.467556 0.969022
vt 0.470754 0.971754
vt 0.548944 0.950509
vt 0.550792 0.947019
vt 0.552957 0.948610
vt 0.550725 0.952410
vt 0.544475 0.947424
vt 0.546329 0.944205
vt 0.548488 0.945468
vt 0.546719 0.948794
vt 0.534857 0.941292
vt 0.539279 0.941989
vt 0.537693 0.945047
vt 0.533955 0.944266
vt 0.529914 0.943919
vt 0.530432 0.941212
vt 0.525649 0.944231
vt 0.525774 0.941618
vt 0.520818 0.942513
vt 0.521073 0.945096
vt 0.515913 0.943608
vt 0.516401 0.946120
vt 0.512127 0.944575
vt 0.512645 0.946906
vt 0.509062 0.945193
vt 0.509760 0.947587
vt 0.502559 0.949954
vt 0.501503 0.947408
vt 0.503938 0.946367
vt 0.504958 0.948875
vt 0.493721 0.953808
vt 0.492550 0.951913
vt 0.494325 0.950174
vt 0.496219 0.953453
vt 0.511067 0.957102
vt 0.508258 0.950860
vt 0.509105 0.953616
vt 0.506465 0.945718
vt 0.507320 0.948128
vt 0.504823 0.941224
vt 0.505645 0.943494
vt 0.502893 0.936027
vt 0.503829 0.938617
vt 0.501485 0.931739
vt 0.498220 0.922245
vt 0.494383 0.911083
vt 0.491213 0.901095
vt 0.487297 0.888305
vt 0.482864 0.875170
vt 0.478009 0.860378
vt 0.473807 0.847982
vt 0.469055 0.835357
vt 0.464159 0.823358
vt 0.459435 0.812293
vt 0.764672 0.554972
vt 0.522006 0.301028
vt 0.518151 0.313893
vt 0.514954 0.332354
vt 0.511870 0.350862
vt 0.509988 0.369738
vt 0.508577 0.388681
vt 0.506432 0.414599
vt 0.504707 0.440623
vt 0.503416 0.466747
vt 0.502490 0.492940
vt 0.501870 0.515935
vt 0.501075 0.538966
vt 0.499560 0.560541
vt 0.497350 0.582059
vt 0.494469 0.602491
vt 0.491059 0.622792
vt 0.487071 0.642542
vt 0.483130 0.662073
vt 0.478803 0.680927
vt 0.474574 0.699614
vt 0.470453 0.717283
vt 0.466531 0.734060
vt 0.463636 0.747991
vt 0.461577 0.761938
vt 0.503721 0.962690
vt 0.506421 0.960091
vt 0.500059 0.954896
vt 0.501757 0.953740
vt 0.503165 0.956315
vt 0.500997 0.957581
vt 0.496851 0.949409
vt 0.499183 0.948398
vt 0.500501 0.951076
vt 0.498207 0.952054
vt 0.493892 0.944294
vt 0.496805 0.943648
vt 0.497951 0.945975
vt 0.495349 0.946754
vt 0.491078 0.939155
vt 0.494315 0.938473
vt 0.495607 0.941181
vt 0.492464 0.941848
vt 0.489375 0.935633
vt 0.492582 0.934830
vt 0.485713 0.926654
vt 0.488901 0.925428
vt 0.484808 0.914230
vt 0.481397 0.904562
vt 0.477391 0.891864
vt 0.472575 0.879043
vt 0.466179 0.864969
vt 0.460878 0.853827
vt 0.454288 0.842051
vt 0.447299 0.830738
vt 0.440063 0.819904
vt 0.434963 0.813215
vt 0.681555 0.671655
vt 0.675672 0.675209
vt 0.690152 0.661318
vt 0.699575 0.645592
vt 0.709262 0.628925
vt 0.730863 0.604504
vt 0.757715 0.585560
vt 0.304957 0.446260
vt 0.302546 0.460678
vt 0.306542 0.435096
vt 0.308274 0.420688
vt 0.309747 0.404449
vt 0.311866 0.383778
vt 0.312357 0.374905
vt 0.313200 0.369646
vt 0.313830 0.365499
vt 0.314368 0.359401
vt 0.314510 0.352345
vt 0.314616 0.345387
vt 0.314689 0.336152
vt 0.314958 0.327161
vt 0.315502 0.313622
vt 0.315891 0.299880
vt 0.315345 0.282050
vt 0.314215 0.264000
vt 0.312697 0.242316
vt 0.310715 0.220577
vt 0.308503 0.199917
vt 0.306587 0.179186
vt 0.304989 0.161064
vt 0.303580 0.142934
vt 0.301995 0.124048
vt 0.300954 0.105133
vt 0.300592 0.091589
vt 0.301694 0.078418
vt 0.301952 0.066451
vt 0.059471 0.591146
vt 0.068962 0.596427
vt 0.077840 0.605077
vt 0.087249 0.613349
vt 0.103340 0.621724
vt 0.120716 0.629033
vt 0.138406 0.636633
vt 0.156229 0.644522
vt 0.175093 0.653432
vt 0.193457 0.663400
vt 0.212391 0.674225
vt 0.231500 0.684947
vt 0.247301 0.693563
vt 0.263794 0.701259
vt 0.274826 0.706974
vt 0.286242 0.712508
vt 0.294101 0.716793
vt 0.302187 0.720998
vt 0.306891 0.724109
vt 0.312037 0.726992
vt 0.317387 0.730135
vt 0.323276 0.733475
vt 0.328577 0.736125
vt 0.334018 0.739029
vt 0.353050 0.750649
vt 0.367198 0.764328
vt 0.349449 0.756279
vt 0.371162 0.759046
vt 0.382777 0.771867
vt 0.387288 0.766655
vt 0.395932 0.778128
vt 0.399335 0.772700
vt 0.408599 0.784608
vt 0.411356 0.779222
vt 0.413234 0.794127
vt 0.208752 0.530611
vt 0.203600 0.530019
vt 0.544788 0.820150
vt 0.550667 0.823310
vt 0.690897 0.520927
vt 0.202450 0.487675
vt 0.570998 0.797512
vt 0.553980 0.817160
vt 0.548248 0.814168
vt 0.552692 0.784361
vt 0.540191 0.811811
vt 0.696672 0.545948
vt 0.202020 0.508782
vt 0.208635 0.509664
vt 0.691819 0.531924
vt 0.205337 0.494464
vt 0.207477 0.494610
vt 0.775369 0.557199
vt 0.778012 0.570893
vt 0.780320 0.559627
vt 0.453526 0.771864
vt 0.446459 0.771838
vt 0.779121 0.542036
vt 0.301297 0.473238
vt 0.442339 0.770834
vt 0.445255 0.771744
vt 0.299997 0.486052
vt 0.421044 0.782927
vt 0.422118 0.780780
vt 0.777522 0.547862
vt 0.776668 0.552588
vt 0.444752 0.778440
vt 0.442181 0.778253
vt 0.443711 0.787757
vt 0.442488 0.791542
vt 0.441387 0.790828
vt 0.442250 0.787251
vt 0.428105 0.787391
vt 0.429140 0.785546
vt 0.440750 0.791865
vt 0.441722 0.793257
vt 0.440925 0.794273
vt 0.439687 0.792183
vt 0.436505 0.790580
vt 0.435673 0.791762
vt 0.050586 0.586484
vt 0.061064 0.584024
vt 0.073582 0.590109
vt 0.082555 0.599291
vt 0.091616 0.606805
vt 0.106957 0.614946
vt 0.123923 0.622329
vt 0.140931 0.629614
vt 0.158128 0.637145
vt 0.177761 0.645931
vt 0.196704 0.656054
vt 0.216280 0.667005
vt 0.235557 0.677899
vt 0.251667 0.686056
vt 0.267404 0.693928
vt 0.279235 0.699555
vt 0.290416 0.705790
vt 0.297491 0.709853
vt 0.304619 0.714126
vt 0.310224 0.716598
vt 0.315869 0.719786
vt 0.320782 0.722807
vt 0.324324 0.724957
vt 0.328535 0.727762
vt 0.335942 0.731533
vt 0.354852 0.742208
vt 0.370879 0.749619
vt 0.385225 0.757059
vt 0.396231 0.763024
vt 0.410597 0.770983
vt 0.422901 0.778707
vt 0.435039 0.786416
vt 0.439137 0.791080
vt 0.439765 0.791307
vt 0.439905 0.791481
vt 0.439960 0.791715
vt 0.439703 0.791533
vt 0.441122 0.787672
vt 0.440209 0.791553
vt 0.440084 0.791440
vt 0.440882 0.787729
vt 0.438839 0.769836
vt 0.439445 0.777606
vt 0.438894 0.777475
vt 0.438130 0.769627
vt 0.438425 0.760143
vt 0.439173 0.760464
vt 0.441007 0.748094
vt 0.440396 0.747807
vt 0.443204 0.735049
vt 0.442564 0.734736
vt 0.446935 0.718400
vt 0.446379 0.718170
vt 0.450045 0.701798
vt 0.449414 0.701627
vt 0.454170 0.682178
vt 0.453537 0.681995
vt 0.458450 0.662503
vt 0.457778 0.662301
vt 0.463314 0.643010
vt 0.462701 0.642815
vt 0.467833 0.623336
vt 0.467156 0.623148
vt 0.471019 0.603053
vt 0.470291 0.602873
vt 0.474134 0.582844
vt 0.473353 0.582699
vt 0.476293 0.561734
vt 0.475524 0.561627
vt 0.478275 0.540329
vt 0.477542 0.540238
vt 0.479500 0.518201
vt 0.478805 0.518131
vt 0.480482 0.495742
vt 0.479786 0.495660
vt 0.481782 0.468440
vt 0.481113 0.468369
vt 0.483846 0.441043
vt 0.483185 0.440970
vt 0.486174 0.414703
vt 0.485522 0.414618
vt 0.488857 0.388409
vt 0.488164 0.388310
vt 0.491596 0.368839
vt 0.490933 0.368726
vt 0.494853 0.349269
vt 0.494205 0.349119
vt 0.498628 0.329934
vt 0.497903 0.329724
vt 0.504597 0.311030
vt 0.504001 0.310807
vt 0.509792 0.296861
vt 0.509188 0.296574
vt 0.515853 0.282177
vt 0.515273 0.281724
vt 0.775558 0.557525
vt 0.775714 0.557832
vt 0.776121 0.558006
vt 0.971768 0.589424
vt 0.971498 0.592202
vt 0.968002 0.589423
vt 0.968191 0.592968
vt 0.961081 0.590760
vt 0.961906 0.594901
vt 0.944474 0.595373
vt 0.945786 0.599419
vt 0.928158 0.600327
vt 0.929591 0.603992
vt 0.912050 0.605715
vt 0.913517 0.609120
vt 0.896188 0.611815
vt 0.897788 0.615143
vt 0.878458 0.619419
vt 0.880455 0.622722
vt 0.861761 0.627976
vt 0.863787 0.631209
vt 0.845480 0.636893
vt 0.847560 0.640379
vt 0.829549 0.646410
vt 0.831613 0.650093
vt 0.812349 0.657282
vt 0.814404 0.660923
vt 0.794263 0.668934
vt 0.796434 0.672689
vt 0.776151 0.680734
vt 0.778354 0.684420
vt 0.759766 0.691391
vt 0.761852 0.694884
vt 0.747075 0.699236
vt 0.749081 0.702674
vt 0.736201 0.705546
vt 0.738167 0.709083
vt 0.725334 0.711819
vt 0.727175 0.715395
vt 0.711086 0.719817
vt 0.712935 0.723300
vt 0.699533 0.726035
vt 0.701265 0.729480
vt 0.687796 0.731998
vt 0.689398 0.735367
vt 0.678673 0.736100
vt 0.680152 0.739643
vt 0.659565 0.745647
vt 0.661023 0.749027
vt 0.640269 0.755253
vt 0.641935 0.758909
vt 0.619954 0.765973
vt 0.621680 0.769428
vt 0.599145 0.776974
vt 0.601054 0.780343
vt 0.577418 0.787487
vt 0.579064 0.790809
vt 0.561219 0.762571
vt 0.557798 0.776536
vt 0.554636 0.777320
vt 0.557722 0.762211
vt 0.563801 0.748025
vt 0.560520 0.747245
vt 0.567502 0.730925
vt 0.564194 0.730088
vt 0.571843 0.712544
vt 0.568133 0.711954
vt 0.575656 0.694493
vt 0.571979 0.693892
vt 0.579492 0.676129
vt 0.575916 0.675586
vt 0.583191 0.657785
vt 0.579585 0.657280
vt 0.586442 0.639765
vt 0.582878 0.639344
vt 0.589208 0.621620
vt 0.585594 0.621277
vt 0.591352 0.602278
vt 0.588144 0.602011
vt 0.592846 0.582884
vt 0.589444 0.582688
vt 0.593463 0.561788
vt 0.590016 0.561716
vt 0.593164 0.540714
vt 0.589400 0.540732
vt 0.591844 0.519023
vt 0.587915 0.519060
vt 0.589356 0.497323
vt 0.585365 0.497409
vt 0.585591 0.470859
vt 0.581502 0.471024
vt 0.581423 0.444281
vt 0.577146 0.444601
vt 0.576861 0.418263
vt 0.572673 0.418726
vt 0.572264 0.392132
vt 0.568132 0.392772
vt 0.568902 0.373334
vt 0.564847 0.373878
vt 0.565355 0.354553
vt 0.561276 0.355079
vt 0.561498 0.335776
vt 0.557165 0.336518
vt 0.556217 0.317264
vt 0.552471 0.318066
vt 0.552547 0.303742
vt 0.548707 0.304869
vt 0.547750 0.290421
vt 0.543742 0.292214
vt 0.534275 0.279176
vt 0.021026 0.640846
vt 0.020286 0.643006
vt 0.020212 0.645927
vt 0.020967 0.648804
vt 0.027669 0.656299
vt 0.038083 0.663942
vt 0.047962 0.671563
vt 0.056968 0.679402
vt 0.067524 0.691382
vt 0.078171 0.704054
vt 0.089717 0.717487
vt 0.101955 0.730354
vt 0.116102 0.743369
vt 0.130274 0.756117
vt 0.141585 0.766250
vt 0.152804 0.776261
vt 0.165456 0.788769
vt 0.178112 0.801009
vt 0.188961 0.810726
vt 0.199611 0.820172
vt 0.207858 0.828678
vt 0.215793 0.837146
vt 0.222014 0.842643
vt 0.229225 0.847125
vt 0.236288 0.850122
vt 0.241874 0.851835
vt 0.247247 0.854842
vt 0.251956 0.859222
vt 0.722189 0.849307
vt 0.718234 0.852516
vt 0.742009 0.839095
vt 0.756603 0.831334
vt 0.772406 0.820352
vt 0.785773 0.810821
vt 0.797856 0.799968
vt 0.811027 0.786995
vt 0.826676 0.770450
vt 0.841846 0.753929
vt 0.857002 0.738120
vt 0.871065 0.723428
vt 0.884264 0.708859
vt 0.897612 0.694313
vt 0.911020 0.680004
vt 0.923702 0.666411
vt 0.935054 0.653402
vt 0.946546 0.640435
vt 0.957920 0.627767
vt 0.968892 0.614671
vt 0.975282 0.605467
vt 0.558329 0.788410
vt 0.554239 0.790975
vt 0.554158 0.784504
vt 0.559528 0.791304
vt 0.555324 0.797043
vt 0.562651 0.793746
vt 0.559704 0.799651
vt 0.556559 0.799919
vt 0.560878 0.793154
vt 0.569715 0.794960
vt 0.570548 0.791810
vt 0.567861 0.788538
vt 0.568153 0.788984
vt 0.565149 0.786713
vt 0.565889 0.786131
vt 0.565794 0.787426
vt 0.565391 0.788010
vt 0.560411 0.784552
vt 0.560773 0.784182
vt 0.564804 0.785667
vt 0.564278 0.786222
vt 0.031312 0.630025
vt 0.031087 0.629395
vt 0.046617 0.629979
vt 0.046615 0.629392
vt 0.060582 0.631965
vt 0.060309 0.631559
vt 0.060507 0.629559
vt 0.059679 0.629872
vt 0.057094 0.624441
vt 0.056394 0.624505
vt 0.049304 0.609921
vt 0.048760 0.610125
vt 0.045631 0.596342
vt 0.045041 0.596374
vt 0.439637 0.791095
vt 0.439186 0.791336
vt 0.439065 0.793630
vt 0.438180 0.791661
vt 0.440236 0.783369
vt 0.439831 0.783329
vt 0.444254 0.783943
vt 0.442238 0.783595
vt 0.332365 0.744421
vt 0.327558 0.741533
vt 0.321773 0.738440
vt 0.314938 0.734415
vt 0.309526 0.730674
vt 0.304449 0.727410
vt 0.299310 0.724496
vt 0.290634 0.719952
vt 0.281768 0.715285
vt 0.270641 0.709521
vt 0.259211 0.704101
vt 0.243194 0.696182
vt 0.227192 0.687909
vt 0.209088 0.677111
vt 0.190830 0.666550
vt 0.172943 0.656703
vt 0.154615 0.647789
vt 0.136867 0.639663
vt 0.119200 0.631898
vt 0.101916 0.624485
vt 0.085630 0.616337
vt 0.075990 0.607594
vt 0.067364 0.598238
vt 0.058867 0.592271
vt 0.441706 0.809107
vt 0.659999 0.658818
vt 0.663447 0.648290
vt 0.669779 0.633030
vt 0.676727 0.619395
vt 0.686162 0.589879
vt 0.688578 0.568372
vt 0.689433 0.547586
vt 0.690040 0.532305
vt 0.552545 0.790861
vt 0.535987 0.789709
vt 0.512101 0.787258
vt 0.491955 0.786096
vt 0.470839 0.785161
vt 0.460335 0.784915
vt 0.448780 0.806541
vt 0.567488 0.820974
vt 0.578072 0.831426
vt 0.586863 0.843346
vt 0.593827 0.856354
vt 0.384139 0.892794
vt 0.388247 0.878911
vt 0.394459 0.865751
vt 0.401863 0.853153
vt 0.409649 0.840672
vt 0.417193 0.827726
vt 0.425717 0.814757
vt 0.431230 0.808863
vt 0.473077 0.800637
vt 0.462660 0.800406
vt 0.492100 0.801249
vt 0.510285 0.802623
vt 0.531767 0.805382
vt 0.456214 0.805342
vt 0.453999 0.800452
vt 0.542057 0.807710
vt 0.556291 0.813063
vt 0.550594 0.810117
vt 0.420379 0.784060
vt 0.416824 0.789088
vt 0.437957 0.804024
vt 0.453044 0.778540
vt 0.446126 0.778389
vt 0.446124 0.784025
vt 0.452867 0.784587
vt 0.471294 0.789629
vt 0.460689 0.789300
vt 0.491898 0.790691
vt 0.511421 0.791925
vt 0.534994 0.794536
vt 0.472147 0.795474
vt 0.461683 0.795586
vt 0.491973 0.796311
vt 0.510782 0.797615
vt 0.533381 0.800398
vt 0.452825 0.788904
vt 0.445529 0.788103
vt 0.452445 0.794062
vt 0.445404 0.791573
vt 0.587851 0.824626
vt 0.576383 0.813223
vt 0.597067 0.837397
vt 0.603612 0.851222
vt 0.375302 0.876324
vt 0.370511 0.891472
vt 0.382190 0.861893
vt 0.390126 0.847996
vt 0.398302 0.834276
vt 0.406115 0.820173
vt 0.414478 0.805499
vt 0.419349 0.798152
vt 0.423519 0.793192
vt 0.427307 0.788611
vt 0.582491 0.828683
vt 0.571453 0.817241
vt 0.591483 0.840549
vt 0.598297 0.853967
vt 0.382321 0.877686
vt 0.377879 0.892166
vt 0.388857 0.863931
vt 0.396519 0.850710
vt 0.404505 0.837629
vt 0.412220 0.824100
vt 0.420747 0.810233
vt 0.426056 0.803504
vt 0.428682 0.795741
vt 0.434628 0.793056
vt 0.445490 0.801194
vt 0.438269 0.795213
vt 0.445311 0.793835
vt 0.552146 0.796637
vt 0.563091 0.802750
vt 0.552785 0.799913
vt 0.555507 0.801651
vt 0.558515 0.802802
vt 0.435492 0.801499
vt 0.442958 0.797215
vt 0.432263 0.798153
vt 0.543425 0.804540
vt 0.558020 0.810126
vt 0.552118 0.807465
vt 0.544614 0.802894
vt 0.559081 0.808434
vt 0.553149 0.805686
vt 0.545816 0.800980
vt 0.560323 0.806483
vt 0.554324 0.803466
vt 0.860461 0.887211
vt 0.862245 0.887342
vt 0.861693 0.888209
vt 0.860699 0.888314
vt 0.860275 0.877458
vt 0.864838 0.879368
vt 0.864304 0.881672
vt 0.860737 0.880437
vt 0.860598 0.882973
vt 0.863871 0.883805
vt 0.863078 0.885978
vt 0.860437 0.885174
vt 0.860702 0.874143
vt 0.865014 0.875423
vt 0.866190 0.877719
vt 0.862399 0.872805
vt 0.864685 0.873880
vt 0.863491 0.872586
vt 0.864486 0.873072
vt 0.532642 0.957595
vt 0.530556 0.960245
vt 0.539750 0.949566
vt 0.536985 0.952383
vt 0.544167 0.943182
vt 0.542287 0.946419
vt 0.524086 0.951716
vt 0.521016 0.952043
vt 0.517730 0.952841
vt 0.514557 0.953967
vt 0.511969 0.954857
vt 0.509828 0.955703
vt 0.508044 0.956452
vt 0.506143 0.957413
vt 0.504516 0.958577
vt 0.502519 0.960118
vt 0.500600 0.961754
vt 0.498093 0.963709
vt 0.494860 0.962343
vt 0.496262 0.964134
vt 0.494273 0.964377
vt 0.493390 0.963281
vt 0.490727 0.966414
vt 0.489738 0.965246
vt 0.485792 0.971171
vt 0.488439 0.969392
vt 0.483282 0.973310
vt 0.482674 0.976530
vt 0.539121 0.959149
vt 0.539269 0.961000
vt 0.536715 0.956065
vt 0.538188 0.957469
vt 0.534854 0.954971
vt 0.532446 0.953409
vt 0.529823 0.952456
vt 0.527040 0.951801
vt 0.492118 0.968120
vt 0.495231 0.966200
vt 0.496639 0.965084
vt 0.494970 0.955577
vt 0.494205 0.954583
vt 0.491444 0.956619
vt 0.492409 0.958261
vt 0.490091 0.959555
vt 0.489190 0.958169
vt 0.486723 0.961530
vt 0.491843 0.950452
vt 0.487772 0.951479
vt 0.485428 0.952779
vt 0.494772 0.958696
vt 0.493812 0.957041
vt 0.492813 0.955567
vt 0.492066 0.954412
vt 0.491001 0.952923
vt 0.489757 0.950870
vt 0.488310 0.948585
vt 0.486838 0.946144
vt 0.978563 0.590342
vt 0.980566 0.594587
vt 0.074068 0.589474
vt 0.083041 0.598755
vt 0.092060 0.606174
vt 0.107290 0.614295
vt 0.124210 0.621672
vt 0.141142 0.628923
vt 0.158277 0.636401
vt 0.177974 0.645142
vt 0.196959 0.655263
vt 0.216555 0.666220
vt 0.235830 0.677112
vt 0.251918 0.685251
vt 0.267624 0.693107
vt 0.279481 0.698774
vt 0.290688 0.705076
vt 0.297710 0.709152
vt 0.304789 0.713432
vt 0.310455 0.715862
vt 0.316191 0.719075
vt 0.321087 0.722093
vt 0.324436 0.724165
vt 0.328579 0.727032
vt 0.336156 0.730961
vt 0.355001 0.741390
vt 0.370777 0.748725
vt 0.384875 0.756057
vt 0.395866 0.762097
vt 0.410419 0.770202
vt 0.423106 0.778190
vt 0.436507 0.786599

usemtl Mat_0
f 1/1 2/2 3/3
f 3/3 4/4 1/1
f 5/5 6/6 7/7
f 7/7 8/8 5/5
f 9/9 10/10 11/11
f 11/11 12/12 9/9
f 13/13 14/14 15/15
f 15/15 16/16 13/13
f 17/17 18/18 19/19
f 19/19 20/20 17/17
f 21/21 22/22 23/23
f 23/23 24/24 21/21
f 25/25 26/26 27/27
f 27/27 28/28 25/25
f 29/29 30/30 26/26
f 26/26 25/25 29/29
f 31/31 32/32 14/14
f 14/14 13/13 31/31
f 19/19 18/18 33/33
f 33/33 34/34 19/19
f 23/23 22/22 35/35
f 35/35 36/36 23/23
f 25/25 28/28 37/37
f 37/37 38/38 25/25
f 39/39 29/29 25/25
f 25/25 38/38 39/39
f 40/40 41/41 42/42
f 42/42 43/43 40/40
f 44/44 45/45 46/46
f 46/46 47/47 44/44
f 48/48 49/49 50/50
f 50/50 51/51 48/48
f 52/52 53/53 48/48
f 48/48 51/51 52/52
f 54/54 55/55 56/56
f 56/56 57/57 54/54
f 58/58 59/59 60/60
f 60/60 61/61 58/58
f 62/62 63/63 64/64
f 64/64 65/65 62/62
f 66/66 67/67 62/62
f 62/62 65/65 66/66
f 68/68 69/69 70/70
f 70/70 71/71 68/68
f 72/72 73/73 74/74
f 74/74 75/75 72/72
f 76/76 77/77 78/78
f 78/78 79/79 76/76
f 80/80 81/81 76/76
f 76/76 79/79 80/80
f 82/82 83/83 84/84
f 84/84 85/85 82/82
f 86/86 87/87 83/83
f 83/83 82/82 86/86
f 88/88 89/89 90/90
f 90/90 91/91 88/88
f 92/92 93/93 94/94
f 94/94 95/95 92/92
f 96/96 97/97 98/98
f 98/98 99/99 96/96
f 100/100 101/101 102/102
f 102/102 103/103 100/100
f 104/104 105/105 106/106
f 106/106 107/107 104/104
f 108/108 109/109 105/105
f 105/105 104/104 108/108
f 110/110 111/111 112/112
f 112/112 113/113 110/110
f 114/114 115/115 116/116
f 116/116 117/117 114/114
f 118/118 119/119 120/120
f 120/120 121/121 118/118
f 122/122 123/123 119/119
f 119/119 118/118 122/122
f 111/111 124/124 125/125
f 125/125 112/112 111/111
f 115/115 126/126 127/127
f 127/127 116/116 115/115
f 121/121 128/128 129/129
f 129/129 118/118 121/121
f 129/129 122/122 118/118
f 130/130 131/131 132/132
f 132/132 133/133 130/130
f 134/134 135/135 136/136
f 136/136 137/137 134/134
f 138/138 139/139 140/140
f 140/140 141/141 138/138
f 142/142 143/143 144/144
f 144/144 145/145 142/142
f 146/146 147/147 148/148
f 148/148 149/149 146/146
f 150/150 151/151 152/152
f 152/152 153/153 150/150
f 154/154 155/155 156/156
f 156/156 157/157 154/154
f 158/158 159/159 160/160
f 160/160 161/161 158/158
f 162/162 163/163 164/164
f 164/164 165/165 162/162
f 166/166 167/167 168/168
f 168/168 169/169 166/166
f 170/170 171/171 172/172
f 172/172 173/173 170/170
f 174/174 175/175 176/176
f 176/176 177/177 174/174
f 178/178 174/174 177/177
f 177/177 179/179 178/178
f 179/179 177/177 180/180
f 177/177 176/176 181/181
f 181/181 180/180 177/177
f 182/182 183/183 173/173
f 173/173 172/172 182/182
f 184/184 185/185 169/169
f 169/169 168/168 184/184
f 163/163 162/162 186/186
f 186/186 187/187 163/163
f 188/188 189/189 161/161
f 161/161 160/160 188/188
f 190/190 191/191 155/155
f 155/155 154/154 190/190
f 192/192 193/193 153/153
f 153/153 152/152 192/192
f 194/194 195/195 146/146
f 146/146 149/149 194/194
f 145/145 196/196 197/197
f 197/197 142/142 145/145
f 141/141 198/198 199/199
f 199/199 138/138 141/141
f 137/137 136/136 200/200
f 200/200 201/201 137/137
f 202/202 203/203 130/130
f 130/130 133/133 202/202
f 133/133 204/204 205/205
f 205/205 202/202 133/133
f 206/206 207/207 208/208
f 208/208 209/209 206/206
f 210/210 206/206 209/209
f 209/209 211/211 210/210
f 212/212 213/213 214/214
f 214/214 182/182 212/212
f 215/215 214/214 213/213
f 213/213 216/216 215/215
f 217/217 215/215 216/216
f 216/216 218/218 217/217
f 219/219 217/217 218/218
f 220/220 221/221 222/222
f 222/222 223/223 220/220
f 224/224 222/222 221/221
f 221/221 225/225 224/224
f 224/224 225/225 226/226
f 226/226 227/227 224/224
f 227/227 226/226 228/228
f 228/228 229/229 227/227
f 230/230 231/231 185/185
f 185/185 184/184 230/230
f 232/232 233/233 234/234
f 234/234 235/235 232/232
f 236/236 237/237 238/238
f 238/238 239/239 236/236
f 240/240 241/241 187/187
f 187/187 186/186 240/240
f 189/189 188/188 242/242
f 242/242 243/243 189/189
f 244/244 245/245 246/246
f 246/246 247/247 244/244
f 191/191 190/190 248/248
f 248/248 249/249 191/191
f 250/250 251/251 252/252
f 252/252 253/253 250/250
f 194/194 254/254 255/255
f 255/255 195/195 194/194
f 256/256 257/257 193/193
f 193/193 192/192 256/256
f 258/258 259/259 260/260
f 260/260 261/261 258/258
f 262/262 263/263 264/264
f 264/264 265/265 262/262
f 266/266 267/267 197/197
f 197/197 196/196 266/266
f 268/268 269/269 270/270
f 270/270 271/271 268/268
f 198/198 272/272 273/273
f 273/273 199/199 198/198
f 274/274 275/275 276/276
f 276/276 277/277 274/274
f 145/145 144/144 278/278
f 278/278 279/279 145/145
f 279/279 280/280 196/196
f 196/196 145/145 279/279
f 281/281 266/266 196/196
f 196/196 280/280 281/281
f 282/282 270/270 269/269
f 269/269 283/283 282/282
f 284/284 285/285 286/286
f 286/286 287/287 284/284
f 288/288 289/289 290/290
f 290/290 291/291 288/288
f 292/292 293/293 294/294
f 294/294 295/295 292/292
f 296/296 297/297 293/293
f 293/293 292/292 296/296
f 298/298 299/299 300/300
f 300/300 301/301 298/298
f 302/302 303/303 304/304
f 304/304 305/305 302/302
f 306/306 307/307 308/308
f 308/308 309/309 306/306
f 310/310 311/311 306/306
f 306/306 309/309 310/310
f 312/312 333/313 313/314
f 313/314 314/315 312/312
f 314/315 315/316 316/317
f 316/317 312/312 314/315
f 317/318 318/319 319/320
f 319/320 366/321 317/318
f 200/200 320/322 321/323
f 321/323 201/201 200/200
f 211/211 322/324 323/325
f 323/325 210/210 211/211
f 364/326 324/327 325/328
f 325/328 326/329 364/326
f 202/202 327/330 328/331
f 328/331 203/203 202/202
f 329/332 330/333 312/334
f 312/334 316/335 329/332
f 202/202 205/205 331/336
f 331/336 327/330 202/202
f 332/337 333/338 312/334
f 312/334 330/333 332/337
f 334/339 335/340 221/221
f 221/221 220/220 334/339
f 225/225 221/221 335/340
f 335/340 336/341 225/225
f 226/226 225/225 336/341
f 336/341 337/342 226/226
f 228/228 226/226 337/342
f 337/342 338/343 228/228
f 235/235 234/234 339/344
f 339/344 340/345 235/235
f 239/239 238/238 341/346
f 341/346 342/347 239/239
f 247/247 246/246 343/348
f 343/348 344/349 247/247
f 253/253 252/252 345/350
f 345/350 346/351 253/253
f 261/261 260/260 347/352
f 347/352 348/353 261/261
f 349/354 350/355 263/263
f 263/263 262/262 349/354
f 351/356 352/357 269/269
f 269/269 268/268 351/356
f 283/283 269/269 352/357
f 352/357 353/358 283/283
f 354/359 355/360 276/276
f 276/276 275/275 354/359
f 356/361 357/362 319/320
f 319/320 318/319 356/361
f 358/363 359/364 325/328
f 325/328 324/327 358/363
f 360/365 361/366 330/333
f 330/333 329/332 360/365
f 362/367 332/337 330/333
f 330/333 361/366 362/367
f 316/317 315/316 363/368
f 363/368 326/369 316/317
f 209/209 208/208 131/131
f 131/131 130/130 209/209
f 211/211 209/209 130/130
f 130/130 203/203 211/211
f 203/203 328/331 322/324
f 322/324 211/211 203/203
f 329/332 325/328 359/364
f 359/364 360/365 329/332
f 326/329 325/328 329/332
f 329/332 316/335 326/329
f 364/370 326/369 363/368
f 363/368 365/371 364/370
f 317/372 366/373 367/374
f 367/374 368/375 317/372
f 369/376 370/377 371/378
f 371/378 372/379 369/376
f 371/378 373/380 374/381
f 374/381 372/379 371/378
f 136/136 135/135 207/207
f 207/207 206/206 136/136
f 200/200 136/136 206/206
f 206/206 210/210 200/200
f 210/210 323/325 320/322
f 320/322 200/200 210/210
f 324/327 319/320 357/362
f 357/362 358/363 324/327
f 366/321 319/320 324/327
f 324/327 364/326 366/321
f 366/373 364/370 365/371
f 365/371 367/374 366/373
f 375/382 376/383 377/384
f 377/384 378/385 375/382
f 379/386 380/387 381/388
f 381/388 382/389 379/386
f 383/390 384/391 385/392
f 385/392 386/393 383/390
f 387/394 388/395 389/396
f 389/396 390/397 387/394
f 391/398 392/399 393/400
f 393/400 394/401 391/398
f 395/402 396/403 397/404
f 397/404 398/405 395/402
f 399/406 400/407 401/408
f 401/408 402/409 399/406
f 403/410 404/411 405/412
f 405/412 406/413 403/410
f 406/413 407/414 408/415
f 408/415 403/410 406/413
f 409/416 408/415 407/414
f 407/414 410/417 409/416
f 411/418 409/416 410/417
f 410/417 412/419 411/418
f 413/420 411/418 412/419
f 412/419 414/421 413/420
f 415/422 413/420 414/421
f 414/421 416/423 415/422
f 417/424 418/425 419/426
f 419/426 420/427 417/424
f 421/428 422/429 417/424
f 417/424 420/427 421/428
f 423/430 424/431 425/432
f 425/432 426/433 423/430
f 427/434 428/435 429/436
f 429/436 430/437 427/434
f 431/438 432/439 433/440
f 433/440 434/441 431/438
f 435/442 436/443 437/444
f 437/444 438/445 435/442
f 439/446 440/447 441/448
f 441/448 442/449 439/446
f 443/450 444/451 445/452
f 445/452 446/453 443/450
f 447/454 448/455 449/456
f 449/456 450/457 447/454
f 451/458 452/459 453/460
f 453/460 454/461 451/458
f 455/462 456/463 457/464
f 457/464 458/465 455/462
f 459/466 460/467 461/468
f 461/468 462/469 459/466
f 463/470 464/471 459/466
f 459/466 462/469 463/470
f 314/315 313/314 404/411
f 404/411 403/410 314/315
f 403/410 408/415 315/316
f 315/316 314/315 403/410
f 363/368 315/316 408/415
f 408/415 409/416 363/368
f 365/371 363/368 409/416
f 409/416 411/418 365/371
f 367/374 365/371 411/418
f 411/418 413/420 367/374
f 368/375 367/374 413/420
f 413/420 415/422 368/375
f 372/379 374/381 418/425
f 418/425 417/424 372/379
f 422/429 369/376 372/379
f 372/379 417/424 422/429
f 424/431 375/382 378/385
f 378/385 425/432 424/431
f 428/435 379/386 382/389
f 382/389 429/436 428/435
f 431/438 386/393 385/392
f 385/392 432/439 431/438
f 402/409 401/408 436/443
f 436/443 435/442 402/409
f 441/448 440/447 388/395
f 388/395 387/394 441/448
f 394/401 393/400 444/451
f 444/451 443/450 394/401
f 398/405 397/404 448/455
f 448/455 447/454 398/405
f 465/472 466/473 407/414
f 407/414 406/413 465/472
f 410/417 407/414 466/473
f 466/473 467/474 410/417
f 412/419 410/417 467/474
f 467/474 468/475 412/419
f 414/421 412/419 468/475
f 468/475 469/476 414/421
f 416/423 414/421 469/476
f 469/476 470/477 416/423
f 420/427 419/426 471/478
f 471/478 472/479 420/427
f 472/479 473/480 421/428
f 421/428 420/427 472/479
f 474/481 475/482 423/430
f 423/430 426/433 474/481
f 476/483 477/484 427/434
f 427/434 430/437 476/483
f 434/441 433/440 478/485
f 478/485 479/486 434/441
f 438/445 437/444 480/487
f 480/487 481/488 438/445
f 482/489 483/490 439/446
f 439/446 442/449 482/489
f 446/453 445/452 484/491
f 484/491 485/492 446/453
f 450/457 449/456 486/493
f 486/493 487/494 450/457
f 488/495 489/496 490/497
f 490/497 491/498 488/495
f 492/499 493/500 494/501
f 494/501 495/502 492/499
f 496/503 492/499 495/502
f 495/502 497/504 496/503
f 498/505 499/506 500/507
f 500/507 501/508 498/505
f 502/509 503/510 511/511
f 511/511 504/512 502/509
f 505/513 506/514 498/505
f 498/505 501/508 505/513
f 507/515 508/516 509/517
f 509/517 510/518 507/515
f 503/519 507/515 510/518
f 510/518 511/520 503/519
f 512/521 513/522 514/523
f 514/523 515/524 512/521
f 513/522 502/509 504/512
f 504/512 514/523 513/522
f 516/525 517/526 518/527
f 518/527 519/528 516/525
f 520/529 521/530 522/531
f 522/531 523/532 520/529
f 524/533 525/534 526/535
f 526/535 527/536 524/533
f 528/537 529/538 524/533
f 524/533 527/536 528/537
f 530/539 531/540 532/541
f 532/541 533/542 530/539
f 535/543 530/539 533/542
f 533/542 536/544 535/543
f 534/545 535/546 536/547
f 536/547 537/548 534/545
f 538/549 534/545 537/548
f 537/548 539/550 538/549
f 540/551 538/549 539/550
f 539/550 541/552 540/551
f 542/553 543/554 544/555
f 544/555 545/556 542/553
f 546/557 547/558 548/559
f 548/559 549/560 546/557
f 550/561 547/558 546/557
f 546/557 551/562 550/561
f 517/526 552/563 553/564
f 553/564 518/527 517/526
f 554/565 555/566 556/567
f 556/567 557/568 554/565
f 558/569 559/570 560/571
f 560/571 561/572 558/569
f 562/573 558/569 561/572
f 561/572 563/574 562/573
f 556/567 555/566 564/575
f 564/575 565/576 556/567
f 566/577 567/578 568/579
f 568/579 569/580 566/577
f 570/581 571/582 572/583
f 572/583 573/584 570/581
f 574/585 575/586 576/587
f 576/587 577/588 574/585
f 578/589 579/590 570/581
f 570/581 573/584 578/589
f 580/591 581/592 582/593
f 582/593 583/594 580/591
f 575/595 580/591 583/594
f 583/594 576/596 575/595
f 584/597 585/598 586/599
f 586/599 587/600 584/597
f 585/598 574/585 577/588
f 577/588 586/599 585/598
f 588/601 589/602 590/603
f 590/603 591/604 588/601
f 592/605 593/606 594/607
f 594/607 595/608 592/605
f 596/609 597/610 598/611
f 598/611 599/612 596/609
f 600/613 596/609 599/612
f 599/612 601/614 600/613
f 594/607 593/606 602/615
f 602/615 603/616 594/607
f 604/617 605/618 606/619
f 606/619 607/620 604/617
f 608/621 609/622 610/623
f 610/623 611/624 608/621
f 612/625 621/626 613/627
f 613/627 614/628 612/625
f 615/629 616/630 608/621
f 608/621 611/624 615/629
f 617/631 618/632 619/633
f 619/633 620/634 617/631
f 621/635 617/631 620/634
f 620/634 613/636 621/635
f 622/637 623/638 624/639
f 624/639 625/640 622/637
f 623/638 612/625 614/628
f 614/628 624/639 623/638
f 603/616 602/615 622/637
f 622/637 625/640 603/616
f 626/641 627/642 628/643
f 628/643 629/644 626/641
f 629/644 628/643 630/645
f 630/645 631/646 629/644
f 630/645 632/647 633/648
f 633/648 631/646 630/645
f 632/647 634/649 635/650
f 635/650 633/648 632/647
f 634/649 637/651 636/652
f 636/652 635/650 634/649
f 637/653 638/654 639/655
f 639/655 636/656 637/653
f 638/654 640/657 641/658
f 641/658 639/655 638/654
f 642/659 643/660 644/661
f 644/661 645/662 642/659
f 644/661 646/663 647/664
f 647/664 645/662 644/661
f 648/665 649/666 650/667
f 650/667 651/668 648/665
f 652/669 653/670 654/671
f 654/671 655/672 652/669
f 653/670 656/673 657/674
f 657/674 654/671 653/670
f 658/675 627/642 626/641
f 626/641 659/676 658/675
f 595/608 594/607 660/677
f 660/677 661/678 595/608
f 599/612 598/611 662/679
f 662/679 663/680 599/612
f 601/614 599/612 663/680
f 663/680 664/681 601/614
f 660/677 594/607 603/616
f 603/616 665/682 660/677
f 666/683 604/617 607/620
f 607/620 667/684 666/683
f 611/624 610/623 668/685
f 668/685 669/686 611/624
f 614/628 613/627 670/687
f 670/687 671/688 614/628
f 672/689 615/629 611/624
f 611/624 669/686 672/689
f 620/634 619/633 673/690
f 673/690 674/691 620/634
f 613/636 620/634 674/691
f 674/691 670/692 613/636
f 625/640 624/639 675/693
f 675/693 676/694 625/640
f 677/695 614/628 671/688
f 665/682 603/616 625/640
f 625/640 676/694 665/682
f 678/696 679/697 680/698
f 680/698 681/699 678/696
f 682/700 683/701 684/702
f 684/702 685/703 682/700
f 686/704 687/705 688/706
f 688/706 689/707 686/704
f 690/708 691/709 692/710
f 692/710 693/711 690/708
f 697/712 690/708 693/711
f 693/711 694/713 697/712
f 695/714 696/715 697/716
f 697/716 694/717 695/714
f 698/718 699/719 700/720
f 700/720 701/721 698/718
f 702/722 703/723 704/724
f 704/724 705/725 702/722
f 706/726 707/727 702/722
f 702/722 705/725 706/726
f 706/726 708/728 709/729
f 709/729 707/727 706/726
f 710/730 709/729 708/728
f 708/728 711/731 710/730
f 712/732 713/733 714/734
f 714/734 715/735 712/732
f 716/736 712/732 715/735
f 715/735 717/737 716/736
f 718/738 719/739 720/740
f 720/740 721/741 718/738
f 722/742 723/743 724/744
f 724/744 725/745 722/742
f 2101/746 726/747 727/748
f 727/748 2103/749 2101/746
f 728/750 729/751 730/752
f 730/752 731/753 728/750
f 732/754 733/755 734/756
f 734/756 735/757 732/754
f 736/758 737/759 738/760
f 738/760 2106/761 736/758
f 739/762 740/763 741/764
f 741/764 742/765 739/762
f 743/766 744/767 745/768
f 745/768 746/769 743/766
f 747/770 743/766 746/769
f 746/769 748/771 747/770
f 1180/772 732/754 735/757
f 735/757 749/773 1180/772
f 738/760 750/774 751/775
f 751/775 2106/761 738/760
f 741/764 752/776 753/777
f 753/777 742/765 741/764
f 743/766 754/778 755/779
f 755/779 744/767 743/766
f 747/770 1185/780 754/778
f 754/778 743/766 747/770
f 756/781 757/782 758/783
f 758/783 2111/784 756/781
f 759/785 760/786 761/787
f 761/787 762/788 759/785
f 763/789 764/790 765/791
f 765/791 766/792 763/789
f 1191/793 767/794 764/790
f 764/790 763/789 1191/793
f 768/795 769/796 2120/797
f 2120/797 2118/798 768/795
f 770/799 771/800 772/801
f 772/801 773/802 770/799
f 774/803 775/804 776/805
f 776/805 777/806 774/803
f 778/807 779/808 775/804
f 775/804 774/803 778/807
f 780/809 781/810 2124/811
f 2124/811 2122/812 780/809
f 782/813 783/814 784/815
f 784/815 785/816 782/813
f 786/817 787/818 788/819
f 788/819 789/820 786/817
f 790/821 791/822 787/818
f 787/818 786/817 790/821
f 792/823 793/824 1206/825
f 1206/825 794/826 792/823
f 795/827 792/823 794/826
f 794/826 796/828 795/827
f 797/829 798/830 799/831
f 799/831 800/832 797/829
f 2128/833 801/834 802/835
f 802/835 803/836 2128/833
f 804/837 805/838 806/839
f 806/839 2132/840 804/837
f 807/841 808/842 809/843
f 809/843 810/844 807/841
f 811/845 812/846 813/847
f 813/847 814/848 811/845
f 1217/849 811/845 814/848
f 814/848 1218/850 1217/849
f 815/851 816/852 817/853
f 817/853 2135/854 815/851
f 818/855 819/856 820/857
f 820/857 821/858 818/855
f 822/859 823/860 824/861
f 824/861 825/862 822/859
f 826/863 822/859 825/862
f 825/862 827/864 826/863
f 2135/854 817/853 828/865
f 821/858 820/857 1231/866
f 1231/866 828/865 821/858
f 823/860 822/859 1231/866
f 1231/866 822/859 826/863
f 829/867 830/868 831/869
f 831/869 832/870 829/867
f 833/871 834/872 835/873
f 835/873 836/874 833/871
f 837/875 838/876 839/877
f 839/877 840/878 837/875
f 841/879 842/880 843/881
f 843/881 844/882 841/879
f 845/883 846/884 847/885
f 847/885 848/886 845/883
f 849/887 850/888 851/889
f 851/889 852/890 849/887
f 853/891 854/892 855/893
f 855/893 856/894 853/891
f 857/895 858/896 859/897
f 859/897 860/898 857/895
f 861/899 858/896 857/895
f 861/899 862/900 858/896
f 858/896 862/900 863/901
f 863/901 859/897 858/896
f 864/902 855/893 854/892
f 854/892 2314/903 864/902
f 865/904 851/889 850/888
f 850/888 866/905 865/904
f 848/886 867/906 868/907
f 868/907 845/883 848/886
f 869/908 843/881 842/880
f 842/880 870/909 869/908
f 871/910 837/875 840/878
f 840/878 872/911 871/910
f 873/912 835/873 834/872
f 834/872 874/913 873/912
f 875/914 876/915 864/902
f 864/902 877/916 875/914
f 878/917 879/918 875/914
f 875/914 877/916 878/917
f 2309/919 880/920 879/918
f 879/918 878/917 2309/919
f 881/921 880/920 2309/919
f 882/922 1299/923 883/924
f 883/924 884/925 882/922
f 1301/926 885/927 884/925
f 884/925 883/924 1301/926
f 1301/926 1303/928 886/929
f 886/929 885/927 1301/926
f 1303/928 1305/930 887/931
f 887/931 886/929 1303/928
f 888/932 889/933 865/904
f 865/904 866/905 888/932
f 890/934 891/935 892/936
f 892/936 1308/937 890/934
f 1311/938 893/939 894/940
f 894/940 1312/941 1311/938
f 895/942 896/943 868/907
f 868/907 867/906 895/942
f 870/909 897/944 898/945
f 898/945 869/908 870/909
f 899/946 900/947 901/948
f 901/948 1315/949 899/946
f 872/911 902/950 903/951
f 903/951 871/910 872/911
f 1318/952 904/953 905/954
f 905/954 906/955 1318/952
f 907/956 908/957 873/912
f 873/912 874/913 907/956
f 1321/958 909/959 910/960
f 910/960 1322/961 1321/958
f 911/962 912/963 1325/964
f 1325/964 913/965 911/962
f 914/966 2099/967 2097/968
f 2097/968 915/969 914/966
f 916/970 917/971 918/972
f 918/972 919/973 916/970
f 920/974 921/975 922/976
f 922/976 923/977 920/974
f 1338/978 920/974 923/977
f 923/977 1339/979 1338/978
f 924/980 925/981 2116/982
f 2116/982 2114/983 924/980
f 926/984 927/985 928/986
f 928/986 929/987 926/984
f 930/988 931/989 932/990
f 932/990 933/991 930/988
f 934/992 1346/993 931/989
f 931/989 930/988 934/992
f 935/994 936/995 937/996
f 937/996 938/997 935/994
f 938/997 937/996 1713/998
f 1713/998 939/999 938/997
f 940/1000 1351/1001 882/922
f 882/922 884/925 940/1000
f 885/927 941/1002 940/1000
f 940/1000 884/925 885/927
f 886/929 942/1003 941/1002
f 941/1002 885/927 886/929
f 887/931 943/1004 942/1003
f 942/1003 886/929 887/931
f 891/935 944/1005 945/1006
f 945/1006 892/936 891/935
f 893/939 946/1007 947/1008
f 947/1008 894/940 893/939
f 900/947 948/1009 949/1010
f 949/1010 901/948 900/947
f 904/953 950/1011 951/1012
f 951/1012 905/954 904/953
f 909/959 952/1013 953/1014
f 953/1014 910/960 909/959
f 1713/998 1712/1015 954/1016
f 954/1016 939/999 1713/998
f 955/1017 956/1018 954/1016
f 954/1016 1712/1015 955/1017
f 957/1019 958/1020 959/1021
f 959/1021 1354/1022 957/1019
f 960/1023 961/1024 956/1018
f 956/1018 955/1017 960/1023
f 962/1025 963/1026 964/1027
f 964/1027 965/1028 962/1025
f 966/1029 967/1030 968/1031
f 968/1031 969/1032 966/1029
f 970/1033 971/1034 972/1035
f 972/1035 1362/1036 970/1033
f 973/1037 1366/1038 1365/1039
f 1365/1039 974/1040 973/1037
f 1369/1041 975/1042 976/1043
f 976/1043 977/1044 1369/1041
f 1372/1045 978/1046 979/1047
f 979/1047 980/1048 1372/1045
f 1375/1049 981/1050 982/1051
f 982/1051 983/1052 1375/1049
f 984/1053 985/1054 986/1055
f 986/1055 987/1056 984/1053
f 987/1056 986/1055 988/1057
f 988/1057 989/1058 987/1056
f 990/1059 991/1060 989/1058
f 989/1058 988/1057 990/1059
f 992/1061 993/1062 991/1060
f 991/1060 990/1059 992/1061
f 994/1063 995/1064 993/1062
f 993/1062 992/1061 994/1063
f 996/1065 997/1066 995/1064
f 995/1064 994/1063 996/1065
f 998/1067 999/1068 1000/1069
f 1000/1069 1001/1070 998/1067
f 1002/1071 1003/1072 999/1068
f 999/1068 998/1067 1002/1071
f 1004/1073 1005/1074 1006/1075
f 1006/1075 1007/1076 1004/1073
f 1008/1077 1009/1078 1010/1079
f 1010/1079 1011/1080 1008/1077
f 1012/1081 1013/1082 1014/1083
f 1014/1083 1015/1084 1012/1081
f 1016/1085 1017/1086 1018/1087
f 1018/1087 1019/1088 1016/1085
f 1020/1089 1021/1090 1022/1091
f 1022/1091 1023/1092 1020/1089
f 1024/1093 1025/1094 1026/1095
f 1026/1095 1027/1096 1024/1093
f 1028/1097 1029/1098 1030/1099
f 1030/1099 1031/1100 1028/1097
f 1032/1101 1033/1102 1034/1103
f 1034/1103 1035/1104 1032/1101
f 1036/1105 1037/1106 1038/1107
f 1038/1107 1039/1108 1036/1105
f 1040/1109 1041/1110 1042/1111
f 1042/1111 1043/1112 1040/1109
f 1044/1113 1045/1114 1041/1110
f 1041/1110 1040/1109 1044/1113
f 985/1054 935/994 938/997
f 938/997 986/1055 985/1054
f 986/1055 938/997 939/999
f 939/999 988/1057 986/1055
f 954/1016 990/1059 988/1057
f 988/1057 939/999 954/1016
f 956/1018 992/1061 990/1059
f 990/1059 954/1016 956/1018
f 961/1024 994/1063 992/1061
f 992/1061 956/1018 961/1024
f 1046/1115 996/1065 994/1063
f 994/1063 961/1024 1046/1115
f 959/1021 998/1067 1001/1070
f 1001/1070 1047/1116 959/1021
f 958/1020 1002/1071 998/1067
f 998/1067 959/1021 958/1020
f 963/1026 1004/1073 1007/1076
f 1007/1076 964/1027 963/1026
f 967/1030 1008/1077 1011/1080
f 1011/1080 968/1031 967/1030
f 971/1034 1012/1081 1015/1084
f 1015/1084 972/1035 971/1034
f 981/1050 1016/1085 1019/1088
f 1019/1088 982/1051 981/1050
f 1022/1091 973/1037 974/1040
f 974/1040 1023/1092 1022/1091
f 975/1042 1024/1093 1027/1096
f 1027/1096 976/1043 975/1042
f 978/1046 1028/1097 1031/1100
f 1031/1100 979/1047 978/1046
f 1048/1117 987/1056 989/1058
f 989/1058 1382/1118 1048/1117
f 991/1060 1049/1119 1382/1118
f 1382/1118 989/1058 991/1060
f 993/1062 1386/1120 1049/1119
f 1049/1119 991/1060 993/1062
f 995/1064 1050/1121 1386/1120
f 1386/1120 993/1062 995/1064
f 997/1066 1051/1122 1050/1121
f 1050/1121 995/1064 997/1066
f 999/1068 1391/1123 1390/1124
f 1390/1124 1000/1069 999/1068
f 1003/1072 1394/1125 1391/1123
f 1391/1123 999/1068 1003/1072
f 1005/1074 1052/1126 1053/1127
f 1053/1127 1006/1075 1005/1074
f 1009/1078 1054/1128 1055/1129
f 1055/1129 1010/1079 1009/1078
f 1013/1082 1056/1130 1400/1131
f 1400/1131 1014/1083 1013/1082
f 1017/1086 1404/1132 1403/1133
f 1403/1133 1018/1087 1017/1086
f 1408/1134 1407/1135 1021/1090
f 1021/1090 1020/1089 1408/1134
f 1025/1094 1412/1136 1411/1137
f 1411/1137 1026/1095 1025/1094
f 1029/1098 1057/1138 1058/1139
f 1058/1139 1030/1099 1029/1098
f 718/738 1059/1140 1060/1141
f 1060/1141 719/739 718/738
f 722/742 1061/1142 1062/1143
f 1062/1143 723/743 722/742
f 935/994 1063/1144 1064/1145
f 1064/1145 936/995 935/994
f 984/1053 1065/1146 1066/1147
f 1066/1147 985/1054 984/1053
f 985/1054 1066/1147 1063/1144
f 1063/1144 935/994 985/1054
f 1067/1148 1068/1149 1069/1150
f 1069/1150 1070/1151 1067/1148
f 1063/1144 1071/1152 1703/1153
f 1703/1153 1064/1145 1063/1144
f 1066/1147 1072/1154 1071/1152
f 1071/1152 1063/1144 1066/1147
f 1065/1146 1073/1155 1072/1154
f 1072/1154 1066/1147 1065/1146
f 1060/1141 1074/1156 1075/1157
f 1075/1157 1076/1158 1060/1141
f 1059/1140 1077/1159 1074/1156
f 1074/1156 1060/1141 1059/1140
f 1061/1142 1078/1160 1079/1161
f 1079/1161 1062/1143 1061/1142
f 1077/1159 1080/1162 1081/1163
f 1081/1163 1074/1156 1077/1159
f 1078/1160 1082/1164 1083/1165
f 1083/1165 1079/1161 1078/1160
f 1068/1149 1084/1166 1085/1167
f 1085/1167 1069/1150 1068/1149
f 1074/1156 1081/1163 1086/1168
f 1086/1168 1075/1157 1074/1156
f 1071/1152 1087/1169 1088/1170
f 1088/1170 1703/1153 1071/1152
f 1073/1155 1089/1171 1090/1172
f 1090/1172 1072/1154 1073/1155
f 1072/1154 1090/1172 1087/1169
f 1087/1169 1071/1152 1072/1154
f 1091/1173 2351/1174 1092/1175
f 1092/1175 1093/1176 1091/1173
f 1094/1177 1095/1178 1096/1179
f 1096/1179 1097/1180 1094/1177
f 1098/1181 1099/1182 1100/1183
f 1100/1183 1101/1184 1098/1181
f 1102/1185 1103/1186 1104/1187
f 1104/1187 1105/1188 1102/1185
f 1097/1180 1096/1179 1106/1189
f 1106/1189 1107/1190 1097/1180
f 1108/1191 1109/1192 1971/1193
f 1971/1193 1110/1194 1108/1191
f 1111/1195 1112/1196 1109/1192
f 1109/1192 1108/1191 1111/1195
f 1113/1197 1114/1198 1120/1199
f 1120/1199 1119/1200 1113/1197
f 1115/1201 1116/1202 1112/1196
f 1112/1196 1111/1195 1115/1201
f 1117/1203 1118/1204 1116/1202
f 1116/1202 1115/1201 1117/1203
f 1119/1205 1120/1206 1118/1204
f 1118/1204 1117/1203 1119/1205
f 1121/1207 1122/1208 1123/1209
f 1123/1209 1124/1210 1121/1207
f 1124/1210 1123/1209 1114/1198
f 1114/1198 1113/1197 1124/1210
f 2350/1211 1125/1212 1126/1213
f 1126/1213 1127/1214 2350/1211
f 1081/1163 1097/1180 1107/1190
f 1107/1190 1086/1168 1081/1163
f 2351/1174 2350/1211 1127/1214
f 1127/1214 1092/1175 2351/1174
f 1089/1171 1121/1207 1124/1210
f 1124/1210 1090/1172 1089/1171
f 1090/1172 1124/1210 1113/1197
f 1113/1197 1087/1169 1090/1172
f 1087/1169 1113/1197 1119/1200
f 1119/1200 1088/1170 1087/1169
f 1088/1215 1119/1205 1117/1203
f 1117/1203 1128/1216 1088/1215
f 1128/1216 1117/1203 1115/1201
f 1115/1201 1129/1217 1128/1216
f 1129/1217 1115/1201 1111/1195
f 1111/1195 1130/1218 1129/1217
f 1130/1218 1111/1195 1108/1191
f 1108/1191 1131/1219 1130/1218
f 1131/1219 1108/1191 1110/1194
f 1110/1194 1132/1220 1131/1219
f 1084/1166 1102/1185 1105/1188
f 1105/1188 1085/1167 1084/1166
f 1082/1164 1098/1181 1101/1184
f 1101/1184 1083/1165 1082/1164
f 1080/1162 1094/1177 1097/1180
f 1097/1180 1081/1163 1080/1162
f 1095/1178 1133/1221 1134/1222
f 1134/1222 1096/1179 1095/1178
f 1099/1182 1135/1223 1136/1224
f 1136/1224 1100/1183 1099/1182
f 1103/1186 1137/1225 1138/1226
f 1138/1226 1104/1187 1103/1186
f 1096/1179 1134/1222 1139/1227
f 1139/1227 1106/1189 1096/1179
f 1109/1192 1140/1228 1141/1229
f 1141/1229 1971/1193 1109/1192
f 1112/1196 1142/1230 1140/1228
f 1140/1228 1109/1192 1112/1196
f 1114/1198 1143/1231 1146/1232
f 1146/1232 1120/1199 1114/1198
f 1116/1202 1144/1233 1142/1230
f 1142/1230 1112/1196 1116/1202
f 1118/1204 1145/1234 1144/1233
f 1144/1233 1116/1202 1118/1204
f 1120/1206 1146/1235 1145/1234
f 1145/1234 1118/1204 1120/1206
f 1122/1208 1147/1236 1148/1237
f 1148/1237 1123/1209 1122/1208
f 1123/1209 1148/1237 1143/1231
f 1143/1231 1114/1198 1123/1209
f 1125/1212 1149/1238 1150/1239
f 1150/1239 1126/1213 1125/1212
f 1151/1240 1152/1241 1153/1242
f 1153/1242 1154/1243 1151/1240
f 1155/1244 1152/1241 1151/1240
f 1156/1245 1152/1241 1155/1244
f 1155/1244 1157/1246 1156/1245
f 1153/1242 1152/1241 1158/1247
f 1158/1247 1159/1248 1153/1242
f 1160/1249 1152/1250 1156/1251
f 1156/1251 1161/1252 1160/1249
f 1162/1253 1152/1250 1160/1249
f 1163/1254 1152/1255 1164/1256
f 1165/1257 1152/1250 1162/1253
f 1166/1258 1152/1250 1165/1257
f 1164/1259 1152/1250 1166/1258
f 1167/1260 1152/1255 1168/1261
f 1168/1261 1152/1255 1163/1254
f 1158/1262 1152/1255 1167/1260
f 1167/1260 1169/1263 1158/1262
f 1140/1228 1160/1249 1161/1252
f 1161/1252 1141/1229 1140/1228
f 1142/1230 1162/1253 1160/1249
f 1160/1249 1140/1228 1142/1230
f 1144/1233 1165/1257 1162/1253
f 1162/1253 1142/1230 1144/1233
f 1145/1234 1166/1258 1165/1257
f 1165/1257 1144/1233 1145/1234
f 1146/1235 1164/1259 1166/1258
f 1166/1258 1145/1234 1146/1235
f 1143/1231 1163/1254 1164/1256
f 1164/1256 1146/1232 1143/1231
f 1148/1237 1168/1261 1163/1254
f 1163/1254 1143/1231 1148/1237
f 1147/1236 1167/1260 1168/1261
f 1168/1261 1148/1237 1147/1236
f 1149/1238 1158/1262 1169/1263
f 1169/1263 1150/1239 1149/1238
f 1134/1222 1153/1242 1159/1248
f 1159/1248 1139/1227 1134/1222
f 1133/1221 1154/1243 1153/1242
f 1153/1242 1134/1222 1133/1221
f 1135/1223 1155/1244 1151/1240
f 1151/1240 1136/1224 1135/1223
f 1137/1225 1156/1245 1157/1246
f 1157/1246 1138/1226 1137/1225
f 1170/1264 1171/1265 1172/1266
f 1172/1266 1173/1267 1170/1264
f 1174/1268 1175/1269 1176/1270
f 1176/1270 1177/1271 1174/1268
f 747/1272 748/1273 1178/1274
f 1178/1274 1179/1275 747/1272
f 1180/1276 749/1277 1181/1278
f 1181/1278 1182/1279 1180/1276
f 1183/1280 1174/1268 1177/1271
f 1177/1271 1184/1281 1183/1280
f 1185/1282 747/1272 1179/1275
f 1179/1275 1186/1283 1185/1282
f 1187/1284 1188/1285 1189/1286
f 1189/1286 1190/1287 1187/1284
f 767/1288 1191/1289 1192/1290
f 1192/1290 1193/1291 767/1288
f 1194/1292 1195/1293 1196/1294
f 1196/1294 1197/1295 1194/1292
f 779/1296 778/1297 1198/1298
f 1198/1298 1199/1299 779/1296
f 1200/1300 1201/1301 1202/1302
f 1202/1302 1203/1303 1200/1300
f 791/1304 790/1305 1204/1306
f 1204/1306 1205/1307 791/1304
f 1206/1308 793/1309 1207/1310
f 1207/1310 1208/1311 1206/1308
f 1209/1312 1210/1313 1211/1314
f 1211/1314 1212/1315 1209/1312
f 1213/1316 1214/1317 1215/1318
f 1215/1318 1216/1319 1213/1316
f 1217/1320 1218/1321 1219/1322
f 1219/1322 1220/1323 1217/1320
f 1221/1324 1222/1325 1223/1326
f 1223/1326 1224/1327 1221/1324
f 826/1328 827/1329 1225/1330
f 1225/1330 1226/1331 826/1328
f 124/124 1221/1324 1224/1327
f 1224/1327 1227/1332 124/124
f 1228/1333 1227/1332 828/1334
f 1229/1335 1230/1336 828/1334
f 828/1334 1231/1337 1229/1335
f 1232/1338 1233/1339 1231/1337
f 1231/1337 826/1328 1226/1331
f 1234/1340 1232/1338 1231/1337
f 1235/1341 1236/1342 1237/1343
f 1237/1343 1238/1344 1235/1341
f 1239/1345 1240/1346 1241/1347
f 1241/1347 1242/1348 1239/1345
f 1243/1349 1244/1350 1245/1351
f 1245/1351 1246/1352 1243/1349
f 1247/1353 1248/1354 1249/1355
f 1249/1355 1250/1356 1247/1353
f 1251/1357 1252/1358 1253/1359
f 1253/1359 1254/1360 1251/1357
f 1255/1361 1256/1362 1257/1363
f 1257/1363 1258/1364 1255/1361
f 1259/1365 1260/1366 1261/1367
f 1261/1367 1262/1368 1259/1365
f 1263/1369 1264/1370 1265/1371
f 1265/1371 1266/1372 1263/1369
f 1267/1373 1268/1374 1269/1375
f 1269/1375 1270/1376 1267/1373
f 1271/1377 1272/1378 1273/1379
f 1273/1379 1274/1380 1271/1377
f 1275/1381 1276/1382 1277/1383
f 1277/1383 1278/1384 1275/1381
f 1279/1385 1280/1386 1281/1387
f 1281/1387 1282/1388 1279/1385
f 1280/1386 178/178 1283/1389
f 1283/1389 1281/1387 1280/1386
f 178/178 179/179 1284/1390
f 1284/1390 1283/1389 178/178
f 179/179 180/180 1285/1391
f 1285/1391 1284/1390 179/179
f 180/180 181/181 1286/1392
f 1286/1392 1285/1391 180/180
f 183/183 182/182 1287/1393
f 1287/1393 1288/1394 183/183
f 1289/1395 1290/1396 1291/1397
f 1291/1397 1292/1398 1289/1395
f 182/182 214/214 1293/1399
f 1293/1399 1287/1393 182/182
f 214/214 215/215 1294/1400
f 1294/1400 1293/1399 214/214
f 215/215 217/217 1295/1401
f 1295/1401 1294/1400 215/215
f 217/217 219/219 1296/1402
f 1296/1402 1295/1401 217/217
f 1297/1403 1298/1404 883/1405
f 883/1405 1299/1406 1297/1403
f 1298/1404 1300/1407 1301/1408
f 1301/1408 883/1405 1298/1404
f 1300/1407 1302/1409 1303/1410
f 1303/1410 1301/1408 1300/1407
f 1302/1409 1304/1411 1305/1412
f 1305/1412 1303/1410 1302/1409
f 1306/1413 1307/1414 890/1415
f 890/1415 1308/1416 1306/1413
f 1309/1417 1310/1418 1311/1419
f 1311/1419 1312/1420 1309/1417
f 1313/1421 1314/1422 899/1423
f 899/1423 1315/1424 1313/1421
f 1316/1425 1317/1426 1318/1427
f 1318/1427 906/1428 1316/1425
f 1319/1429 1320/1430 1321/1431
f 1321/1431 1322/1432 1319/1429
f 1323/1433 1324/1434 1325/1435
f 1325/1435 912/1436 1323/1433
f 1326/1437 1327/1438 1521/1439
f 1521/1439 1522/1440 1326/1437
f 1328/1441 1329/1442 1541/1443
f 1541/1443 1542/1444 1328/1441
f 1330/1445 1247/1353 1250/1356
f 1250/1356 1331/1446 1330/1445
f 1327/1438 1332/1447 1333/1448
f 1333/1448 1521/1439 1327/1438
f 1334/1449 1335/1450 1336/1451
f 1336/1451 1337/1452 1334/1449
f 1338/1453 1339/1454 1340/1455
f 1340/1455 1341/1456 1338/1453
f 1342/1457 1343/1458 1344/1459
f 1344/1459 1345/1460 1342/1457
f 1346/1461 934/1462 1347/1463
f 1347/1463 1348/1464 1346/1461
f 1349/1465 1350/1466 882/1467
f 882/1467 1351/1468 1349/1465
f 1236/1342 1289/1395 1292/1398
f 1292/1398 1237/1343 1236/1342
f 1352/1469 1353/1470 957/1471
f 957/1471 1354/1472 1352/1469
f 1355/1473 1352/1469 1354/1472
f 1354/1472 1737/1474 1355/1473
f 1290/1396 1239/1345 1242/1348
f 1242/1348 1291/1397 1290/1396
f 1356/1475 1357/1476 962/1477
f 962/1477 965/1478 1356/1475
f 1358/1479 1359/1480 966/1481
f 966/1481 969/1482 1358/1479
f 1360/1483 1361/1484 970/1485
f 970/1485 1362/1486 1360/1483
f 1363/1487 1364/1488 1365/1489
f 1365/1489 1366/1490 1363/1487
f 1367/1491 1368/1492 1369/1493
f 1369/1493 977/1494 1367/1491
f 1370/1495 1371/1496 1372/1497
f 1372/1497 980/1498 1370/1495
f 1373/1499 1374/1500 1375/1501
f 1375/1501 983/1502 1373/1499
f 1376/1503 1377/1504 1378/1505
f 1378/1505 1379/1506 1376/1503
f 1045/1507 1044/1508 1380/1509
f 1380/1509 1381/1510 1045/1507
f 1048/1511 1382/1512 1383/1513
f 1383/1513 1384/1514 1048/1511
f 1382/1512 1049/1515 1385/1516
f 1385/1516 1383/1513 1382/1512
f 1049/1515 1386/1517 1387/1518
f 1387/1518 1385/1516 1049/1515
f 1386/1517 1050/1519 1388/1520
f 1388/1520 1387/1518 1386/1517
f 1050/1519 1051/1521 1389/1522
f 1389/1522 1388/1520 1050/1519
f 1390/1523 1391/1524 1392/1525
f 1392/1525 1393/1526 1390/1523
f 1391/1524 1394/1527 1395/1528
f 1395/1528 1392/1525 1391/1524
f 1053/1529 1052/1530 1396/1531
f 1396/1531 1397/1532 1053/1529
f 1055/1533 1054/1534 1398/1535
f 1398/1535 1399/1536 1055/1533
f 1400/1537 1056/1538 1401/1539
f 1401/1539 1402/1540 1400/1537
f 1403/1541 1404/1542 1405/1543
f 1405/1543 1406/1544 1403/1541
f 1407/1545 1408/1546 1409/1547
f 1409/1547 1410/1548 1407/1545
f 1411/1549 1412/1550 1413/1551
f 1413/1551 1414/1552 1411/1549
f 1058/1553 1057/1554 1415/1555
f 1415/1555 1416/1556 1058/1553
f 1417/1557 1418/1558 1419/1559
f 1419/1559 1420/1560 1417/1557
f 1421/1561 1422/1562 1423/1563
f 1424/1564 1425/1565 1426/1566
f 1426/1566 1427/1567 1424/1564
f 2450/1568 1428/1569 1429/1570
f 1429/1570 1430/1571 2450/1568
f 1431/1572 1432/1573 1433/1574
f 1433/1574 1434/1575 1431/1572
f 1435/1576 2454/1577 2448/1578
f 2448/1578 1436/1579 1435/1576
f 1437/1580 1438/1581 1439/1582
f 1439/1582 1440/1583 1437/1580
f 1441/1584 1442/1585 1443/1586
f 1443/1586 1444/1587 1441/1584
f 1445/1588 1437/1580 1440/1583
f 1440/1583 1448/1589 1445/1588
f 1441/1584 2449/1590 1446/1591
f 1446/1591 1442/1585 1441/1584
f 1447/1592 1445/1593 1448/1594
f 1448/1594 1449/1595 1447/1592
f 2449/1596 1450/1597 1451/1598
f 1451/1598 1446/1599 2449/1596
f 1452/1600 1453/1601 1447/1592
f 1447/1592 1449/1595 1452/1600
f 1450/1597 1454/1602 1455/1603
f 1456/1604 1457/1605 1458/1606
f 1458/1606 1459/1607 1456/1604
f 2452/1608 2451/1609 1460/1610
f 1460/1610 1461/1611 2452/1608
f 1462/1612 1463/1613 1456/1604
f 1456/1604 1459/1607 1462/1612
f 2451/1609 1464/1614 1465/1615
f 1465/1615 1460/1610 2451/1609
f 1466/1616 1467/1617 1463/1613
f 1463/1613 1462/1612 1466/1616
f 1464/1614 1468/1618 1469/1619
f 1469/1619 1465/1615 1464/1614
f 1470/1620 1467/1617 1466/1616
f 1466/1616 1471/1621 1470/1620
f 1468/1618 2456/1622 1472/1623
f 1472/1623 1469/1619 1468/1618
f 1473/1624 1474/1625 1475/1626
f 1475/1626 1476/1627 1473/1624
f 2457/1628 1477/1629 1478/1630
f 1478/1630 1479/1631 2457/1628
f 1480/1632 1473/1624 1476/1627
f 1476/1627 1481/1633 1480/1632
f 1477/1629 2455/1634 1482/1635
f 1482/1635 1478/1630 1477/1629
f 655/672 654/671 596/609
f 596/609 600/613 655/672
f 605/618 648/665 651/668
f 651/668 606/619 605/618
f 645/662 647/664 609/622
f 609/622 608/621 645/662
f 616/630 642/659 645/662
f 645/662 608/621 616/630
f 639/655 641/658 618/632
f 618/632 617/631 639/655
f 636/656 639/655 617/631
f 617/631 621/635 636/656
f 635/650 636/652 621/626
f 621/626 612/625 635/650
f 633/648 635/650 612/625
f 612/625 623/638 633/648
f 631/646 633/648 623/638
f 623/638 622/637 631/646
f 602/615 629/644 631/646
f 631/646 622/637 602/615
f 593/606 626/641 629/644
f 629/644 602/615 593/606
f 659/676 626/641 593/606
f 593/606 592/605 659/676
f 654/671 657/674 597/610
f 597/610 596/609 654/671
f 1483/1636 1484/1637 1485/1638
f 1485/1638 4/4 1483/1636
f 1486/1639 1487/1640 1488/1641
f 1488/1641 1489/1642 1486/1639
f 1487/1640 1490/1643 1491/1644
f 1491/1644 1488/1641 1487/1640
f 1492/1645 1496/1646 1493/1647
f 1493/1647 1494/1648 1492/1645
f 1495/1649 720/740 1496/1650
f 1496/1650 1492/1651 1495/1649
f 1497/1652 721/741 720/740
f 720/740 1495/1649 1497/1652
f 1498/1653 725/745 724/744
f 724/744 1499/1654 1498/1653
f 2094/1655 1500/1656 1501/1657
f 1501/1657 1502/1658 2094/1655
f 1503/1659 1504/1660 830/868
f 830/868 829/867 1503/1659
f 1504/1660 1503/1659 1505/1661
f 1505/1661 1506/1662 1504/1660
f 911/962 913/965 1507/1663
f 1507/1663 1508/1664 911/962
f 1509/1665 1510/1666 1511/1667
f 1511/1667 1512/1668 1509/1665
f 1513/1669 1514/1670 1510/1666
f 1510/1666 1509/1665 1513/1669
f 1513/1669 1515/1671 1516/1672
f 1516/1672 1514/1670 1513/1669
f 1517/1673 1518/1674 1519/1675
f 1519/1675 1520/1676 1517/1673
f 1521/1677 1518/1674 1517/1673
f 1517/1673 1522/1678 1521/1677
f 1518/1674 1521/1677 1333/1679
f 1333/1679 1523/1680 1518/1674
f 1523/1680 1524/1681 1519/1675
f 1519/1675 1518/1674 1523/1680
f 1509/1665 1512/1668 1525/1682
f 1525/1682 1526/1683 1509/1665
f 1513/1669 1509/1665 1526/1683
f 1526/1683 1527/1684 1513/1669
f 1515/1671 1513/1669 1527/1684
f 1527/1684 1528/1685 1515/1671
f 1529/1686 1530/1687 1531/1688
f 1531/1688 1532/1689 1529/1686
f 1533/1690 1529/1686 1532/1689
f 1532/1689 1534/1691 1533/1690
f 1535/1692 1536/1693 1533/1690
f 1533/1690 1534/1691 1535/1692
f 1537/1694 1538/1695 1539/1696
f 1539/1696 1540/1697 1537/1694
f 1541/1698 1537/1694 1540/1697
f 1540/1697 1542/1699 1541/1698
f 1543/1700 1544/1701 1545/1702
f 1545/1702 1546/1703 1543/1700
f 1547/1704 1543/1700 1546/1703
f 1546/1703 1548/1705 1547/1704
f 1549/1706 1550/1707 1547/1704
f 1547/1704 1548/1705 1549/1706
f 1551/1708 1552/1709 1553/1710
f 1553/1710 1554/1711 1551/1708
f 1555/1712 1551/1708 1554/1711
f 1554/1711 1558/1713 1555/1712
f 1556/1714 1557/1715 1555/1716
f 1555/1716 1558/1717 1556/1714
f 1559/1718 1560/1719 1561/1720
f 1561/1720 1562/1721 1559/1718
f 1563/1722 1564/1723 1560/1719
f 1560/1719 1559/1718 1563/1722
f 1565/1724 1566/1725 1567/1726
f 1567/1726 1568/1727 1565/1724
f 1569/1728 1568/1727 1567/1726
f 1567/1726 1570/1729 1569/1728
f 1571/1730 1572/1731 1569/1728
f 1569/1728 1570/1729 1571/1730
f 1573/1732 1574/1733 1575/1734
f 1575/1734 1576/1735 1573/1732
f 1539/1696 1538/1695 1577/1736
f 1577/1736 1578/1737 1539/1696
f 1553/1710 1552/1709 1579/1738
f 1579/1738 1580/1739 1553/1710
f 1519/1675 1524/1681 1581/1740
f 1581/1740 1582/1741 1519/1675
f 1520/1676 1519/1675 1582/1741
f 1582/1741 1583/1742 1520/1676
f 1508/1664 1507/1663 1584/1743
f 1584/1743 1585/1744 1508/1664
f 953/1014 952/1013 1586/1745
f 1586/1745 1587/1746 953/1014
f 951/1012 950/1011 1588/1747
f 1588/1747 1589/1748 951/1012
f 949/1010 948/1009 1590/1749
f 1590/1749 1591/1750 949/1010
f 947/1008 946/1007 1592/1751
f 1592/1751 1593/1752 947/1008
f 945/1006 944/1005 1594/1753
f 1594/1753 1595/1754 945/1006
f 942/1003 943/1004 1596/1755
f 1596/1755 1597/1756 942/1003
f 941/1002 942/1003 1597/1756
f 1597/1756 1598/1757 941/1002
f 940/1000 941/1002 1598/1757
f 1598/1757 1599/1758 940/1000
f 1601/1759 1351/1001 940/1000
f 940/1000 1599/1758 1601/1759
f 1600/1760 1349/1465 1351/1468
f 1351/1468 1601/1761 1600/1760
f 1602/1762 1603/1763 335/340
f 335/340 334/339 1602/1762
f 336/341 335/340 1603/1763
f 1603/1763 1604/1764 336/341
f 337/342 336/341 1604/1764
f 1604/1764 1605/1765 337/342
f 338/343 337/342 1605/1765
f 1605/1765 1606/1766 338/343
f 340/345 339/344 1607/1767
f 1607/1767 1608/1768 340/345
f 342/347 341/346 1609/1769
f 1609/1769 1610/1770 342/347
f 344/349 343/348 1611/1771
f 1611/1771 1612/1772 344/349
f 346/351 345/350 1613/1773
f 1613/1773 1614/1774 346/351
f 348/353 347/352 1615/1775
f 1615/1775 1616/1776 348/353
f 1617/1777 350/355 349/354
f 349/354 1618/1778 1617/1777
f 1619/1779 352/357 351/356
f 351/356 1620/1780 1619/1779
f 353/358 352/357 1619/1779
f 1619/1779 1621/1781 353/358
f 1622/1782 1564/1723 1563/1722
f 1563/1722 1623/1783 1622/1782
f 1624/1784 355/360 354/359
f 354/359 1625/1785 1624/1784
f 1626/1786 357/362 356/361
f 356/361 1627/1787 1626/1786
f 358/363 357/362 1626/1786
f 1626/1786 1628/1788 358/363
f 1629/1789 359/364 358/363
f 358/363 1628/1788 1629/1789
f 360/365 359/364 1629/1789
f 1629/1789 1630/1790 360/365
f 1631/1791 361/366 360/365
f 360/365 1630/1790 1631/1791
f 1631/1791 1632/1792 362/367
f 362/367 361/366 1631/1791
f 509/517 508/516 1633/1793
f 1633/1793 1634/1794 509/517
f 532/541 531/540 1635/1795
f 1635/1795 1636/1796 532/541
f 582/593 581/592 1637/1797
f 1637/1797 1638/1798 582/593
f 641/658 640/657 1639/1799
f 1639/1799 1640/1800 641/658
f 618/632 641/658 1640/1800
f 1640/1800 1641/1801 618/632
f 619/633 618/632 1641/1801
f 1641/1801 1642/1802 619/633
f 1643/1803 673/690 619/633
f 619/633 1642/1802 1643/1803
f 1439/1582 1438/1581 1644/1804
f 1644/1804 1645/1805 1439/1582
f 692/710 691/709 1646/1806
f 1646/1806 1647/1807 692/710
f 1646/1806 1648/1808 1649/1809
f 1644/1804 1650/1810 1651/1811
f 1651/1811 1645/1805 1644/1804
f 1642/1802 1652/1812 1653/1813
f 1653/1813 1643/1803 1642/1802
f 1641/1801 616/630 1652/1812
f 1652/1812 1642/1802 1641/1801
f 1640/1800 642/659 616/630
f 616/630 1641/1801 1640/1800
f 1639/1799 643/660 642/659
f 642/659 1640/1800 1639/1799
f 1637/1797 579/590 578/589
f 578/589 1638/1798 1637/1797
f 1635/1795 529/538 528/537
f 528/537 1636/1796 1635/1795
f 1633/1793 506/514 505/513
f 505/513 1634/1794 1633/1793
f 327/330 331/336 1632/1792
f 1632/1792 1631/1791 327/330
f 328/331 327/330 1631/1791
f 1631/1791 1630/1790 328/331
f 322/324 328/331 1630/1790
f 1630/1790 1629/1789 322/324
f 323/325 322/324 1629/1789
f 1629/1789 1628/1788 323/325
f 320/322 323/325 1628/1788
f 1628/1788 1626/1786 320/322
f 321/323 320/322 1626/1786
f 1626/1786 1627/1787 321/323
f 1625/1785 273/273 272/272
f 272/272 1624/1784 1625/1785
f 1623/1783 1566/1725 1565/1724
f 1565/1724 1622/1782 1623/1783
f 1619/1779 266/266 281/281
f 281/281 1621/1781 1619/1779
f 1620/1780 267/267 266/266
f 266/266 1619/1779 1620/1780
f 255/255 254/254 1617/1777
f 1617/1777 1618/1778 255/255
f 1616/1776 1615/1775 257/257
f 257/257 256/256 1616/1776
f 249/249 248/248 1614/1774
f 1614/1774 1613/1773 249/249
f 243/243 242/242 1612/1772
f 1612/1772 1611/1771 243/243
f 1610/1770 1609/1769 241/241
f 241/241 240/240 1610/1770
f 1608/1768 1607/1767 231/231
f 231/231 230/230 1608/1768
f 1606/1766 1605/1765 213/213
f 213/213 212/212 1606/1766
f 216/216 213/213 1605/1765
f 1605/1765 1604/1764 216/216
f 218/218 216/216 1604/1764
f 1604/1764 1603/1763 218/218
f 219/219 218/218 1603/1763
f 1603/1763 1602/1762 219/219
f 1654/1814 1600/1760 1601/1761
f 1601/1761 881/1815 1654/1814
f 880/920 881/921 1601/1759
f 1601/1759 1599/1758 880/920
f 879/918 880/920 1599/1758
f 1599/1758 1598/1757 879/918
f 875/914 879/918 1598/1757
f 1598/1757 1597/1756 875/914
f 1596/1755 876/915 875/914
f 875/914 1597/1756 1596/1755
f 1594/1753 889/933 888/932
f 888/932 1595/1754 1594/1753
f 1592/1751 896/943 895/942
f 895/942 1593/1752 1592/1751
f 898/945 897/944 1591/1750
f 1591/1750 1590/1749 898/945
f 903/951 902/950 1589/1748
f 1589/1748 1588/1747 903/951
f 1586/1745 908/957 907/956
f 907/956 1587/1746 1586/1745
f 1506/1662 1505/1661 1585/1744
f 1585/1744 1584/1743 1506/1662
f 1512/1668 1511/1667 1583/1742
f 1583/1742 1582/1741 1512/1668
f 1525/1682 1512/1668 1582/1741
f 1582/1741 1581/1740 1525/1682
f 1579/1738 1550/1707 1549/1706
f 1549/1706 1580/1739 1579/1738
f 1577/1736 1536/1693 1535/1692
f 1535/1692 1578/1737 1577/1736
f 969/1032 968/1031 963/1026
f 963/1026 962/1025 969/1032
f 968/1031 1011/1080 1004/1073
f 1004/1073 963/1026 968/1031
f 1011/1080 1010/1079 1005/1074
f 1005/1074 1004/1073 1011/1080
f 1010/1079 1055/1129 1052/1126
f 1052/1126 1005/1074 1010/1079
f 1052/1530 1055/1533 1399/1536
f 1399/1536 1396/1531 1052/1530
f 430/437 423/430 475/482
f 475/482 476/483 430/437
f 429/436 424/431 423/430
f 423/430 430/437 429/436
f 382/389 375/382 424/431
f 424/431 429/436 382/389
f 381/388 376/383 375/382
f 375/382 382/389 381/388
f 1357/1476 1358/1479 969/1482
f 969/1482 962/1477 1357/1476
f 1362/1036 972/1035 967/1030
f 967/1030 966/1029 1362/1036
f 972/1035 1015/1084 1008/1077
f 1008/1077 967/1030 972/1035
f 1015/1084 1014/1083 1009/1078
f 1009/1078 1008/1077 1015/1084
f 1014/1083 1400/1131 1054/1128
f 1054/1128 1009/1078 1014/1083
f 1054/1534 1400/1537 1402/1540
f 1402/1540 1398/1535 1054/1534
f 433/440 427/434 477/484
f 477/484 478/485 433/440
f 432/439 428/435 427/434
f 427/434 433/440 432/439
f 385/392 379/386 428/435
f 428/435 432/439 385/392
f 384/391 380/387 379/386
f 379/386 385/392 384/391
f 1359/1480 1360/1483 1362/1486
f 1362/1486 966/1481 1359/1480
f 1666/1816 1655/1817 958/1020
f 958/1020 957/1019 1666/1816
f 1655/1817 1656/1818 1002/1071
f 1002/1071 958/1020 1655/1817
f 1656/1818 1657/1819 1003/1072
f 1003/1072 1002/1071 1656/1818
f 1657/1819 1658/1820 1394/1125
f 1394/1125 1003/1072 1657/1819
f 1394/1527 1658/1821 1659/1822
f 1659/1822 1395/1528 1394/1527
f 1660/1823 421/428 473/480
f 473/480 1661/1824 1660/1823
f 1662/1825 422/429 421/428
f 421/428 1660/1823 1662/1825
f 1663/1826 369/376 422/429
f 422/429 1662/1825 1663/1826
f 1664/1827 370/377 369/376
f 369/376 1663/1826 1664/1827
f 1353/1470 1665/1828 1666/1829
f 1666/1829 957/1471 1353/1470
f 1667/1830 1668/1831 1538/1695
f 1538/1695 1537/1694 1667/1830
f 1577/1736 1538/1695 1668/1831
f 1668/1831 1669/1832 1577/1736
f 1669/1832 1670/1833 1536/1693
f 1536/1693 1577/1736 1669/1832
f 1533/1690 1536/1693 1670/1833
f 1670/1833 1671/1834 1533/1690
f 1671/1834 1672/1835 1529/1686
f 1529/1686 1533/1690 1671/1834
f 1672/1835 1673/1836 1530/1687
f 1530/1687 1529/1686 1672/1835
f 1240/1346 1243/1349 1246/1352
f 1246/1352 1241/1347 1240/1346
f 141/141 140/140 134/134
f 134/134 137/137 141/141
f 137/137 201/201 198/198
f 198/198 141/141 137/137
f 321/323 272/272 198/198
f 198/198 201/201 321/323
f 1624/1784 272/272 321/323
f 321/323 1627/1787 1624/1784
f 1627/1787 356/361 355/360
f 355/360 1624/1784 1627/1787
f 276/276 355/360 356/361
f 356/361 318/319 276/276
f 277/277 276/276 318/319
f 318/319 317/318 277/277
f 1674/1837 1675/1838 1673/1836
f 1673/1836 1672/1835 1674/1837
f 1671/1834 1676/1839 1674/1837
f 1674/1837 1672/1835 1671/1834
f 1670/1833 1677/1840 1676/1839
f 1676/1839 1671/1834 1670/1833
f 1677/1840 1670/1833 1669/1832
f 1669/1832 1678/1841 1677/1840
f 1678/1841 1669/1832 1668/1831
f 1668/1831 1679/1842 1678/1841
f 1680/1843 1679/1842 1668/1831
f 1668/1831 1667/1830 1680/1843
f 1674/1837 1681/1844 1682/1845
f 1682/1845 1675/1838 1674/1837
f 1682/1845 1681/1844 1683/1846
f 1683/1846 1684/1847 1682/1845
f 1685/1848 1131/1219 1132/1220
f 1132/1220 1972/1849 1685/1848
f 1684/1847 1683/1846 1686/1850
f 1686/1850 1687/1851 1684/1847
f 1973/1852 1688/1853 1689/1854
f 1689/1854 1690/1855 1973/1852
f 1972/1849 1973/1852 1690/1855
f 1690/1855 1685/1848 1972/1849
f 1687/1851 1686/1850 1691/1856
f 1691/1856 1692/1857 1687/1851
f 1678/1841 1693/1858 1694/1859
f 1694/1859 1677/1840 1678/1841
f 1695/1860 1694/1859 1693/1858
f 1693/1858 1696/1861 1695/1860
f 1697/1862 1695/1860 1696/1861
f 1696/1861 1698/1863 1697/1862
f 1699/1864 1697/1862 1698/1863
f 1698/1863 937/1865 1699/1864
f 936/1866 1700/1867 1699/1864
f 1699/1864 937/1865 936/1866
f 1701/1868 1700/1867 936/1866
f 936/1866 1064/1869 1701/1868
f 1702/1870 1701/1868 1064/1869
f 1064/1869 1703/1871 1702/1870
f 1088/1215 1128/1216 1703/1871
f 1703/1871 1128/1216 1702/1870
f 1128/1216 1129/1217 1702/1870
f 1704/1872 1130/1218 1131/1219
f 1131/1219 1685/1848 1704/1872
f 1685/1848 1690/1855 1705/1873
f 1705/1873 1704/1872 1685/1848
f 1690/1855 1689/1854 1706/1874
f 1706/1874 1705/1873 1690/1855
f 1706/1874 1689/1854 1691/1856
f 1691/1856 1707/1875 1706/1874
f 1691/1856 1686/1850 1708/1876
f 1708/1876 1707/1875 1691/1856
f 1686/1850 1683/1846 1709/1877
f 1709/1877 1708/1876 1686/1850
f 1683/1846 1681/1844 1710/1878
f 1710/1878 1709/1877 1683/1846
f 1676/1839 1710/1878 1681/1844
f 1681/1844 1674/1837 1676/1839
f 1702/1870 1129/1217 1130/1218
f 1130/1218 1704/1872 1702/1870
f 1704/1872 1705/1873 1701/1868
f 1701/1868 1702/1870 1704/1872
f 1705/1873 1706/1874 1700/1867
f 1700/1867 1701/1868 1705/1873
f 1700/1867 1706/1874 1707/1875
f 1707/1875 1699/1864 1700/1867
f 1707/1875 1708/1876 1697/1862
f 1697/1862 1699/1864 1707/1875
f 1708/1876 1709/1877 1695/1860
f 1695/1860 1697/1862 1708/1876
f 1709/1877 1710/1878 1694/1859
f 1694/1859 1695/1860 1709/1877
f 1677/1840 1694/1859 1710/1878
f 1710/1878 1676/1839 1677/1840
f 1679/1842 1711/1879 1693/1858
f 1693/1858 1678/1841 1679/1842
f 1696/1861 1693/1858 1711/1879
f 1711/1879 1712/1880 1696/1861
f 1698/1863 1696/1861 1712/1880
f 1712/1880 1713/1881 1698/1863
f 937/1865 1698/1863 1713/1881
f 1679/1842 1680/1843 955/1882
f 955/1882 1711/1879 1679/1842
f 1712/1880 1711/1879 955/1882
f 955/1882 1680/1843 960/1883
f 1444/1587 1443/1586 1436/1579
f 1436/1579 2448/1578 1444/1587
f 2453/1884 1714/1885 1429/1570
f 1429/1570 1428/1569 2453/1884
f 577/588 576/587 637/651
f 637/651 634/649 577/588
f 586/599 577/588 634/649
f 634/649 632/647 586/599
f 587/600 586/599 632/647
f 632/647 630/645 587/600
f 628/643 588/601 591/604
f 627/642 556/567 565/576
f 565/576 628/643 627/642
f 557/568 556/567 627/642
f 627/642 658/675 557/568
f 561/572 560/571 656/673
f 656/673 653/670 561/572
f 563/574 561/572 653/670
f 653/670 652/669 563/574
f 649/666 566/577 569/580
f 569/580 650/667 649/666
f 573/584 572/583 646/663
f 646/663 644/661 573/584
f 643/660 578/589 573/584
f 573/584 644/661 643/660
f 1638/1798 578/589 643/660
f 643/660 1639/1799 1638/1798
f 640/657 582/593 1638/1798
f 1638/1798 1639/1799 640/657
f 583/594 582/593 640/657
f 640/657 638/654 583/594
f 576/596 583/594 638/654
f 638/654 637/653 576/596
f 2456/1622 2457/1628 1479/1631
f 1479/1631 1472/1623 2456/1622
f 713/733 710/730 711/731
f 711/731 714/734 713/733
f 1474/1625 1470/1620 1471/1621
f 1471/1621 1475/1626 1474/1625
f 598/611 595/608 661/678
f 661/678 662/679 598/611
f 597/610 592/605 595/608
f 595/608 598/611 597/610
f 657/674 659/676 592/605
f 592/605 597/610 657/674
f 656/673 658/675 659/676
f 659/676 657/674 656/673
f 560/571 557/568 658/675
f 658/675 656/673 560/571
f 559/570 554/565 557/568
f 557/568 560/571 559/570
f 552/563 550/561 551/562
f 551/562 553/564 552/563
f 493/500 488/495 491/498
f 491/498 494/501 493/500
f 1484/1637 1486/1639 1489/1642
f 1489/1642 1485/1638 1484/1637
f 295/295 294/294 289/289
f 289/289 288/288 295/295
f 16/16 15/15 10/10
f 10/10 9/9 16/16
f 28/28 27/27 24/24
f 24/24 23/23 28/28
f 37/37 28/28 23/23
f 23/23 36/36 37/37
f 461/468 460/467 455/462
f 455/462 458/465 461/468
f 50/50 49/49 44/44
f 44/44 47/47 50/50
f 308/308 307/307 302/302
f 302/302 305/305 308/308
f 64/64 63/63 58/58
f 58/58 61/61 64/64
f 78/78 77/77 72/72
f 72/72 75/75 78/78
f 89/89 88/88 87/87
f 87/87 86/86 89/89
f 107/107 106/106 100/100
f 100/100 103/103 107/107
f 121/121 120/120 117/117
f 117/117 116/116 121/121
f 116/116 127/127 128/128
f 128/128 121/121 116/116
f 1233/1339 1229/1335 1231/1337
f 820/857 823/860 1231/866
f 824/861 823/860 820/857
f 820/857 819/856 824/861
f 813/847 812/846 808/842
f 808/842 807/841 813/847
f 800/832 795/827 796/828
f 796/828 797/829 800/832
f 789/820 788/819 783/814
f 783/814 782/813 789/820
f 777/806 776/805 771/800
f 771/800 770/799 777/806
f 933/991 932/990 927/985
f 927/985 926/984 933/991
f 766/792 765/791 760/786
f 760/786 759/785 766/792
f 1043/1112 1042/1111 1037/1106
f 1037/1106 1036/1105 1043/1112
f 744/767 755/779 752/776
f 752/776 741/764 744/767
f 745/768 744/767 741/764
f 741/764 740/763 745/768
f 734/756 733/755 728/750
f 728/750 731/753 734/756
f 922/976 921/975 916/970
f 916/970 919/973 922/976
f 1499/1654 724/744 721/741
f 721/741 1497/1652 1499/1654
f 723/743 718/738 721/741
f 721/741 724/744 723/743
f 723/743 1062/1143 1059/1140
f 1059/1140 718/738 723/743
f 1062/1143 1079/1161 1077/1159
f 1077/1159 1059/1140 1062/1143
f 1079/1161 1083/1165 1080/1162
f 1080/1162 1077/1159 1079/1161
f 1083/1165 1101/1184 1094/1177
f 1094/1177 1080/1162 1083/1165
f 1101/1184 1100/1183 1095/1178
f 1095/1178 1094/1177 1101/1184
f 1100/1183 1136/1224 1133/1221
f 1133/1221 1095/1178 1100/1183
f 1136/1224 1151/1240 1154/1243
f 1154/1243 1133/1221 1136/1224
f 1715/1886 490/497 1716/1887
f 1716/1887 1717/1888 1715/1886
f 491/498 490/497 1715/1886
f 1715/1886 1718/1889 491/498
f 494/501 491/498 1718/1889
f 1718/1889 1719/1890 494/501
f 495/502 494/501 1719/1890
f 1719/1890 1720/1891 495/502
f 497/504 495/502 1720/1891
f 1720/1891 1721/1892 497/504
f 1722/1893 1723/1894 1724/1895
f 1724/1895 1725/1896 1722/1893
f 501/508 500/507 1726/1897
f 1726/1897 1727/1898 501/508
f 1728/1899 505/513 501/508
f 501/508 1727/1898 1728/1899
f 1634/1794 505/513 1728/1899
f 1728/1899 1729/1900 1634/1794
f 1730/1901 509/517 1634/1794
f 1634/1794 1729/1900 1730/1901
f 510/518 509/517 1730/1901
f 1730/1901 1731/1902 510/518
f 511/520 510/518 1731/1902
f 1731/1902 1732/1903 511/520
f 504/512 511/511 1732/1904
f 1732/1904 1733/1905 504/512
f 514/523 504/512 1733/1905
f 1733/1905 1734/1906 514/523
f 515/524 514/523 1734/1906
f 1734/1906 1735/1907 515/524
f 589/602 542/553 545/556
f 545/556 590/603 589/602
f 555/566 546/557 549/560
f 549/560 564/575 555/566
f 551/562 546/557 555/566
f 555/566 554/565 551/562
f 553/564 551/562 554/565
f 554/565 559/570 553/564
f 518/527 553/564 559/570
f 559/570 558/569 518/527
f 519/528 518/527 558/569
f 558/569 562/573 519/528
f 567/578 520/529 523/532
f 523/532 568/579 567/578
f 527/536 526/535 571/582
f 571/582 570/581 527/536
f 579/590 528/537 527/536
f 527/536 570/581 579/590
f 1636/1796 528/537 579/590
f 579/590 1637/1797 1636/1796
f 581/592 532/541 1636/1796
f 1636/1796 1637/1797 581/592
f 533/542 532/541 581/592
f 581/592 580/591 533/542
f 536/544 533/542 580/591
f 580/591 575/595 536/544
f 537/548 536/547 575/586
f 575/586 574/585 537/548
f 539/550 537/548 574/585
f 574/585 585/598 539/550
f 541/552 539/550 585/598
f 585/598 584/597 541/552
f 1329/1442 1736/1908 1738/1909
f 1738/1909 1541/1443 1329/1442
f 1737/1910 1354/1022 959/1021
f 959/1021 1047/1116 1737/1910
f 1667/1830 1537/1694 1541/1698
f 1541/1698 1738/1911 1667/1830
f 960/1883 1680/1843 1667/1830
f 1667/1830 1738/1911 960/1883
f 960/1023 1738/1912 1046/1115
f 1046/1115 961/1024 960/1023
f 1736/1913 1355/1473 1737/1474
f 1737/1474 1738/1914 1736/1913
f 374/381 373/380 317/372
f 317/372 368/375 374/381
f 418/425 374/381 368/375
f 368/375 415/422 418/425
f 419/426 418/425 415/422
f 415/422 416/423 419/426
f 470/477 471/478 419/426
f 419/426 416/423 470/477
f 1051/1521 1390/1523 1393/1526
f 1393/1526 1389/1522 1051/1521
f 1000/1069 1390/1124 1051/1122
f 1051/1122 997/1066 1000/1069
f 1001/1070 1000/1069 997/1066
f 997/1066 996/1065 1001/1070
f 1047/1116 1001/1070 996/1065
f 996/1065 1046/1115 1047/1116
f 1738/1912 1737/1910 1047/1116
f 1047/1116 1046/1115 1738/1912
f 1572/1731 139/139 138/138
f 138/138 1569/1728 1572/1731
f 138/138 199/199 1568/1727
f 1568/1727 1569/1728 138/138
f 273/273 1565/1724 1568/1727
f 1568/1727 199/199 273/273
f 1622/1782 1565/1724 273/273
f 273/273 1625/1785 1622/1782
f 1625/1785 354/359 1564/1723
f 1564/1723 1622/1782 1625/1785
f 1560/1719 1564/1723 354/359
f 354/359 275/275 1560/1719
f 1561/1720 1560/1719 275/275
f 275/275 274/274 1561/1720
f 1557/1715 1328/1441 1542/1444
f 1542/1444 1555/1716 1557/1715
f 1542/1699 1540/1697 1551/1708
f 1551/1708 1555/1712 1542/1699
f 1540/1697 1539/1696 1552/1709
f 1552/1709 1551/1708 1540/1697
f 1579/1738 1552/1709 1539/1696
f 1539/1696 1578/1737 1579/1738
f 1578/1737 1535/1692 1550/1707
f 1550/1707 1579/1738 1578/1737
f 1547/1704 1550/1707 1535/1692
f 1535/1692 1534/1691 1547/1704
f 1534/1691 1532/1689 1543/1700
f 1543/1700 1547/1704 1534/1691
f 1532/1689 1531/1688 1544/1701
f 1544/1701 1543/1700 1532/1689
f 1244/1350 1573/1732 1576/1735
f 1576/1735 1245/1351 1244/1350
f 279/279 278/278 1571/1730
f 1571/1730 1570/1729 279/279
f 1570/1729 1567/1726 280/280
f 280/280 279/279 1570/1729
f 1566/1725 281/281 280/280
f 280/280 1567/1726 1566/1725
f 1621/1781 281/281 1566/1725
f 1566/1725 1623/1783 1621/1781
f 1563/1722 353/358 1621/1781
f 1621/1781 1623/1783 1563/1722
f 1559/1718 283/283 353/358
f 353/358 1563/1722 1559/1718
f 1562/1721 282/282 283/283
f 283/283 1559/1718 1562/1721
f 1332/1447 1556/1714 1558/1717
f 1558/1717 1333/1448 1332/1447
f 1523/1680 1333/1679 1558/1713
f 1558/1713 1554/1711 1523/1680
f 1554/1711 1553/1710 1524/1681
f 1524/1681 1523/1680 1554/1711
f 1581/1740 1524/1681 1553/1710
f 1553/1710 1580/1739 1581/1740
f 1549/1706 1525/1682 1581/1740
f 1581/1740 1580/1739 1549/1706
f 1526/1683 1525/1682 1549/1706
f 1549/1706 1548/1705 1526/1683
f 1527/1684 1526/1683 1548/1705
f 1548/1705 1546/1703 1527/1684
f 1528/1685 1527/1684 1546/1703
f 1546/1703 1545/1702 1528/1685
f 1574/1733 1330/1445 1331/1446
f 1331/1446 1575/1734 1574/1733
f 378/385 377/384 1664/1827
f 1664/1827 1663/1826 378/385
f 425/432 378/385 1663/1826
f 1663/1826 1662/1825 425/432
f 426/433 425/432 1662/1825
f 1662/1825 1660/1823 426/433
f 1661/1824 474/481 426/433
f 426/433 1660/1823 1661/1824
f 1658/1821 1053/1529 1397/1532
f 1397/1532 1659/1822 1658/1821
f 1006/1075 1053/1127 1658/1820
f 1658/1820 1657/1819 1006/1075
f 1007/1076 1006/1075 1657/1819
f 1657/1819 1656/1818 1007/1076
f 964/1027 1007/1076 1656/1818
f 1656/1818 1655/1817 964/1027
f 965/1028 964/1027 1655/1817
f 1655/1817 1666/1816 965/1028
f 1665/1828 1356/1475 965/1478
f 965/1478 1666/1829 1665/1828
f 1739/1915 383/390 386/393
f 386/393 1740/1916 1739/1915
f 1361/1484 1741/1917 1742/1918
f 1742/1918 970/1485 1361/1484
f 1742/1919 1743/1920 971/1034
f 971/1034 970/1033 1742/1919
f 1743/1920 1744/1921 1012/1081
f 1012/1081 971/1034 1743/1920
f 1744/1921 1745/1922 1013/1082
f 1013/1082 1012/1081 1744/1921
f 1745/1922 1746/1923 1056/1130
f 1056/1130 1013/1082 1745/1922
f 1056/1538 1746/1924 1747/1925
f 1747/1925 1401/1539 1056/1538
f 1748/1926 434/441 479/486
f 479/486 1749/1927 1748/1926
f 1750/1928 431/438 434/441
f 434/441 1748/1926 1750/1928
f 1740/1916 386/393 431/438
f 431/438 1750/1928 1740/1916
f 400/407 1739/1915 1740/1916
f 1740/1916 401/408 400/407
f 436/443 401/408 1740/1916
f 1740/1916 1750/1928 436/443
f 437/444 436/443 1750/1928
f 1750/1928 1748/1926 437/444
f 1749/1927 480/487 437/444
f 437/444 1748/1926 1749/1927
f 1746/1924 1403/1541 1406/1544
f 1406/1544 1747/1925 1746/1924
f 1018/1087 1403/1133 1746/1923
f 1746/1923 1745/1922 1018/1087
f 1019/1088 1018/1087 1745/1922
f 1745/1922 1744/1921 1019/1088
f 982/1051 1019/1088 1744/1921
f 1744/1921 1743/1920 982/1051
f 983/1052 982/1051 1743/1920
f 1743/1920 1742/1919 983/1052
f 1741/1917 1373/1499 983/1502
f 983/1502 1742/1918 1741/1917
f 1720/1891 1719/1890 552/563
f 552/563 517/526 1720/1891
f 1719/1890 1718/1889 550/561
f 550/561 552/563 1719/1890
f 1718/1889 1715/1886 547/558
f 547/558 550/561 1718/1889
f 547/558 1715/1886 1717/1888
f 1717/1888 548/559 547/558
f 543/554 1751/1929 1752/1930
f 1752/1930 544/555 543/554
f 1735/1907 1734/1906 538/549
f 538/549 540/551 1735/1907
f 1734/1906 1733/1905 534/545
f 534/545 538/549 1734/1906
f 1733/1905 1732/1904 535/546
f 535/546 534/545 1733/1905
f 1732/1903 1731/1902 530/539
f 530/539 535/543 1732/1903
f 1731/1902 1730/1901 531/540
f 531/540 530/539 1731/1902
f 1635/1795 531/540 1730/1901
f 1730/1901 1729/1900 1635/1795
f 1729/1900 1728/1899 529/538
f 529/538 1635/1795 1729/1900
f 524/533 529/538 1728/1899
f 1728/1899 1727/1898 524/533
f 1727/1898 1726/1897 525/534
f 525/534 524/533 1727/1898
f 521/530 1722/1893 1725/1896
f 1725/1896 522/531 521/530
f 1721/1892 1720/1891 517/526
f 517/526 516/525 1721/1892
f 1753/1931 1754/1932 1755/1933
f 1755/1933 1756/1934 1753/1931
f 1759/1935 1753/1931 1756/1934
f 1756/1934 1757/1936 1759/1935
f 1758/1937 1759/1938 1757/1939
f 1757/1939 1760/1940 1758/1937
f 1761/1941 1762/1942 1758/1937
f 1758/1937 1760/1940 1761/1941
f 1763/1943 1764/1944 1765/1945
f 1765/1945 1766/1946 1763/1943
f 1767/1947 1768/1948 1763/1943
f 1763/1943 1766/1946 1767/1947
f 1769/1949 1770/1950 1768/1948
f 1768/1948 1767/1947 1769/1949
f 1771/1951 1770/1950 1769/1949
f 1769/1949 1772/1952 1771/1951
f 1773/1953 1771/1951 1772/1952
f 1772/1952 1774/1954 1773/1953
f 1775/1955 1773/1953 1774/1954
f 1774/1954 1776/1956 1775/1955
f 1777/1957 1775/1955 1776/1956
f 1776/1956 1778/1958 1777/1957
f 1779/1959 1780/1960 1781/1961
f 1781/1961 1782/1962 1779/1959
f 1783/1963 1784/1964 1785/1965
f 1785/1965 1786/1966 1783/1963
f 1787/1967 1788/1968 1783/1963
f 1783/1963 1786/1966 1787/1967
f 1789/1969 1790/1970 1791/1971
f 1791/1971 1792/1972 1789/1969
f 1755/1933 1754/1932 1789/1969
f 1789/1969 1792/1972 1755/1933
f 1191/1289 1045/1507 1381/1510
f 1381/1510 1192/1290 1191/1289
f 1041/1110 1045/1114 1191/793
f 1191/793 763/789 1041/1110
f 1042/1111 1041/1110 763/789
f 763/789 766/792 1042/1111
f 1037/1106 1042/1111 766/792
f 766/792 759/785 1037/1106
f 1038/1107 1037/1106 759/785
f 759/785 762/788 1038/1107
f 1034/1103 1033/1102 756/781
f 756/781 2111/784 1034/1103
f 1188/1285 1376/1503 1379/1506
f 1379/1506 1189/1286 1188/1285
f 454/461 453/460 41/41
f 41/41 40/40 454/461
f 458/465 457/464 45/45
f 45/45 44/44 458/465
f 49/49 461/468 458/465
f 458/465 44/44 49/49
f 462/469 461/468 49/49
f 49/49 48/48 462/469
f 53/53 463/470 462/469
f 462/469 48/48 53/53
f 934/1462 767/1288 1193/1291
f 1193/1291 1347/1463 934/1462
f 764/790 767/794 934/992
f 934/992 930/988 764/790
f 765/791 764/790 930/988
f 930/988 933/991 765/791
f 760/786 765/791 933/991
f 933/991 926/984 760/786
f 761/787 760/786 926/984
f 926/984 929/987 761/787
f 758/783 757/782 924/980
f 924/980 2114/983 758/783
f 1343/1458 1187/1284 1190/1287
f 1190/1287 1344/1459 1343/1458
f 43/43 42/42 299/299
f 299/299 298/298 43/43
f 47/47 46/46 303/303
f 303/303 302/302 47/47
f 307/307 50/50 47/47
f 47/47 302/302 307/307
f 51/51 50/50 307/307
f 307/307 306/306 51/51
f 311/311 52/52 51/51
f 51/51 306/306 311/311
f 1044/1508 1185/1282 1186/1283
f 1186/1283 1380/1509 1044/1508
f 754/778 1185/780 1044/1113
f 1044/1113 1040/1109 754/778
f 755/779 754/778 1040/1109
f 1040/1109 1043/1112 755/779
f 752/776 755/779 1043/1112
f 1043/1112 1036/1105 752/776
f 753/777 752/776 1036/1105
f 1036/1105 1039/1108 753/777
f 751/775 750/774 1032/1101
f 1032/1101 1035/1104 751/775
f 1377/1504 1183/1280 1184/1281
f 1184/1281 1378/1505 1377/1504
f 34/34 33/33 452/459
f 452/459 451/458 34/34
f 36/36 35/35 456/463
f 456/463 455/462 36/36
f 460/467 37/37 36/36
f 36/36 455/462 460/467
f 38/38 37/37 460/467
f 460/467 459/466 38/38
f 464/471 39/39 38/38
f 38/38 459/466 464/471
f 30/30 31/31 13/13
f 13/13 26/26 30/30
f 27/27 26/26 13/13
f 13/13 16/16 27/27
f 24/24 27/27 16/16
f 16/16 9/9 24/24
f 12/12 21/21 24/24
f 24/24 9/9 12/12
f 6/6 17/17 20/20
f 20/20 7/7 6/6
f 1175/1269 1170/1264 1173/1267
f 1173/1267 1176/1270 1175/1269
f 2103/749 727/748 737/759
f 737/759 736/758 2103/749
f 729/751 728/750 740/763
f 740/763 739/762 729/751
f 733/755 745/768 740/763
f 740/763 728/750 733/755
f 746/769 745/768 733/755
f 733/755 732/754 746/769
f 748/771 746/769 732/754
f 732/754 1180/772 748/771
f 748/1273 1180/1276 1182/1279
f 1182/1279 1178/1274 748/1273
f 32/32 296/296 292/292
f 292/292 14/14 32/32
f 15/15 14/14 292/292
f 292/292 295/295 15/15
f 10/10 15/15 295/295
f 295/295 288/288 10/10
f 11/11 10/10 288/288
f 288/288 291/291 11/11
f 287/287 5/5 8/8
f 8/8 284/284 287/287
f 1171/1265 1334/1449 1337/1452
f 1337/1452 1172/1266 1171/1265
f 2099/967 914/966 726/747
f 726/747 2101/746 2099/967
f 731/753 730/752 917/971
f 917/971 916/970 731/753
f 921/975 734/756 731/753
f 731/753 916/970 921/975
f 735/757 734/756 921/975
f 921/975 920/974 735/757
f 749/773 735/757 920/974
f 920/974 1338/978 749/773
f 749/1277 1338/1453 1341/1456
f 1341/1456 1181/1278 749/1277
f 297/297 1490/1643 1487/1640
f 1487/1640 293/293 297/297
f 294/294 293/293 1487/1640
f 1487/1640 1486/1639 294/294
f 289/289 294/294 1486/1639
f 1486/1639 1484/1637 289/289
f 290/290 289/289 1484/1637
f 1484/1637 1483/1636 290/290
f 1793/1973 286/286 285/285
f 285/285 1794/1974 1793/1973
f 1335/1450 1795/1975 1796/1976
f 1796/1976 1336/1451 1335/1450
f 915/969 2097/968 2094/1655
f 2094/1655 1502/1658 915/969
f 919/973 918/972 1498/1653
f 1498/1653 1499/1654 919/973
f 1497/1652 922/976 919/973
f 919/973 1499/1654 1497/1652
f 923/977 922/976 1497/1652
f 1497/1652 1495/1649 923/977
f 1339/979 923/977 1495/1649
f 1495/1649 1492/1651 1339/979
f 1339/1454 1492/1645 1494/1648
f 1494/1648 1340/1455 1339/1454
f 778/1297 1346/1461 1348/1464
f 1348/1464 1198/1298 778/1297
f 931/989 1346/993 778/807
f 778/807 774/803 931/989
f 932/990 931/989 774/803
f 774/803 777/806 932/990
f 927/985 932/990 777/806
f 777/806 770/799 927/985
f 928/986 927/985 770/799
f 770/799 773/802 928/986
f 2116/982 925/981 768/795
f 768/795 2118/798 2116/982
f 1195/1293 1342/1457 1345/1460
f 1345/1460 1196/1294 1195/1293
f 301/301 300/300 55/55
f 55/55 54/54 301/301
f 305/305 304/304 59/59
f 59/59 58/58 305/305
f 63/63 308/308 305/305
f 305/305 58/58 63/63
f 309/309 308/308 63/63
f 63/63 62/62 309/309
f 67/67 310/310 309/309
f 309/309 62/62 67/67
f 790/1305 779/1296 1199/1299
f 1199/1299 1204/1306 790/1305
f 775/804 779/808 790/821
f 790/821 786/817 775/804
f 776/805 775/804 786/817
f 786/817 789/820 776/805
f 771/800 776/805 789/820
f 789/820 782/813 771/800
f 772/801 771/800 782/813
f 782/813 785/816 772/801
f 2120/797 769/796 780/809
f 780/809 2122/812 2120/797
f 1201/1301 1194/1292 1197/1295
f 1197/1295 1202/1302 1201/1301
f 57/57 56/56 69/69
f 69/69 68/68 57/57
f 61/61 60/60 73/73
f 73/73 72/72 61/61
f 77/77 64/64 61/61
f 61/61 72/72 77/77
f 65/65 64/64 77/77
f 77/77 76/76 65/65
f 81/81 66/66 65/65
f 65/65 76/76 81/81
f 1797/1977 791/1304 1205/1307
f 1205/1307 1798/1978 1797/1977
f 787/818 791/822 1797/1979
f 1797/1979 1799/1980 787/818
f 788/819 787/818 1799/1980
f 1799/1980 1800/1981 788/819
f 783/814 788/819 1800/1981
f 1800/1981 1801/1982 783/814
f 784/815 783/814 1801/1982
f 1801/1982 1802/1983 784/815
f 2124/811 781/810 1803/1984
f 1803/1984 2126/1985 2124/811
f 1804/1986 1200/1300 1203/1303
f 1203/1303 1805/1987 1804/1986
f 71/71 70/70 1806/1988
f 1806/1988 1807/1989 71/71
f 75/75 74/74 1808/1990
f 1808/1990 1809/1991 75/75
f 1810/1992 78/78 75/75
f 75/75 1809/1991 1810/1992
f 79/79 78/78 1810/1992
f 1810/1992 1811/1993 79/79
f 1812/1994 80/80 79/79
f 79/79 1811/1993 1812/1994
f 1811/1993 82/82 85/85
f 85/85 1812/1994 1811/1993
f 1810/1992 86/86 82/82
f 82/82 1811/1993 1810/1992
f 1809/1991 89/89 86/86
f 86/86 1810/1992 1809/1991
f 90/90 89/89 1809/1991
f 1809/1991 1808/1990 90/90
f 1806/1988 92/92 95/95
f 95/95 1807/1989 1806/1988
f 1210/1313 1804/1986 1805/1987
f 1805/1987 1211/1314 1210/1313
f 2126/1985 1803/1984 801/834
f 801/834 2128/833 2126/1985
f 800/832 799/831 1802/1983
f 1802/1983 1801/1982 800/832
f 1801/1982 1800/1981 795/827
f 795/827 800/832 1801/1982
f 1800/1981 1799/1980 792/823
f 792/823 795/827 1800/1981
f 1799/1980 1797/1979 793/824
f 793/824 792/823 1799/1980
f 793/1309 1797/1977 1798/1978
f 1798/1978 1207/1310 793/1309
f 109/109 84/84 83/83
f 83/83 105/105 109/109
f 106/106 105/105 83/83
f 83/83 87/87 106/106
f 100/100 106/106 87/87
f 87/87 88/88 100/100
f 88/88 91/91 101/101
f 101/101 100/100 88/88
f 93/93 96/96 99/99
f 99/99 94/94 93/93
f 1214/1317 1209/1312 1212/1315
f 1212/1315 1215/1318 1214/1317
f 803/836 802/835 805/838
f 805/838 804/837 803/836
f 797/829 807/841 810/844
f 810/844 798/830 797/829
f 796/828 813/847 807/841
f 807/841 797/829 796/828
f 814/848 813/847 796/828
f 796/828 794/826 814/848
f 1218/850 814/848 794/826
f 794/826 1206/825 1218/850
f 1218/1321 1206/1308 1208/1311
f 1208/1311 1219/1322 1218/1321
f 396/403 391/398 394/401
f 394/401 397/404 396/403
f 448/455 397/404 394/401
f 394/401 443/450 448/455
f 449/456 448/455 443/450
f 443/450 446/453 449/456
f 485/492 486/493 449/456
f 449/456 446/453 485/492
f 1412/1550 1058/1553 1416/1556
f 1416/1556 1413/1551 1412/1550
f 1030/1099 1058/1139 1412/1136
f 1412/1136 1025/1094 1030/1099
f 1031/1100 1030/1099 1025/1094
f 1025/1094 1024/1093 1031/1100
f 979/1047 1031/1100 1024/1093
f 1024/1093 975/1042 979/1047
f 980/1048 979/1047 975/1042
f 975/1042 1369/1041 980/1048
f 1368/1492 1370/1495 980/1498
f 980/1498 1369/1493 1368/1492
f 392/399 389/396 388/395
f 388/395 393/400 392/399
f 444/451 393/400 388/395
f 388/395 440/447 444/451
f 445/452 444/451 440/447
f 440/447 439/446 445/452
f 483/490 484/491 445/452
f 445/452 439/446 483/490
f 1408/1546 1411/1549 1414/1552
f 1414/1552 1409/1547 1408/1546
f 1026/1095 1411/1137 1408/1134
f 1408/1134 1020/1089 1026/1095
f 1027/1096 1026/1095 1020/1089
f 1020/1089 1023/1092 1027/1096
f 976/1043 1027/1096 1023/1092
f 1023/1092 974/1040 976/1043
f 977/1044 976/1043 974/1040
f 974/1040 1365/1039 977/1044
f 1364/1488 1367/1491 977/1494
f 977/1494 1365/1489 1364/1488
f 402/409 387/394 390/397
f 390/397 399/406 402/409
f 435/442 441/448 387/394
f 387/394 402/409 435/442
f 442/449 441/448 435/442
f 435/442 438/445 442/449
f 481/488 482/489 442/449
f 442/449 438/445 481/488
f 1404/1542 1407/1545 1410/1548
f 1410/1548 1405/1543 1404/1542
f 1021/1090 1407/1135 1404/1132
f 1404/1132 1017/1086 1021/1090
f 1022/1091 1021/1090 1017/1086
f 1017/1086 1016/1085 1022/1091
f 1016/1085 981/1050 973/1037
f 973/1037 1022/1091 1016/1085
f 981/1050 1375/1049 1366/1038
f 1366/1038 973/1037 981/1050
f 1374/1500 1363/1487 1366/1490
f 1366/1490 1375/1501 1374/1500
f 263/263 268/268 271/271
f 271/271 264/264 263/263
f 350/355 351/356 268/268
f 268/268 263/263 350/355
f 1620/1780 351/356 350/355
f 350/355 1617/1777 1620/1780
f 1617/1777 254/254 267/267
f 267/267 1620/1780 1617/1777
f 197/197 267/267 254/254
f 254/254 194/194 197/197
f 142/142 197/197 194/194
f 194/194 149/149 142/142
f 149/149 148/148 143/143
f 143/143 142/142 149/149
f 1248/1354 1251/1357 1254/1360
f 1254/1360 1249/1355 1248/1354
f 1514/1670 1516/1672 831/869
f 831/869 830/868 1514/1670
f 1510/1666 1514/1670 830/868
f 830/868 1504/1660 1510/1666
f 1511/1667 1510/1666 1504/1660
f 1504/1660 1506/1662 1511/1667
f 1583/1742 1511/1667 1506/1662
f 1506/1662 1584/1743 1583/1742
f 1507/1663 1520/1676 1583/1742
f 1583/1742 1584/1743 1507/1663
f 913/965 1517/1673 1520/1676
f 1520/1676 1507/1663 913/965
f 1522/1678 1517/1673 913/965
f 913/965 1325/964 1522/1678
f 1324/1434 1326/1437 1522/1440
f 1522/1440 1325/1435 1324/1434
f 261/261 262/262 265/265
f 265/265 258/258 261/261
f 348/353 349/354 262/262
f 262/262 261/261 348/353
f 1618/1778 349/354 348/353
f 348/353 1616/1776 1618/1778
f 256/256 255/255 1618/1778
f 1618/1778 1616/1776 256/256
f 195/195 255/255 256/256
f 256/256 192/192 195/195
f 146/146 195/195 192/192
f 192/192 152/152 146/146
f 152/152 151/151 147/147
f 147/147 146/146 152/152
f 1252/1358 1255/1361 1258/1364
f 1258/1364 1253/1359 1252/1358
f 835/873 829/867 832/870
f 832/870 836/874 835/873
f 873/912 1503/1659 829/867
f 829/867 835/873 873/912
f 1505/1661 1503/1659 873/912
f 873/912 908/957 1505/1661
f 1585/1744 1505/1661 908/957
f 908/957 1586/1745 1585/1744
f 952/1013 1508/1664 1585/1744
f 1585/1744 1586/1745 952/1013
f 909/959 911/962 1508/1664
f 1508/1664 952/1013 909/959
f 909/959 1321/958 912/963
f 912/963 911/962 909/959
f 1320/1430 1323/1433 912/1436
f 912/1436 1321/1431 1320/1430
f 259/259 250/250 253/253
f 253/253 260/260 259/259
f 347/352 260/260 253/253
f 253/253 346/351 347/352
f 1615/1775 347/352 346/351
f 346/351 1614/1774 1615/1775
f 257/257 1615/1775 1614/1774
f 1614/1774 248/248 257/257
f 193/193 257/257 248/248
f 248/248 190/190 193/193
f 153/153 193/193 190/190
f 190/190 154/154 153/153
f 157/157 150/150 153/153
f 153/153 154/154 157/157
f 1256/1362 1259/1365 1262/1368
f 1262/1368 1257/1363 1256/1362
f 838/876 837/875 834/872
f 834/872 833/871 838/876
f 874/913 834/872 837/875
f 837/875 871/910 874/913
f 903/951 907/956 874/913
f 874/913 871/910 903/951
f 1587/1746 907/956 903/951
f 903/951 1588/1747 1587/1746
f 950/1011 953/1014 1587/1746
f 1587/1746 1588/1747 950/1011
f 910/960 953/1014 950/1011
f 950/1011 904/953 910/960
f 1322/961 910/960 904/953
f 904/953 1318/952 1322/961
f 1317/1426 1319/1429 1322/1432
f 1322/1432 1318/1427 1317/1426
f 251/251 244/244 247/247
f 247/247 252/252 251/251
f 345/350 252/252 247/247
f 247/247 344/349 345/350
f 1613/1773 345/350 344/349
f 344/349 1612/1772 1613/1773
f 242/242 249/249 1613/1773
f 1613/1773 1612/1772 242/242
f 188/188 191/191 249/249
f 249/249 242/242 188/188
f 155/155 191/191 188/188
f 188/188 160/160 155/155
f 156/156 155/155 160/160
f 160/160 159/159 156/156
f 1260/1366 1263/1369 1266/1372
f 1266/1372 1261/1367 1260/1366
f 840/878 839/877 844/882
f 844/882 843/881 840/878
f 872/911 840/878 843/881
f 843/881 869/908 872/911
f 869/908 898/945 902/950
f 902/950 872/911 869/908
f 1589/1748 902/950 898/945
f 898/945 1590/1749 1589/1748
f 948/1009 951/1012 1589/1748
f 1589/1748 1590/1749 948/1009
f 905/954 951/1012 948/1009
f 948/1009 900/947 905/954
f 906/955 905/954 900/947
f 900/947 899/946 906/955
f 1314/1422 1316/1425 906/1428
f 906/1428 899/1423 1314/1422
f 245/245 236/236 239/239
f 239/239 246/246 245/245
f 343/348 246/246 239/239
f 239/239 342/347 343/348
f 1611/1771 343/348 342/347
f 342/347 1610/1770 1611/1771
f 240/240 243/243 1611/1771
f 1611/1771 1610/1770 240/240
f 186/186 189/189 243/243
f 243/243 240/240 186/186
f 161/161 189/189 186/186
f 186/186 162/162 161/161
f 165/165 158/158 161/161
f 161/161 162/162 165/165
f 1264/1370 1267/1373 1270/1376
f 1270/1376 1265/1371 1264/1370
f 846/884 845/883 842/880
f 842/880 841/879 846/884
f 870/909 842/880 845/883
f 845/883 868/907 870/909
f 868/907 896/943 897/944
f 897/944 870/909 868/907
f 1591/1750 897/944 896/943
f 896/943 1592/1751 1591/1750
f 946/1007 949/1010 1591/1750
f 1591/1750 1592/1751 946/1007
f 901/948 949/1010 946/1007
f 946/1007 893/939 901/948
f 1315/949 901/948 893/939
f 893/939 1311/938 1315/949
f 1310/1418 1313/1421 1315/1424
f 1315/1424 1311/1419 1310/1418
f 237/237 232/232 235/235
f 235/235 238/238 237/237
f 341/346 238/238 235/235
f 235/235 340/345 341/346
f 1609/1769 341/346 340/345
f 340/345 1608/1768 1609/1769
f 241/241 1609/1769 1608/1768
f 1608/1768 230/230 241/241
f 187/187 241/241 230/230
f 230/230 184/184 187/187
f 168/168 163/163 187/187
f 187/187 184/184 168/168
f 164/164 163/163 168/168
f 168/168 167/167 164/164
f 1268/1374 1271/1377 1274/1380
f 1274/1380 1269/1375 1268/1374
f 848/886 847/885 852/890
f 852/890 851/889 848/886
f 851/889 865/904 867/906
f 867/906 848/886 851/889
f 889/933 895/942 867/906
f 867/906 865/904 889/933
f 1593/1752 895/942 889/933
f 889/933 1594/1753 1593/1752
f 944/1005 947/1008 1593/1752
f 1593/1752 1594/1753 944/1005
f 894/940 947/1008 944/1005
f 944/1005 891/935 894/940
f 1312/941 894/940 891/935
f 891/935 890/934 1312/941
f 1307/1414 1309/1417 1312/1420
f 1312/1420 890/1415 1307/1414
f 233/233 229/229 228/228
f 228/228 234/234 233/233
f 339/344 234/234 228/228
f 228/228 338/343 339/344
f 1607/1767 339/344 338/343
f 338/343 1606/1766 1607/1767
f 231/231 1607/1767 1606/1766
f 1606/1766 212/212 231/231
f 185/185 231/231 212/212
f 212/212 182/182 185/185
f 169/169 185/185 182/182
f 182/182 172/172 169/169
f 171/171 166/166 169/169
f 169/169 172/172 171/171
f 1272/1378 1275/1381 1278/1384
f 1278/1384 1273/1379 1272/1378
f 856/894 855/893 850/888
f 850/888 849/887 856/894
f 866/905 850/888 855/893
f 855/893 864/902 866/905
f 876/915 888/932 866/905
f 866/905 864/902 876/915
f 1595/1754 888/932 876/915
f 876/915 1596/1755 1595/1754
f 943/1004 945/1006 1595/1754
f 1595/1754 1596/1755 943/1004
f 892/936 945/1006 943/1004
f 943/1004 887/931 892/936
f 1308/937 892/936 887/931
f 887/931 1305/930 1308/937
f 1304/1411 1306/1413 1308/1416
f 1308/1416 1305/1412 1304/1411
f 183/183 181/181 176/176
f 176/176 173/173 183/183
f 175/175 170/170 173/173
f 173/173 176/176 175/175
f 1276/1382 1279/1385 1282/1388
f 1282/1388 1277/1383 1276/1382
f 860/898 859/897 854/892
f 854/892 853/891 860/898
f 2314/903 854/892 859/897
f 859/897 863/901 2314/903
f 181/181 183/183 1288/1394
f 1288/1394 1286/1392 181/181
f 398/405 1813/1995 1814/1996
f 1814/1996 395/402 398/405
f 447/454 1815/1997 1813/1995
f 1813/1995 398/405 447/454
f 1816/1998 1815/1997 447/454
f 447/454 450/457 1816/1998
f 487/494 1817/1999 1816/1998
f 1816/1998 450/457 487/494
f 1057/1554 1818/2000 1819/2001
f 1819/2001 1415/1555 1057/1554
f 1820/2002 1818/2003 1057/1138
f 1057/1138 1029/1098 1820/2002
f 1821/2004 1820/2002 1029/1098
f 1029/1098 1028/1097 1821/2004
f 1028/1097 978/1046 1822/2005
f 1822/2005 1821/2004 1028/1097
f 978/1046 1372/1045 1823/2006
f 1823/2006 1822/2005 978/1046
f 1371/1496 1824/2007 1823/2008
f 1823/2008 1372/1497 1371/1496
f 1828/2009 1827/2010 1825/2011
f 1825/2011 1826/2012 1828/2009
f 1827/2013 1828/2014 1829/2015
f 1826/2012 1825/2011 1830/2016
f 1831/2017 1826/2012 1830/2016
f 1830/2016 1832/2018 1831/2017
f 1843/2019 1831/2017 1832/2018
f 1833/2020 1834/2021 1835/2022
f 1836/2023 1837/2024 1838/2025
f 1837/2024 1836/2023 1833/2020
f 1836/2023 1839/2026 1840/2027
f 1839/2026 1836/2023 1838/2025
f 1813/1995 1837/2024 1833/2020
f 1833/2020 1814/1996 1813/1995
f 1839/2026 1838/2025 1815/1997
f 1815/1997 1816/1998 1839/2026
f 1815/1997 1838/2025 1837/2024
f 1837/2024 1813/1995 1815/1997
f 1817/1999 1840/2027 1839/2026
f 1839/2026 1816/1998 1817/1999
f 1822/2005 1823/2006 1843/2019
f 1843/2019 1832/2018 1822/2005
f 1825/2011 1820/2002 1821/2004
f 1821/2004 1830/2016 1825/2011
f 1821/2004 1822/2005 1832/2018
f 1832/2018 1830/2016 1821/2004
f 1827/2010 1818/2003 1820/2002
f 1820/2002 1825/2011 1827/2010
f 1834/2021 1836/2023 1841/2028
f 1824/2007 1842/2029 1843/2030
f 1843/2030 1823/2008 1824/2007
f 1836/2023 1844/2031 1841/2028
f 1845/2032 1844/2031 1836/2023
f 1836/2023 1846/2033 1845/2032
f 1818/2000 1827/2013 1829/2015
f 1829/2015 1819/2001 1818/2000
f 119/119 104/104 107/107
f 107/107 120/120 119/119
f 117/117 120/120 107/107
f 107/107 103/103 117/117
f 102/102 114/114 117/117
f 117/117 103/103 102/102
f 97/97 110/110 113/113
f 113/113 98/98 97/97
f 1222/1325 1213/1316 1216/1319
f 1216/1319 1223/1326 1222/1325
f 2132/840 806/839 816/852
f 816/852 815/851 2132/840
f 809/843 808/842 819/856
f 819/856 818/855 809/843
f 812/846 824/861 819/856
f 819/856 808/842 812/846
f 825/862 824/861 812/846
f 812/846 811/845 825/862
f 827/864 825/862 811/845
f 811/845 1217/849 827/864
f 827/1329 1217/1320 1220/1323
f 1220/1323 1225/1330 827/1329
f 119/119 123/123 108/108
f 108/108 104/104 119/119
f 4/4 1485/1638 1847/2034
f 1847/2034 1/1 4/4
f 1485/1638 1489/1642 1848/2035
f 1848/2035 1847/2034 1485/1638
f 1489/1642 1488/1641 1849/2036
f 1849/2036 1848/2035 1489/1642
f 1850/2037 1851/2038 1852/2039
f 1852/2039 1853/2040 1850/2037
f 1854/2041 1855/2042 1856/2043
f 1856/2043 1857/2044 1854/2041
f 1858/2045 1859/2046 1854/2041
f 1854/2041 1857/2044 1858/2045
f 1860/2047 1859/2046 1858/2045
f 1858/2045 1861/2048 1860/2047
f 1862/2049 1860/2047 1861/2048
f 1861/2048 1863/2050 1862/2049
f 1864/2051 1865/2052 1862/2053
f 1862/2053 1863/2054 1864/2051
f 1866/2055 1867/2056 1868/2057
f 1868/2057 1869/2058 1866/2055
f 1870/2059 1871/2060 1872/2061
f 1872/2061 1873/2062 1870/2059
f 1874/2063 1875/2064 1870/2059
f 1870/2059 1873/2062 1874/2063
f 1876/2065 1877/2066 1875/2064
f 1875/2064 1874/2063 1876/2065
f 1878/2067 1877/2066 1876/2065
f 1876/2065 1879/2068 1878/2067
f 1880/2069 1878/2067 1879/2068
f 1879/2068 1881/2070 1880/2069
f 1882/2071 1880/2069 1881/2070
f 1881/2070 1883/2072 1882/2071
f 1884/2073 1882/2071 1883/2072
f 1883/2072 1885/2074 1884/2073
f 1886/2075 1887/2076 1888/2077
f 1888/2077 1889/2078 1886/2075
f 1890/2079 1891/2080 1892/2081
f 1892/2081 1893/2082 1890/2079
f 1788/1968 672/689 669/686
f 669/686 1783/1963 1788/1968
f 669/686 668/685 1784/1964
f 1784/1964 1783/1963 669/686
f 1781/1961 1780/1960 666/683
f 666/683 667/684 1781/1961
f 664/681 663/680 1775/1955
f 1775/1955 1777/1957 664/681
f 663/680 662/679 1773/1953
f 1773/1953 1775/1955 663/680
f 662/679 661/678 1771/1951
f 1771/1951 1773/1953 662/679
f 661/678 660/677 1770/1950
f 1770/1950 1771/1951 661/678
f 1770/1950 660/677 665/682
f 665/682 1768/1948 1770/1950
f 1768/1948 665/682 676/694
f 676/694 1763/1943 1768/1948
f 676/694 675/693 1764/1944
f 1764/1944 1763/1943 676/694
f 1762/1942 677/695 671/688
f 671/688 1758/1937 1762/1942
f 671/688 670/687 1759/1938
f 1759/1938 1758/1937 671/688
f 670/692 674/691 1753/1931
f 1753/1931 1759/1935 670/692
f 674/691 673/690 1754/1932
f 1754/1932 1753/1931 674/691
f 1789/1969 1754/1932 673/690
f 673/690 1643/1803 1789/1969
f 1643/1803 1653/1813 1790/1970
f 1790/1970 1789/1969 1643/1803
f 2455/1634 1421/1561 1423/1563
f 1423/1563 1894/2083 2455/1634
f 681/699 1895/2084 1896/2085
f 1896/2085 678/696 681/699
f 1888/2077 1897/2086 1898/2087
f 1898/2087 1889/2078 1888/2077
f 1419/1559 1899/2088 1900/2089
f 1900/2089 1420/1560 1419/1559
f 1781/1961 1901/2090 1902/2091
f 1902/2091 1782/1962 1781/1961
f 667/684 1903/2092 1901/2090
f 1901/2090 1781/1961 667/684
f 607/620 1904/2093 1903/2092
f 1903/2092 667/684 607/620
f 606/619 1905/2094 1904/2093
f 1904/2093 607/620 606/619
f 651/668 1906/2095 1905/2094
f 1905/2094 606/619 651/668
f 650/667 1907/2096 1906/2095
f 1906/2095 651/668 650/667
f 569/580 1908/2097 1907/2096
f 1907/2096 650/667 569/580
f 568/579 1909/2098 1908/2097
f 1908/2097 569/580 568/579
f 523/532 1910/2099 1909/2098
f 1909/2098 568/579 523/532
f 522/531 1911/2100 1910/2099
f 1910/2099 523/532 522/531
f 1725/1896 1912/2101 1911/2100
f 1911/2100 522/531 1725/1896
f 1724/1895 1913/2102 1912/2101
f 1912/2101 1725/1896 1724/1895
f 1138/1226 1157/1246 1155/1244
f 1155/1244 1135/1223 1138/1226
f 1104/1187 1138/1226 1135/1223
f 1135/1223 1099/1182 1104/1187
f 1105/1188 1104/1187 1099/1182
f 1099/1182 1098/1181 1105/1188
f 1085/1167 1105/1188 1098/1181
f 1098/1181 1082/1164 1085/1167
f 1069/1150 1085/1167 1082/1164
f 1082/1164 1078/1160 1069/1150
f 1070/1151 1069/1150 1078/1160
f 1078/1160 1061/1142 1070/1151
f 1914/2103 1070/1151 1061/1142
f 1061/1142 722/742 1914/2103
f 1914/2103 722/742 725/745
f 725/745 1501/1657 1914/2103
f 1502/1658 1501/1657 725/745
f 725/745 1498/1653 1502/1658
f 918/972 915/969 1502/1658
f 1502/1658 1498/1653 918/972
f 917/971 914/966 915/969
f 915/969 918/972 917/971
f 726/747 914/966 917/971
f 917/971 730/752 726/747
f 727/748 726/747 730/752
f 730/752 729/751 727/748
f 737/759 727/748 729/751
f 729/751 739/762 737/759
f 738/760 737/759 739/762
f 739/762 742/765 738/760
f 742/765 753/777 750/774
f 750/774 738/760 742/765
f 1032/1101 750/774 753/777
f 753/777 1039/1108 1032/1101
f 1039/1108 1038/1107 1033/1102
f 1033/1102 1032/1101 1039/1108
f 756/781 1033/1102 1038/1107
f 1038/1107 762/788 756/781
f 762/788 761/787 757/782
f 757/782 756/781 762/788
f 924/980 757/782 761/787
f 761/787 929/987 924/980
f 929/987 928/986 925/981
f 925/981 924/980 929/987
f 768/795 925/981 928/986
f 928/986 773/802 768/795
f 773/802 772/801 769/796
f 769/796 768/795 773/802
f 780/809 769/796 772/801
f 772/801 785/816 780/809
f 785/816 784/815 781/810
f 781/810 780/809 785/816
f 1803/1984 781/810 784/815
f 784/815 1802/1983 1803/1984
f 801/834 1803/1984 1802/1983
f 1802/1983 799/831 801/834
f 802/835 801/834 799/831
f 799/831 798/830 802/835
f 805/838 802/835 798/830
f 798/830 810/844 805/838
f 806/839 805/838 810/844
f 810/844 809/843 806/839
f 816/852 806/839 809/843
f 809/843 818/855 816/852
f 817/853 816/852 818/855
f 818/855 821/858 817/853
f 828/865 817/853 821/858
f 828/1334 1230/1336 1228/1333
f 125/125 124/124 126/126
f 126/126 115/115 125/125
f 1915/2104 125/125 115/115
f 115/115 114/114 1915/2104
f 1916/2105 1915/2104 114/114
f 114/114 102/102 1916/2105
f 1917/2106 1916/2105 102/102
f 102/102 101/101 1917/2106
f 1918/2107 1917/2106 101/101
f 101/101 91/91 1918/2107
f 1919/2108 1918/2107 91/91
f 91/91 90/90 1919/2108
f 1920/2109 1919/2108 90/90
f 90/90 1808/1990 1920/2109
f 74/74 1921/2110 1920/2109
f 1920/2109 1808/1990 74/74
f 73/73 1922/2111 1921/2110
f 1921/2110 74/74 73/73
f 60/60 1923/2112 1922/2111
f 1922/2111 73/73 60/60
f 59/59 1924/2113 1923/2112
f 1923/2112 60/60 59/59
f 304/304 1925/2114 1924/2113
f 1924/2113 59/59 304/304
f 303/303 1926/2115 1925/2114
f 1925/2114 304/304 303/303
f 46/46 1927/2116 1926/2115
f 1926/2115 303/303 46/46
f 45/45 1928/2117 1927/2116
f 1927/2116 46/46 45/45
f 457/464 1929/2118 1928/2117
f 1928/2117 45/45 457/464
f 456/463 1930/2119 1929/2118
f 1929/2118 457/464 456/463
f 35/35 1931/2120 1930/2119
f 1930/2119 456/463 35/35
f 22/22 1932/2121 1931/2120
f 1931/2120 35/35 22/22
f 1933/2122 1932/2121 22/22
f 22/22 21/21 1933/2122
f 1934/2123 1933/2122 21/21
f 21/21 12/12 1934/2123
f 1935/2124 1934/2123 12/12
f 12/12 11/11 1935/2124
f 1936/2125 1935/2124 11/11
f 11/11 291/291 1936/2125
f 291/291 290/290 1937/2126
f 1937/2126 1936/2125 291/291
f 1938/2127 1937/2126 290/290
f 290/290 1483/1636 1938/2127
f 3/3 1938/2127 1483/1636
f 1483/1636 4/4 3/3
f 1421/1561 2450/1568 1939/2128
f 1939/2128 1940/2129 1421/1561
f 1941/2130 1942/2131 1943/2132
f 1943/2132 1944/2133 1941/2130
f 1945/2134 1946/2135 1947/2136
f 1947/2136 1948/2137 1945/2134
f 1949/2138 1950/2139 1951/2140
f 1951/2140 1952/2141 1949/2138
f 1953/2142 1954/2143 1955/2144
f 1955/2144 1956/2145 1953/2142
f 1957/2146 1958/2147 1954/2143
f 1954/2143 1953/2142 1957/2146
f 1959/2148 1960/2149 1958/2147
f 1958/2147 1957/2146 1959/2148
f 609/622 1961/2150 1960/2149
f 1960/2149 1959/2148 609/622
f 647/664 1962/2151 1961/2150
f 1961/2150 609/622 647/664
f 646/663 1963/2152 1962/2151
f 1962/2151 647/664 646/663
f 572/583 1964/2153 1963/2152
f 1963/2152 646/663 572/583
f 571/582 1965/2154 1964/2153
f 1964/2153 572/583 571/582
f 526/535 1966/2155 1965/2154
f 1965/2154 571/582 526/535
f 525/534 1967/2156 1966/2155
f 1966/2155 526/535 525/534
f 1726/1897 1968/2157 1967/2156
f 1967/2156 525/534 1726/1897
f 500/507 1969/2158 1968/2157
f 1968/2157 1726/1897 500/507
f 499/506 1970/2159 1969/2158
f 1969/2158 500/507 499/506
f 1141/2160 1161/2161 1156/1245
f 1156/1245 1137/1225 1141/2160
f 1971/2162 1141/2160 1137/1225
f 1137/1225 1103/1186 1971/2162
f 1110/2163 1971/2162 1103/1186
f 1103/1186 1102/1185 1110/2163
f 1132/2164 1110/2163 1102/1185
f 1102/1185 1084/1166 1132/2164
f 1972/2165 1132/2164 1084/1166
f 1084/1166 1068/1149 1972/2165
f 1068/1149 1067/1148 1973/2166
f 1973/2166 1972/2165 1068/1149
f 2533/2167 1687/1851 1692/1857
f 1692/1857 2534/2168 2533/2167
f 1974/2169 1684/1847 1687/1851
f 1687/1851 2533/2167 1974/2169
f 2532/2170 1682/1845 1684/1847
f 1684/1847 1974/2169 2532/2170
f 1675/1838 1682/1845 2532/2170
f 2532/2170 1975/2171 1675/1838
f 1673/1836 1675/1838 1975/2171
f 1975/2171 2531/2172 1673/1836
f 1530/1687 1673/1836 2531/2172
f 2531/2172 2530/2173 1530/1687
f 1531/1688 1530/1687 2530/2173
f 2530/2173 2529/2174 1531/1688
f 1544/1701 1531/1688 2529/2174
f 2529/2174 1976/2175 1544/1701
f 1545/1702 1544/1701 1976/2175
f 1976/2175 2528/2176 1545/1702
f 2527/2177 1528/1685 1545/1702
f 1545/1702 2528/2176 2527/2177
f 2526/2178 1515/1671 1528/1685
f 1528/1685 2527/2177 2526/2178
f 1516/1672 1515/1671 2526/2178
f 2526/2178 2525/2179 1516/1672
f 831/869 1516/1672 2525/2179
f 2525/2179 1977/2180 831/869
f 832/870 831/869 1977/2180
f 1977/2180 2524/2181 832/870
f 836/874 832/870 2524/2181
f 2524/2181 2523/2182 836/874
f 2522/2183 833/871 836/874
f 836/874 2523/2182 2522/2183
f 1978/2184 838/876 833/871
f 833/871 2522/2183 1978/2184
f 839/877 838/876 1978/2184
f 1978/2184 2521/2185 839/877
f 844/882 839/877 2521/2185
f 2521/2185 2520/2186 844/882
f 2519/2187 841/879 844/882
f 844/882 2520/2186 2519/2187
f 1979/2188 846/884 841/879
f 841/879 2519/2187 1979/2188
f 847/885 846/884 1979/2188
f 1979/2188 1980/2189 847/885
f 852/890 847/885 1980/2189
f 1980/2189 2518/2190 852/890
f 2517/2191 849/887 852/890
f 852/890 2518/2190 2517/2191
f 2516/2192 856/894 849/887
f 849/887 2517/2191 2516/2192
f 2515/2193 853/891 856/894
f 856/894 2516/2192 2515/2193
f 2514/2194 860/898 853/891
f 853/891 2515/2193 2514/2194
f 2053/2195 857/895 860/898
f 860/898 2514/2194 2053/2195
f 861/899 857/895 2053/2195
f 178/178 1280/1386 1981/2196
f 1280/1386 1279/1385 1982/2197
f 1982/2197 1981/2196 1280/1386
f 1279/1385 1276/1382 1983/2198
f 1983/2198 1982/2197 1279/1385
f 1276/1382 1275/1381 1984/2199
f 1984/2199 1983/2198 1276/1382
f 1275/1381 1272/1378 1985/2200
f 1985/2200 1984/2199 1275/1381
f 1272/1378 1271/1377 1986/2201
f 1986/2201 1985/2200 1272/1378
f 1268/1374 1987/2202 1986/2201
f 1986/2201 1271/1377 1268/1374
f 1988/2203 1987/2202 1268/1374
f 1268/1374 1267/1373 1988/2203
f 1267/1373 1264/1370 1989/2204
f 1989/2204 1988/2203 1267/1373
f 1264/1370 1263/1369 1990/2205
f 1990/2205 1989/2204 1264/1370
f 1260/1366 1991/2206 1990/2205
f 1990/2205 1263/1369 1260/1366
f 1992/2207 1991/2206 1260/1366
f 1260/1366 1259/1365 1992/2207
f 1259/1365 1256/1362 1993/2208
f 1993/2208 1992/2207 1259/1365
f 1256/1362 1255/1361 1994/2209
f 1994/2209 1993/2208 1256/1362
f 1995/2210 1994/2209 1255/1361
f 1255/1361 1252/1358 1995/2210
f 1996/2211 1995/2210 1252/1358
f 1252/1358 1251/1357 1996/2211
f 1997/2212 1996/2211 1251/1357
f 1251/1357 1248/1354 1997/2212
f 1998/2213 1997/2212 1248/1354
f 1248/1354 1247/1353 1998/2213
f 1999/2214 1998/2213 1247/1353
f 1247/1353 1330/1445 1999/2214
f 2000/2215 1999/2214 1330/1445
f 1330/1445 1574/1733 2000/2215
f 1574/1733 1573/1732 2001/2216
f 2001/2216 2000/2215 1574/1733
f 1573/1732 1244/1350 2002/2217
f 2002/2217 2001/2216 1573/1732
f 2003/2218 2002/2217 1244/1350
f 1244/1350 1243/1349 2003/2218
f 2004/2219 2003/2218 1243/1349
f 1243/1349 1240/1346 2004/2219
f 1240/1346 2005/2220 2004/2219
f 2006/2221 2007/2222 2005/2220
f 2005/2220 2008/2223 2006/2221
f 2009/2224 2006/2221 2008/2223
f 2008/2223 2010/2225 2009/2224
f 2011/2226 2009/2224 2010/2225
f 2010/2225 2012/2227 2011/2226
f 2013/2228 2011/2226 2012/2227
f 2012/2227 2014/2229 2013/2228
f 2015/2230 204/204 133/133
f 133/133 132/132 2015/2230
f 2352/2231 1091/1173 1093/1176
f 1093/1176 2016/2232 2352/2231
f 1751/1929 2017/2233 2018/2234
f 2018/2234 1752/1930 1751/1929
f 719/739 2019/2235 1496/1650
f 1496/1650 720/740 719/739
f 1048/1117 2302/2236 984/1053
f 984/1053 987/1056 1048/1117
f 405/412 2020/2237 465/472
f 465/472 406/413 405/412
f 2021/2238 2018/2234 2017/2233
f 2017/2233 2022/2239 2021/2238
f 1488/1641 1491/1644 2023/2240
f 2023/2240 1849/2036 1488/1641
f 2024/2241 1716/1887 490/497
f 490/497 489/496 2024/2241
f 2025/2242 719/739 1060/1141
f 1060/1141 1076/1158 2025/2242
f 2016/2232 2026/2243 2027/2244
f 2027/2244 2352/2231 2016/2232
f 2025/2242 2028/2245 2019/2235
f 2019/2235 719/739 2025/2242
f 2026/2243 2029/2246 2030/2247
f 2030/2247 2027/2244 2026/2243
f 1070/1151 1914/2103 2031/2248
f 2031/2248 1067/1148 1070/1151
f 1688/2249 1973/2166 1067/1148
f 1067/1148 2536/2250 1688/2249
f 1794/1974 2032/2251 2033/2252
f 2033/2252 1793/1973 1794/1974
f 2034/2253 1501/1657 1500/1656
f 1692/1857 2535/2254 2534/2168
f 2035/2255 1796/1976 1795/1975
f 1795/1975 2036/2256 2035/2255
f 2535/2254 1692/1857 1688/1853
f 1688/1853 2536/2257 2535/2254
f 1691/1856 1689/1854 1688/1853
f 1688/1853 1692/1857 1691/1856
f 2037/2258 1235/1341 1238/1344
f 1238/1344 2038/2259 2037/2258
f 1914/2103 2322/2260 2091/2261
f 2036/2256 2039/2262 2040/2263
f 2040/2263 2035/2255 2036/2256
f 2041/2264 2042/2265 2043/2266
f 2043/2266 2044/2267 2041/2264
f 2045/2268 2037/2258 2038/2259
f 2038/2259 2046/2269 2045/2268
f 2047/2270 2048/2271 2049/2272
f 2049/2272 2050/2273 2047/2270
f 2051/2274 2052/2275 2045/2268
f 2045/2268 2046/2269 2051/2274
f 1283/1389 861/2276 2053/2277
f 2053/2277 1281/1387 1283/1389
f 2053/2277 2054/2278 1282/1388
f 1282/1388 1281/1387 2053/2277
f 2054/2278 2055/2279 1277/1383
f 1277/1383 1282/1388 2054/2278
f 2055/2279 2056/2280 1278/1384
f 1278/1384 1277/1383 2055/2279
f 2056/2280 2057/2281 1273/1379
f 1273/1379 1278/1384 2056/2280
f 2057/2281 2058/2282 1274/1380
f 1274/1380 1273/1379 2057/2281
f 2058/2282 2059/2283 1269/1375
f 1269/1375 1274/1380 2058/2282
f 2059/2283 2060/2284 1270/1376
f 1270/1376 1269/1375 2059/2283
f 2060/2284 2061/2285 1265/1371
f 1265/1371 1270/1376 2060/2284
f 2061/2285 2062/2286 1266/1372
f 1266/1372 1265/1371 2061/2285
f 2062/2286 2063/2287 1261/1367
f 1261/1367 1266/1372 2062/2286
f 2063/2287 2064/2288 1262/1368
f 1262/1368 1261/1367 2063/2287
f 2064/2288 2065/2289 1257/1363
f 1257/1363 1262/1368 2064/2288
f 2065/2289 2066/2290 1258/1364
f 1258/1364 1257/1363 2065/2289
f 2066/2290 2067/2291 1253/1359
f 1253/1359 1258/1364 2066/2290
f 2067/2291 2068/2292 1254/1360
f 1254/1360 1253/1359 2067/2291
f 2068/2292 2069/2293 1249/1355
f 1249/1355 1254/1360 2068/2292
f 2069/2293 2070/2294 1250/1356
f 1250/1356 1249/1355 2069/2293
f 2070/2294 2071/2295 1331/1446
f 1331/1446 1250/1356 2070/2294
f 2071/2295 2072/2296 1575/1734
f 1575/1734 1331/1446 2071/2295
f 2072/2296 2073/2297 1576/1735
f 1576/1735 1575/1734 2072/2296
f 2073/2297 2074/2298 1245/1351
f 1245/1351 1576/1735 2073/2297
f 2074/2298 2075/2299 1246/1352
f 1246/1352 1245/1351 2074/2298
f 2075/2299 2076/2300 1241/1347
f 1241/1347 1246/1352 2075/2299
f 2076/2300 2077/2301 1242/1348
f 1242/1348 1241/1347 2076/2300
f 2077/2301 2078/2302 1291/1397
f 1291/1397 1242/1348 2077/2301
f 2078/2302 2079/2303 1292/1398
f 1292/1398 1291/1397 2078/2302
f 2079/2303 2080/2304 1237/1343
f 1237/1343 1292/1398 2079/2303
f 2080/2304 2081/2305 1238/1344
f 1238/1344 1237/1343 2080/2304
f 2081/2305 2082/2306 2038/2259
f 2038/2259 1238/1344 2081/2305
f 2082/2306 2083/2307 2046/2269
f 2046/2269 2038/2259 2082/2306
f 2083/2307 2084/2308 2051/2274
f 2051/2274 2046/2269 2083/2307
f 2085/2309 2086/2310 2087/2311
f 2087/2311 2088/2312 2085/2309
f 2089/2313 2090/2314 2031/2315
f 2031/2315 2091/2316 2089/2313
f 2092/2317 2093/2318 2034/2319
f 2034/2319 1500/2320 2092/2317
f 1500/2320 2094/2321 2095/2322
f 2095/2322 2092/2317 1500/2320
f 2096/2323 2095/2322 2094/2321
f 2094/2321 2097/2324 2096/2323
f 2098/2325 2096/2323 2097/2324
f 2097/2324 2099/2326 2098/2325
f 2100/2327 2098/2325 2099/2326
f 2099/2326 2101/2328 2100/2327
f 2102/2329 2100/2327 2101/2328
f 2101/2328 2103/2330 2102/2329
f 2104/2331 2102/2329 2103/2330
f 2103/2330 736/2332 2104/2331
f 2105/2333 2104/2331 736/2332
f 736/2332 2106/2334 2105/2333
f 2107/2335 2105/2333 2106/2334
f 2106/2334 751/2336 2107/2335
f 2108/2337 2107/2335 751/2336
f 751/2336 1035/2338 2108/2337
f 2109/2339 2108/2337 1035/2338
f 1035/2338 1034/2340 2109/2339
f 2110/2341 2109/2339 1034/2340
f 1034/2340 2111/2342 2110/2341
f 2112/2343 2110/2341 2111/2342
f 2111/2342 758/2344 2112/2343
f 2113/2345 2112/2343 758/2344
f 758/2344 2114/2346 2113/2345
f 2115/2347 2113/2345 2114/2346
f 2114/2346 2116/2348 2115/2347
f 2117/2349 2115/2347 2116/2348
f 2116/2348 2118/2350 2117/2349
f 2119/2351 2117/2349 2118/2350
f 2118/2350 2120/2352 2119/2351
f 2121/2353 2119/2351 2120/2352
f 2120/2352 2122/2354 2121/2353
f 2123/2355 2121/2353 2122/2354
f 2122/2354 2124/2356 2123/2355
f 2125/2357 2123/2355 2124/2356
f 2124/2356 2126/2358 2125/2357
f 2127/2359 2125/2357 2126/2358
f 2126/2358 2128/2360 2127/2359
f 2129/2361 2127/2359 2128/2360
f 2128/2360 803/2362 2129/2361
f 2130/2363 2129/2361 803/2362
f 803/2362 804/2364 2130/2363
f 2131/2365 2130/2363 804/2364
f 804/2364 2132/2366 2131/2365
f 2133/2367 2131/2365 2132/2366
f 2132/2366 815/2368 2133/2367
f 2134/2369 2133/2367 815/2368
f 815/2368 2135/2370 2134/2369
f 828/1334 2134/2369 2135/2370
f 1067/1148 2031/2248 2086/2371
f 2086/2371 2085/2372 1067/1148
f 2317/2373 2536/2250 1067/1148
f 1067/1148 2085/2372 2317/2373
f 2136/2374 1845/2032 1846/2033
f 1846/2033 2137/2375 2136/2374
f 2138/2376 2136/2374 2137/2375
f 2137/2375 2139/2377 2138/2376
f 2140/2378 2138/2376 2139/2377
f 2139/2377 2141/2379 2140/2378
f 2142/2380 2140/2378 2141/2379
f 2141/2379 2143/2381 2142/2380
f 2144/2382 2142/2380 2143/2381
f 2143/2381 2145/2383 2144/2382
f 2146/2384 2144/2382 2145/2383
f 2145/2383 2147/2385 2146/2384
f 2148/2386 2146/2384 2147/2385
f 2147/2385 2149/2387 2148/2386
f 2150/2388 2148/2386 2149/2387
f 2149/2387 2151/2389 2150/2388
f 2152/2390 2150/2388 2151/2389
f 2151/2389 2153/2391 2152/2390
f 2154/2392 2152/2390 2153/2391
f 2153/2391 2155/2393 2154/2392
f 2156/2394 2154/2392 2155/2393
f 2155/2393 2157/2395 2156/2394
f 2158/2396 2156/2394 2157/2395
f 2157/2395 2159/2397 2158/2396
f 2160/2398 2158/2396 2159/2397
f 2159/2397 2161/2399 2160/2398
f 2162/2400 2160/2398 2161/2399
f 2161/2399 2163/2401 2162/2400
f 2164/2402 2162/2400 2163/2401
f 2163/2401 2165/2403 2164/2402
f 2166/2404 2164/2402 2165/2403
f 2165/2403 2167/2405 2166/2404
f 2168/2406 2166/2404 2167/2405
f 2167/2405 2169/2407 2168/2406
f 2170/2408 2168/2406 2169/2407
f 2169/2407 2171/2409 2170/2408
f 2172/2410 2170/2408 2171/2409
f 2171/2409 2173/2411 2172/2410
f 2174/2412 2172/2410 2173/2411
f 2173/2411 2175/2413 2174/2412
f 2176/2414 2174/2412 2175/2413
f 2175/2413 2177/2415 2176/2414
f 2178/2416 2176/2414 2177/2415
f 2177/2415 2179/2417 2178/2416
f 2180/2418 2178/2416 2179/2417
f 2179/2417 2181/2419 2180/2418
f 2182/2420 2180/2418 2181/2419
f 2181/2419 2183/2421 2182/2420
f 2184/2422 2182/2420 2183/2421
f 2183/2421 2185/2423 2184/2422
f 2186/2424 2184/2422 2185/2423
f 2185/2423 2187/2425 2186/2424
f 2188/2426 2186/2424 2187/2425
f 2187/2425 2189/2427 2188/2426
f 2190/2428 2191/2429 2192/2430
f 2192/2430 2193/2431 2190/2428
f 2194/2432 2190/2428 2193/2431
f 2193/2431 2195/2433 2194/2432
f 2196/2434 2194/2432 2195/2433
f 2195/2433 2197/2435 2196/2434
f 2198/2436 2196/2434 2197/2435
f 2197/2435 2199/2437 2198/2436
f 2200/2438 2198/2436 2199/2437
f 2199/2437 2201/2439 2200/2438
f 2202/2440 2200/2438 2201/2439
f 2201/2439 2203/2441 2202/2440
f 2204/2442 2202/2440 2203/2441
f 2203/2441 2205/2443 2204/2442
f 2206/2444 2204/2442 2205/2443
f 2205/2443 2207/2445 2206/2444
f 2208/2446 2206/2444 2207/2445
f 2207/2445 2209/2447 2208/2446
f 2210/2448 2208/2446 2209/2447
f 2209/2447 2211/2449 2210/2448
f 2212/2450 2210/2448 2211/2449
f 2211/2449 2213/2451 2212/2450
f 2214/2452 2212/2450 2213/2451
f 2213/2451 2215/2453 2214/2452
f 2216/2454 2214/2452 2215/2453
f 2215/2453 2217/2455 2216/2454
f 2218/2456 2216/2454 2217/2455
f 2217/2455 2219/2457 2218/2456
f 2220/2458 2218/2456 2219/2457
f 2219/2457 2221/2459 2220/2458
f 2222/2460 2220/2458 2221/2459
f 2221/2459 2223/2461 2222/2460
f 2224/2462 2222/2460 2223/2461
f 2223/2461 2225/2463 2224/2462
f 2226/2464 2224/2462 2225/2463
f 2225/2463 2227/2465 2226/2464
f 2228/2466 2226/2464 2227/2465
f 2227/2465 2229/2467 2228/2466
f 2230/2468 2228/2466 2229/2467
f 2229/2467 2231/2469 2230/2468
f 2232/2470 2230/2468 2231/2469
f 2231/2469 2233/2471 2232/2470
f 2234/2472 2232/2470 2233/2471
f 2233/2471 2235/2473 2234/2472
f 2236/2474 2234/2472 2235/2473
f 2235/2473 2237/2475 2236/2474
f 2238/2476 2236/2474 2237/2475
f 2237/2475 2239/2477 2238/2476
f 2240/2478 2238/2476 2239/2477
f 2239/2477 2241/2479 2240/2478
f 2242/2480 1234/1340 2240/2478
f 2240/2478 2241/2479 2242/2480
f 1296/1402 219/219 1602/1762
f 1602/1762 2243/2481 1296/1402
f 1602/1762 334/339 2244/2482
f 2244/2482 2243/2481 1602/1762
f 334/339 220/220 2245/2483
f 2245/2483 2244/2482 334/339
f 220/220 223/223 2246/2484
f 2246/2484 2245/2483 220/220
f 223/223 222/222 2247/2485
f 2247/2485 2246/2484 223/223
f 222/222 224/224 2248/2486
f 2248/2486 2247/2485 222/222
f 224/224 227/227 2249/2487
f 2249/2487 2248/2486 224/224
f 227/227 229/229 2250/2488
f 2250/2488 2249/2487 227/227
f 229/229 233/233 2251/2489
f 2251/2489 2250/2488 229/229
f 233/233 232/232 2252/2490
f 2252/2490 2251/2489 233/233
f 232/232 237/237 2253/2491
f 2253/2491 2252/2490 232/232
f 237/237 236/236 2254/2492
f 2254/2492 2253/2491 237/237
f 236/236 245/245 2255/2493
f 2255/2493 2254/2492 236/236
f 245/245 244/244 2256/2494
f 2256/2494 2255/2493 245/245
f 244/244 251/251 2257/2495
f 2257/2495 2256/2494 244/244
f 251/251 250/250 2258/2496
f 2258/2496 2257/2495 251/251
f 250/250 259/259 2259/2497
f 2259/2497 2258/2496 250/250
f 259/259 258/258 2260/2498
f 2260/2498 2259/2497 259/259
f 258/258 265/265 2261/2499
f 2261/2499 2260/2498 258/258
f 265/265 264/264 2262/2500
f 2262/2500 2261/2499 265/265
f 264/264 271/271 2263/2501
f 2263/2501 2262/2500 264/264
f 271/271 270/270 2264/2502
f 2264/2502 2263/2501 271/271
f 270/270 282/282 2265/2503
f 2265/2503 2264/2502 270/270
f 282/282 1562/1721 2266/2504
f 2266/2504 2265/2503 282/282
f 1562/1721 1561/1720 2267/2505
f 2267/2505 2266/2504 1562/1721
f 1561/1720 274/274 2268/2506
f 2268/2506 2267/2505 1561/1720
f 274/274 277/277 2269/2507
f 2269/2507 2268/2506 274/274
f 277/277 317/318 2271/2508
f 2271/2508 2269/2507 277/277
f 317/372 373/380 2270/2509
f 2270/2509 2271/2510 317/372
f 373/380 371/378 2272/2511
f 2272/2511 2270/2509 373/380
f 371/378 370/377 2273/2512
f 2273/2512 2272/2511 371/378
f 370/377 1664/1827 2274/2513
f 2274/2513 2273/2512 370/377
f 1664/1827 377/384 2275/2514
f 2275/2514 2274/2513 1664/1827
f 377/384 376/383 2276/2515
f 2276/2515 2275/2514 377/384
f 376/383 381/388 2277/2516
f 2277/2516 2276/2515 376/383
f 381/388 380/387 2278/2517
f 2278/2517 2277/2516 381/388
f 380/387 384/391 2279/2518
f 2279/2518 2278/2517 380/387
f 384/391 383/390 2280/2519
f 2280/2519 2279/2518 384/391
f 383/390 1739/1915 2281/2520
f 2281/2520 2280/2519 383/390
f 1739/1915 400/407 2282/2521
f 2282/2521 2281/2520 1739/1915
f 400/407 399/406 2283/2522
f 2283/2522 2282/2521 400/407
f 399/406 390/397 2284/2523
f 2284/2523 2283/2522 399/406
f 390/397 389/396 2285/2524
f 2285/2524 2284/2523 390/397
f 389/396 392/399 2286/2525
f 2286/2525 2285/2524 389/396
f 392/399 391/398 2287/2526
f 2287/2526 2286/2525 392/399
f 391/398 396/403 2288/2527
f 2288/2527 2287/2526 391/398
f 396/403 395/402 2289/2528
f 2289/2528 2288/2527 396/403
f 395/402 1814/1996 2290/2529
f 2290/2529 2289/2528 395/402
f 1814/1996 1833/2020 1835/2022
f 1835/2022 2290/2529 1814/1996
f 2291/2530 2292/2531 2191/2429
f 2292/2531 2293/2532 2191/2429
f 2293/2532 2192/2430 2191/2429
f 2294/2533 2295/2534 2292/2531
f 2292/2531 2291/2530 2294/2533
f 2296/2535 2297/2536 2298/2537
f 2298/2537 2299/2538 2296/2535
f 2189/2427 2300/2539 2301/2540
f 2301/2540 2188/2426 2189/2427
f 2302/2541 1048/1511 1384/1514
f 1384/1514 2303/2542 2302/2541
f 2304/2543 2030/2544 2029/2545
f 2029/2545 2305/2546 2304/2543
f 2306/2547 2019/2548 2028/2549
f 2028/2549 2307/2550 2306/2547
f 1496/1646 2019/2548 2306/2547
f 2306/2547 1493/1647 1496/1646
f 2308/2551 1654/1814 881/1815
f 881/1815 2309/2552 2308/2551
f 2310/2553 2308/2551 2309/2552
f 2309/2552 878/2554 2310/2553
f 2311/2555 2310/2553 878/2554
f 878/2554 877/2556 2311/2555
f 2312/2557 2311/2555 877/2556
f 877/2556 864/2558 2312/2557
f 2313/2559 2312/2557 864/2558
f 864/2558 2314/2560 2313/2559
f 2315/2561 2313/2559 2314/2560
f 2314/2560 863/2562 2315/2561
f 2316/2563 2315/2561 863/2562
f 863/2562 862/2564 2316/2563
f 861/2276 2316/2563 862/2564
f 1283/1389 1284/1390 861/2276
f 1297/1403 1299/1406 882/1467
f 882/1467 1350/1466 1297/1403
f 2086/2310 2031/2315 2090/2314
f 2090/2314 2087/2311 2086/2310
f 2043/2266 2042/2265 2048/2271
f 2048/2271 2047/2270 2043/2266
f 2317/2565 2085/2309 2088/2312
f 2088/2312 2318/2566 2317/2565
f 2050/2273 2049/2272 2319/2567
f 2319/2567 2320/2568 2050/2273
f 2084/2308 2317/2565 2318/2566
f 2320/2568 2319/2567 2052/2275
f 2052/2275 2051/2274 2320/2568
f 2321/2569 2089/2313 2091/2316
f 2091/2316 2322/2570 2321/2569
f 2323/2571 2041/2264 2044/2267
f 2044/2267 2324/2572 2323/2571
f 1914/2103 2091/2261 2031/2248
f 1940/2129 1422/1562 1421/1561
f 1942/2131 680/698 679/697
f 679/697 1943/2132 1942/2131
f 1946/2135 1887/2076 1886/2075
f 1886/2075 1947/2136 1946/2135
f 1950/2139 1418/1558 1417/1557
f 1417/1557 1951/2140 1950/2139
f 1954/2143 1780/1960 1779/1959
f 1779/1959 1955/2144 1954/2143
f 1958/2147 666/683 1780/1960
f 1780/1960 1954/2143 1958/2147
f 1960/2149 604/617 666/683
f 666/683 1958/2147 1960/2149
f 1961/2150 605/618 604/617
f 604/617 1960/2149 1961/2150
f 1962/2151 648/665 605/618
f 605/618 1961/2150 1962/2151
f 1963/2152 649/666 648/665
f 648/665 1962/2151 1963/2152
f 1964/2153 566/577 649/666
f 649/666 1963/2152 1964/2153
f 1965/2154 567/578 566/577
f 566/577 1964/2153 1965/2154
f 1966/2155 520/529 567/578
f 567/578 1965/2154 1966/2155
f 1967/2156 521/530 520/529
f 520/529 1966/2155 1967/2156
f 1968/2157 1722/1893 521/530
f 521/530 1967/2156 1968/2157
f 1969/2158 1723/1894 1722/1893
f 1722/1893 1968/2157 1969/2158
f 132/132 131/131 2011/2226
f 2011/2226 2013/2228 132/132
f 131/131 208/208 2009/2224
f 2009/2224 2011/2226 131/131
f 208/208 207/207 2006/2221
f 2006/2221 2009/2224 208/208
f 207/207 135/135 2007/2222
f 2007/2222 2006/2221 207/207
f 2325/2573 2007/2222 135/135
f 135/135 134/134 2325/2573
f 134/134 140/140 2326/2574
f 2326/2574 2325/2573 134/134
f 140/140 139/139 2327/2575
f 2327/2575 2326/2574 140/140
f 2328/2576 2327/2575 139/139
f 139/139 1572/1731 2328/2576
f 2329/2577 2328/2576 1572/1731
f 1572/1731 1571/1730 2329/2577
f 1571/1730 278/278 2330/2578
f 2330/2578 2329/2577 1571/1730
f 278/278 144/144 2331/2579
f 2331/2579 2330/2578 278/278
f 144/144 143/143 2332/2580
f 2332/2580 2331/2579 144/144
f 143/143 148/148 2333/2581
f 2333/2581 2332/2580 143/143
f 148/148 147/147 2334/2582
f 2334/2582 2333/2581 148/148
f 147/147 151/151 2335/2583
f 2335/2583 2334/2582 147/147
f 2336/2584 2335/2583 151/151
f 151/151 150/150 2336/2584
f 2337/2585 2336/2584 150/150
f 150/150 157/157 2337/2585
f 157/157 156/156 2338/2586
f 2338/2586 2337/2585 157/157
f 2339/2587 2338/2586 156/156
f 156/156 159/159 2339/2587
f 2340/2588 2339/2587 159/159
f 159/159 158/158 2340/2588
f 2341/2589 2340/2588 158/158
f 158/158 165/165 2341/2589
f 165/165 164/164 2342/2590
f 2342/2590 2341/2589 165/165
f 2343/2591 2342/2590 164/164
f 164/164 167/167 2343/2591
f 2344/2592 2343/2591 167/167
f 167/167 166/166 2344/2592
f 2345/2593 2344/2592 166/166
f 166/166 171/171 2345/2593
f 2346/2594 2345/2593 171/171
f 171/171 170/170 2346/2594
f 2347/2595 2346/2594 170/170
f 170/170 175/175 2347/2595
f 2348/2596 2347/2595 175/175
f 175/175 174/174 2348/2596
f 1970/2159 2349/2597 1723/1894
f 1723/1894 1969/2158 1970/2159
f 1150/1239 1169/1263 1167/1260
f 1167/1260 1147/1236 1150/1239
f 1126/1213 1150/1239 1147/1236
f 1147/1236 1122/1208 1126/1213
f 1127/1214 1126/1213 1122/1208
f 1122/1208 1121/1207 1127/1214
f 1092/1175 1127/1214 1121/1207
f 1121/1207 1089/1171 1092/1175
f 1093/1176 1092/1175 1089/1171
f 1089/1171 1073/1155 1093/1176
f 2016/2232 1093/1176 1073/1155
f 1073/1155 1065/1146 2016/2232
f 1065/1146 984/1053 2026/2243
f 2026/2243 2016/2232 1065/1146
f 984/1053 2302/2236 2029/2246
f 2029/2246 2026/2243 984/1053
f 2029/2545 2302/2541 2303/2542
f 2303/2542 2305/2546 2029/2545
f 2301/2540 2300/2539 2297/2536
f 2297/2536 2296/2535 2301/2540
f 1139/1227 1159/1248 1158/1247
f 1158/1247 1149/2598 1139/1227
f 1106/1189 1139/1227 1149/2598
f 1149/2598 1125/2599 1106/1189
f 1107/1190 1106/1189 1125/2599
f 1125/2599 2350/2600 1107/1190
f 1086/1168 1107/1190 2350/2600
f 2350/2600 2351/2601 1086/1168
f 1075/1157 1086/1168 2351/2601
f 2351/2601 1091/2602 1075/1157
f 1076/1158 1075/1157 1091/2602
f 1091/2602 2352/2603 1076/1158
f 2027/2604 2025/2242 1076/1158
f 1076/1158 2352/2603 2027/2604
f 2027/2604 2030/2605 2028/2245
f 2028/2245 2025/2242 2027/2604
f 2028/2549 2030/2544 2304/2543
f 2304/2543 2307/2550 2028/2549
f 2299/2538 2298/2537 2295/2534
f 2295/2534 2294/2533 2299/2538
f 1849/2036 2023/2240 2353/2606
f 2353/2606 2354/2607 1849/2036
f 1848/2035 1849/2036 2354/2607
f 2354/2607 2355/2608 1848/2035
f 1847/2034 1848/2035 2355/2608
f 2355/2608 2356/2609 1847/2034
f 1/1 1847/2034 2356/2609
f 2356/2609 2357/2610 1/1
f 2357/2610 2358/2611 2/2
f 2/2 1/1 2357/2610
f 1723/1894 2349/2597 2359/2612
f 2359/2612 1724/1895 1723/1894
f 2360/2613 2361/2614 513/522
f 513/522 512/521 2360/2613
f 2361/2614 2362/2615 502/509
f 502/509 513/522 2361/2614
f 2362/2615 2363/2616 503/510
f 503/510 502/509 2362/2615
f 2363/2617 2364/2618 507/515
f 507/515 503/519 2363/2617
f 2364/2618 2365/2619 508/516
f 508/516 507/515 2364/2618
f 1633/1793 508/516 2365/2619
f 2365/2619 2366/2620 1633/1793
f 2366/2620 2367/2621 506/514
f 506/514 1633/1793 2366/2620
f 498/505 506/514 2367/2621
f 2367/2621 2368/2622 498/505
f 2368/2622 2369/2623 499/506
f 499/506 498/505 2368/2622
f 2369/2623 2370/2624 1970/2159
f 1970/2159 499/506 2369/2623
f 2371/2625 492/499 496/503
f 496/503 2372/2626 2371/2625
f 2371/2625 2373/2627 493/500
f 493/500 492/499 2371/2625
f 2373/2627 2374/2628 488/495
f 488/495 493/500 2373/2627
f 2374/2628 2375/2629 489/496
f 489/496 488/495 2374/2628
f 2372/2626 496/503 2376/2630
f 2376/2630 2377/2631 2372/2626
f 1724/1895 2359/2612 2376/2630
f 2376/2630 1913/2102 1724/1895
f 2378/2632 2024/2241 489/496
f 489/496 2375/2629 2378/2632
f 2379/2633 2021/2238 2022/2239
f 2022/2239 2380/2634 2379/2633
f 2013/2228 2014/2229 2381/2635
f 2381/2635 2382/2636 2013/2228
f 1970/2159 2370/2624 2383/2637
f 2383/2637 2349/2597 1970/2159
f 2013/2228 2382/2636 2015/2230
f 2015/2230 132/132 2013/2228
f 2384/2638 2385/2639 2033/2252
f 2033/2252 2032/2251 2384/2638
f 1240/1346 1239/1345 2005/2220
f 2008/2223 2005/2220 1239/1345
f 1239/1345 1290/1396 2008/2223
f 2010/2225 2008/2223 1290/1396
f 1290/1396 1289/1395 2010/2225
f 2012/2227 2010/2225 1289/1395
f 1289/1395 1236/1342 2012/2227
f 2014/2229 2012/2227 1236/1342
f 1236/1342 1235/1341 2014/2229
f 2381/2635 2014/2229 1235/1341
f 1235/1341 2037/2258 2381/2635
f 2033/2252 2385/2639 2039/2262
f 2039/2262 2036/2256 2033/2252
f 1793/1973 2033/2252 2036/2256
f 2036/2256 1795/1975 1793/1973
f 1335/1450 286/286 1793/1973
f 1793/1973 1795/1975 1335/1450
f 287/287 286/286 1335/1450
f 1335/1450 1334/1449 287/287
f 1334/1449 1171/1265 5/5
f 5/5 287/287 1334/1449
f 1171/1265 1170/1264 6/6
f 6/6 5/5 1171/1265
f 1170/1264 1175/1269 17/17
f 17/17 6/6 1170/1264
f 1175/1269 1174/1268 18/18
f 18/18 17/17 1175/1269
f 33/33 18/18 1174/1268
f 1174/1268 1183/1280 33/33
f 452/459 33/33 1183/1280
f 1183/1280 1377/1504 452/459
f 453/460 452/459 1377/1504
f 1377/1504 1376/1503 453/460
f 41/41 453/460 1376/1503
f 1376/1503 1188/1285 41/41
f 42/42 41/41 1188/1285
f 1188/1285 1187/1284 42/42
f 299/299 42/42 1187/1284
f 1187/1284 1343/1458 299/299
f 1342/1457 300/300 299/299
f 299/299 1343/1458 1342/1457
f 55/55 300/300 1342/1457
f 1342/1457 1195/1293 55/55
f 56/56 55/55 1195/1293
f 1195/1293 1194/1292 56/56
f 69/69 56/56 1194/1292
f 1194/1292 1201/1301 69/69
f 70/70 69/69 1201/1301
f 1201/1301 1200/1300 70/70
f 1806/1988 70/70 1200/1300
f 1200/1300 1804/1986 1806/1988
f 1804/1986 1210/1313 92/92
f 92/92 1806/1988 1804/1986
f 1210/1313 1209/1312 93/93
f 93/93 92/92 1210/1313
f 1209/1312 1214/1317 96/96
f 96/96 93/93 1209/1312
f 1214/1317 1213/1316 97/97
f 97/97 96/96 1214/1317
f 1213/1316 1222/1325 110/110
f 110/110 97/97 1213/1316
f 1222/1325 1221/1324 111/111
f 111/111 110/110 1222/1325
f 1221/1324 124/124 111/111
f 2039/2262 2385/2639 2386/2640
f 2386/2640 2323/2571 2039/2262
f 2040/2263 2039/2262 2323/2571
f 2323/2571 2324/2572 2040/2263
f 2034/2319 2093/2318 2321/2569
f 2321/2569 2322/2570 2034/2319
f 2387/2641 2386/2640 2385/2639
f 2385/2639 2384/2638 2387/2641
f 2358/2611 2357/2610 2388/2642
f 2388/2642 2389/2643 2358/2611
f 2357/2610 2356/2609 2390/2644
f 2390/2644 2388/2642 2357/2610
f 2356/2609 2355/2608 2391/2645
f 2391/2645 2390/2644 2356/2609
f 2355/2608 2354/2607 2392/2646
f 2392/2646 2391/2645 2355/2608
f 2389/2643 2388/2642 2393/2647
f 2393/2647 2394/2648 2389/2643
f 2388/2642 2390/2644 2395/2649
f 2395/2649 2393/2647 2388/2642
f 2390/2644 2391/2645 2396/2650
f 2396/2650 2395/2649 2390/2644
f 2391/2645 2392/2646 2397/2651
f 2397/2651 2396/2650 2391/2645
f 2398/2652 2399/2653 2386/2640
f 2386/2640 2387/2641 2398/2652
f 2400/2654 2401/2655 2399/2653
f 2399/2653 2398/2652 2400/2654
f 405/412 404/411 2402/2656
f 2402/2656 2403/2657 405/412
f 404/411 313/314 2404/2658
f 2404/2658 2402/2656 404/411
f 313/314 333/313 2405/2659
f 2405/2659 2404/2658 313/314
f 333/338 332/337 2406/2660
f 2406/2660 2405/2661 333/338
f 332/337 362/367 2407/2662
f 2407/2662 2406/2660 332/337
f 2408/2663 2407/2662 362/367
f 362/367 1632/1792 2408/2663
f 1632/1792 331/336 2409/2664
f 2409/2664 2408/2663 1632/1792
f 2410/2665 2409/2664 331/336
f 331/336 205/205 2410/2665
f 205/205 204/204 2411/2666
f 2411/2666 2410/2665 205/205
f 204/204 2015/2230 2412/2667
f 2412/2667 2411/2666 204/204
f 2413/2668 2412/2667 2015/2230
f 2015/2230 2382/2636 2413/2668
f 2381/2635 2414/2669 2413/2668
f 2413/2668 2382/2636 2381/2635
f 2403/2657 2402/2656 2415/2670
f 2415/2670 2416/2671 2403/2657
f 2402/2656 2404/2658 2417/2672
f 2417/2672 2415/2670 2402/2656
f 2404/2658 2405/2659 2419/2673
f 2419/2673 2417/2672 2404/2658
f 2405/2661 2406/2660 2418/2674
f 2418/2674 2419/2675 2405/2661
f 2406/2660 2407/2662 2420/2676
f 2420/2676 2418/2674 2406/2660
f 2421/2677 2420/2676 2407/2662
f 2407/2662 2408/2663 2421/2677
f 2408/2663 2409/2664 2422/2678
f 2422/2678 2421/2677 2408/2663
f 2423/2679 2422/2678 2409/2664
f 2409/2664 2410/2665 2423/2679
f 2410/2665 2411/2666 2424/2680
f 2424/2680 2423/2679 2410/2665
f 2411/2666 2412/2667 2425/2681
f 2425/2681 2424/2680 2411/2666
f 2426/2682 2425/2681 2412/2667
f 2412/2667 2413/2668 2426/2682
f 2414/2669 2427/2683 2426/2682
f 2426/2682 2413/2668 2414/2669
f 2349/2597 2383/2637 2428/2684
f 2428/2684 2359/2612 2349/2597
f 2045/2268 2414/2669 2381/2635
f 2381/2635 2037/2258 2045/2268
f 2052/2275 2427/2683 2414/2669
f 2414/2669 2045/2268 2052/2275
f 2319/2567 2429/2685 2427/2683
f 2427/2683 2052/2275 2319/2567
f 2401/2655 2430/2686 2048/2271
f 2048/2271 2042/2265 2401/2655
f 2399/2653 2401/2655 2042/2265
f 2042/2265 2041/2264 2399/2653
f 2386/2640 2399/2653 2041/2264
f 2041/2264 2323/2571 2386/2640
f 1913/2102 2376/2630 496/503
f 496/503 497/504 1913/2102
f 1912/2101 1913/2102 497/504
f 497/504 1721/1892 1912/2101
f 1911/2100 1912/2101 1721/1892
f 1721/1892 516/525 1911/2100
f 1910/2099 1911/2100 516/525
f 516/525 519/528 1910/2099
f 1909/2098 1910/2099 519/528
f 519/528 562/573 1909/2098
f 1908/2097 1909/2098 562/573
f 562/573 563/574 1908/2097
f 1907/2096 1908/2097 563/574
f 563/574 652/669 1907/2096
f 1906/2095 1907/2096 652/669
f 652/669 655/672 1906/2095
f 1905/2094 1906/2095 655/672
f 655/672 600/613 1905/2094
f 1904/2093 1905/2094 600/613
f 600/613 601/614 1904/2093
f 1903/2092 1904/2093 601/614
f 601/614 664/681 1903/2092
f 1901/2090 1903/2092 664/681
f 664/681 1777/1957 1901/2090
f 1902/2091 1901/2090 1777/1957
f 1777/1957 1778/1958 1902/2091
f 1900/2089 1899/2088 1480/1632
f 1480/1632 1481/1633 1900/2089
f 1898/2087 1897/2086 1884/2073
f 1884/2073 1885/2074 1898/2087
f 1896/2085 1895/2084 716/736
f 716/736 717/737 1896/2085
f 2455/1634 1894/2083 1482/1635
f 113/113 112/112 125/125
f 125/125 1915/2104 113/113
f 98/98 113/113 1915/2104
f 1915/2104 1916/2105 98/98
f 99/99 98/98 1916/2105
f 1916/2105 1917/2106 99/99
f 94/94 99/99 1917/2106
f 1917/2106 1918/2107 94/94
f 95/95 94/94 1918/2107
f 1918/2107 1919/2108 95/95
f 1807/1989 95/95 1919/2108
f 1919/2108 1920/2109 1807/1989
f 1921/2110 71/71 1807/1989
f 1807/1989 1920/2109 1921/2110
f 1922/2111 68/68 71/71
f 71/71 1921/2110 1922/2111
f 1923/2112 57/57 68/68
f 68/68 1922/2111 1923/2112
f 1924/2113 54/54 57/57
f 57/57 1923/2112 1924/2113
f 1925/2114 301/301 54/54
f 54/54 1924/2113 1925/2114
f 1926/2115 298/298 301/301
f 301/301 1925/2114 1926/2115
f 1927/2116 43/43 298/298
f 298/298 1926/2115 1927/2116
f 1928/2117 40/40 43/43
f 43/43 1927/2116 1928/2117
f 1929/2118 454/461 40/40
f 40/40 1928/2117 1929/2118
f 1930/2119 451/458 454/461
f 454/461 1929/2118 1930/2119
f 1931/2120 34/34 451/458
f 451/458 1930/2119 1931/2120
f 1932/2121 19/19 34/34
f 34/34 1931/2120 1932/2121
f 20/20 19/19 1932/2121
f 1932/2121 1933/2122 20/20
f 7/7 20/20 1933/2122
f 1933/2122 1934/2123 7/7
f 8/8 7/7 1934/2123
f 1934/2123 1935/2124 8/8
f 284/284 8/8 1935/2124
f 1935/2124 1936/2125 284/284
f 1936/2125 1937/2126 285/285
f 285/285 284/284 1936/2125
f 1794/1974 285/285 1937/2126
f 1937/2126 1938/2127 1794/1974
f 1938/2127 3/3 2032/2251
f 2032/2251 1794/1974 1938/2127
f 2/2 2384/2638 2032/2251
f 2032/2251 3/3 2/2
f 2358/2611 2387/2641 2384/2638
f 2384/2638 2/2 2358/2611
f 2389/2643 2398/2652 2387/2641
f 2387/2641 2358/2611 2389/2643
f 2394/2648 2400/2654 2398/2652
f 2398/2652 2389/2643 2394/2648
f 2428/2684 2377/2631 2376/2630
f 2376/2630 2359/2612 2428/2684
f 2354/2607 2353/2606 2431/2687
f 2431/2687 2392/2646 2354/2607
f 405/412 2403/2657 2432/2688
f 2432/2688 2020/2237 405/412
f 2242/2480 2241/2479 122/122
f 122/122 129/129 2242/2480
f 2241/2479 2239/2477 123/123
f 123/123 122/122 2241/2479
f 108/108 123/123 2239/2477
f 2239/2477 2237/2475 108/108
f 2237/2475 2235/2473 109/109
f 109/109 108/108 2237/2475
f 2235/2473 2233/2471 84/84
f 84/84 109/109 2235/2473
f 85/85 84/84 2233/2471
f 2233/2471 2231/2469 85/85
f 1812/1994 85/85 2231/2469
f 2231/2469 2229/2467 1812/1994
f 2227/2465 80/80 1812/1994
f 1812/1994 2229/2467 2227/2465
f 2225/2463 81/81 80/80
f 80/80 2227/2465 2225/2463
f 2223/2461 66/66 81/81
f 81/81 2225/2463 2223/2461
f 2221/2459 67/67 66/66
f 66/66 2223/2461 2221/2459
f 2219/2457 310/310 67/67
f 67/67 2221/2459 2219/2457
f 2217/2455 311/311 310/310
f 310/310 2219/2457 2217/2455
f 2215/2453 52/52 311/311
f 311/311 2217/2455 2215/2453
f 2213/2451 53/53 52/52
f 52/52 2215/2453 2213/2451
f 2211/2449 463/470 53/53
f 53/53 2213/2451 2211/2449
f 2209/2447 464/471 463/470
f 463/470 2211/2449 2209/2447
f 2207/2445 39/39 464/471
f 464/471 2209/2447 2207/2445
f 2205/2443 29/29 39/39
f 39/39 2207/2445 2205/2443
f 2205/2443 2203/2441 30/30
f 30/30 29/29 2205/2443
f 2203/2441 2201/2439 31/31
f 31/31 30/30 2203/2441
f 2201/2439 2199/2437 32/32
f 32/32 31/31 2201/2439
f 2199/2437 2197/2435 296/296
f 296/296 32/32 2199/2437
f 2197/2435 2195/2433 297/297
f 297/297 296/296 2197/2435
f 2195/2433 2193/2431 1490/1643
f 1490/1643 297/297 2195/2433
f 1491/1644 1490/1643 2193/2431
f 2193/2431 2192/2430 1491/1644
f 2023/2240 1491/1644 2192/2430
f 2192/2430 2293/2532 2023/2240
f 2353/2606 2023/2240 2293/2532
f 2293/2532 2292/2531 2353/2606
f 2431/2687 2353/2606 2292/2531
f 2292/2531 2295/2534 2431/2687
f 2431/2687 2295/2534 2433/2689
f 2434/2690 2298/2537 2297/2536
f 2297/2536 2435/2691 2434/2690
f 2020/2237 2432/2688 2297/2536
f 2297/2536 2300/2539 2020/2237
f 465/472 2020/2237 2300/2539
f 2300/2539 2189/2427 465/472
f 2189/2427 2187/2425 466/473
f 466/473 465/472 2189/2427
f 467/474 466/473 2187/2425
f 2187/2425 2185/2423 467/474
f 468/475 467/474 2185/2423
f 2185/2423 2183/2421 468/475
f 469/476 468/475 2183/2421
f 2183/2421 2181/2419 469/476
f 470/477 469/476 2181/2419
f 2181/2419 2179/2417 470/477
f 2177/2415 471/478 470/477
f 470/477 2179/2417 2177/2415
f 472/479 471/478 2177/2415
f 2177/2415 2175/2413 472/479
f 2173/2411 473/480 472/479
f 472/479 2175/2413 2173/2411
f 1661/1824 473/480 2173/2411
f 2173/2411 2171/2409 1661/1824
f 2169/2407 474/481 1661/1824
f 1661/1824 2171/2409 2169/2407
f 2167/2405 475/482 474/481
f 474/481 2169/2407 2167/2405
f 476/483 475/482 2167/2405
f 2167/2405 2165/2403 476/483
f 2163/2401 477/484 476/483
f 476/483 2165/2403 2163/2401
f 478/485 477/484 2163/2401
f 2163/2401 2161/2399 478/485
f 479/486 478/485 2161/2399
f 2161/2399 2159/2397 479/486
f 1749/1927 479/486 2159/2397
f 2159/2397 2157/2395 1749/1927
f 2155/2393 480/487 1749/1927
f 1749/1927 2157/2395 2155/2393
f 481/488 480/487 2155/2393
f 2155/2393 2153/2391 481/488
f 2151/2389 482/489 481/488
f 481/488 2153/2391 2151/2389
f 2149/2387 483/490 482/489
f 482/489 2151/2389 2149/2387
f 2147/2385 484/491 483/490
f 483/490 2149/2387 2147/2385
f 485/492 484/491 2147/2385
f 2147/2385 2145/2383 485/492
f 2143/2381 486/493 485/492
f 485/492 2145/2383 2143/2381
f 487/494 486/493 2143/2381
f 2143/2381 2141/2379 487/494
f 2139/2377 1817/1999 487/494
f 487/494 2141/2379 2139/2377
f 2137/2375 1840/2027 1817/1999
f 1817/1999 2139/2377 2137/2375
f 1836/2023 1840/2027 2137/2375
f 2137/2375 1846/2033 1836/2023
f 2416/2671 2415/2670 2361/2614
f 2361/2614 2360/2613 2416/2671
f 2415/2670 2417/2672 2362/2615
f 2362/2615 2361/2614 2415/2670
f 2417/2672 2419/2673 2363/2616
f 2363/2616 2362/2615 2417/2672
f 2419/2675 2418/2674 2364/2618
f 2364/2618 2363/2617 2419/2675
f 2418/2674 2420/2676 2365/2619
f 2365/2619 2364/2618 2418/2674
f 2366/2620 2365/2619 2420/2676
f 2420/2676 2421/2677 2366/2620
f 2421/2677 2422/2678 2367/2621
f 2367/2621 2366/2620 2421/2677
f 2368/2622 2367/2621 2422/2678
f 2422/2678 2423/2679 2368/2622
f 2423/2679 2424/2680 2369/2623
f 2369/2623 2368/2622 2423/2679
f 2424/2680 2425/2681 2370/2624
f 2370/2624 2369/2623 2424/2680
f 2383/2637 2370/2624 2425/2681
f 2425/2681 2436/2692 2383/2637
f 2394/2648 2372/2626 2377/2631
f 2377/2631 2400/2654 2394/2648
f 2393/2647 2371/2625 2372/2626
f 2372/2626 2394/2648 2393/2647
f 2393/2647 2395/2649 2373/2627
f 2373/2627 2371/2625 2393/2647
f 2395/2649 2396/2650 2374/2628
f 2374/2628 2373/2627 2395/2649
f 2396/2650 2397/2651 2375/2629
f 2375/2629 2374/2628 2396/2650
f 2383/2637 2436/2692 2437/2693
f 2437/2693 2428/2684 2383/2637
f 2437/2693 2400/2654 2377/2631
f 2377/2631 2428/2684 2437/2693
f 2436/2692 2425/2681 2438/2694
f 2049/2272 2437/2693 2429/2685
f 2429/2685 2319/2567 2049/2272
f 2439/2695 2378/2632 2375/2629
f 2375/2629 2397/2651 2439/2695
f 2440/2696 2379/2633 2380/2634
f 2380/2634 2441/2697 2440/2696
f 2442/2698 2439/2695 2397/2651
f 2443/2699 2440/2696 2441/2697
f 2441/2697 2444/2700 2443/2699
f 2392/2646 2431/2687 2445/2701
f 2445/2701 2397/2651 2392/2646
f 2432/2688 2446/2702 2435/2691
f 2446/2702 2447/2703 2435/2691
f 2447/2703 2434/2690 2435/2691
f 2433/2689 2295/2534 2298/2537
f 2298/2537 2434/2690 2433/2689
f 2435/2691 2297/2536 2432/2688
f 2400/2654 2430/2686 2401/2655
f 2445/2701 2442/2698 2397/2651
f 2446/2702 2443/2699 2444/2700
f 2444/2700 2447/2703 2446/2702
f 2438/2694 2425/2681 2426/2682
f 2430/2686 2437/2693 2049/2272
f 2049/2272 2048/2271 2430/2686
f 2426/2682 2427/2683 2429/2685
f 2429/2685 2438/2694 2426/2682
f 2430/2686 2400/2654 2437/2693
f 2429/2685 2437/2693 2436/2692
f 2436/2692 2438/2694 2429/2685
f 2403/2657 2416/2671 2446/2702
f 2446/2702 2432/2688 2403/2657
f 2416/2671 2443/2699 2446/2702
f 2416/2671 2440/2696 2443/2699
f 2360/2613 2379/2633 2440/2696
f 2440/2696 2416/2671 2360/2613
f 512/521 2021/2238 2379/2633
f 2379/2633 2360/2613 512/521
f 515/524 2018/2234 2021/2238
f 2021/2238 512/521 515/524
f 2431/2687 2433/2689 2445/2701
f 2434/2690 2447/2703 2433/2689
f 2445/2701 2433/2689 2447/2703
f 2444/2700 2442/2698 2445/2701
f 2445/2701 2447/2703 2444/2700
f 2441/2697 2439/2695 2442/2698
f 2442/2698 2444/2700 2441/2697
f 2380/2634 2378/2632 2439/2695
f 2439/2695 2441/2697 2380/2634
f 2022/2239 2024/2241 2378/2632
f 2378/2632 2380/2634 2022/2239
f 2017/2233 1716/1887 2024/2241
f 2024/2241 2022/2239 2017/2233
f 1752/1930 2018/2234 515/524
f 515/524 1735/1907 1752/1930
f 544/555 1752/1930 1735/1907
f 1735/1907 540/551 544/555
f 545/556 544/555 540/551
f 540/551 541/552 545/556
f 590/603 545/556 541/552
f 541/552 584/597 590/603
f 591/604 590/603 584/597
f 584/597 587/600 591/604
f 628/643 591/604 587/600
f 587/600 630/645 628/643
f 1751/1929 1717/1888 1716/1887
f 1716/1887 2017/2233 1751/1929
f 548/559 1717/1888 1751/1929
f 1751/1929 543/554 548/559
f 549/560 548/559 543/554
f 543/554 542/553 549/560
f 564/575 549/560 542/553
f 542/553 589/602 564/575
f 565/576 564/575 589/602
f 589/602 588/601 565/576
f 628/643 565/576 588/601
f 2004/2219 2005/2220 2007/2222
f 2007/2222 2325/2573 2004/2219
f 2325/2573 2326/2574 2003/2218
f 2003/2218 2004/2219 2325/2573
f 2326/2574 2327/2575 2002/2217
f 2002/2217 2003/2218 2326/2574
f 2001/2216 2002/2217 2327/2575
f 2327/2575 2328/2576 2001/2216
f 2000/2215 2001/2216 2328/2576
f 2328/2576 2329/2577 2000/2215
f 2329/2577 2330/2578 1999/2214
f 1999/2214 2000/2215 2329/2577
f 2330/2578 2331/2579 1998/2213
f 1998/2213 1999/2214 2330/2578
f 2331/2579 2332/2580 1997/2212
f 1997/2212 1998/2213 2331/2579
f 2332/2580 2333/2581 1996/2211
f 1996/2211 1997/2212 2332/2580
f 2333/2581 2334/2582 1995/2210
f 1995/2210 1996/2211 2333/2581
f 2334/2582 2335/2583 1994/2209
f 1994/2209 1995/2210 2334/2582
f 1993/2208 1994/2209 2335/2583
f 2335/2583 2336/2584 1993/2208
f 1992/2207 1993/2208 2336/2584
f 2336/2584 2337/2585 1992/2207
f 2337/2585 2338/2586 1991/2206
f 1991/2206 1992/2207 2337/2585
f 1990/2205 1991/2206 2338/2586
f 2338/2586 2339/2587 1990/2205
f 1989/2204 1990/2205 2339/2587
f 2339/2587 2340/2588 1989/2204
f 1988/2203 1989/2204 2340/2588
f 2340/2588 2341/2589 1988/2203
f 2341/2589 2342/2590 1987/2202
f 1987/2202 1988/2203 2341/2589
f 1986/2201 1987/2202 2342/2590
f 2342/2590 2343/2591 1986/2201
f 1985/2200 1986/2201 2343/2591
f 2343/2591 2344/2592 1985/2200
f 1984/2199 1985/2200 2344/2592
f 2344/2592 2345/2593 1984/2199
f 1983/2198 1984/2199 2345/2593
f 2345/2593 2346/2594 1983/2198
f 1982/2197 1983/2198 2346/2594
f 2346/2594 2347/2595 1982/2197
f 1981/2196 1982/2197 2347/2595
f 2347/2595 2348/2596 1981/2196
f 178/178 1981/2196 2348/2596
f 178/178 2348/2596 174/174
f 1914/2103 1501/1657 2034/2253
f 2034/2253 2322/2260 1914/2103
f 2448/2704 2449/2705 1441/2706
f 1441/2706 1444/2707 2448/2704
f 2450/2708 2451/2709 2452/2710
f 2452/2710 1428/2711 2450/2708
f 2453/2712 2459/2713 1450/2714
f 1450/2714 2454/2715 2453/2712
f 2454/2715 1450/2714 2449/2705
f 2449/2705 2448/2704 2454/2715
f 1421/2716 1468/2717 1464/2718
f 2455/2719 2456/2720 1468/2717
f 1468/2717 1421/2716 2455/2719
f 2455/2719 1477/2721 2457/2722
f 2457/2722 2456/2720 2455/2719
f 610/623 609/622 1959/2148
f 668/685 610/623 1959/2148
f 1959/2148 1957/2146 668/685
f 1784/1964 668/685 1957/2146
f 1957/2146 1953/2142 1784/1964
f 1956/2145 1785/1965 1784/1964
f 1784/1964 1953/2142 1956/2145
f 1427/1567 1426/1566 1949/2138
f 1949/2138 1952/2141 1427/1567
f 1893/2082 1892/2081 1945/2134
f 1945/2134 1948/2137 1893/2082
f 685/703 684/702 1941/2130
f 1941/2130 1944/2133 685/703
f 2450/1568 1430/1571 1939/2128
f 1435/1576 1714/1885 2453/1884
f 2453/1884 2454/1577 1435/1576
f 688/706 1649/1809 1648/1808
f 1648/1808 689/707 688/706
f 1852/2039 1855/2042 1853/2040
f 1651/1811 1650/1810 1432/1573
f 1432/1573 1431/1572 1651/1811
f 1791/1971 1790/1970 1788/1968
f 1788/1968 1787/1967 1791/1971
f 1790/1970 1653/1813 672/689
f 672/689 1788/1968 1790/1970
f 1653/1813 1652/1812 615/629
f 615/629 672/689 1653/1813
f 1652/1812 616/630 615/629
f 1428/2711 2452/2710 2459/2713
f 2459/2713 2453/2712 1428/2711
f 2458/2723 2459/2724 2452/1608
f 2452/1608 1461/1611 2458/2723
f 703/723 2460/2725 2461/2726
f 2461/2726 704/724 703/723
f 1871/2060 2462/2727 2463/2728
f 2463/2728 1872/2061 1871/2060
f 1457/1605 1453/1601 1452/1600
f 1452/1600 1458/1606 1457/1605
f 1764/1944 1762/1942 1761/1941
f 1761/1941 1765/1945 1764/1944
f 675/693 677/695 1762/1942
f 1762/1942 1764/1944 675/693
f 624/639 614/628 677/695
f 677/695 675/693 624/639
f 711/731 708/728 2464/2729
f 2464/2729 2465/2730 711/731
f 714/734 711/731 2465/2730
f 2465/2730 2466/2731 714/734
f 715/735 714/734 2466/2731
f 2466/2731 2467/2732 715/735
f 717/737 715/735 2467/2732
f 2467/2732 2468/2733 717/737
f 2469/2734 1896/2085 717/737
f 717/737 2468/2733 2469/2734
f 678/696 1896/2085 2469/2734
f 2469/2734 2470/2735 678/696
f 2470/2735 2471/2736 679/697
f 679/697 678/696 2470/2735
f 1943/2132 679/697 2471/2736
f 2471/2736 2472/2737 1943/2132
f 1944/2133 1943/2132 2472/2737
f 2472/2737 2473/2738 1944/2133
f 2474/2739 685/703 1944/2133
f 1944/2133 2473/2738 2474/2739
f 682/700 685/703 2474/2739
f 2474/2739 2475/2740 682/700
f 2476/2741 2477/2742 2478/2743
f 2478/2743 2479/2744 2476/2741
f 2478/2743 2480/2745 2481/2746
f 2481/2746 2479/2744 2478/2743
f 1647/1807 2481/2746 2480/2745
f 2482/2747 692/710 1647/1807
f 1647/1807 2483/2748 2482/2747
f 693/711 692/710 2482/2747
f 2482/2747 2484/2749 693/711
f 694/713 693/711 2484/2749
f 2484/2749 2486/2750 694/713
f 2485/2751 695/714 694/717
f 694/717 2486/2752 2485/2751
f 2487/2753 698/718 701/721
f 701/721 2488/2754 2487/2753
f 704/724 2461/2726 2489/2755
f 2489/2755 2490/2756 704/724
f 705/725 704/724 2490/2756
f 2490/2756 2491/2757 705/725
f 2492/2758 706/726 705/725
f 705/725 2491/2757 2492/2758
f 2464/2729 708/728 706/726
f 706/726 2492/2758 2464/2729
f 1478/1630 1482/1635 2468/2733
f 2468/2733 2467/2732 1478/1630
f 1479/1631 1478/1630 2467/2732
f 2467/2732 2466/2731 1479/1631
f 1472/1623 1479/1631 2466/2731
f 2466/2731 2465/2730 1472/1623
f 1469/1619 1472/1623 2465/2730
f 2465/2730 2464/2729 1469/1619
f 1465/1615 1469/1619 2464/2729
f 2464/2729 2492/2758 1465/1615
f 1460/1610 1465/1615 2492/2758
f 2492/2758 2491/2757 1460/1610
f 1461/1611 1460/1610 2491/2757
f 2491/2757 2490/2756 1461/1611
f 2489/2755 2458/2723 1461/1611
f 1461/1611 2490/2756 2489/2755
f 1455/1603 1454/1602 2487/2753
f 2487/2753 2488/2754 1455/1603
f 1446/1599 1451/1598 2485/2751
f 2485/2751 2486/2752 1446/1599
f 1442/1585 1446/1591 2486/2750
f 2486/2750 2484/2749 1442/1585
f 1443/1586 1442/1585 2484/2749
f 2484/2749 2482/2747 1443/1586
f 1436/1579 1443/1586 2482/2747
f 2482/2747 2483/2748 1436/1579
f 2493/2759 1435/1576 1436/1579
f 1436/1579 2483/2748 2493/2759
f 2493/2759 2494/2760 1714/1885
f 1714/1885 1435/1576 2493/2759
f 1429/1570 1714/1885 2494/2760
f 2494/2760 2495/2761 1429/1570
f 1430/1571 1429/1570 2475/2740
f 2475/2740 2474/2739 1430/1571
f 1939/2128 1430/1571 2474/2739
f 2474/2739 2473/2738 1939/2128
f 1940/2129 1939/2128 2473/2738
f 2473/2738 2472/2737 1940/2129
f 2471/2736 1422/1562 1940/2129
f 1940/2129 2472/2737 2471/2736
f 1423/1563 1422/1562 2471/2736
f 2471/2736 2470/2735 1423/1563
f 1894/2083 1423/1563 2470/2735
f 2470/2735 2469/2734 1894/2083
f 1482/1635 1894/2083 2469/2734
f 2469/2734 2468/2733 1482/1635
f 684/702 1893/2082 1948/2137
f 1948/2137 1941/2130 684/702
f 2496/2762 2497/2763 1893/2082
f 2498/2764 2499/2765 2500/2766
f 2500/2766 2501/2767 2498/2764
f 2500/2766 2502/2768 1856/2043
f 1856/2043 2501/2767 2500/2766
f 1857/2044 1856/2043 2502/2768
f 691/709 1858/2045 1857/2044
f 1857/2044 1646/1806 691/709
f 1861/2048 1858/2045 691/709
f 691/709 690/708 1861/2048
f 1863/2050 1861/2048 690/708
f 690/708 697/712 1863/2050
f 696/715 1864/2051 1863/2054
f 1863/2054 697/716 696/715
f 699/719 1866/2055 1869/2058
f 1869/2058 700/720 699/719
f 1872/2061 2463/2728 2460/2725
f 2460/2725 703/723 1872/2061
f 1873/2062 1872/2061 703/723
f 703/723 702/722 1873/2062
f 707/727 1874/2063 1873/2062
f 1873/2062 702/722 707/727
f 709/729 1876/2065 1874/2063
f 1874/2063 707/727 709/729
f 1879/2068 1876/2065 709/729
f 709/729 710/730 1879/2068
f 1881/2070 1879/2068 710/730
f 710/730 713/733 1881/2070
f 1883/2072 1881/2070 713/733
f 713/733 712/732 1883/2072
f 1885/2074 1883/2072 712/732
f 712/732 716/736 1885/2074
f 1895/2084 1898/2087 1885/2074
f 1885/2074 716/736 1895/2084
f 1889/2078 1898/2087 1895/2084
f 1895/2084 681/699 1889/2078
f 680/698 1886/2075 1889/2078
f 1889/2078 681/699 680/698
f 1947/2136 1886/2075 680/698
f 680/698 1942/2131 1947/2136
f 1948/2137 1947/2136 1942/2131
f 1942/2131 1941/2130 1948/2137
f 1892/2081 1427/1567 1952/2141
f 1952/2141 1945/2134 1892/2081
f 2503/2769 1424/1564 1427/1567
f 1427/1567 1892/2081 2503/2769
f 1434/1575 2504/2770 2505/2771
f 2505/2771 1431/1572 1434/1575
f 1855/2042 1651/1811 1431/1572
f 1431/1572 2505/2771 1855/2042
f 1645/1805 1651/1811 1855/2042
f 1855/2042 1854/2041 1645/1805
f 1859/2046 1439/1582 1645/1805
f 1645/1805 1854/2041 1859/2046
f 1440/1583 1439/1582 1859/2046
f 1859/2046 1860/2047 1440/1583
f 1448/1589 1440/1583 1860/2047
f 1860/2047 1862/2049 1448/1589
f 1449/1595 1448/1594 1862/2053
f 1862/2053 1865/2052 1449/1595
f 1867/2056 1449/1595 1868/2057
f 1458/1606 1452/1600 2462/2727
f 2462/2727 1871/2060 1458/1606
f 1459/1607 1458/1606 1871/2060
f 1871/2060 1870/2059 1459/1607
f 1875/2064 1462/1612 1459/1607
f 1459/1607 1870/2059 1875/2064
f 1877/2066 1466/1616 1462/1612
f 1462/1612 1875/2064 1877/2066
f 1471/1621 1466/1616 1877/2066
f 1877/2066 1878/2067 1471/1621
f 1475/1626 1471/1621 1878/2067
f 1878/2067 1880/2069 1475/1626
f 1476/1627 1475/1626 1880/2069
f 1880/2069 1882/2071 1476/1627
f 1481/1633 1476/1627 1882/2071
f 1882/2071 1884/2073 1481/1633
f 1897/2086 1900/2089 1481/1633
f 1481/1633 1884/2073 1897/2086
f 1420/1560 1900/2089 1897/2086
f 1897/2086 1888/2077 1420/1560
f 1887/2076 1417/1557 1420/1560
f 1420/1560 1888/2077 1887/2076
f 1951/2140 1417/1557 1887/2076
f 1887/2076 1946/2135 1951/2140
f 1952/2141 1951/2140 1946/2135
f 1946/2135 1945/2134 1952/2141
f 1786/1966 1785/1965 1426/1566
f 1426/1566 1425/1565 1786/1966
f 1432/1573 1787/1967 1786/1966
f 1786/1966 1433/1574 1432/1573
f 1650/1810 1791/1971 1787/1967
f 1787/1967 1432/1573 1650/1810
f 1792/1972 1791/1971 1650/1810
f 1650/1810 1644/1804 1792/1972
f 1438/1581 1755/1933 1792/1972
f 1792/1972 1644/1804 1438/1581
f 1756/1934 1755/1933 1438/1581
f 1438/1581 1437/1580 1756/1934
f 1757/1936 1756/1934 1437/1580
f 1437/1580 1445/1588 1757/1936
f 1760/1940 1757/1939 1445/1593
f 1445/1593 1447/1592 1760/1940
f 1453/1601 1761/1941 1760/1940
f 1760/1940 1447/1592 1453/1601
f 1765/1945 1761/1941 1453/1601
f 1453/1601 1457/1605 1765/1945
f 1766/1946 1765/1945 1457/1605
f 1457/1605 1456/1604 1766/1946
f 1463/1613 1767/1947 1766/1946
f 1766/1946 1456/1604 1463/1613
f 1467/1617 1769/1949 1767/1947
f 1767/1947 1463/1613 1467/1617
f 1772/1952 1769/1949 1467/1617
f 1467/1617 1470/1620 1772/1952
f 1774/1954 1772/1952 1470/1620
f 1470/1620 1474/1625 1774/1954
f 1776/1956 1774/1954 1474/1625
f 1474/1625 1473/1624 1776/1956
f 1778/1958 1776/1956 1473/1624
f 1473/1624 1480/1632 1778/1958
f 1899/2088 1902/2091 1778/1958
f 1778/1958 1480/1632 1899/2088
f 1782/1962 1902/2091 1899/2088
f 1899/2088 1419/1559 1782/1962
f 1418/1558 1779/1959 1782/1962
f 1782/1962 1419/1559 1418/1558
f 1955/2144 1779/1959 1418/1558
f 1418/1558 1950/2139 1955/2144
f 1956/2145 1955/2144 1950/2139
f 1950/2139 1949/2138 1956/2145
f 1426/1566 1785/1965 1956/2145
f 1956/2145 1949/2138 1426/1566
f 1891/2080 2503/2769 1892/2081
f 1853/2040 2505/2771 2504/2770
f 2504/2770 1850/2037 1853/2040
f 1855/2042 2505/2771 1853/2040
f 2497/2763 1890/2079 1893/2082
f 2501/2767 1852/2039 1851/2038
f 1851/2038 2498/2764 2501/2767
f 1856/2043 1855/2042 1852/2039
f 1852/2039 2501/2767 1856/2043
f 683/701 2496/2762 1893/2082
f 1893/2082 684/702 683/701
f 689/707 2500/2766 2499/2765
f 2499/2765 686/704 689/707
f 1648/1808 2502/2768 2500/2766
f 2500/2766 689/707 1648/1808
f 1857/2044 2502/2768 1648/1808
f 1648/1808 1646/1806 1857/2044
f 2506/2772 683/701 682/700
f 2507/2773 2496/2762 683/701
f 683/701 2506/2772 2507/2773
f 2508/2774 2497/2763 2496/2762
f 2496/2762 2507/2773 2508/2774
f 2509/2775 1890/2079 2497/2763
f 2497/2763 2508/2774 2509/2775
f 2510/2776 1891/2080 1890/2079
f 1890/2079 2509/2775 2510/2776
f 2511/2777 2503/2769 1891/2080
f 1891/2080 2510/2776 2511/2777
f 2512/2778 1424/1564 2503/2769
f 2503/2769 2511/2777 2512/2778
f 2513/2779 1425/1565 1424/1564
f 1424/1564 2512/2778 2513/2779
f 1786/1966 1425/1565 2513/2779
f 1433/1574 1786/1966 2513/2779
f 1434/1575 1433/1574 2513/2779
f 2513/2779 2512/2778 1434/1575
f 2511/2777 2504/2770 1434/1575
f 1434/1575 2512/2778 2511/2777
f 1850/2037 2504/2770 2511/2777
f 2511/2777 2510/2776 1850/2037
f 2509/2775 1851/2038 1850/2037
f 1850/2037 2510/2776 2509/2775
f 2498/2764 1851/2038 2509/2775
f 2509/2775 2508/2774 2498/2764
f 2507/2773 2499/2765 2498/2764
f 2498/2764 2508/2774 2507/2773
f 686/704 2499/2765 2507/2773
f 2507/2773 2506/2772 686/704
f 2479/2744 688/706 687/705
f 687/705 2476/2741 2479/2744
f 2481/2746 1649/1809 688/706
f 688/706 2479/2744 2481/2746
f 1646/1806 1649/1809 2481/2746
f 2481/2746 1647/1807 1646/1806
f 2494/2760 2478/2743 2477/2742
f 2477/2742 2495/2761 2494/2760
f 2493/2759 2480/2745 2478/2743
f 2478/2743 2494/2760 2493/2759
f 1647/1807 2480/2745 2493/2759
f 2493/2759 2483/2748 1647/1807
f 1421/2716 1464/2718 2451/2709
f 2451/2709 2450/2708 1421/2716
f 1450/1597 2459/2724 2458/2723
f 2458/2723 1454/1602 1450/1597
f 2487/2753 1454/1602 2458/2723
f 2458/2723 2489/2755 2487/2753
f 2489/2755 2461/2726 698/718
f 698/718 2487/2753 2489/2755
f 2461/2726 2460/2725 699/719
f 699/719 698/718 2461/2726
f 2460/2725 2463/2728 1866/2055
f 1866/2055 699/719 2460/2725
f 2463/2728 2462/2727 1867/2056
f 1867/2056 1866/2055 2463/2728
f 2462/2727 1452/1600 1449/1595
f 1449/1595 1867/2056 2462/2727
f 1451/1598 1450/1597 1455/1603
f 2485/2751 1451/1598 1455/1603
f 1455/1603 2488/2754 2485/2751
f 701/721 695/714 2485/2751
f 2485/2751 2488/2754 701/721
f 700/720 696/715 695/714
f 695/714 701/721 700/720
f 1869/2058 1864/2051 696/715
f 696/715 700/720 1869/2058
f 1868/2057 1865/2052 1864/2051
f 1864/2051 1869/2058 1868/2057
f 1449/1595 1865/2052 1868/2057
f 682/700 687/705 686/704
f 686/704 2506/2772 682/700
f 2476/2741 687/705 682/700
f 2475/2740 2477/2742 2476/2741
f 2476/2741 682/700 2475/2740
f 2495/2761 2477/2742 2475/2740
f 1429/1570 2495/2761 2475/2740
f 2242/2480 129/129 1232/1338
f 1232/1338 1234/1340 2242/2480
f 129/129 128/128 1233/1339
f 1233/1339 1232/1338 129/129
f 128/128 127/127 1229/1335
f 1229/1335 1233/1339 128/128
f 127/127 126/126 1230/1336
f 1230/1336 1229/1335 127/127
f 1228/1333 1230/1336 126/126
f 126/126 124/124 1228/1333
f 1828/2014 1826/2780 1844/2031
f 1844/2031 1845/2032 1828/2014
f 1826/2780 1831/2781 1841/2028
f 1841/2028 1844/2031 1826/2780
f 1834/2021 1841/2028 1831/2781
f 1831/2781 1843/2030 1842/2029
f 1833/2020 1836/2023 1834/2021
f 1228/1333 124/124 1227/1332
f 1829/2015 1828/2014 1845/2032
f 1845/2032 2136/2374 1829/2015
f 1819/2001 1829/2015 2136/2374
f 2136/2374 2138/2376 1819/2001
f 1415/1555 1819/2001 2138/2376
f 2138/2376 2140/2378 1415/1555
f 1416/1556 1415/1555 2140/2378
f 2140/2378 2142/2380 1416/1556
f 1413/1551 1416/1556 2142/2380
f 2142/2380 2144/2382 1413/1551
f 1414/1552 1413/1551 2144/2382
f 2144/2382 2146/2384 1414/1552
f 1409/1547 1414/1552 2146/2384
f 2146/2384 2148/2386 1409/1547
f 1410/1548 1409/1547 2148/2386
f 2148/2386 2150/2388 1410/1548
f 1405/1543 1410/1548 2150/2388
f 2150/2388 2152/2390 1405/1543
f 1406/1544 1405/1543 2152/2390
f 2152/2390 2154/2392 1406/1544
f 1747/1925 1406/1544 2154/2392
f 2154/2392 2156/2394 1747/1925
f 1401/1539 1747/1925 2156/2394
f 2156/2394 2158/2396 1401/1539
f 1402/1540 1401/1539 2158/2396
f 2158/2396 2160/2398 1402/1540
f 1398/1535 1402/1540 2160/2398
f 2160/2398 2162/2400 1398/1535
f 1399/1536 1398/1535 2162/2400
f 2162/2400 2164/2402 1399/1536
f 1396/1531 1399/1536 2164/2402
f 2164/2402 2166/2404 1396/1531
f 1397/1532 1396/1531 2166/2404
f 2166/2404 2168/2406 1397/1532
f 1659/1822 1397/1532 2168/2406
f 2168/2406 2170/2408 1659/1822
f 1395/1528 1659/1822 2170/2408
f 2170/2408 2172/2410 1395/1528
f 1392/1525 1395/1528 2172/2410
f 2172/2410 2174/2412 1392/1525
f 1393/1526 1392/1525 2174/2412
f 2174/2412 2176/2414 1393/1526
f 1389/1522 1393/1526 2176/2414
f 2176/2414 2178/2416 1389/1522
f 1388/1520 1389/1522 2178/2416
f 2178/2416 2180/2418 1388/1520
f 1387/1518 1388/1520 2180/2418
f 2180/2418 2182/2420 1387/1518
f 1385/1516 1387/1518 2182/2420
f 2182/2420 2184/2422 1385/1516
f 1383/1513 1385/1516 2184/2422
f 2184/2422 2186/2424 1383/1513
f 1384/1514 1383/1513 2186/2424
f 2186/2424 2188/2426 1384/1514
f 2303/2542 1384/1514 2188/2426
f 2188/2426 2301/2540 2303/2542
f 2305/2546 2303/2542 2301/2540
f 2301/2540 2296/2535 2305/2546
f 2299/2538 2304/2543 2305/2546
f 2305/2546 2296/2535 2299/2538
f 2307/2550 2304/2543 2299/2538
f 2299/2538 2294/2533 2307/2550
f 2291/2530 2306/2547 2307/2550
f 2307/2550 2294/2533 2291/2530
f 1493/1647 2306/2547 2291/2530
f 2291/2530 2191/2429 1493/1647
f 1494/1648 1493/1647 2191/2429
f 2191/2429 2190/2428 1494/1648
f 1340/1455 1494/1648 2190/2428
f 2190/2428 2194/2432 1340/1455
f 1341/1456 1340/1455 2194/2432
f 2194/2432 2196/2434 1341/1456
f 1181/1278 1341/1456 2196/2434
f 2196/2434 2198/2436 1181/1278
f 1182/1279 1181/1278 2198/2436
f 2198/2436 2200/2438 1182/1279
f 1178/1274 1182/1279 2200/2438
f 2200/2438 2202/2440 1178/1274
f 1179/1275 1178/1274 2202/2440
f 2202/2440 2204/2442 1179/1275
f 1186/1283 1179/1275 2204/2442
f 2204/2442 2206/2444 1186/1283
f 1380/1509 1186/1283 2206/2444
f 2206/2444 2208/2446 1380/1509
f 1381/1510 1380/1509 2208/2446
f 2208/2446 2210/2448 1381/1510
f 1192/1290 1381/1510 2210/2448
f 2210/2448 2212/2450 1192/1290
f 1193/1291 1192/1290 2212/2450
f 2212/2450 2214/2452 1193/1291
f 1347/1463 1193/1291 2214/2452
f 2214/2452 2216/2454 1347/1463
f 1348/1464 1347/1463 2216/2454
f 2216/2454 2218/2456 1348/1464
f 1198/1298 1348/1464 2218/2456
f 2218/2456 2220/2458 1198/1298
f 1199/1299 1198/1298 2220/2458
f 2220/2458 2222/2460 1199/1299
f 1204/1306 1199/1299 2222/2460
f 2222/2460 2224/2462 1204/1306
f 1205/1307 1204/1306 2224/2462
f 2224/2462 2226/2464 1205/1307
f 1798/1978 1205/1307 2226/2464
f 2226/2464 2228/2466 1798/1978
f 1207/1310 1798/1978 2228/2466
f 2228/2466 2230/2468 1207/1310
f 1208/1311 1207/1310 2230/2468
f 2230/2468 2232/2470 1208/1311
f 1219/1322 1208/1311 2232/2470
f 2232/2470 2234/2472 1219/1322
f 1220/1323 1219/1322 2234/2472
f 2234/2472 2236/2474 1220/1323
f 1225/1330 1220/1323 2236/2474
f 2236/2474 2238/2476 1225/1330
f 1226/1331 1225/1330 2238/2476
f 2238/2476 2240/2478 1226/1331
f 1234/1340 1231/1337 1226/1331
f 1226/1331 2240/2478 1234/1340
f 1284/1390 1285/1391 2316/2563
f 2316/2563 861/2276 1284/1390
f 1285/1391 1286/1392 2315/2561
f 2315/2561 2316/2563 1285/1391
f 1286/1392 1288/1394 2313/2559
f 2313/2559 2315/2561 1286/1392
f 1288/1394 1287/1393 2312/2557
f 2312/2557 2313/2559 1288/1394
f 1287/1393 1293/1399 2311/2555
f 2311/2555 2312/2557 1287/1393
f 1293/1399 1294/1400 2310/2553
f 2310/2553 2311/2555 1293/1399
f 1294/1400 1295/1401 2308/2551
f 2308/2551 2310/2553 1294/1400
f 1295/1401 1296/1402 1654/1814
f 1654/1814 2308/2551 1295/1401
f 1296/1402 2243/2481 1600/1760
f 1600/1760 1654/1814 1296/1402
f 2243/2481 2244/2482 1349/1465
f 1349/1465 1600/1760 2243/2481
f 2244/2482 2245/2483 1350/1466
f 1350/1466 1349/1465 2244/2482
f 2245/2483 2246/2484 1297/1403
f 1297/1403 1350/1466 2245/2483
f 2246/2484 2247/2485 1298/1404
f 1298/1404 1297/1403 2246/2484
f 2247/2485 2248/2486 1300/1407
f 1300/1407 1298/1404 2247/2485
f 2248/2486 2249/2487 1302/1409
f 1302/1409 1300/1407 2248/2486
f 2249/2487 2250/2488 1304/1411
f 1304/1411 1302/1409 2249/2487
f 2250/2488 2251/2489 1306/1413
f 1306/1413 1304/1411 2250/2488
f 2251/2489 2252/2490 1307/1414
f 1307/1414 1306/1413 2251/2489
f 2252/2490 2253/2491 1309/1417
f 1309/1417 1307/1414 2252/2490
f 2253/2491 2254/2492 1310/1418
f 1310/1418 1309/1417 2253/2491
f 2254/2492 2255/2493 1313/1421
f 1313/1421 1310/1418 2254/2492
f 2255/2493 2256/2494 1314/1422
f 1314/1422 1313/1421 2255/2493
f 2256/2494 2257/2495 1316/1425
f 1316/1425 1314/1422 2256/2494
f 2257/2495 2258/2496 1317/1426
f 1317/1426 1316/1425 2257/2495
f 2258/2496 2259/2497 1319/1429
f 1319/1429 1317/1426 2258/2496
f 2259/2497 2260/2498 1320/1430
f 1320/1430 1319/1429 2259/2497
f 2260/2498 2261/2499 1323/1433
f 1323/1433 1320/1430 2260/2498
f 2261/2499 2262/2500 1324/1434
f 1324/1434 1323/1433 2261/2499
f 2262/2500 2263/2501 1326/1437
f 1326/1437 1324/1434 2262/2500
f 2263/2501 2264/2502 1327/1438
f 1327/1438 1326/1437 2263/2501
f 2264/2502 2265/2503 1332/1447
f 1332/1447 1327/1438 2264/2502
f 2265/2503 2266/2504 1556/1714
f 1556/1714 1332/1447 2265/2503
f 2266/2504 2267/2505 1557/1715
f 1557/1715 1556/1714 2266/2504
f 2267/2505 2268/2506 1328/1441
f 1328/1441 1557/1715 2267/2505
f 2268/2506 2269/2507 1329/1442
f 1329/1442 1328/1441 2268/2506
f 2269/2507 2271/2508 1736/1908
f 1736/1908 1329/1442 2269/2507
f 2271/2510 2270/2509 1355/1473
f 1355/1473 1736/1913 2271/2510
f 2270/2509 2272/2511 1352/1469
f 1352/1469 1355/1473 2270/2509
f 2272/2511 2273/2512 1353/1470
f 1353/1470 1352/1469 2272/2511
f 2273/2512 2274/2513 1665/1828
f 1665/1828 1353/1470 2273/2512
f 2274/2513 2275/2514 1356/1475
f 1356/1475 1665/1828 2274/2513
f 2275/2514 2276/2515 1357/1476
f 1357/1476 1356/1475 2275/2514
f 2276/2515 2277/2516 1358/1479
f 1358/1479 1357/1476 2276/2515
f 2277/2516 2278/2517 1359/1480
f 1359/1480 1358/1479 2277/2516
f 2278/2517 2279/2518 1360/1483
f 1360/1483 1359/1480 2278/2517
f 2279/2518 2280/2519 1361/1484
f 1361/1484 1360/1483 2279/2518
f 2280/2519 2281/2520 1741/1917
f 1741/1917 1361/1484 2280/2519
f 2281/2520 2282/2521 1373/1499
f 1373/1499 1741/1917 2281/2520
f 2282/2521 2283/2522 1374/1500
f 1374/1500 1373/1499 2282/2521
f 2283/2522 2284/2523 1363/1487
f 1363/1487 1374/1500 2283/2522
f 2284/2523 2285/2524 1364/1488
f 1364/1488 1363/1487 2284/2523
f 2285/2524 2286/2525 1367/1491
f 1367/1491 1364/1488 2285/2524
f 2286/2525 2287/2526 1368/1492
f 1368/1492 1367/1491 2286/2525
f 2287/2526 2288/2527 1370/1495
f 1370/1495 1368/1492 2287/2526
f 2288/2527 2289/2528 1371/1496
f 1371/1496 1370/1495 2288/2527
f 2289/2528 2290/2529 1824/2007
f 1824/2007 1371/1496 2289/2528
f 2290/2529 1835/2022 1842/2029
f 1842/2029 1824/2007 2290/2529
f 1835/2022 1834/2021 1831/2781
f 1831/2781 1842/2029 1835/2022
f 2054/2278 2053/2277 2514/2782
f 2055/2279 2054/2278 2514/2782
f 2514/2782 2515/2783 2055/2279
f 2056/2280 2055/2279 2515/2783
f 2515/2783 2516/2784 2056/2280
f 2057/2281 2056/2280 2516/2784
f 2516/2784 2517/2785 2057/2281
f 2058/2282 2057/2281 2517/2785
f 2517/2785 2518/2786 2058/2282
f 2059/2283 2058/2282 2518/2786
f 2518/2786 1980/2787 2059/2283
f 2060/2284 2059/2283 1980/2787
f 1980/2787 1979/2788 2060/2284
f 2061/2285 2060/2284 1979/2788
f 1979/2788 2519/2789 2061/2285
f 2062/2286 2061/2285 2519/2789
f 2519/2789 2520/2790 2062/2286
f 2063/2287 2062/2286 2520/2790
f 2520/2790 2521/2791 2063/2287
f 2064/2288 2063/2287 2521/2791
f 2521/2791 1978/2792 2064/2288
f 2065/2289 2064/2288 1978/2792
f 1978/2792 2522/2793 2065/2289
f 2066/2290 2065/2289 2522/2793
f 2522/2793 2523/2794 2066/2290
f 2067/2291 2066/2290 2523/2794
f 2523/2794 2524/2795 2067/2291
f 2068/2292 2067/2291 2524/2795
f 2524/2795 1977/2796 2068/2292
f 2069/2293 2068/2292 1977/2796
f 1977/2796 2525/2797 2069/2293
f 2070/2294 2069/2293 2525/2797
f 2525/2797 2526/2798 2070/2294
f 2071/2295 2070/2294 2526/2798
f 2526/2798 2527/2799 2071/2295
f 2072/2296 2071/2295 2527/2799
f 2527/2799 2528/2800 2072/2296
f 2073/2297 2072/2296 2528/2800
f 2528/2800 1976/2801 2073/2297
f 2074/2298 2073/2297 1976/2801
f 1976/2801 2529/2802 2074/2298
f 2075/2299 2074/2298 2529/2802
f 2529/2802 2530/2803 2075/2299
f 2076/2300 2075/2299 2530/2803
f 2530/2803 2531/2804 2076/2300
f 2077/2301 2076/2300 2531/2804
f 2531/2804 1975/2805 2077/2301
f 2078/2302 2077/2301 1975/2805
f 1975/2805 2532/2806 2078/2302
f 2079/2303 2078/2302 2532/2806
f 2532/2806 1974/2807 2079/2303
f 2080/2304 2079/2303 1974/2807
f 1974/2807 2533/2808 2080/2304
f 2081/2305 2080/2304 2533/2808
f 2533/2808 2534/2809 2081/2305
f 2082/2306 2081/2305 2534/2809
f 2534/2809 2535/2810 2082/2306
f 2083/2307 2082/2306 2535/2810
f 2535/2810 2536/2811 2083/2307
f 2317/2565 2084/2308 2083/2307
f 2083/2307 2536/2811 2317/2565
f 1227/1332 1224/1327 2134/2369
f 2134/2369 828/1334 1227/1332
f 1224/1327 1223/1326 2133/2367
f 2133/2367 2134/2369 1224/1327
f 1223/1326 1216/1319 2131/2365
f 2131/2365 2133/2367 1223/1326
f 1216/1319 1215/1318 2130/2363
f 2130/2363 2131/2365 1216/1319
f 1215/1318 1212/1315 2129/2361
f 2129/2361 2130/2363 1215/1318
f 1212/1315 1211/1314 2127/2359
f 2127/2359 2129/2361 1212/1315
f 1211/1314 1805/1987 2125/2357
f 2125/2357 2127/2359 1211/1314
f 1805/1987 1203/1303 2123/2355
f 2123/2355 2125/2357 1805/1987
f 1203/1303 1202/1302 2121/2353
f 2121/2353 2123/2355 1203/1303
f 1202/1302 1197/1295 2119/2351
f 2119/2351 2121/2353 1202/1302
f 1197/1295 1196/1294 2117/2349
f 2117/2349 2119/2351 1197/1295
f 1196/1294 1345/1460 2115/2347
f 2115/2347 2117/2349 1196/1294
f 1345/1460 1344/1459 2113/2345
f 2113/2345 2115/2347 1345/1460
f 1344/1459 1190/1287 2112/2343
f 2112/2343 2113/2345 1344/1459
f 1190/1287 1189/1286 2110/2341
f 2110/2341 2112/2343 1190/1287
f 1189/1286 1379/1506 2109/2339
f 2109/2339 2110/2341 1189/1286
f 1379/1506 1378/1505 2108/2337
f 2108/2337 2109/2339 1379/1506
f 1378/1505 1184/1281 2107/2335
f 2107/2335 2108/2337 1378/1505
f 1184/1281 1177/1271 2105/2333
f 2105/2333 2107/2335 1184/1281
f 1177/1271 1176/1270 2104/2331
f 2104/2331 2105/2333 1177/1271
f 1176/1270 1173/1267 2102/2329
f 2102/2329 2104/2331 1176/1270
f 1173/1267 1172/1266 2100/2327
f 2100/2327 2102/2329 1173/1267
f 1172/1266 1337/1452 2098/2325
f 2098/2325 2100/2327 1172/1266
f 1337/1452 1336/1451 2096/2323
f 2096/2323 2098/2325 1337/1452
f 1336/1451 1796/1976 2095/2322
f 2095/2322 2096/2323 1336/1451
f 2092/2317 2095/2322 1796/1976
f 1796/1976 2035/2255 2092/2317
f 2035/2255 2040/2263 2093/2318
f 2093/2318 2092/2317 2035/2255
f 2321/2569 2093/2318 2040/2263
f 2040/2263 2324/2572 2321/2569
f 2324/2572 2044/2267 2089/2313
f 2089/2313 2321/2569 2324/2572
f 2044/2267 2043/2266 2090/2314
f 2090/2314 2089/2313 2044/2267
f 2087/2311 2090/2314 2043/2266
f 2043/2266 2047/2270 2087/2311
f 2088/2312 2087/2311 2047/2270
f 2047/2270 2050/2273 2088/2312
f 2318/2566 2088/2312 2050/2273
f 2050/2273 2320/2568 2318/2566
f 2084/2308 2318/2566 2320/2568
f 2320/2568 2051/2274 2084/2308

