# Exported from 3D Builder
mtllib Ruota bianca Hammerhead.mtl

o Object.1
v 1.022812 -1.307617 1.150365
v 1.022918 -1.704108 1.546582
v 1.083363 -1.794967 1.467402
v 1.083363 -1.376799 1.049251
v 1.022719 -0.822043 0.870273
v 1.083363 -0.864588 0.753556
v 1.022651 -0.280661 0.725362
v 1.083368 -0.293313 0.600477
v 1.022612 0.279780 0.725448
v 1.083363 0.298033 0.600477
v 1.022602 0.821162 0.870507
v 1.083363 0.869307 0.753556
v 1.022622 1.306500 1.150690
v 1.083363 1.381427 1.049251
v 1.022671 1.702912 1.546911
v 1.083363 1.799598 1.467402
v 1.022744 1.983242 2.032220
v 1.083363 2.095273 1.979567
v 1.022841 2.128517 2.573582
v 1.083363 2.248374 2.550818
v 1.022953 2.128748 3.134180
v 1.083363 2.248374 3.142210
v 1.023075 1.983872 3.675762
v 1.083363 2.095273 3.713438
v 1.023197 1.703779 4.161466
v 1.083363 1.799598 4.225604
v 1.023308 1.307374 4.558143
v 1.083363 1.381427 4.643776
v 1.023407 0.821812 4.838722
v 1.083363 0.869307 4.939471
v 1.023479 0.280034 4.984013
v 1.083363 0.298032 5.092504
v 1.023523 -0.280869 4.984102
v 1.083363 -0.293316 5.092528
v 1.023537 -0.822658 4.838960
v 1.083363 -0.864589 4.939471
v 1.023512 -1.308471 4.558463
v 1.083363 -1.376799 4.643776
v 1.023460 -1.704972 4.161773
v 1.083363 -1.794967 4.225604
v 1.023377 -1.985218 3.675975
v 1.083363 -2.090644 3.713438
v 1.023279 -2.130177 3.134239
v 1.083363 -2.243657 3.142209
v 1.023162 -2.129943 2.573469
v 1.083363 -2.243657 2.550817
v 1.023040 -1.984582 2.031968
v 1.083363 -2.090644 1.979567
v 0.979088 -1.680673 1.565944
v 0.979088 -1.289861 1.175089
v 0.979088 -0.811100 0.898711
v 0.825349 -0.786340 0.957693
v 0.979088 -0.277218 0.755662
v 0.825344 -0.268707 0.818997
v 0.979088 0.275540 0.755662
v 0.979088 0.809514 0.898712
v 0.825349 0.784937 0.957693
v 0.979088 1.288182 1.175089
v 0.979088 1.679085 1.565944
v 0.825349 1.628026 1.604613
v 0.979088 1.955414 2.044637
v 0.825354 1.895956 2.068734
v 0.979088 2.098487 2.578542
v 0.979093 2.098487 3.131321
v 0.979098 1.955415 3.665225
v 0.825349 1.895958 3.639988
v 0.979093 1.679085 4.143920
v 0.979093 1.288185 4.534774
v 0.979098 0.809514 4.811152
v 0.825349 0.784934 4.751030
v 0.979093 0.275539 4.954201
v 0.825344 0.267218 4.889726
v 0.979093 -0.277219 4.954201
v 0.979093 -0.811100 4.811152
v 0.979093 -1.289861 4.534774
v 0.825354 -1.250528 4.483066
v 0.979093 -1.680675 4.143919
v 0.825349 -1.629444 4.104110
v 0.979093 -1.957002 3.665224
v 0.825349 -1.897371 3.639988
v 0.979093 -2.100076 3.131320
v 0.825349 -2.036081 3.122336
v 0.979093 -2.100076 2.578542
v 0.825349 -2.036081 2.586386
v 0.979088 -1.957002 2.044638
v 0.825349 -1.897371 2.068734
v 0.825349 -1.629444 1.604612
v 0.805234 -1.873890 2.607740
v 0.805234 -1.873890 3.100982
v 0.805234 -1.499660 4.004523
v 0.825354 -0.786340 4.751029
v 0.805234 -0.723738 4.599894
v 0.825349 -0.268708 4.889726
v 0.805234 -0.247352 4.727538
v 0.805239 0.245868 4.727538
v 0.805234 0.722330 4.599894
v 0.825349 1.249032 4.483067
v 0.805239 1.149447 4.353283
v 0.825349 1.628028 4.104111
v 0.805234 1.744823 3.577386
v 0.825349 2.034670 3.122337
v 0.825349 2.034670 2.586387
v 0.805239 1.744821 2.131337
v 0.825349 1.249032 1.225657
v 0.825349 0.267219 0.818997
v 0.805234 0.245868 0.981185
v 0.825354 -1.250528 1.225656
v 0.805234 -1.150937 1.355440
v 0.805234 -1.746237 2.131337
v 0.805234 -1.499657 1.704198
v 0.298240 -1.407321 1.775049
v 0.298240 -1.638710 2.175876
v 0.298240 -1.758501 2.622932
v 0.298240 -1.758501 3.085790
v 0.805234 -1.746237 3.577385
v 0.298240 -1.638710 3.532846
v 0.298240 -1.407321 3.933673
v 0.805234 -1.150937 4.353283
v 0.298240 -1.080083 4.260948
v 0.298240 -0.679197 4.492368
v 0.298240 -0.232160 4.612149
v 0.298235 0.230677 4.612149
v 0.298240 0.677792 4.492368
v 0.298240 1.078596 4.260949
v 0.805234 1.498242 4.004524
v 0.298240 1.405906 3.933674
v 0.298240 1.637297 3.532847
v 0.805234 1.872482 3.100983
v 0.298240 1.757092 3.085791
v 0.805234 1.872482 2.607741
v 0.298240 1.757092 2.622933
v 0.298240 1.637295 2.175876
v 0.805234 1.498242 1.704199
v 0.298240 1.405906 1.775050
v 0.805239 1.149447 1.355440
v 0.298240 1.078596 1.447774
v 0.805234 0.722332 1.108829
v 0.298240 0.677792 1.216355
v 0.298240 0.230680 1.096574
v 0.805234 -0.247352 0.981185
v 0.298235 -0.232160 1.096574
v 0.805234 -0.723738 1.108829
v 0.298240 -0.679197 1.216355
v 0.298240 -1.080083 1.447774
v 1.028905 -0.882839 4.983530
v 1.028905 -1.405830 4.681610
v 1.028905 -1.832801 4.254635
v 1.028905 -2.134704 3.731687
v 1.028905 -2.290936 3.148433
v 1.028905 -2.290936 2.544593
v 1.028905 -2.134704 1.961317
v 1.028905 -1.832801 1.438370
v 1.028905 -1.405830 1.011418
v 1.028905 -0.882838 0.709497
v 1.028905 -0.299537 0.553195
v 1.028905 0.304257 0.553195
v 1.028905 0.887558 0.709497
v 1.028905 1.410456 1.011418
v 1.028905 1.837430 1.438371
v 1.028905 2.139332 1.961317
v 1.028905 2.295655 2.544593
v 1.028905 2.295655 3.148435
v 1.028905 2.139332 3.731688
v 1.028905 1.837430 4.254635
v 1.028905 1.410456 4.681611
v 1.028905 0.887558 4.983530
v 1.028905 0.304256 5.139784
v 1.028905 -0.299541 5.139809
v -0.911099 1.101591 4.757069
v -0.911099 1.017622 4.611623
v -0.911099 -0.000007 5.052242
v -0.911099 -0.000006 4.884299
v -0.911099 -1.017676 4.611623
v -0.911099 -1.101650 4.757069
v -0.911099 -1.908135 3.950623
v -0.911099 -1.762684 3.866654
v -0.911099 -2.203247 2.848996
v -0.911099 -2.035302 2.848995
v -0.911099 -1.908134 1.747366
v -0.911099 -1.101650 0.940923
v -0.911099 -1.017676 1.086367
v -0.911099 -0.000008 0.645748
v -0.911099 1.101590 0.940922
v -0.911099 1.908078 1.747367
v -0.911099 1.908034 3.950624
v -0.911099 2.203231 2.848994
v -0.911099 2.035286 2.848995
v -0.911099 1.762591 3.866654
v 0.327599 1.762589 3.866650
v 0.327604 1.017620 4.611623
v 0.327599 -0.000009 4.884299
v 0.327599 -1.017679 4.611623
v 0.327599 -1.762686 3.866654
v 0.327599 -2.035302 2.848995
v -0.911099 -1.762686 1.831338
v 0.327599 -1.762686 1.831338
v 0.327599 -1.017676 1.086367
v -0.911099 -0.000008 0.813691
v -0.911099 1.017620 1.086367
v 0.327599 -0.000008 0.813691
v 0.327604 1.017620 1.086367
v -0.911099 1.762629 1.831339
v 0.327599 1.762629 1.831339
v 0.327599 2.035285 2.848995
v 0.046935 0.420633 3.361928
v 0.046935 0.420633 3.243843
v 0.178708 0.313038 3.228327
v 0.178708 0.258868 3.302885
v 0.046935 0.308329 3.207353
v 0.046935 0.308329 3.398417
v 0.046935 0.238921 3.302885
v 0.178708 0.400686 3.348965
v 0.178708 0.400686 3.256805
v 0.178708 0.313038 3.377444
v 0.528321 -0.385117 4.283365
v 0.630841 -0.215275 4.318839
v 0.746934 -0.300980 4.942620
v 0.698463 -0.555407 4.869627
v 0.235718 -0.045398 3.198811
v 0.397017 -0.130112 3.667272
v 0.144648 -0.214827 3.646882
v 0.144648 -0.066320 3.185836
v 0.529692 -0.172694 3.993055
v 0.408005 -0.299971 3.965124
v 0.475500 -0.151402 3.830164
v 0.318144 -0.257399 3.806003
v 0.589587 -0.586932 4.869627
v 0.419445 -0.416641 4.283365
v 0.035770 -0.246351 3.646882
v 0.035770 -0.097845 3.185836
v 0.299128 -0.331496 3.965124
v 0.209268 -0.288924 3.806003
v 0.817931 -0.046552 4.971776
v 0.612612 -0.045416 4.020987
v 0.235718 0.045397 3.198811
v 0.488584 0.045397 3.687662
v 0.488584 -0.045398 3.687662
v 0.612612 0.045415 4.020987
v 0.694793 0.045433 4.354312
v 0.694793 -0.045434 4.354312
v 0.528321 0.385116 4.283365
v 0.698463 0.555405 4.869627
v 0.746934 0.300978 4.942620
v 0.630841 0.215274 4.318839
v 0.144648 0.066319 3.185836
v 0.144648 0.214826 3.646882
v 0.397017 0.130111 3.667272
v 0.529692 0.172693 3.993055
v 0.408005 0.299971 3.965124
v 0.553059 -0.045406 3.854325
v 0.475500 0.151402 3.830164
v 0.318144 0.257398 3.806003
v 0.419445 0.416641 4.283365
v 0.589587 0.586930 4.869627
v 0.035770 0.097844 3.185836
v 0.035770 0.246350 3.646882
v 0.299128 0.331495 3.965124
v 0.209268 0.288923 3.806003
v 0.817931 0.046551 4.971776
v 0.553059 0.045406 3.854325
v 0.046935 -0.357854 3.407540
v 0.178708 -0.264041 3.356084
v 0.046935 -0.245549 3.252965
v 0.046935 -0.245549 3.371050
v 0.178708 -0.264041 3.263925
v 0.178708 -0.351690 3.235446
v 0.046935 -0.427263 3.312007
v 0.046935 -0.357854 3.216475
v 0.178708 -0.351690 3.384563
v 0.178708 -0.405860 3.310005
v 0.528321 -0.531542 1.462182
v 0.630841 -0.689798 1.533314
v 0.746934 -0.987111 0.978288
v 0.698463 -0.738369 0.887792
v 0.397017 -0.375715 2.110499
v 0.144648 -0.295195 2.077201
v 0.144648 -0.144342 2.537485
v 0.529692 -0.532755 1.821907
v 0.408005 -0.413369 1.769692
v 0.475500 -0.454236 1.966203
v 0.318144 -0.354281 1.923446
v 0.589587 -0.712867 0.869262
v 0.419445 -0.506039 1.443652
v 0.035770 -0.269691 2.058672
v 0.035770 -0.118839 2.518956
v 0.299128 -0.387865 1.751162
v 0.209268 -0.328777 1.904917
v 0.817931 -1.210084 1.104249
v 0.235718 -0.168896 2.539287
v 0.235718 -0.242350 2.592654
v 0.488584 -0.529689 2.197165
v 0.488584 -0.456235 2.143798
v 0.612612 -0.652143 1.874121
v 0.612612 -0.725627 1.927510
v 0.694793 -0.848053 1.604445
v 0.817931 -1.285406 1.158974
v 0.528321 -1.154674 1.914913
v 0.698463 -1.637037 1.540711
v 0.746934 -1.474104 1.332110
v 0.630841 -1.038119 1.786384
v 0.144648 -0.251650 2.615449
v 0.144648 -0.642791 2.329745
v 0.397017 -0.586240 2.263455
v 0.529692 -0.812180 2.024920
v 0.408005 -0.898732 2.122329
v 0.553059 -0.554189 2.008960
v 0.475500 -0.699209 2.144187
v 0.318144 -0.770761 2.226037
v 0.419445 -1.180178 1.933443
v 0.589587 -1.662541 1.559241
v 0.035770 -0.277154 2.633978
v 0.035770 -0.668295 2.348274
v 0.299128 -0.924236 2.140859
v 0.209268 -0.796265 2.244566
v 0.694793 -0.921565 1.657855
v 0.553059 -0.627658 2.062338
v 0.528321 -1.483184 2.925966
v 0.630841 -1.464437 3.098457
v 0.746934 -2.084172 3.209706
v 0.698463 -2.093375 2.945175
v 0.235718 -0.346733 2.913912
v 0.397017 -0.818444 2.978106
v 0.144648 -0.825230 2.891237
v 0.144648 -0.340859 2.890004
v 0.529692 -1.141441 3.038281
v 0.408005 -1.154208 2.908602
v 0.475500 -0.979942 3.008194
v 0.318144 -0.989719 2.899919
v 0.589587 -2.103117 2.915193
v 0.419445 -1.492927 2.895984
v 0.035770 -0.834972 2.861255
v 0.035770 -0.350600 2.860023
v 0.299128 -1.163949 2.878620
v 0.209268 -0.999461 2.869937
v 0.817931 -2.033279 3.460690
v 0.612612 -1.128674 3.167961
v 0.553059 -0.970166 3.116468
v 0.488584 -0.811658 3.064975
v 0.235718 -0.318676 3.000263
v 0.694793 -1.445691 3.270947
v 0.528321 -1.245170 3.658500
v 0.698463 -1.750114 4.001620
v 0.746934 -1.898157 3.782202
v 0.630841 -1.331390 3.507933
v 0.144648 -0.299870 3.016152
v 0.144648 -0.692461 3.299861
v 0.397017 -0.738030 3.225594
v 0.529692 -1.034711 3.366763
v 0.408005 -0.968815 3.479181
v 0.553059 -0.942104 3.202836
v 0.475500 -0.886370 3.296178
v 0.318144 -0.830638 3.389521
v 0.419445 -1.235427 3.688482
v 0.589587 -1.740373 4.031602
v 0.035770 -0.290129 3.046134
v 0.035770 -0.682719 3.329843
v 0.299128 -0.959073 3.509162
v 0.209268 -0.820896 3.419502
v 0.817931 -2.004509 3.549237
v 0.694793 -1.417612 3.357366
v 0.612612 -1.100606 3.254346
v 0.488584 -0.783600 3.151326
v 0.178708 -0.084453 2.283534
v 0.046935 -0.108209 2.282296
v 0.046935 -0.038801 2.186764
v 0.046935 -0.038801 2.377829
v 0.178708 0.057366 2.237454
v 0.046935 0.073504 2.223254
v 0.046935 0.073504 2.341339
v 0.178708 -0.030282 2.208976
v 0.178708 0.057366 2.329614
v 0.178708 -0.030282 2.358093
v 0.178708 -0.618043 2.680011
v 0.178708 -0.563873 2.754570
v 0.046935 -0.572392 2.776782
v 0.046935 -0.641801 2.681249
v 0.178708 -0.476224 2.633932
v 0.046935 -0.460087 2.740291
v 0.178708 -0.563873 2.605453
v 0.046935 -0.572392 2.585716
v 0.046935 -0.460087 2.622207
v 0.178708 -0.476224 2.726091
v 0.528321 1.245168 3.658501
v 0.630841 1.331390 3.507933
v 0.746934 1.898157 3.782202
v 0.698463 1.750115 4.001621
v 0.235718 0.318675 3.000263
v 0.397017 0.738029 3.225594
v 0.144648 0.692461 3.299861
v 0.144648 0.299870 3.016152
v 0.529692 1.034710 3.366764
v 0.408005 0.968814 3.479181
v 0.475500 0.886370 3.296179
v 0.318144 0.830637 3.389521
v 0.589587 1.740372 4.031603
v 0.419445 1.235427 3.688482
v 0.035770 0.682718 3.329843
v 0.035770 0.290129 3.046134
v 0.299128 0.959072 3.509162
v 0.209268 0.820895 3.419503
v 0.817931 2.004508 3.549237
v 0.488584 0.811657 3.064975
v 0.488584 0.783600 3.151326
v 0.612612 1.100605 3.254346
v 0.612612 1.128673 3.167962
v 0.694793 1.417612 3.357367
v 0.528321 1.483183 2.925966
v 0.698463 2.093375 2.945176
v 0.746934 2.084173 3.209706
v 0.630841 1.464436 3.098457
v 0.235718 0.346732 2.913912
v 0.144648 0.340858 2.890004
v 0.144648 0.825230 2.891237
v 0.397017 0.818443 2.978106
v 0.529692 1.141440 3.038282
v 0.408005 1.154208 2.908602
v 0.553059 0.942102 3.202836
v 0.475500 0.979941 3.008194
v 0.318144 0.989718 2.899920
v 0.419445 1.492925 2.895984
v 0.589587 2.103116 2.915194
v 0.035770 0.350599 2.860023
v 0.035770 0.834971 2.861256
v 0.299128 1.163949 2.878620
v 0.209268 0.999460 2.869938
v 0.817931 2.033279 3.460691
v 0.694793 1.445690 3.270948
v 0.553059 0.970166 3.116468
v 0.528321 1.154672 1.914913
v 0.630841 1.038119 1.786384
v 0.746934 1.474103 1.332111
v 0.698463 1.637036 1.540712
v 0.397017 0.586239 2.263455
v 0.144648 0.642790 2.329745
v 0.144648 0.251650 2.615449
v 0.529692 0.812179 2.024920
v 0.408005 0.898732 2.122329
v 0.475500 0.699209 2.144187
v 0.318144 0.770761 2.226037
v 0.589587 1.662540 1.559241
v 0.419445 1.180176 1.933443
v 0.035770 0.668294 2.348275
v 0.035770 0.277153 2.633979
v 0.299128 0.924236 2.140859
v 0.209268 0.796265 2.244567
v 0.694793 0.921565 1.657855
v 0.612612 0.725626 1.927510
v 0.235718 0.242350 2.592654
v 0.488584 0.529688 2.197165
v 0.612612 0.652144 1.874122
v 0.694793 0.848053 1.604445
v 0.817931 1.285406 1.158974
v 0.528321 0.531541 1.462182
v 0.698463 0.738371 0.887792
v 0.746934 0.987111 0.978288
v 0.630841 0.689797 1.533314
v 0.235718 0.168895 2.539287
v 0.144648 0.144342 2.537485
v 0.144648 0.295194 2.077201
v 0.397017 0.375714 2.110500
v 0.529692 0.532756 1.821907
v 0.408005 0.413368 1.769692
v 0.553059 0.627658 2.062338
v 0.553059 0.554189 2.008960
v 0.475500 0.454235 1.966203
v 0.318144 0.354281 1.923447
v 0.419445 0.506038 1.443652
v 0.589587 0.712867 0.869263
v 0.035770 0.118838 2.518956
v 0.035770 0.269690 2.058672
v 0.299128 0.387864 1.751162
v 0.209268 0.328777 1.904917
v 0.817931 1.210083 1.104250
v 0.488584 0.456234 2.143798
v 0.178708 0.599327 2.714571
v 0.178708 0.599327 2.622412
v 0.178708 0.511679 2.593933
v 0.046935 0.505514 2.570956
v 0.046935 0.617820 2.607446
v 0.178708 0.457509 2.668491
v 0.046935 0.505514 2.762021
v 0.046935 0.436106 2.666489
v 0.046935 0.617820 2.725531
v 0.178708 0.511679 2.743050
v 0.144648 -0.123294 2.469527
v 0.333149 -0.270175 2.652692
v 0.333149 -0.333955 2.848985
v 0.099907 0.259252 3.646883
v -0.079075 0.259252 3.646883
v -0.079075 -0.259253 3.646883
v 0.144648 -0.245386 3.604206
v 0.144648 -0.123294 3.228444
v 0.144648 0.245386 3.604206
v 0.099907 -0.259253 3.646883
v 0.144648 0.230610 3.388104
v 0.144648 0.216989 3.258500
v 0.144648 0.441469 3.234906
v 0.144648 0.322418 3.181901
v 0.144648 0.322786 3.083503
v 0.144648 0.349661 3.441109
v 0.144648 0.642428 3.315737
v -0.065384 0.336043 3.311509
v 0.144648 0.455091 3.364510
v 0.099907 0.678731 3.342113
v -0.079075 0.838958 2.848985
v -0.079075 0.678731 3.342113
v 0.099907 0.838958 2.848985
v 0.144648 0.794086 2.848985
v 0.144648 0.583994 2.796259
v 0.144648 0.671195 2.699413
v 0.144648 0.456524 2.769164
v -0.079075 0.678731 2.355858
v 0.144648 0.322786 2.614467
v 0.144648 0.503453 2.548379
v 0.144648 0.630924 2.575473
v -0.065384 0.543729 2.672317
v 0.144648 0.416254 2.645224
v 0.099907 -0.259253 2.051088
v -0.079075 -0.259253 2.051088
v 0.144648 -0.065159 2.164421
v 0.144648 -0.130319 2.277280
v 0.144648 -0.245386 2.093765
v 0.144648 0.065159 2.164421
v 0.144648 -0.065160 2.390139
v 0.099907 0.678731 2.355858
v -0.079075 0.259252 2.051088
v 0.144648 0.123293 2.469527
v 0.144648 0.642428 2.382234
v 0.099907 0.259252 2.051088
v 0.144648 0.065159 2.390139
v 0.144648 0.130318 2.277280
v 0.144648 0.245386 2.093765
v -0.065384 0.000000 2.277274
v -0.079075 -0.678732 2.355858
v 0.099907 -0.678732 2.355858
v 0.144648 -0.794086 2.848985
v 0.099907 -0.838959 2.848985
v 0.144648 -0.503454 2.548378
v -0.065384 -0.543730 2.672317
v 0.144648 -0.416254 2.645224
v -0.079075 -0.838959 2.848985
v 0.144648 -0.398986 2.848985
v 0.144648 -0.456525 2.769164
v 0.144648 -0.322787 2.614467
v 0.144648 -0.630924 2.575473
v 0.144648 -0.642429 2.382234
v 0.144648 -0.583995 2.796258
v 0.144648 -0.671195 2.699413
v 0.144648 -0.216990 3.258500
v 0.144648 -0.349662 3.441109
v -0.065384 -0.336044 3.311509
v 0.144648 -0.455092 3.364510
v 0.144648 -0.230610 3.388104
v -0.079075 -0.678732 3.342113
v 0.144648 -0.322787 3.083503
v 0.099907 -0.678732 3.342113
v 0.144648 -0.642429 3.315737
v 0.144648 -0.441470 3.234906
v 0.144648 -0.322418 3.181901
v 0.333149 -0.270175 3.045279
v 0.333149 0.103197 3.166595
v 0.333149 -0.103198 3.166595
v 0.144648 0.123293 3.228444
v 0.333149 0.270175 3.045279
v 0.333149 0.270175 2.652692
v 0.144648 0.398985 2.848985
v 0.333149 0.333954 2.848985
v 0.333149 0.000000 2.848985
v 0.333149 0.103197 2.531375
v 0.333149 -0.103198 2.531375

vt 0.065617 0.092909
vt 0.065617 0.092909
vt 0.065617 0.092909
vt 0.065617 0.092909
vt 0.065617 0.092909
vt 0.065617 0.092909
vt 0.065617 0.092909
vt 0.065617 0.092909
vt 0.065617 0.092909
vt 0.065617 0.092909
vt 0.065617 0.092909
vt 0.065617 0.092909
vt 0.065617 0.092909
vt 0.065617 0.092909
vt 0.065617 0.092909
vt 0.065617 0.092909
vt 0.065617 0.092909
vt 0.065617 0.092909
vt 0.065617 0.092909
vt 0.065617 0.092909
vt 0.065617 0.092909
vt 0.065617 0.092909
vt 0.065617 0.092909
vt 0.065617 0.092909
vt 0.065617 0.092909
vt 0.065617 0.092909
vt 0.065617 0.092909
vt 0.065617 0.092909
vt 0.065617 0.092909
vt 0.065617 0.092909
vt 0.065617 0.092909
vt 0.065617 0.092909
vt 0.065617 0.092909
vt 0.065617 0.092909
vt 0.065617 0.092909
vt 0.065617 0.092909
vt 0.065617 0.092909
vt 0.065617 0.092909
vt 0.065617 0.092909
vt 0.065617 0.092909
vt 0.065617 0.092909
vt 0.065617 0.092909
vt 0.065617 0.092909
vt 0.065617 0.092909
vt 0.065617 0.092909
vt 0.065617 0.092909
vt 0.065617 0.092909
vt 0.065617 0.092909
vt 0.065617 0.092909
vt 0.065617 0.092909
vt 0.065617 0.092909
vt 0.065617 0.092909
vt 0.065617 0.092909
vt 0.065617 0.092909
vt 0.065617 0.092909
vt 0.065617 0.092909
vt 0.065617 0.092909
vt 0.065617 0.092909
vt 0.065617 0.092909
vt 0.065617 0.092909
vt 0.065617 0.092909
vt 0.065617 0.092909
vt 0.065617 0.092909
vt 0.065617 0.092909
vt 0.065617 0.092909
vt 0.065617 0.092909
vt 0.065617 0.092909
vt 0.065617 0.092909
vt 0.065617 0.092909
vt 0.065617 0.092909
vt 0.065617 0.092909
vt 0.065617 0.092909
vt 0.065617 0.092909
vt 0.065617 0.092909
vt 0.065617 0.092909
vt 0.065617 0.092909
vt 0.065617 0.092909
vt 0.065617 0.092909
vt 0.065617 0.092909
vt 0.065617 0.092909
vt 0.065617 0.092909
vt 0.065617 0.092909
vt 0.065617 0.092909
vt 0.065617 0.092909
vt 0.065617 0.092909
vt 0.065617 0.092909
vt 0.065617 0.092909
vt 0.065617 0.092909
vt 0.065617 0.092909
vt 0.065617 0.092909
vt 0.065617 0.092909
vt 0.065617 0.092909
vt 0.065617 0.092909
vt 0.065617 0.092909
vt 0.065617 0.092909
vt 0.065617 0.092909
vt 0.065617 0.092909
vt 0.065617 0.092909
vt 0.065617 0.092909
vt 0.065617 0.092909
vt 0.065617 0.092909
vt 0.065617 0.092909
vt 0.065617 0.092909
vt 0.065617 0.092909
vt 0.065617 0.092909
vt 0.065617 0.092909
vt 0.065617 0.092909
vt 0.065617 0.092909
vt 0.065617 0.092909
vt 0.065617 0.092909
vt 0.065617 0.092909
vt 0.065617 0.092909
vt 0.065617 0.092909
vt 0.065617 0.092909
vt 0.065617 0.092909
vt 0.065617 0.092909
vt 0.065617 0.092909
vt 0.065617 0.092909
vt 0.065617 0.092909
vt 0.065617 0.092909
vt 0.065617 0.092909
vt 0.065617 0.092909
vt 0.065617 0.092909
vt 0.065617 0.092909
vt 0.065617 0.092909
vt 0.065617 0.092909
vt 0.065617 0.092909
vt 0.065617 0.092909
vt 0.065617 0.092909
vt 0.065617 0.092909
vt 0.065617 0.092909
vt 0.065617 0.092909
vt 0.065617 0.092909
vt 0.065617 0.092909
vt 0.065617 0.092909
vt 0.065617 0.092909
vt 0.065617 0.092909
vt 0.065617 0.092909
vt 0.065617 0.092909
vt 0.065617 0.092909
vt 0.065617 0.092909
vt 0.065617 0.092909
vt 0.065617 0.092909
vt 0.065617 0.092909
vt 0.065617 0.092909
vt 0.065617 0.092909
vt 0.065617 0.092909
vt 0.065617 0.092909
vt 0.065617 0.092909
vt 0.065617 0.092909
vt 0.065617 0.092909
vt 0.065617 0.092909
vt 0.065617 0.092909
vt 0.065617 0.092909
vt 0.065617 0.092909
vt 0.065617 0.092909
vt 0.065617 0.092909
vt 0.065617 0.092909
vt 0.065617 0.092909
vt 0.065617 0.092909
vt 0.065617 0.092909
vt 0.065617 0.092909
vt 0.065617 0.092909
vt 0.065617 0.092909
vt 0.065617 0.092909
vt 0.065617 0.092909
vt 0.065617 0.092909
vt 0.065617 0.092909
vt 0.065617 0.092909
vt 0.065617 0.092909
vt 0.065617 0.092909
vt 0.065617 0.092909
vt 0.065617 0.092909
vt 0.065617 0.092909
vt 0.065617 0.092909
vt 0.065617 0.092909
vt 0.065617 0.092909
vt 0.065617 0.092909
vt 0.065617 0.092909
vt 0.065617 0.092909
vt 0.065617 0.092909
vt 0.065617 0.092909
vt 0.065617 0.092909
vt 0.065617 0.092909
vt 0.065617 0.092909
vt 0.065617 0.092909
vt 0.065617 0.092909
vt 0.065617 0.092909
vt 0.065617 0.092909
vt 0.065617 0.092909
vt 0.065617 0.092909
vt 0.065617 0.092909
vt 0.065617 0.092909
vt 0.065617 0.092909
vt 0.065617 0.092909
vt 0.065617 0.092909
vt 0.065617 0.092909
vt 0.065617 0.092909
vt 0.065617 0.092909
vt 0.065617 0.092909
vt 0.065617 0.092909
vt 0.065617 0.092909
vt 0.065617 0.092909
vt 0.065617 0.092909
vt 0.065617 0.092909
vt 0.065617 0.092909
vt 0.065617 0.092909
vt 0.065617 0.092909
vt 0.065617 0.092909
vt 0.065617 0.092909
vt 0.065617 0.092909
vt 0.065617 0.092909
vt 0.065617 0.092909
vt 0.065617 0.092909
vt 0.065617 0.092909
vt 0.065617 0.092909
vt 0.260339 0.916553
vt 0.084514 0.740727
vt 0.116224 0.722420
vt 0.116224 0.722420
vt 0.278646 0.884842
vt 0.260339 0.916553
vt 0.500516 0.980908
vt 0.260339 0.916553
vt 0.278646 0.884842
vt 0.278646 0.884842
vt 0.500516 0.944292
vt 0.500516 0.980908
vt 0.740702 0.916553
vt 0.500516 0.980908
vt 0.500516 0.944292
vt 0.500516 0.944292
vt 0.722394 0.884842
vt 0.740702 0.916553
vt 0.916537 0.740727
vt 0.740702 0.916553
vt 0.722394 0.884842
vt 0.722394 0.884842
vt 0.884825 0.722420
vt 0.916537 0.740727
vt 0.980879 0.500544
vt 0.916537 0.740727
vt 0.884825 0.722420
vt 0.884825 0.722420
vt 0.944263 0.500544
vt 0.980879 0.500544
vt 0.916537 0.260360
vt 0.980879 0.500544
vt 0.944263 0.500544
vt 0.944263 0.500544
vt 0.884826 0.278668
vt 0.916537 0.260360
vt 0.740702 0.084535
vt 0.916537 0.260360
vt 0.884826 0.278668
vt 0.884826 0.278668
vt 0.722394 0.116245
vt 0.740702 0.084535
vt 0.500516 0.020179
vt 0.740702 0.084535
vt 0.722394 0.116245
vt 0.722394 0.116245
vt 0.500516 0.056795
vt 0.500516 0.020179
vt 0.260340 0.084534
vt 0.500516 0.020179
vt 0.500516 0.056795
vt 0.500516 0.056795
vt 0.278647 0.116245
vt 0.260340 0.084534
vt 0.084504 0.260360
vt 0.260340 0.084534
vt 0.278647 0.116245
vt 0.278647 0.116245
vt 0.116216 0.278668
vt 0.084504 0.260360
vt 0.020153 0.500543
vt 0.084504 0.260360
vt 0.116216 0.278668
vt 0.116216 0.278668
vt 0.056769 0.500544
vt 0.020153 0.500543
vt 0.084514 0.740727
vt 0.020153 0.500543
vt 0.056769 0.500544
vt 0.056769 0.500544
vt 0.116224 0.722420
vt 0.084514 0.740727
vt 0.278646 0.884842
vt 0.116224 0.722420
vt 0.116225 0.722419
vt 0.116225 0.722419
vt 0.278647 0.884842
vt 0.278646 0.884842
vt 0.500516 0.944292
vt 0.278647 0.884842
vt 0.500516 0.944292
vt 0.500516 0.944292
vt 0.722394 0.884842
vt 0.500516 0.944292
vt 0.500516 0.944292
vt 0.722395 0.884842
vt 0.884825 0.722420
vt 0.722394 0.884842
vt 0.722395 0.884842
vt 0.722395 0.884842
vt 0.884826 0.722420
vt 0.884825 0.722420
vt 0.944263 0.500544
vt 0.884826 0.722420
vt 0.944263 0.500544
vt 0.944263 0.500544
vt 0.884826 0.278668
vt 0.944263 0.500544
vt 0.944263 0.500544
vt 0.884826 0.278668
vt 0.722394 0.116245
vt 0.884826 0.278668
vt 0.884826 0.278668
vt 0.722394 0.116245
vt 0.500516 0.056795
vt 0.500516 0.056795
vt 0.278647 0.116245
vt 0.500516 0.056795
vt 0.500516 0.056795
vt 0.278647 0.116245
vt 0.116216 0.278668
vt 0.278647 0.116245
vt 0.278647 0.116245
vt 0.116216 0.278668
vt 0.056769 0.500544
vt 0.116216 0.278668
vt 0.116216 0.278668
vt 0.116216 0.278668
vt 0.056770 0.500544
vt 0.056769 0.500544
vt 0.116224 0.722420
vt 0.056770 0.500544
vt 0.116225 0.722419
vt 0.116224 0.722420
vt 0.050846 0.096780
vt 0.050845 0.096780
vt 0.050845 0.096780
vt 0.050846 0.096780
vt 0.050845 0.096780
vt 0.050845 0.096780
vt 0.050845 0.096780
vt 0.050845 0.096780
vt 0.050845 0.096780
vt 0.050846 0.096780
vt 0.050846 0.096780
vt 0.050845 0.096780
vt 0.050846 0.096780
vt 0.050845 0.096780
vt 0.050845 0.096780
vt 0.050846 0.096780
vt 0.050845 0.096780
vt 0.050846 0.096780
vt 0.050846 0.096780
vt 0.050845 0.096780
vt 0.050845 0.096780
vt 0.050845 0.096780
vt 0.050846 0.096780
vt 0.050845 0.096780
vt 0.050846 0.096780
vt 0.561235 0.688917
vt 0.561235 0.688917
vt 0.561235 0.688917
vt 0.561235 0.688917
vt 0.561235 0.688917
vt 0.561235 0.688917
vt 0.561235 0.688917
vt 0.561235 0.688917
vt 0.561235 0.688917
vt 0.561235 0.688917
vt 0.561235 0.688917
vt 0.561235 0.688917
vt 0.561235 0.688917
vt 0.561235 0.688917
vt 0.561235 0.688917
vt 0.561235 0.688917
vt 0.561235 0.688917
vt 0.561235 0.688917
vt 0.561235 0.688917
vt 0.561235 0.688917
vt 0.561235 0.688917
vt 0.561235 0.688917
vt 0.561235 0.688917
vt 0.561235 0.688917
vt 0.561235 0.688917
vt 0.561235 0.688917
vt 0.561235 0.688917
vt 0.561235 0.688917
vt 0.561235 0.688917
vt 0.561235 0.688917
vt 0.561235 0.688917
vt 0.561235 0.688917
vt 0.561235 0.688917
vt 0.561235 0.688917
vt 0.561235 0.688917
vt 0.561235 0.688917
vt 0.561235 0.688917
vt 0.561235 0.688917
vt 0.561235 0.688917
vt 0.561235 0.688917
vt 0.561235 0.688917
vt 0.561235 0.688917
vt 0.561235 0.688917
vt 0.561235 0.688917
vt 0.561235 0.688917
vt 0.561235 0.688917
vt 0.561235 0.688917
vt 0.561235 0.688917
vt 0.561235 0.688917
vt 0.561235 0.688917
vt 0.561235 0.688917
vt 0.561235 0.688917
vt 0.561235 0.688917
vt 0.561235 0.688917
vt 0.561235 0.688917
vt 0.561235 0.688917
vt 0.561235 0.688917
vt 0.561235 0.688917
vt 0.050846 0.096780
vt 0.050845 0.096780
vt 0.050845 0.096780
vt 0.050846 0.096780
vt 0.050845 0.096780
vt 0.050845 0.096780
vt 0.050845 0.096780
vt 0.050845 0.096780
vt 0.050845 0.096780
vt 0.050846 0.096780
vt 0.050846 0.096780
vt 0.050845 0.096780
vt 0.050846 0.096780
vt 0.050845 0.096780
vt 0.050845 0.096780
vt 0.050846 0.096780
vt 0.050845 0.096780
vt 0.050846 0.096780
vt 0.050846 0.096780
vt 0.050845 0.096780
vt 0.050845 0.096780
vt 0.050845 0.096780
vt 0.050846 0.096780
vt 0.050845 0.096780
vt 0.050846 0.096780
vt 0.561235 0.688917
vt 0.561235 0.688917
vt 0.561235 0.688917
vt 0.561235 0.688917
vt 0.561235 0.688917
vt 0.561235 0.688917
vt 0.561235 0.688917
vt 0.561235 0.688917
vt 0.561235 0.688917
vt 0.561235 0.688917
vt 0.561235 0.688917
vt 0.561235 0.688917
vt 0.561235 0.688917
vt 0.561235 0.688917
vt 0.561235 0.688917
vt 0.561235 0.688917
vt 0.561235 0.688917
vt 0.561235 0.688917
vt 0.561235 0.688917
vt 0.561235 0.688917
vt 0.561235 0.688917
vt 0.561235 0.688917
vt 0.561235 0.688917
vt 0.561235 0.688917
vt 0.561235 0.688917
vt 0.561235 0.688917
vt 0.561235 0.688917
vt 0.561235 0.688917
vt 0.561235 0.688917
vt 0.561235 0.688917
vt 0.561235 0.688917
vt 0.561235 0.688917
vt 0.561235 0.688917
vt 0.561235 0.688917
vt 0.561235 0.688917
vt 0.561235 0.688917
vt 0.561235 0.688917
vt 0.561235 0.688917
vt 0.561235 0.688917
vt 0.561235 0.688917
vt 0.561235 0.688917
vt 0.561235 0.688917
vt 0.561235 0.688917
vt 0.561235 0.688917
vt 0.561235 0.688917
vt 0.561235 0.688917
vt 0.561235 0.688917
vt 0.561235 0.688917
vt 0.561235 0.688917
vt 0.561235 0.688917
vt 0.561235 0.688917
vt 0.561235 0.688917
vt 0.561235 0.688917
vt 0.561235 0.688917
vt 0.561235 0.688917
vt 0.561235 0.688917
vt 0.561235 0.688917
vt 0.561235 0.688917
vt 0.561235 0.688917
vt 0.561235 0.688917
vt 0.561235 0.688917
vt 0.561235 0.688917
vt 0.561235 0.688917
vt 0.561235 0.688917
vt 0.561235 0.688917
vt 0.561235 0.688917
vt 0.561235 0.688917
vt 0.561235 0.688917
vt 0.561235 0.688917
vt 0.561235 0.688917
vt 0.561235 0.688917
vt 0.561235 0.688917
vt 0.561235 0.688917
vt 0.561235 0.688917
vt 0.561235 0.688917
vt 0.561235 0.688917
vt 0.561235 0.688917
vt 0.561235 0.688917
vt 0.561235 0.688917
vt 0.561235 0.688917
vt 0.561235 0.688917
vt 0.561235 0.688917
vt 0.561235 0.688917
vt 0.561235 0.688917
vt 0.561235 0.688917
vt 0.561235 0.688917
vt 0.561235 0.688917
vt 0.561235 0.688917
vt 0.561235 0.688917
vt 0.561235 0.688917
vt 0.561235 0.688917
vt 0.561235 0.688917
vt 0.561235 0.688917
vt 0.561235 0.688917
vt 0.561235 0.688917
vt 0.561235 0.688917
vt 0.561235 0.688917
vt 0.561235 0.688917
vt 0.561235 0.688917
vt 0.561235 0.688917
vt 0.561235 0.688917
vt 0.561235 0.688917
vt 0.561235 0.688917
vt 0.561235 0.688917
vt 0.561235 0.688917
vt 0.561235 0.688917
vt 0.561235 0.688917
vt 0.561235 0.688917
vt 0.561235 0.688917
vt 0.561235 0.688917
vt 0.561235 0.688917
vt 0.561235 0.688917
vt 0.561235 0.688917
vt 0.561235 0.688917
vt 0.561235 0.688917
vt 0.561235 0.688917
vt 0.050846 0.096780
vt 0.050845 0.096780
vt 0.050845 0.096780
vt 0.050846 0.096780
vt 0.050845 0.096780
vt 0.050845 0.096780
vt 0.050845 0.096780
vt 0.050845 0.096780
vt 0.050845 0.096780
vt 0.050846 0.096780
vt 0.050846 0.096780
vt 0.050845 0.096780
vt 0.050846 0.096780
vt 0.050845 0.096780
vt 0.050845 0.096780
vt 0.050846 0.096780
vt 0.050845 0.096780
vt 0.050846 0.096780
vt 0.050846 0.096780
vt 0.050845 0.096780
vt 0.050845 0.096780
vt 0.050845 0.096780
vt 0.050846 0.096780
vt 0.050845 0.096780
vt 0.050846 0.096780
vt 0.050846 0.096780
vt 0.050845 0.096780
vt 0.050845 0.096780
vt 0.050846 0.096780
vt 0.050845 0.096780
vt 0.050845 0.096780
vt 0.050845 0.096780
vt 0.050845 0.096780
vt 0.050845 0.096780
vt 0.050846 0.096780
vt 0.050846 0.096780
vt 0.050845 0.096780
vt 0.050846 0.096780
vt 0.050845 0.096780
vt 0.050845 0.096780
vt 0.050846 0.096780
vt 0.050845 0.096780
vt 0.050846 0.096780
vt 0.050846 0.096780
vt 0.050845 0.096780
vt 0.050845 0.096780
vt 0.050845 0.096780
vt 0.050846 0.096780
vt 0.050845 0.096780
vt 0.050846 0.096780
vt 0.561235 0.688917
vt 0.561235 0.688917
vt 0.561235 0.688917
vt 0.561235 0.688917
vt 0.561235 0.688917
vt 0.561235 0.688917
vt 0.561235 0.688917
vt 0.561235 0.688917
vt 0.561235 0.688917
vt 0.561235 0.688917
vt 0.561235 0.688917
vt 0.561235 0.688917
vt 0.561235 0.688917
vt 0.561235 0.688917
vt 0.561235 0.688917
vt 0.561235 0.688917
vt 0.561235 0.688917
vt 0.561235 0.688917
vt 0.561235 0.688917
vt 0.561235 0.688917
vt 0.561235 0.688917
vt 0.561235 0.688917
vt 0.561235 0.688917
vt 0.561235 0.688917
vt 0.561235 0.688917
vt 0.561235 0.688917
vt 0.561235 0.688917
vt 0.561235 0.688917
vt 0.561235 0.688917
vt 0.561235 0.688917
vt 0.561235 0.688917
vt 0.561235 0.688917
vt 0.561235 0.688917
vt 0.561235 0.688917
vt 0.561235 0.688917
vt 0.561235 0.688917
vt 0.561235 0.688917
vt 0.561235 0.688917
vt 0.561235 0.688917
vt 0.561235 0.688917
vt 0.561235 0.688917
vt 0.561235 0.688917
vt 0.561235 0.688917
vt 0.561235 0.688917
vt 0.561235 0.688917
vt 0.561235 0.688917
vt 0.561235 0.688917
vt 0.561235 0.688917
vt 0.561235 0.688917
vt 0.561235 0.688917
vt 0.561235 0.688917
vt 0.561235 0.688917
vt 0.561235 0.688917
vt 0.561235 0.688917
vt 0.561235 0.688917
vt 0.561235 0.688917
vt 0.561235 0.688917
vt 0.561235 0.688917
vt 0.561235 0.688917
vt 0.561235 0.688917
vt 0.561235 0.688917
vt 0.561235 0.688917
vt 0.561235 0.688917
vt 0.561235 0.688917
vt 0.561235 0.688917
vt 0.561235 0.688917
vt 0.561235 0.688917
vt 0.561235 0.688917
vt 0.561235 0.688917
vt 0.561235 0.688917
vt 0.561235 0.688917
vt 0.561235 0.688917
vt 0.561235 0.688917
vt 0.561235 0.688917
vt 0.561235 0.688917
vt 0.561235 0.688917
vt 0.561235 0.688917
vt 0.561235 0.688917
vt 0.561235 0.688917
vt 0.561235 0.688917
vt 0.561235 0.688917
vt 0.561235 0.688917
vt 0.561235 0.688917
vt 0.561235 0.688917
vt 0.561235 0.688917
vt 0.561235 0.688917
vt 0.561235 0.688917
vt 0.561235 0.688917
vt 0.561235 0.688917
vt 0.561235 0.688917
vt 0.561235 0.688917
vt 0.561235 0.688917
vt 0.561235 0.688917
vt 0.561235 0.688917
vt 0.561235 0.688917
vt 0.561235 0.688917
vt 0.561235 0.688917
vt 0.561235 0.688917
vt 0.561235 0.688917
vt 0.561235 0.688917
vt 0.561235 0.688917
vt 0.561235 0.688917
vt 0.561235 0.688917
vt 0.561235 0.688917
vt 0.561235 0.688917
vt 0.561235 0.688917
vt 0.561235 0.688917
vt 0.561235 0.688917
vt 0.561235 0.688917
vt 0.561235 0.688917
vt 0.561235 0.688917
vt 0.561235 0.688917
vt 0.561235 0.688917
vt 0.561235 0.688917
vt 0.561235 0.688917
vt 0.561235 0.688917
vt 0.050846 0.096780
vt 0.050845 0.096780
vt 0.050845 0.096780
vt 0.050846 0.096780
vt 0.050845 0.096780
vt 0.050845 0.096780
vt 0.050845 0.096780
vt 0.050845 0.096780
vt 0.050845 0.096780
vt 0.050846 0.096780
vt 0.050846 0.096780
vt 0.050845 0.096780
vt 0.050846 0.096780
vt 0.050845 0.096780
vt 0.050845 0.096780
vt 0.050846 0.096780
vt 0.050845 0.096780
vt 0.050846 0.096780
vt 0.050846 0.096780
vt 0.050845 0.096780
vt 0.050845 0.096780
vt 0.050845 0.096780
vt 0.050846 0.096780
vt 0.050845 0.096780
vt 0.050845 0.096780
vt 0.050846 0.096780
vt 0.050845 0.096780
vt 0.073853 0.090598
vt 0.073853 0.090598
vt 0.073853 0.090598
vt 0.073853 0.090598
vt 0.073854 0.090598
vt 0.073854 0.090598
vt 0.073854 0.090598
vt 0.073853 0.090598
vt 0.073853 0.090598
vt 0.073853 0.090598
vt 0.073853 0.090598
vt 0.073853 0.090598
vt 0.073853 0.090598
vt 0.073853 0.090598
vt 0.073854 0.090598
vt 0.073854 0.090598
vt 0.073854 0.090598
vt 0.073853 0.090598
vt 0.561235 0.688917
vt 0.561235 0.688917
vt 0.561235 0.688917
vt 0.561235 0.688917
vt 0.561234 0.688917
vt 0.561235 0.688917
vt 0.561234 0.688917
vt 0.561234 0.688917
vt 0.561234 0.688917
vt 0.561234 0.688917
vt 0.561235 0.688917
vt 0.561235 0.688917
vt 0.561235 0.688917
vt 0.561235 0.688917
vt 0.561235 0.688917
vt 0.561235 0.688917
vt 0.561235 0.688917
vt 0.561234 0.688917
vt 0.561235 0.688917
vt 0.561235 0.688917
vt 0.561235 0.688917
vt 0.561235 0.688917
vt 0.561235 0.688917
vt 0.561235 0.688917
vt 0.561234 0.688917
vt 0.561235 0.688917
vt 0.561235 0.688917
vt 0.561235 0.688917
vt 0.561235 0.688917
vt 0.561235 0.688917
vt 0.561235 0.688917
vt 0.561235 0.688917
vt 0.561235 0.688917
vt 0.561235 0.688917
vt 0.561235 0.688917
vt 0.561235 0.688917
vt 0.561235 0.688917
vt 0.561235 0.688917
vt 0.561235 0.688917
vt 0.561235 0.688917
vt 0.561235 0.688917
vt 0.561235 0.688917
vt 0.561235 0.688917
vt 0.561235 0.688917
vt 0.561235 0.688917
vt 0.561235 0.688917
vt 0.561235 0.688917
vt 0.561235 0.688917
vt 0.561235 0.688917
vt 0.561235 0.688917
vt 0.561235 0.688917
vt 0.561235 0.688917
vt 0.561235 0.688917
vt 0.561235 0.688917
vt 0.561235 0.688917
vt 0.561235 0.688917
vt 0.561235 0.688917
vt 0.561235 0.688917
vt 0.561235 0.688917
vt 0.561235 0.688917
vt 0.561235 0.688917
vt 0.561235 0.688917
vt 0.561235 0.688917
vt 0.561235 0.688917
vt 0.561235 0.688917
vt 0.561235 0.688917
vt 0.561235 0.688917
vt 0.561235 0.688917
vt 0.561235 0.688917
vt 0.561235 0.688917
vt 0.561235 0.688917
vt 0.561235 0.688917
vt 0.561235 0.688917
vt 0.561235 0.688917
vt 0.561235 0.688917
vt 0.561235 0.688917
vt 0.561235 0.688917
vt 0.561235 0.688917
vt 0.561235 0.688917
vt 0.561235 0.688917
vt 0.561235 0.688917
vt 0.561235 0.688917
vt 0.561235 0.688917
vt 0.561235 0.688917
vt 0.561235 0.688917
vt 0.561235 0.688917
vt 0.561235 0.688917
vt 0.561235 0.688917
vt 0.561235 0.688917
vt 0.561235 0.688917
vt 0.561235 0.688917
vt 0.561235 0.688917
vt 0.561235 0.688917
vt 0.561235 0.688917
vt 0.561235 0.688917
vt 0.561235 0.688917
vt 0.561235 0.688917
vt 0.561235 0.688917
vt 0.561235 0.688917
vt 0.561235 0.688917
vt 0.561235 0.688917
vt 0.561235 0.688917
vt 0.561235 0.688917
vt 0.561235 0.688917
vt 0.561235 0.688917
vt 0.561235 0.688917
vt 0.561235 0.688917
vt 0.561235 0.688917
vt 0.561235 0.688917
vt 0.561235 0.688917
vt 0.561235 0.688917
vt 0.561235 0.688917
vt 0.561235 0.688917
vt 0.561235 0.688917
vt 0.561234 0.688917
vt 0.561234 0.688917
vt 0.561234 0.688917
vt 0.561234 0.688917
vt 0.561234 0.688917
vt 0.561234 0.688917
vt 0.561234 0.688917
vt 0.561234 0.688917
vt 0.561234 0.688917
vt 0.561235 0.688917
vt 0.561234 0.688917
vt 0.561234 0.688917
vt 0.561234 0.688917
vt 0.561234 0.688917
vt 0.561234 0.688917
vt 0.561234 0.688917
vt 0.561235 0.688917
vt 0.561235 0.688917
vt 0.561235 0.688917
vt 0.561235 0.688917
vt 0.561235 0.688917
vt 0.561235 0.688917
vt 0.561235 0.688917
vt 0.561235 0.688917
vt 0.561235 0.688917
vt 0.561234 0.688917
vt 0.561235 0.688917
vt 0.561235 0.688917
vt 0.561235 0.688917
vt 0.561235 0.688917
vt 0.561234 0.688917
vt 0.561234 0.688917
vt 0.561235 0.688917
vt 0.561235 0.688917
vt 0.561234 0.688917
vt 0.561235 0.688917
vt 0.561235 0.688917
vt 0.561235 0.688917
vt 0.561235 0.688917
vt 0.561234 0.688917
vt 0.561234 0.688917
vt 0.561234 0.688917
vt 0.561234 0.688917
vt 0.561235 0.688917
vt 0.561234 0.688917
vt 0.561234 0.688917
vt 0.561235 0.688917
vt 0.561234 0.688917
vt 0.561235 0.688917
vt 0.561235 0.688917
vt 0.561235 0.688917
vt 0.561235 0.688917
vt 0.561235 0.688917
vt 0.561235 0.688917
vt 0.561235 0.688917
vt 0.561235 0.688917
vt 0.561235 0.688917
vt 0.561234 0.688917
vt 0.561235 0.688917
vt 0.561234 0.688917
vt 0.561234 0.688917
vt 0.561235 0.688917
vt 0.561235 0.688917
vt 0.561235 0.688917
vt 0.561235 0.688917
vt 0.561234 0.688917
vt 0.561235 0.688917
vt 0.561235 0.688917
vt 0.561235 0.688917
vt 0.561234 0.688917
vt 0.561234 0.688917
vt 0.561234 0.688917
vt 0.561234 0.688917
vt 0.561234 0.688917
vt 0.561234 0.688917
vt 0.561235 0.688917
vt 0.561234 0.688917
vt 0.561234 0.688917
vt 0.561235 0.688917
vt 0.561234 0.688917
vt 0.561235 0.688917
vt 0.561235 0.688917
vt 0.561235 0.688917
vt 0.561235 0.688917
vt 0.561235 0.688917
vt 0.561235 0.688917
vt 0.561235 0.688917
vt 0.561235 0.688917
vt 0.561235 0.688917
vt 0.561235 0.688917
vt 0.561235 0.688917
vt 0.561234 0.688917
vt 0.561234 0.688917
vt 0.561234 0.688917
vt 0.561234 0.688917
vt 0.561234 0.688917
vt 0.561234 0.688917
vt 0.561234 0.688917
vt 0.561234 0.688917
vt 0.561234 0.688917
vt 0.561234 0.688917
vt 0.561235 0.688917
vt 0.561235 0.688917
vt 0.561235 0.688917
vt 0.561235 0.688917
vt 0.561234 0.688917
vt 0.561235 0.688917
vt 0.561234 0.688917
vt 0.561235 0.688917
vt 0.561235 0.688917
vt 0.561235 0.688917
vt 0.561235 0.688917
vt 0.561235 0.688917
vt 0.561235 0.688917
vt 0.561235 0.688917
vt 0.561235 0.688917
vt 0.561235 0.688917
vt 0.561235 0.688917
vt 0.561235 0.688917
vt 0.561235 0.688917
vt 0.561235 0.688917
vt 0.561234 0.688917
vt 0.561234 0.688917
vt 0.561234 0.688917
vt 0.561234 0.688917
vt 0.561234 0.688917
vt 0.561234 0.688917
vt 0.561234 0.688917
vt 0.561234 0.688917
vt 0.561234 0.688917
vt 0.561235 0.688917
vt 0.561235 0.688917
vt 0.561234 0.688917
vt 0.561234 0.688917
vt 0.561234 0.688917
vt 0.561234 0.688917
vt 0.561234 0.688917
vt 0.561234 0.688917
vt 0.561234 0.688917
vt 0.561234 0.688917
vt 0.561235 0.688917
vt 0.561235 0.688917
vt 0.561235 0.688917
vt 0.561235 0.688917
vt 0.561235 0.688917
vt 0.561235 0.688917
vt 0.561235 0.688917
vt 0.561235 0.688917
vt 0.561235 0.688917
vt 0.561235 0.688917
vt 0.561235 0.688917
vt 0.561234 0.688917
vt 0.561235 0.688917
vt 0.561235 0.688917
vt 0.561235 0.688917
vt 0.561235 0.688917
vt 0.561235 0.688917
vt 0.561234 0.688917
vt 0.561234 0.688917
vt 0.561234 0.688917
vt 0.561235 0.688917
vt 0.561234 0.688917
vt 0.561235 0.688917
vt 0.561235 0.688917
vt 0.561235 0.688917
vt 0.561235 0.688917
vt 0.561235 0.688917
vt 0.073853 0.090598
vt 0.073853 0.090598
vt 0.073854 0.090598
vt 0.073853 0.090598
vt 0.073853 0.090598
vt 0.073853 0.090598
vt 0.073854 0.090598
vt 0.073854 0.090598
vt 0.073854 0.090598
vt 0.073853 0.090598
vt 0.073853 0.090598
vt 0.073853 0.090598
vt 0.073853 0.090598
vt 0.073854 0.090598
vt 0.073854 0.090598
vt 0.073853 0.090598
vt 0.073853 0.090598
vt 0.073853 0.090598
vt 0.073854 0.090598
vt 0.073854 0.090598
vt 0.073854 0.090598
vt 0.073853 0.090598
vt 0.073853 0.090598
vt 0.073853 0.090598
vt 0.073853 0.090598
vt 0.073854 0.090598
vt 0.073854 0.090598
vt 0.073854 0.090598
vt 0.073853 0.090598
vt 0.073853 0.090598
vt 0.073853 0.090598
vt 0.073853 0.090598
vt 0.073854 0.090598
vt 0.073854 0.090598
vt 0.073854 0.090598
vt 0.073853 0.090598
vt 0.073853 0.090598
vt 0.073853 0.090598
vt 0.073853 0.090598
vt 0.073853 0.090598
vt 0.073853 0.090598
vt 0.073854 0.090598
vt 0.073854 0.090598
vt 0.073854 0.090598
vt 0.073853 0.090598
vt 0.073853 0.090598
vt 0.073853 0.090598
vt 0.073853 0.090598
vt 0.073853 0.090598
vt 0.073853 0.090598
vt 0.073854 0.090598
vt 0.073854 0.090598

usemtl Rim_Willpower41_0
f 1/1 2/2 3/3
f 3/3 4/4 1/1
f 5/5 1/1 4/4
f 4/4 6/6 5/5
f 7/7 5/5 6/6
f 6/6 8/8 7/7
f 9/9 7/7 8/8
f 8/8 10/10 9/9
f 11/11 9/9 10/10
f 10/10 12/12 11/11
f 13/13 11/11 12/12
f 12/12 14/14 13/13
f 15/15 13/13 14/14
f 14/14 16/16 15/15
f 17/17 15/15 16/16
f 16/16 18/18 17/17
f 19/19 17/17 18/18
f 18/18 20/20 19/19
f 21/21 19/19 20/20
f 20/20 22/22 21/21
f 23/23 21/21 22/22
f 22/22 24/24 23/23
f 25/25 23/23 24/24
f 24/24 26/26 25/25
f 27/27 25/25 26/26
f 26/26 28/28 27/27
f 29/29 27/27 28/28
f 28/28 30/30 29/29
f 31/31 29/29 30/30
f 30/30 32/32 31/31
f 33/33 31/31 32/32
f 32/32 34/34 33/33
f 35/35 33/33 34/34
f 34/34 36/36 35/35
f 37/37 35/35 36/36
f 36/36 38/38 37/37
f 39/39 37/37 38/38
f 38/38 40/40 39/39
f 41/41 39/39 40/40
f 40/40 42/42 41/41
f 43/43 41/41 42/42
f 42/42 44/44 43/43
f 45/45 43/43 44/44
f 44/44 46/46 45/45
f 47/47 45/45 46/46
f 46/46 48/48 47/47
f 2/2 47/47 48/48
f 48/48 3/3 2/2
f 49/49 50/50 107/51
f 107/51 87/52 49/49
f 50/50 51/53 52/54
f 52/54 107/51 50/50
f 51/53 53/55 54/56
f 54/56 52/54 51/53
f 53/55 55/57 105/58
f 105/58 54/56 53/55
f 55/57 56/59 57/60
f 57/60 105/58 55/57
f 56/59 58/61 104/62
f 104/62 57/60 56/59
f 58/61 59/63 60/64
f 60/64 104/62 58/61
f 59/63 61/65 62/66
f 62/66 60/64 59/63
f 61/65 63/67 102/68
f 102/68 62/66 61/65
f 63/67 64/69 101/70
f 101/70 102/68 63/67
f 64/69 65/71 66/72
f 66/72 101/70 64/69
f 65/71 67/73 99/74
f 99/74 66/72 65/71
f 67/73 68/75 97/76
f 97/76 99/74 67/73
f 68/75 69/77 70/78
f 70/78 97/76 68/75
f 69/77 71/79 72/80
f 72/80 70/78 69/77
f 71/79 73/81 93/82
f 93/82 72/80 71/79
f 73/81 74/83 91/84
f 91/84 93/82 73/81
f 74/83 75/85 76/86
f 76/86 91/84 74/83
f 75/85 77/87 78/88
f 78/88 76/86 75/85
f 77/87 79/89 80/90
f 80/90 78/88 77/87
f 79/89 81/91 82/92
f 82/92 80/90 79/89
f 81/91 83/93 84/94
f 84/94 82/92 81/91
f 83/93 85/95 86/96
f 86/96 84/94 83/93
f 85/95 49/49 87/52
f 87/52 86/96 85/95
f 86/97 87/98 110/99
f 110/99 109/100 86/97
f 84/101 86/97 109/100
f 109/100 88/102 84/101
f 82/103 84/101 88/102
f 88/102 89/104 82/103
f 80/105 82/103 89/104
f 89/104 115/106 80/105
f 78/107 80/105 115/106
f 115/106 90/108 78/107
f 76/109 78/107 90/108
f 90/108 118/110 76/109
f 91/111 76/109 118/110
f 118/110 92/112 91/111
f 93/113 91/111 92/112
f 92/112 94/114 93/113
f 72/115 93/113 94/114
f 94/114 95/116 72/115
f 70/117 72/115 95/116
f 95/116 96/118 70/117
f 97/119 70/117 96/118
f 96/118 98/120 97/119
f 99/121 97/119 98/120
f 98/120 125/122 99/121
f 66/123 99/121 125/122
f 125/122 100/124 66/123
f 101/125 66/123 100/124
f 100/124 128/126 101/125
f 102/127 101/125 128/126
f 128/126 130/128 102/127
f 62/129 102/127 130/128
f 130/128 103/130 62/129
f 60/131 62/129 103/130
f 103/130 133/132 60/131
f 104/133 60/131 133/132
f 133/132 135/134 104/133
f 57/135 104/133 135/134
f 135/134 137/136 57/135
f 105/137 57/135 137/136
f 137/136 106/138 105/137
f 54/139 105/137 106/138
f 106/138 140/140 54/139
f 52/141 54/139 140/140
f 140/140 142/142 52/141
f 107/143 52/141 142/142
f 142/142 108/144 107/143
f 87/98 107/143 108/144
f 108/144 110/99 87/98
f 49/49 2/2 1/1
f 1/1 50/50 49/49
f 2/2 49/49 85/95
f 85/95 47/47 2/2
f 50/50 1/1 5/5
f 5/5 51/53 50/50
f 51/53 5/5 7/7
f 7/7 53/55 51/53
f 53/55 7/7 9/9
f 9/9 55/57 53/55
f 55/57 9/9 11/11
f 11/11 56/59 55/57
f 56/59 11/11 13/13
f 13/13 58/61 56/59
f 58/61 13/13 15/15
f 15/15 59/63 58/61
f 59/63 15/15 17/17
f 17/17 61/65 59/63
f 61/65 17/17 19/19
f 19/19 63/67 61/65
f 63/67 19/19 21/21
f 21/21 64/69 63/67
f 64/69 21/21 23/23
f 23/23 65/71 64/69
f 65/71 23/23 25/25
f 25/25 67/73 65/71
f 67/73 25/25 27/27
f 27/27 68/75 67/73
f 68/75 27/27 29/29
f 29/29 69/77 68/75
f 69/77 29/29 31/31
f 31/31 71/79 69/77
f 71/79 31/31 33/33
f 33/33 73/81 71/79
f 73/81 33/33 35/35
f 35/35 74/83 73/81
f 74/83 35/35 37/37
f 37/37 75/85 74/83
f 75/85 37/37 39/39
f 39/39 77/87 75/85
f 77/87 39/39 41/41
f 41/41 79/89 77/87
f 79/89 41/41 43/43
f 43/43 81/91 79/89
f 81/91 43/43 45/45
f 45/45 83/93 81/91
f 83/93 45/45 47/47
f 47/47 85/95 83/93
f 109/145 110/146 111/147
f 111/147 112/148 109/145
f 88/149 109/145 112/148
f 112/148 113/150 88/149
f 89/151 88/149 113/150
f 113/150 114/152 89/151
f 115/153 89/151 114/152
f 114/152 116/154 115/153
f 90/155 115/153 116/154
f 116/154 117/156 90/155
f 118/157 90/155 117/156
f 117/156 119/158 118/157
f 92/159 118/157 119/158
f 119/158 120/160 92/159
f 94/161 92/159 120/160
f 120/160 121/162 94/161
f 95/163 94/161 121/162
f 121/162 122/164 95/163
f 96/165 95/163 122/164
f 122/164 123/166 96/165
f 98/167 96/165 123/166
f 123/166 124/168 98/167
f 125/169 98/167 124/168
f 124/168 126/170 125/169
f 100/171 125/169 126/170
f 126/170 127/172 100/171
f 128/173 100/171 127/172
f 127/172 129/174 128/173
f 130/175 128/173 129/174
f 129/174 131/176 130/175
f 103/177 130/175 131/176
f 131/176 132/178 103/177
f 133/179 103/177 132/178
f 132/178 134/180 133/179
f 135/181 133/179 134/180
f 134/180 136/182 135/181
f 137/183 135/181 136/182
f 136/182 138/184 137/183
f 106/185 137/183 138/184
f 138/184 139/186 106/185
f 140/187 106/185 139/186
f 139/186 141/188 140/187
f 142/189 140/187 141/188
f 141/188 143/190 142/189
f 108/191 142/189 143/190
f 143/190 144/192 108/191
f 110/146 108/191 144/192
f 144/192 111/147 110/146
f 38/38 36/36 145/193
f 145/193 146/194 38/38
f 40/40 38/38 146/194
f 146/194 147/195 40/40
f 42/42 40/40 147/195
f 147/195 148/196 42/42
f 44/44 42/42 148/196
f 148/196 149/197 44/44
f 46/46 44/44 149/197
f 149/197 150/198 46/46
f 48/48 46/46 150/198
f 150/198 151/199 48/48
f 3/3 48/48 151/199
f 151/199 152/200 3/3
f 4/4 3/3 152/200
f 152/200 153/201 4/4
f 6/6 4/4 153/201
f 153/201 154/202 6/6
f 8/8 6/6 154/202
f 154/202 155/203 8/8
f 10/10 8/8 155/203
f 155/203 156/204 10/10
f 12/12 10/10 156/204
f 156/204 157/205 12/12
f 14/14 12/12 157/205
f 157/205 158/206 14/14
f 16/16 14/14 158/206
f 158/206 159/207 16/16
f 18/18 16/16 159/207
f 159/207 160/208 18/18
f 20/20 18/18 160/208
f 160/208 161/209 20/20
f 22/22 20/20 161/209
f 161/209 162/210 22/22
f 24/24 22/22 162/210
f 162/210 163/211 24/24
f 26/26 24/24 163/211
f 163/211 164/212 26/26
f 28/28 26/26 164/212
f 164/212 165/213 28/28
f 30/30 28/28 165/213
f 165/213 166/214 30/30
f 32/32 30/30 166/214
f 166/214 167/215 32/32
f 34/34 32/32 167/215
f 167/215 168/216 34/34
f 36/36 34/34 168/216
f 168/216 145/193 36/36
f 169/217 185/218 188/219
f 188/220 170/221 169/222
f 171/223 169/224 170/225
f 170/226 172/227 171/228
f 174/229 171/230 172/231
f 172/232 173/233 174/234
f 175/235 174/236 173/237
f 173/238 176/239 175/240
f 177/241 175/242 176/243
f 176/244 178/245 177/246
f 179/247 177/248 178/249
f 178/250 195/251 179/252
f 180/253 179/254 195/255
f 195/256 181/257 180/258
f 182/259 180/260 181/261
f 181/262 198/263 182/264
f 183/265 182/266 198/267
f 198/268 199/269 183/270
f 184/271 183/272 199/273
f 199/274 202/275 184/276
f 186/277 184/278 202/279
f 202/280 187/281 186/282
f 185/283 186/284 187/285
f 187/286 188/287 185/288
f 170/289 188/290 189/291
f 189/292 190/293 170/294
f 172/295 170/294 190/293
f 190/296 191/297 172/298
f 173/299 172/300 191/301
f 191/301 192/302 173/299
f 176/303 173/304 192/305
f 192/306 193/307 176/308
f 178/309 176/308 193/307
f 193/310 194/311 178/312
f 195/313 178/314 194/315
f 194/315 196/316 195/313
f 181/317 195/318 196/319
f 196/319 197/320 181/317
f 198/321 181/317 197/320
f 197/320 200/322 198/321
f 199/323 198/324 200/325
f 200/325 201/326 199/323
f 202/327 199/328 201/329
f 201/329 203/330 202/327
f 187/331 202/332 203/333
f 203/334 204/335 187/336
f 188/337 187/336 204/335
f 204/338 189/339 188/340
f 214/341 212/342 205/343
f 205/343 210/344 214/341
f 212/345 213/346 206/347
f 206/347 205/348 212/345
f 213/349 207/350 209/351
f 209/351 206/352 213/349
f 207/353 208/354 211/355
f 211/355 209/356 207/353
f 208/357 214/358 210/359
f 210/359 211/360 208/357
f 212/361 208/362 207/363
f 207/363 213/364 212/361
f 212/361 214/365 208/362
f 215/366 216/367 217/368
f 217/368 218/369 215/366
f 219/370 220/371 221/372
f 221/372 222/373 219/370
f 223/374 216/367 215/366
f 215/366 224/375 223/374
f 225/376 223/374 224/375
f 224/375 226/377 225/376
f 218/369 227/378 228/379
f 228/379 215/366 218/369
f 221/372 229/380 230/381
f 230/381 222/373 221/372
f 215/366 228/379 231/382
f 231/382 224/375 215/366
f 224/375 231/382 232/383
f 232/383 226/377 224/375
f 216/367 240/384 233/385
f 233/385 217/368 216/367
f 234/386 240/384 216/367
f 216/367 223/374 234/386
f 250/387 234/386 223/374
f 223/374 225/376 250/387
f 219/370 237/388 220/371
f 237/388 250/387 225/376
f 225/376 220/371 237/388
f 220/371 225/376 226/377
f 226/377 221/372 220/371
f 232/383 229/380 221/372
f 221/372 226/377 232/383
f 219/389 235/390 236/391
f 236/391 237/392 219/389
f 234/393 238/394 239/395
f 239/395 240/396 234/393
f 240/396 239/395 259/397
f 259/397 233/398 240/396
f 241/399 242/400 243/401
f 243/401 244/402 241/399
f 235/403 245/404 246/405
f 246/405 247/406 235/403
f 248/407 249/408 241/399
f 241/399 244/402 248/407
f 250/409 260/410 238/394
f 238/394 234/393 250/409
f 251/411 252/412 249/408
f 249/408 248/407 251/411
f 242/400 241/399 253/413
f 253/413 254/414 242/400
f 246/405 245/404 255/415
f 255/415 256/416 246/405
f 241/399 249/408 257/417
f 257/417 253/413 241/399
f 249/408 252/412 258/418
f 258/418 257/417 249/408
f 244/402 243/401 259/419
f 259/419 239/420 244/402
f 238/421 248/407 244/402
f 244/402 239/420 238/421
f 260/422 251/411 248/407
f 248/407 238/421 260/422
f 235/403 247/406 236/423
f 237/392 236/391 260/410
f 260/410 250/409 237/392
f 236/423 247/406 251/411
f 251/411 260/422 236/423
f 247/406 246/405 252/412
f 252/412 251/411 247/406
f 258/418 252/412 246/405
f 246/405 256/416 258/418
f 270/424 269/425 261/426
f 261/426 267/427 270/424
f 269/428 262/429 264/430
f 264/430 261/431 269/428
f 262/432 265/433 263/434
f 263/434 264/435 262/432
f 265/436 266/437 268/438
f 268/438 263/439 265/436
f 266/440 270/441 267/442
f 267/442 268/443 266/440
f 269/444 266/445 265/446
f 265/446 262/447 269/444
f 269/444 270/448 266/445
f 271/449 272/450 273/451
f 273/451 274/452 271/449
f 289/453 275/454 276/455
f 276/455 277/456 289/453
f 278/457 272/450 271/449
f 271/449 279/458 278/457
f 280/459 278/457 279/458
f 279/458 281/460 280/459
f 274/452 282/461 283/462
f 283/462 271/449 274/452
f 276/455 284/463 285/464
f 285/464 277/456 276/455
f 271/449 283/462 286/465
f 286/465 279/458 271/449
f 279/458 286/465 287/466
f 287/466 281/460 279/458
f 272/450 295/467 288/468
f 288/468 273/451 272/450
f 293/469 295/467 272/450
f 272/450 278/457 293/469
f 306/470 293/469 278/457
f 278/457 280/459 306/470
f 289/453 292/471 275/454
f 292/471 306/470 280/459
f 280/459 275/454 292/471
f 275/454 280/459 281/460
f 281/460 276/455 275/454
f 287/466 284/463 276/455
f 276/455 281/460 287/466
f 289/472 290/473 291/474
f 291/474 292/475 289/472
f 293/476 294/477 315/478
f 315/478 295/479 293/476
f 295/479 315/478 296/480
f 296/480 288/481 295/479
f 297/482 298/483 299/484
f 299/484 300/485 297/482
f 290/486 301/487 302/488
f 302/488 303/489 290/486
f 304/490 305/491 297/482
f 297/482 300/485 304/490
f 306/492 316/493 294/477
f 294/477 293/476 306/492
f 307/494 308/495 305/491
f 305/491 304/490 307/494
f 298/483 297/482 309/496
f 309/496 310/497 298/483
f 302/488 301/487 311/498
f 311/498 312/499 302/488
f 297/482 305/491 313/500
f 313/500 309/496 297/482
f 305/491 308/495 314/501
f 314/501 313/500 305/491
f 300/485 299/484 296/502
f 296/502 315/503 300/485
f 294/504 304/490 300/485
f 300/485 315/503 294/504
f 316/505 307/494 304/490
f 304/490 294/504 316/505
f 290/486 303/489 291/506
f 292/475 291/474 316/493
f 316/493 306/492 292/475
f 291/506 303/489 307/494
f 307/494 316/505 291/506
f 303/489 302/488 308/495
f 308/495 307/494 303/489
f 314/501 308/495 302/488
f 302/488 312/499 314/501
f 317/507 318/508 319/509
f 319/509 320/510 317/507
f 321/511 322/512 323/513
f 323/513 324/514 321/511
f 325/515 318/508 317/507
f 317/507 326/516 325/515
f 327/517 325/515 326/516
f 326/516 328/518 327/517
f 320/510 329/519 330/520
f 330/520 317/507 320/510
f 323/513 331/521 332/522
f 332/522 324/514 323/513
f 317/507 330/520 333/523
f 333/523 326/516 317/507
f 326/516 333/523 334/524
f 334/524 328/518 326/516
f 318/508 340/525 335/526
f 335/526 319/509 318/508
f 336/527 340/525 318/508
f 318/508 325/515 336/527
f 337/528 336/527 325/515
f 325/515 327/517 337/528
f 321/511 338/529 322/512
f 338/529 337/528 327/517
f 327/517 322/512 338/529
f 322/512 327/517 328/518
f 328/518 323/513 322/512
f 334/524 331/521 323/513
f 323/513 328/518 334/524
f 321/530 339/531 362/532
f 362/532 338/533 321/530
f 336/534 361/535 360/536
f 360/536 340/537 336/534
f 340/537 360/536 359/538
f 359/538 335/539 340/537
f 341/540 342/541 343/542
f 343/542 344/543 341/540
f 339/544 345/545 346/546
f 346/546 347/547 339/544
f 348/548 349/549 341/540
f 341/540 344/543 348/548
f 337/550 350/551 361/535
f 361/535 336/534 337/550
f 351/552 352/553 349/549
f 349/549 348/548 351/552
f 342/541 341/540 353/554
f 353/554 354/555 342/541
f 346/546 345/545 355/556
f 355/556 356/557 346/546
f 341/540 349/549 357/558
f 357/558 353/554 341/540
f 349/549 352/553 358/559
f 358/559 357/558 349/549
f 344/543 343/542 359/560
f 359/560 360/561 344/543
f 361/562 348/548 344/543
f 344/543 360/561 361/562
f 350/563 351/552 348/548
f 348/548 361/562 350/563
f 339/544 347/547 362/564
f 338/533 362/532 350/551
f 350/551 337/550 338/533
f 362/564 347/547 351/552
f 351/552 350/563 362/564
f 347/547 346/546 352/553
f 352/553 351/552 347/547
f 358/559 352/553 346/546
f 346/546 356/557 358/559
f 367/565 370/566 365/567
f 365/567 368/568 367/565
f 370/569 363/570 364/571
f 364/571 365/572 370/569
f 363/573 372/574 366/575
f 366/575 364/576 363/573
f 372/577 371/578 369/579
f 369/579 366/580 372/577
f 371/581 367/582 368/583
f 368/583 369/584 371/581
f 370/585 371/586 372/587
f 372/587 363/588 370/585
f 370/585 367/589 371/586
f 379/590 373/591 376/592
f 376/592 380/593 379/590
f 373/594 374/595 375/596
f 375/596 376/597 373/594
f 374/598 382/599 378/600
f 378/600 375/601 374/598
f 382/602 377/603 381/604
f 381/604 378/605 382/602
f 377/606 379/607 380/608
f 380/608 381/609 377/606
f 373/610 377/611 382/612
f 382/612 374/613 373/610
f 373/610 379/614 377/611
f 383/615 384/616 385/617
f 385/617 386/618 383/615
f 387/619 388/620 389/621
f 389/621 390/622 387/619
f 391/623 384/616 383/615
f 383/615 392/624 391/623
f 393/625 391/623 392/624
f 392/624 394/626 393/625
f 386/618 395/627 396/628
f 396/628 383/615 386/618
f 389/621 397/629 398/630
f 398/630 390/622 389/621
f 383/615 396/628 399/631
f 399/631 392/624 383/615
f 392/624 399/631 400/632
f 400/632 394/626 392/624
f 384/616 406/633 401/634
f 401/634 385/617 384/616
f 404/635 406/633 384/616
f 384/616 391/623 404/635
f 417/636 404/635 391/623
f 391/623 393/625 417/636
f 387/619 403/637 388/620
f 403/637 417/636 393/625
f 393/625 388/620 403/637
f 388/620 393/625 394/626
f 394/626 389/621 388/620
f 400/632 397/629 389/621
f 389/621 394/626 400/632
f 387/638 411/639 402/640
f 402/640 403/641 387/638
f 404/642 405/643 427/644
f 427/644 406/645 404/642
f 406/645 427/644 426/646
f 426/646 401/647 406/645
f 407/648 408/649 409/650
f 409/650 410/651 407/648
f 411/652 412/653 413/654
f 413/654 414/655 411/652
f 415/656 416/657 407/648
f 407/648 410/651 415/656
f 417/658 428/659 405/643
f 405/643 404/642 417/658
f 418/660 419/661 416/657
f 416/657 415/656 418/660
f 408/649 407/648 420/662
f 420/662 421/663 408/649
f 413/654 412/653 422/664
f 422/664 423/665 413/654
f 407/648 416/657 424/666
f 424/666 420/662 407/648
f 416/657 419/661 425/667
f 425/667 424/666 416/657
f 410/651 409/650 426/668
f 426/668 427/669 410/651
f 405/670 415/656 410/651
f 410/651 427/669 405/670
f 428/671 418/660 415/656
f 415/656 405/670 428/671
f 411/652 414/655 402/672
f 403/641 402/640 428/659
f 428/659 417/658 403/641
f 402/672 414/655 418/660
f 418/660 428/671 402/672
f 414/655 413/654 419/661
f 419/661 418/660 414/655
f 425/667 419/661 413/654
f 413/654 423/665 425/667
f 429/673 430/674 431/675
f 431/675 432/676 429/673
f 448/677 433/678 434/679
f 434/679 435/680 448/677
f 436/681 430/674 429/673
f 429/673 437/682 436/681
f 438/683 436/681 437/682
f 437/682 439/684 438/683
f 432/676 440/685 441/686
f 441/686 429/673 432/676
f 434/679 442/687 443/688
f 443/688 435/680 434/679
f 429/673 441/686 444/689
f 444/689 437/682 429/673
f 437/682 444/689 445/690
f 445/690 439/684 437/682
f 430/674 446/691 452/692
f 452/692 431/675 430/674
f 447/693 446/691 430/674
f 430/674 436/681 447/693
f 463/694 447/693 436/681
f 436/681 438/683 463/694
f 448/677 449/695 433/678
f 449/695 463/694 438/683
f 438/683 433/678 449/695
f 433/678 438/683 439/684
f 439/684 434/679 433/678
f 445/690 442/687 434/679
f 434/679 439/684 445/690
f 448/696 457/697 474/698
f 474/698 449/699 448/696
f 447/700 450/701 451/702
f 451/702 446/703 447/700
f 446/703 451/702 473/704
f 473/704 452/705 446/703
f 453/706 454/707 455/708
f 455/708 456/709 453/706
f 457/710 458/711 459/712
f 459/712 460/713 457/710
f 461/714 462/715 453/706
f 453/706 456/709 461/714
f 463/716 464/717 450/701
f 450/701 447/700 463/716
f 465/718 466/719 462/715
f 462/715 461/714 465/718
f 454/707 453/706 467/720
f 467/720 468/721 454/707
f 459/712 458/711 469/722
f 469/722 470/723 459/712
f 453/706 462/715 471/724
f 471/724 467/720 453/706
f 462/715 466/719 472/725
f 472/725 471/724 462/715
f 456/709 455/708 473/726
f 473/726 451/727 456/709
f 450/728 461/714 456/709
f 456/709 451/727 450/728
f 464/729 465/718 461/714
f 461/714 450/728 464/729
f 457/710 460/713 474/730
f 449/699 474/698 464/717
f 464/717 463/716 449/699
f 474/730 460/713 465/718
f 465/718 464/729 474/730
f 460/713 459/712 466/719
f 466/719 465/718 460/713
f 472/725 466/719 459/712
f 459/712 470/723 472/725
f 475/731 476/732 479/733
f 479/733 483/734 475/731
f 476/735 477/736 478/737
f 478/737 479/738 476/735
f 477/739 480/740 482/741
f 482/741 478/742 477/739
f 480/743 484/744 481/745
f 481/745 482/746 480/743
f 484/747 475/748 483/749
f 483/749 481/750 484/747
f 476/751 484/752 480/753
f 480/753 477/754 476/751
f 476/755 475/756 484/757
f 568/758 486/759 570/760
f 486/761 544/762 485/763
f 485/764 570/765 486/766
f 568/767 487/768 486/769
f 486/770 487/771 542/772
f 542/773 544/774 486/775
f 488/776 489/777 490/778
f 490/778 494/779 488/776
f 563/780 493/781 491/782
f 491/783 492/784 563/785
f 488/786 493/787 501/788
f 501/788 504/789 488/786
f 493/787 488/786 494/790
f 494/790 491/791 493/787
f 495/792 563/793 496/794
f 500/795 493/796 495/797
f 495/798 493/799 563/800
f 500/801 495/802 502/803
f 495/804 496/805 502/806
f 502/806 496/805 498/807
f 488/776 504/808 506/809
f 506/809 489/777 488/776
f 497/810 498/811 499/812
f 563/793 499/812 498/811
f 498/811 496/794 563/793
f 500/813 503/814 501/815
f 501/816 493/817 500/818
f 503/819 497/810 501/820
f 497/810 499/812 501/820
f 502/821 503/822 500/823
f 503/824 502/825 497/826
f 497/827 502/806 498/807
f 504/828 507/829 505/830
f 505/830 506/831 504/828
f 566/832 508/833 501/820
f 501/820 499/812 566/832
f 507/834 508/835 528/836
f 528/836 525/837 507/834
f 501/838 508/835 507/834
f 507/834 504/839 501/838
f 509/840 566/832 511/841
f 510/842 508/843 509/844
f 509/840 508/833 566/832
f 510/845 509/846 516/847
f 509/848 511/849 516/850
f 516/851 511/852 517/853
f 507/854 525/855 512/856
f 512/856 505/857 507/854
f 514/858 517/859 513/860
f 566/861 513/862 517/863
f 517/864 511/865 566/866
f 510/867 515/868 528/869
f 528/869 508/870 510/867
f 515/871 514/872 528/873
f 514/874 513/875 528/876
f 516/877 515/878 510/879
f 515/880 516/881 514/882
f 514/883 516/884 517/885
f 518/886 519/887 526/888
f 526/888 529/889 518/886
f 521/890 524/891 485/892
f 527/893 485/894 524/895
f 524/895 530/896 527/893
f 520/897 522/898 532/899
f 532/899 523/900 520/897
f 520/901 521/902 522/903
f 521/902 485/904 522/905
f 533/906 520/907 523/908
f 520/907 533/906 521/909
f 521/909 533/906 524/910
f 525/911 529/912 526/913
f 526/913 512/914 525/911
f 527/915 532/916 528/917
f 528/918 513/919 527/920
f 518/921 529/922 532/923
f 532/923 522/924 518/921
f 528/925 532/926 529/927
f 529/927 525/928 528/925
f 531/929 527/930 530/931
f 523/932 532/933 531/934
f 531/935 532/936 527/937
f 523/908 531/938 533/906
f 531/939 530/940 533/941
f 533/942 530/943 524/944
f 518/886 535/945 534/946
f 534/946 519/887 518/886
f 544/947 546/948 522/949
f 522/905 485/904 544/950
f 535/951 546/952 536/953
f 536/953 537/954 535/951
f 522/955 546/956 535/957
f 535/958 518/959 522/960
f 538/961 544/962 540/963
f 545/964 546/965 538/966
f 538/967 546/968 544/969
f 545/970 538/971 539/972
f 538/971 540/973 539/972
f 539/974 540/975 543/976
f 535/977 537/978 541/979
f 541/979 534/980 535/977
f 547/981 543/982 542/983
f 544/984 542/985 543/986
f 543/987 540/988 544/989
f 545/990 548/991 536/992
f 536/993 546/994 545/995
f 548/996 547/997 536/998
f 547/981 542/983 536/999
f 539/1000 548/1001 545/1002
f 548/1003 539/1004 547/1005
f 547/1006 539/1007 543/1008
f 494/779 490/778 554/1009
f 554/1009 556/1010 494/779
f 553/1011 549/1012 492/1013
f 555/1014 492/1015 549/1016
f 549/1016 559/1017 555/1014
f 550/1018 491/1019 557/1020
f 557/1021 552/1022 550/1023
f 550/1024 553/1025 491/1026
f 553/1027 492/1028 491/1029
f 551/1030 550/1031 552/1032
f 550/1033 551/1034 553/1035
f 553/1036 551/1037 549/1038
f 537/978 556/1039 554/1040
f 554/1040 541/979 537/978
f 542/983 555/1041 557/1042
f 557/1042 536/999 542/983
f 494/790 556/1043 557/1044
f 557/1044 491/791 494/790
f 536/953 557/1045 556/1046
f 556/1046 537/954 536/953
f 558/1047 555/1041 559/1048
f 552/1049 557/1050 558/1051
f 558/1047 557/1042 555/1041
f 552/1052 558/1053 551/1054
f 558/1053 559/1055 551/1054
f 551/1037 559/1056 549/1038
f 568/767 560/1057 487/768
f 487/771 560/1058 555/1059
f 555/1059 542/772 487/771
f 568/767 562/1060 560/1057
f 560/1061 562/1062 492/1063
f 492/1064 555/1065 560/1066
f 568/767 561/1067 562/1060
f 562/1068 561/1069 563/1070
f 563/1070 492/1071 562/1068
f 568/767 564/1072 561/1067
f 561/1073 564/1074 499/1075
f 499/1076 563/1077 561/1078
f 568/767 567/1079 564/1072
f 564/1080 567/1081 566/1082
f 566/1083 499/1084 564/1085
f 568/767 565/1086 567/1079
f 567/1087 565/1088 513/1089
f 513/1090 566/1091 567/1092
f 568/1093 569/1094 565/1095
f 565/1096 569/1097 527/1098
f 527/1099 513/1100 565/1101
f 568/1102 570/1103 569/1104
f 569/1105 570/1106 485/1107
f 485/1107 527/1108 569/1105


o Object.2
v 1.107474 2.094687 4.456287
v 1.107473 2.439289 3.859368
v 1.107474 1.607307 4.943656
v 1.107469 1.010392 5.288284
v 1.146247 1.539761 4.855643
v 1.107473 0.344619 5.466679
v 1.146247 -0.330141 5.356685
v 1.107472 -0.344621 5.466678
v 1.107472 -1.607307 4.943655
v 1.107472 -1.010391 5.288284
v 1.107472 -2.094685 4.456286
v 1.107473 -2.439289 3.859368
v 1.146247 -2.507691 3.179129
v 1.107468 -2.617681 3.193604
v 1.107472 -2.439287 1.838588
v 1.146247 -2.507693 2.518834
v 1.107473 -2.617679 2.504351
v 1.146247 -2.006656 1.309217
v 1.107473 -2.094684 1.241681
v 1.107473 -1.607307 0.754301
v 1.107472 -1.010391 0.409675
v 1.146247 -0.330140 0.341283
v 1.107472 -0.344619 0.231292
v 1.146247 0.330140 0.341283
v 1.107473 0.344620 0.231292
v 1.107472 1.607308 0.754304
v 1.107472 1.010392 0.409675
v 1.107472 2.094686 1.241683
v 1.107472 2.439289 1.838589
v 1.107472 2.617679 2.504352
v 1.107469 2.617679 3.193605
v -1.146252 2.439286 3.859369
v -1.146252 2.094686 4.456288
v -1.146252 1.607307 4.943657
v -1.146252 1.010390 5.288285
v -1.146252 0.344616 5.466679
v -1.146252 -0.344624 5.466679
v -1.146252 -1.010395 5.288285
v -1.146252 -2.094688 4.456287
v -1.146252 -1.607311 4.943656
v -1.146110 -2.118016 4.071824
v -1.146252 -2.439291 3.859369
v -1.146106 -2.445687 2.848981
v -1.146252 -2.617682 3.193606
v -1.146252 -2.617683 2.504352
v -1.146110 -2.118016 1.626140
v -1.146252 -2.439291 1.838589
v -1.146252 -1.607309 0.754304
v -1.146252 -2.094687 1.241682
v -1.146252 -1.010392 0.409675
v -1.146252 -0.344623 0.231292
v -1.146252 0.344618 0.231293
v -1.146108 1.222826 0.730958
v -1.146252 1.010390 0.409676
v -1.146110 2.118003 1.626141
v -1.146252 2.094680 1.241683
v -1.146253 1.607302 0.754304
v -1.146108 2.445676 2.848982
v -1.146252 2.617676 2.504353
v -1.146251 2.439286 1.838590
v -1.146252 2.617676 3.193606
v 0.887136 1.743141 4.186600
v 0.887141 2.029956 3.689793
v 1.015877 1.818614 4.244471
v 0.887141 1.337582 4.592141
v 0.887141 0.840717 4.878961
v 1.015877 0.299212 5.121716
v 1.015877 -0.299207 5.121716
v 0.887146 0.286713 5.027388
v 0.887146 -0.286756 5.027388
v 1.015877 -1.395470 4.667622
v 0.887141 -0.840766 4.878956
v 0.887141 -1.337583 4.592140
v 0.887141 -2.029956 3.689793
v 0.887141 -1.743132 4.186599
v 1.015877 -2.272733 3.148191
v 0.887141 -2.178420 3.135791
v 1.015877 -2.272733 2.549770
v 0.887141 -2.029956 2.008126
v 0.887141 -2.178420 2.562194
v 1.015877 -2.117847 1.971740
v 0.887141 -1.743183 1.511410
v 0.887141 -1.337583 1.105835
v 1.015877 -1.395474 1.030344
v 0.887141 -0.840902 0.819015
v 0.887141 -0.286796 0.670576
v 1.015877 -0.299206 0.576250
v 1.015877 0.299213 0.576250
v 0.887146 0.286714 0.670578
v 0.887146 0.840807 0.819015
v 1.015877 0.877240 0.731133
v 0.887146 1.337582 1.105835
v 1.015877 1.395466 1.030344
v 0.887146 2.029958 2.008161
v 0.887146 1.743141 1.511410
v 0.887141 2.178414 2.562151
v 1.015881 2.272734 3.148191
v 0.887141 2.178412 3.135757
v -0.911099 1.101591 4.757069
v -0.911099 -0.000007 5.052242
v -1.146110 -0.000006 5.294667
v -1.146110 1.222827 4.967005
v -0.911099 -1.101650 4.757069
v -0.911099 -1.908135 3.950623
v -1.146110 -1.222835 4.967005
v -0.911099 -2.203247 2.848996
v -0.911099 -1.908134 1.747366
v -0.911099 -1.101650 0.940923
v -1.146110 -1.222834 0.730959
v -0.911099 -0.000008 0.645748
v -1.146110 -0.000003 0.403299
v -0.911099 1.101590 0.940922
v -0.911099 1.908078 1.747367
v -0.911099 2.203231 2.848994
v -0.911099 1.908034 3.950624
v -1.146110 2.118003 4.071824
v 1.015877 2.117847 3.726225
v 1.146251 2.006656 4.388751
v 1.015877 1.395464 4.667622
v 1.146247 0.967938 5.185792
v 1.146247 0.330139 5.356686
v 1.015877 0.877240 4.966832
v 1.146247 -1.539760 4.855643
v 1.015877 -0.877241 4.966827
v 1.146247 -0.967935 5.185787
v 1.146247 -2.006656 4.388750
v 1.015873 -1.818616 4.244475
v 1.015877 -2.117847 3.726225
v 1.146247 -2.336800 3.816919
v 1.015877 -1.818618 1.453490
v 1.146247 -2.336800 1.881044
v 1.146247 -0.967937 0.512173
v 1.015877 -0.877243 0.731133
v 1.146247 -1.539759 0.842320
v 1.146247 1.539761 0.842320
v 1.146247 0.967941 0.512174
v 1.146251 2.336795 1.881044
v 1.015877 1.818617 1.453491
v 1.146251 2.006658 1.309218
v 1.146251 2.507695 2.518834
v 1.015881 2.272734 2.549770
v 1.015877 2.117849 1.971741
v 1.146251 2.507695 3.179130
v 1.146251 2.336795 3.816920

vt 0.895318 0.803337
vt 0.880791 0.792192
vt 0.943440 0.683679
vt 0.943440 0.683679
vt 0.960352 0.690685
vt 0.895318 0.803337
vt 0.803338 0.895315
vt 0.792191 0.880792
vt 0.880791 0.792192
vt 0.880791 0.792192
vt 0.895318 0.803337
vt 0.803338 0.895315
vt 0.690686 0.960355
vt 0.683680 0.943442
vt 0.792191 0.880792
vt 0.792191 0.880792
vt 0.803338 0.895315
vt 0.690686 0.960355
vt 0.565038 0.994022
vt 0.562649 0.975872
vt 0.683680 0.943442
vt 0.683680 0.943442
vt 0.690686 0.960355
vt 0.565038 0.994022
vt 0.434962 0.994022
vt 0.437351 0.975872
vt 0.562649 0.975872
vt 0.562649 0.975872
vt 0.565038 0.994022
vt 0.434962 0.994022
vt 0.309315 0.960355
vt 0.316321 0.943441
vt 0.437351 0.975872
vt 0.437351 0.975872
vt 0.434962 0.994022
vt 0.309315 0.960355
vt 0.196663 0.895315
vt 0.207809 0.880792
vt 0.316321 0.943441
vt 0.316321 0.943441
vt 0.309315 0.960355
vt 0.196663 0.895315
vt 0.104683 0.803336
vt 0.119209 0.792192
vt 0.207809 0.880792
vt 0.207809 0.880792
vt 0.196663 0.895315
vt 0.104683 0.803336
vt 0.039648 0.690685
vt 0.056559 0.683679
vt 0.119209 0.792192
vt 0.119209 0.792192
vt 0.104683 0.803336
vt 0.039648 0.690685
vt 0.005981 0.565039
vt 0.024130 0.562650
vt 0.056559 0.683679
vt 0.056559 0.683679
vt 0.039648 0.690685
vt 0.005981 0.565039
vt 0.005981 0.434960
vt 0.024130 0.437349
vt 0.024130 0.562650
vt 0.024130 0.562650
vt 0.005981 0.565039
vt 0.005981 0.434960
vt 0.039648 0.309314
vt 0.056559 0.316319
vt 0.024130 0.437349
vt 0.024130 0.437349
vt 0.005981 0.434960
vt 0.039648 0.309314
vt 0.104683 0.196664
vt 0.119209 0.207808
vt 0.056559 0.316319
vt 0.056559 0.316319
vt 0.039648 0.309314
vt 0.104683 0.196664
vt 0.196663 0.104683
vt 0.207809 0.119207
vt 0.119209 0.207808
vt 0.119209 0.207808
vt 0.104683 0.196664
vt 0.196663 0.104683
vt 0.309315 0.039644
vt 0.316320 0.056557
vt 0.207809 0.119207
vt 0.207809 0.119207
vt 0.196663 0.104683
vt 0.309315 0.039644
vt 0.434962 0.005979
vt 0.437351 0.024128
vt 0.316320 0.056557
vt 0.316320 0.056557
vt 0.309315 0.039644
vt 0.434962 0.005979
vt 0.565038 0.005979
vt 0.562649 0.024128
vt 0.437351 0.024128
vt 0.437351 0.024128
vt 0.434962 0.005979
vt 0.565038 0.005979
vt 0.690686 0.039644
vt 0.683681 0.056557
vt 0.562649 0.024128
vt 0.562649 0.024128
vt 0.565038 0.005979
vt 0.690686 0.039644
vt 0.803338 0.104683
vt 0.792191 0.119207
vt 0.683681 0.056557
vt 0.683681 0.056557
vt 0.690686 0.039644
vt 0.803338 0.104683
vt 0.895318 0.196664
vt 0.880792 0.207808
vt 0.792191 0.119207
vt 0.792191 0.119207
vt 0.803338 0.104683
vt 0.895318 0.196664
vt 0.960352 0.309314
vt 0.943440 0.316319
vt 0.880792 0.207808
vt 0.880792 0.207808
vt 0.895318 0.196664
vt 0.960352 0.309314
vt 0.994019 0.434960
vt 0.975870 0.437349
vt 0.943440 0.316319
vt 0.943440 0.316319
vt 0.960352 0.309314
vt 0.994019 0.434960
vt 0.994019 0.565039
vt 0.975870 0.562650
vt 0.975870 0.437349
vt 0.975870 0.437349
vt 0.994019 0.434960
vt 0.994019 0.565039
vt 0.960352 0.690685
vt 0.943440 0.683679
vt 0.975870 0.562650
vt 0.975870 0.562650
vt 0.994019 0.565039
vt 0.960352 0.690685
vt 0.958150 0.689772
vt 0.906111 0.734470
vt 0.893427 0.801887
vt 0.893427 0.801887
vt 0.906111 0.734470
vt 0.734468 0.906114
vt 0.734468 0.906114
vt 0.801886 0.893425
vt 0.893427 0.801887
vt 0.801886 0.893425
vt 0.734468 0.906114
vt 0.689773 0.958153
vt 0.689773 0.958153
vt 0.734468 0.906114
vt 0.499999 0.968941
vt 0.499999 0.968941
vt 0.564726 0.991659
vt 0.689773 0.958153
vt 0.564726 0.991659
vt 0.499999 0.968941
vt 0.435273 0.991659
vt 0.435273 0.991659
vt 0.499999 0.968941
vt 0.265531 0.906114
vt 0.265531 0.906114
vt 0.310227 0.958153
vt 0.435273 0.991659
vt 0.310227 0.958153
vt 0.265531 0.906114
vt 0.198113 0.893425
vt 0.198113 0.893425
vt 0.265531 0.906114
vt 0.093887 0.734470
vt 0.093887 0.734470
vt 0.106573 0.801887
vt 0.198113 0.893425
vt 0.106573 0.801887
vt 0.093887 0.734470
vt 0.041849 0.689772
vt 0.041849 0.689772
vt 0.093887 0.734470
vt 0.031058 0.500000
vt 0.031058 0.500000
vt 0.008343 0.564728
vt 0.041849 0.689772
vt 0.008343 0.564728
vt 0.031058 0.500000
vt 0.008343 0.435271
vt 0.008343 0.435271
vt 0.031058 0.500000
vt 0.093887 0.265529
vt 0.093887 0.265529
vt 0.041849 0.310226
vt 0.008343 0.435271
vt 0.041849 0.310226
vt 0.093887 0.265529
vt 0.106573 0.198114
vt 0.106573 0.198114
vt 0.093887 0.265529
vt 0.265531 0.093885
vt 0.265531 0.093885
vt 0.198113 0.106575
vt 0.106573 0.198114
vt 0.198113 0.106575
vt 0.265531 0.093885
vt 0.310227 0.041846
vt 0.310227 0.041846
vt 0.265531 0.093885
vt 0.499999 0.031058
vt 0.499999 0.031058
vt 0.435273 0.008341
vt 0.310227 0.041846
vt 0.435273 0.008341
vt 0.499999 0.031058
vt 0.564726 0.008342
vt 0.564726 0.008342
vt 0.499999 0.031058
vt 0.734467 0.093885
vt 0.734467 0.093885
vt 0.689773 0.041846
vt 0.564726 0.008342
vt 0.689773 0.041846
vt 0.734467 0.093885
vt 0.801886 0.106575
vt 0.801886 0.106575
vt 0.734467 0.093885
vt 0.906111 0.265529
vt 0.906111 0.265529
vt 0.893426 0.198114
vt 0.801886 0.106575
vt 0.893426 0.198114
vt 0.906111 0.265529
vt 0.958150 0.310226
vt 0.958150 0.310226
vt 0.906111 0.265529
vt 0.968940 0.500000
vt 0.968940 0.500000
vt 0.991656 0.435271
vt 0.958150 0.310226
vt 0.991656 0.435271
vt 0.968940 0.500000
vt 0.991656 0.564728
vt 0.991656 0.564728
vt 0.968940 0.500000
vt 0.906111 0.734470
vt 0.906111 0.734470
vt 0.958150 0.689772
vt 0.991656 0.564728
vt 0.845770 0.765321
vt 0.818535 0.744430
vt 0.870946 0.653646
vt 0.870946 0.653646
vt 0.902662 0.666788
vt 0.845770 0.765321
vt 0.765317 0.845774
vt 0.744424 0.818537
vt 0.818535 0.744430
vt 0.818535 0.744430
vt 0.845770 0.765321
vt 0.765317 0.845774
vt 0.666788 0.902662
vt 0.653629 0.870950
vt 0.744424 0.818537
vt 0.744424 0.818537
vt 0.765317 0.845774
vt 0.666788 0.902662
vt 0.556889 0.932110
vt 0.552393 0.898073
vt 0.653629 0.870950
vt 0.653629 0.870950
vt 0.666788 0.902662
vt 0.556889 0.932110
vt 0.443112 0.932110
vt 0.447600 0.898073
vt 0.552393 0.898073
vt 0.556889 0.932110
vt 0.333212 0.902662
vt 0.346362 0.870949
vt 0.447600 0.898073
vt 0.447600 0.898073
vt 0.443112 0.932110
vt 0.333212 0.902662
vt 0.234682 0.845774
vt 0.255576 0.818537
vt 0.346362 0.870949
vt 0.346362 0.870949
vt 0.333212 0.902662
vt 0.234682 0.845774
vt 0.154230 0.765322
vt 0.181467 0.744430
vt 0.255576 0.818537
vt 0.255576 0.818537
vt 0.234682 0.845774
vt 0.154230 0.765322
vt 0.097337 0.666788
vt 0.129054 0.653646
vt 0.181467 0.744430
vt 0.181467 0.744430
vt 0.154230 0.765322
vt 0.097337 0.666788
vt 0.067889 0.556888
vt 0.101924 0.552410
vt 0.129054 0.653646
vt 0.129054 0.653646
vt 0.097337 0.666788
vt 0.067889 0.556888
vt 0.067889 0.443111
vt 0.101924 0.447593
vt 0.101924 0.552410
vt 0.101924 0.552410
vt 0.067889 0.556888
vt 0.067889 0.443111
vt 0.097337 0.333211
vt 0.129054 0.346345
vt 0.101924 0.447593
vt 0.101924 0.447593
vt 0.067889 0.443111
vt 0.097337 0.333211
vt 0.154229 0.234677
vt 0.181458 0.255577
vt 0.129054 0.346345
vt 0.129054 0.346345
vt 0.097337 0.333211
vt 0.154229 0.234677
vt 0.234681 0.154225
vt 0.255576 0.181464
vt 0.181458 0.255577
vt 0.181458 0.255577
vt 0.154229 0.234677
vt 0.234681 0.154225
vt 0.333211 0.097337
vt 0.346337 0.129051
vt 0.255576 0.181464
vt 0.255576 0.181464
vt 0.234681 0.154225
vt 0.333211 0.097337
vt 0.443112 0.067889
vt 0.447592 0.101926
vt 0.346337 0.129051
vt 0.346337 0.129051
vt 0.333211 0.097337
vt 0.443112 0.067889
vt 0.556889 0.067889
vt 0.552393 0.101926
vt 0.447592 0.101926
vt 0.447592 0.101926
vt 0.443112 0.067889
vt 0.556889 0.067889
vt 0.666788 0.097337
vt 0.653646 0.129051
vt 0.552393 0.101926
vt 0.552393 0.101926
vt 0.556889 0.067889
vt 0.666788 0.097337
vt 0.765318 0.154225
vt 0.744424 0.181464
vt 0.653646 0.129051
vt 0.653646 0.129051
vt 0.666788 0.097337
vt 0.765318 0.154225
vt 0.845771 0.234677
vt 0.818535 0.255577
vt 0.744424 0.181464
vt 0.744424 0.181464
vt 0.765318 0.154225
vt 0.845771 0.234677
vt 0.902663 0.333211
vt 0.870947 0.346351
vt 0.818535 0.255577
vt 0.818535 0.255577
vt 0.845771 0.234677
vt 0.902663 0.333211
vt 0.932111 0.443111
vt 0.898075 0.447585
vt 0.870947 0.346351
vt 0.870947 0.346351
vt 0.902663 0.333211
vt 0.932111 0.443111
vt 0.932111 0.556888
vt 0.898074 0.552403
vt 0.898075 0.447585
vt 0.898075 0.447585
vt 0.932111 0.443111
vt 0.932111 0.556888
vt 0.902662 0.666788
vt 0.870946 0.653646
vt 0.898074 0.552403
vt 0.898074 0.552403
vt 0.932111 0.556888
vt 0.902662 0.666788
vt 0.906111 0.734470
vt 0.851605 0.703002
vt 0.702990 0.851608
vt 0.702990 0.851608
vt 0.734468 0.906114
vt 0.906111 0.734470
vt 0.734468 0.906114
vt 0.702990 0.851608
vt 0.499996 0.905999
vt 0.499996 0.905999
vt 0.499999 0.968941
vt 0.734468 0.906114
vt 0.499999 0.968941
vt 0.499996 0.905999
vt 0.297005 0.851608
vt 0.297005 0.851608
vt 0.265531 0.906114
vt 0.499999 0.968941
vt 0.265531 0.906114
vt 0.297005 0.851608
vt 0.148394 0.703002
vt 0.148394 0.703002
vt 0.093887 0.734470
vt 0.265531 0.906114
vt 0.093887 0.734470
vt 0.148394 0.703002
vt 0.093997 0.500002
vt 0.093997 0.500002
vt 0.031058 0.500000
vt 0.093887 0.734470
vt 0.031058 0.500000
vt 0.093997 0.500002
vt 0.148390 0.296997
vt 0.148390 0.296997
vt 0.093887 0.265529
vt 0.031058 0.500000
vt 0.093887 0.265529
vt 0.148390 0.296997
vt 0.296992 0.148393
vt 0.296992 0.148393
vt 0.265531 0.093885
vt 0.093887 0.265529
vt 0.265531 0.093885
vt 0.296992 0.148393
vt 0.499991 0.093999
vt 0.499991 0.093999
vt 0.499999 0.031058
vt 0.265531 0.093885
vt 0.499999 0.031058
vt 0.499991 0.093999
vt 0.702998 0.148392
vt 0.702998 0.148392
vt 0.734467 0.093885
vt 0.499999 0.031058
vt 0.734467 0.093885
vt 0.702998 0.148392
vt 0.851605 0.297001
vt 0.851605 0.297001
vt 0.906111 0.265529
vt 0.734467 0.093885
vt 0.906111 0.265529
vt 0.851605 0.297001
vt 0.906001 0.499994
vt 0.906001 0.499994
vt 0.968940 0.500000
vt 0.906111 0.265529
vt 0.968940 0.500000
vt 0.906001 0.499994
vt 0.851605 0.703002
vt 0.851605 0.703002
vt 0.906111 0.734470
vt 0.968940 0.500000
vt 0.880791 0.792192
vt 0.845770 0.765321
vt 0.902662 0.666788
vt 0.902662 0.666788
vt 0.943440 0.683679
vt 0.880791 0.792192
vt 0.792191 0.880792
vt 0.765317 0.845774
vt 0.845770 0.765321
vt 0.845770 0.765321
vt 0.880791 0.792192
vt 0.792191 0.880792
vt 0.683680 0.943442
vt 0.666788 0.902662
vt 0.765317 0.845774
vt 0.765317 0.845774
vt 0.792191 0.880792
vt 0.683680 0.943442
vt 0.562649 0.975872
vt 0.556889 0.932110
vt 0.666788 0.902662
vt 0.666788 0.902662
vt 0.683680 0.943442
vt 0.562649 0.975872
vt 0.316321 0.943441
vt 0.333212 0.902662
vt 0.443112 0.932110
vt 0.443112 0.932110
vt 0.437351 0.975872
vt 0.316321 0.943441
vt 0.207809 0.880792
vt 0.234682 0.845774
vt 0.333212 0.902662
vt 0.333212 0.902662
vt 0.316321 0.943441
vt 0.207809 0.880792
vt 0.119209 0.792192
vt 0.154230 0.765322
vt 0.234682 0.845774
vt 0.234682 0.845774
vt 0.207809 0.880792
vt 0.119209 0.792192
vt 0.056559 0.683679
vt 0.097337 0.666788
vt 0.154230 0.765322
vt 0.154230 0.765322
vt 0.119209 0.792192
vt 0.056559 0.683679
vt 0.024130 0.562650
vt 0.067889 0.556888
vt 0.097337 0.666788
vt 0.097337 0.666788
vt 0.056559 0.683679
vt 0.024130 0.562650
vt 0.024130 0.437349
vt 0.067889 0.443111
vt 0.067889 0.556888
vt 0.067889 0.556888
vt 0.024130 0.562650
vt 0.024130 0.437349
vt 0.056559 0.316319
vt 0.097337 0.333211
vt 0.067889 0.443111
vt 0.067889 0.443111
vt 0.024130 0.437349
vt 0.056559 0.316319
vt 0.119209 0.207808
vt 0.154229 0.234677
vt 0.097337 0.333211
vt 0.097337 0.333211
vt 0.056559 0.316319
vt 0.119209 0.207808
vt 0.207809 0.119207
vt 0.234681 0.154225
vt 0.154229 0.234677
vt 0.154229 0.234677
vt 0.119209 0.207808
vt 0.207809 0.119207
vt 0.316320 0.056557
vt 0.333211 0.097337
vt 0.234681 0.154225
vt 0.234681 0.154225
vt 0.207809 0.119207
vt 0.316320 0.056557
vt 0.437351 0.024128
vt 0.443112 0.067889
vt 0.333211 0.097337
vt 0.333211 0.097337
vt 0.316320 0.056557
vt 0.437351 0.024128
vt 0.683681 0.056557
vt 0.666788 0.097337
vt 0.556889 0.067889
vt 0.556889 0.067889
vt 0.562649 0.024128
vt 0.683681 0.056557
vt 0.792191 0.119207
vt 0.765318 0.154225
vt 0.666788 0.097337
vt 0.666788 0.097337
vt 0.683681 0.056557
vt 0.792191 0.119207
vt 0.880792 0.207808
vt 0.845771 0.234677
vt 0.765318 0.154225
vt 0.765318 0.154225
vt 0.792191 0.119207
vt 0.880792 0.207808
vt 0.943440 0.316319
vt 0.902663 0.333211
vt 0.845771 0.234677
vt 0.845771 0.234677
vt 0.880792 0.207808
vt 0.943440 0.316319
vt 0.975870 0.437349
vt 0.932111 0.443111
vt 0.902663 0.333211
vt 0.902663 0.333211
vt 0.943440 0.316319
vt 0.975870 0.437349
vt 0.975870 0.562650
vt 0.932111 0.556888
vt 0.932111 0.443111
vt 0.932111 0.443111
vt 0.975870 0.437349
vt 0.975870 0.562650
vt 0.943440 0.683679
vt 0.902662 0.666788
vt 0.932111 0.556888
vt 0.932111 0.556888
vt 0.975870 0.562650
vt 0.943440 0.683679

usemtl temp_01_SIDEWALL_THIN18467_0
f 571/1109 688/1110 714/1111
f 714/1112 572/1113 571/1114
f 573/1115 575/1116 688/1117
f 688/1118 571/1119 573/1120
f 574/1121 690/1122 575/1123
f 575/1124 573/1125 574/1126
f 576/1127 691/1128 690/1129
f 690/1130 574/1131 576/1132
f 578/1133 577/1134 691/1135
f 691/1136 576/1137 578/1138
f 580/1139 695/1140 577/1141
f 577/1142 578/1143 580/1144
f 579/1145 693/1146 695/1147
f 695/1148 580/1149 579/1150
f 581/1151 696/1152 693/1153
f 693/1154 579/1155 581/1156
f 582/1157 699/1158 696/1159
f 696/1160 581/1161 582/1162
f 584/1163 583/1164 699/1165
f 699/1166 582/1167 584/1168
f 587/1169 586/1170 583/1171
f 583/1172 584/1173 587/1174
f 585/1175 701/1176 586/1177
f 586/1178 587/1179 585/1180
f 589/1181 588/1182 701/1183
f 701/1184 585/1185 589/1186
f 590/1187 704/1188 588/1189
f 588/1190 589/1191 590/1192
f 591/1193 702/1194 704/1195
f 704/1196 590/1197 591/1198
f 593/1199 592/1200 702/1201
f 702/1202 591/1203 593/1204
f 595/1205 594/1206 592/1207
f 592/1208 593/1209 595/1210
f 597/1211 706/1212 594/1213
f 594/1214 595/1215 597/1216
f 596/1217 705/1218 706/1219
f 706/1220 597/1221 596/1222
f 598/1223 709/1224 705/1225
f 705/1226 596/1227 598/1228
f 599/1229 707/1230 709/1231
f 709/1232 598/1233 599/1234
f 600/1235 710/1236 707/1237
f 707/1238 599/1239 600/1240
f 601/1241 713/1242 710/1243
f 710/1244 600/1245 601/1246
f 572/1247 714/1248 713/1249
f 713/1250 601/1251 572/1252
f 602/1253 686/1254 603/1255
f 603/1256 686/1257 672/1258
f 672/1259 604/1260 603/1261
f 604/1262 672/1263 605/1264
f 605/1265 672/1266 671/1267
f 671/1268 606/1269 605/1270
f 606/1271 671/1272 607/1273
f 607/1274 671/1275 675/1276
f 675/1277 608/1278 607/1279
f 608/1280 675/1281 610/1282
f 610/1283 675/1284 611/1285
f 611/1286 609/1287 610/1288
f 609/1289 611/1290 612/1291
f 612/1292 611/1293 613/1294
f 613/1295 614/1296 612/1297
f 614/1298 613/1299 615/1300
f 615/1301 613/1302 616/1303
f 616/1304 617/1305 615/1306
f 617/1307 616/1308 619/1309
f 619/1310 616/1311 679/1312
f 679/1313 618/1314 619/1315
f 618/1316 679/1317 620/1318
f 620/1319 679/1320 681/1321
f 681/1322 621/1323 620/1324
f 621/1325 681/1326 622/1327
f 622/1328 681/1329 623/1330
f 623/1331 624/1332 622/1333
f 624/1334 623/1335 627/1336
f 627/1337 623/1338 625/1339
f 625/1340 626/1341 627/1342
f 626/1343 625/1344 630/1345
f 630/1346 625/1347 628/1348
f 628/1349 629/1350 630/1351
f 629/1352 628/1353 631/1354
f 631/1355 628/1356 686/1357
f 686/1358 602/1359 631/1360
f 634/1361 632/1362 633/1363
f 633/1364 687/1365 634/1366
f 689/1367 635/1368 632/1369
f 632/1370 634/1371 689/1372
f 692/1373 636/1374 635/1375
f 635/1376 689/1377 692/1378
f 637/1379 639/1380 636/1381
f 636/1382 692/1383 637/1384
f 638/1385 640/1386 639/1387
f 639/1387 637/1388 638/1385
f 694/1389 642/1390 640/1391
f 640/1392 638/1393 694/1394
f 641/1395 643/1396 642/1397
f 642/1398 694/1399 641/1400
f 697/1401 645/1402 643/1403
f 643/1404 641/1405 697/1406
f 698/1407 644/1408 645/1409
f 645/1410 697/1411 698/1412
f 646/1413 647/1414 644/1415
f 644/1416 698/1417 646/1418
f 648/1419 650/1420 647/1421
f 647/1422 646/1423 648/1424
f 651/1425 649/1426 650/1427
f 650/1428 648/1429 651/1430
f 700/1431 652/1432 649/1433
f 649/1434 651/1435 700/1436
f 654/1437 653/1438 652/1439
f 652/1440 700/1441 654/1442
f 703/1443 655/1444 653/1445
f 653/1446 654/1447 703/1448
f 657/1449 656/1450 655/1451
f 655/1452 703/1453 657/1454
f 658/1455 659/1456 656/1457
f 656/1458 657/1459 658/1460
f 661/1461 660/1462 659/1463
f 659/1464 658/1465 661/1466
f 663/1467 662/1468 660/1469
f 660/1470 661/1471 663/1472
f 708/1473 665/1474 662/1475
f 662/1476 663/1477 708/1478
f 712/1479 664/1480 665/1481
f 665/1482 708/1483 712/1484
f 711/1485 666/1486 664/1487
f 664/1488 712/1489 711/1490
f 667/1491 668/1492 666/1493
f 666/1494 711/1495 667/1496
f 687/1497 633/1498 668/1499
f 668/1500 667/1501 687/1502
f 686/1503 685/1504 669/1505
f 669/1506 672/1507 686/1508
f 672/1509 669/1510 670/1511
f 670/1512 671/1513 672/1514
f 671/1515 670/1516 673/1517
f 673/1518 675/1519 671/1520
f 675/1521 673/1522 674/1523
f 674/1524 611/1525 675/1526
f 611/1527 674/1528 676/1529
f 676/1530 613/1531 611/1532
f 613/1533 676/1534 677/1535
f 677/1536 616/1537 613/1538
f 616/1539 677/1540 678/1541
f 678/1542 679/1543 616/1544
f 679/1545 678/1546 680/1547
f 680/1548 681/1549 679/1550
f 681/1551 680/1552 682/1553
f 682/1554 623/1555 681/1556
f 623/1557 682/1558 683/1559
f 683/1560 625/1561 623/1562
f 625/1563 683/1564 684/1565
f 684/1566 628/1567 625/1568
f 628/1569 684/1570 685/1571
f 685/1572 686/1573 628/1574
f 688/1575 634/1576 687/1577
f 687/1578 714/1579 688/1580
f 575/1581 689/1582 634/1583
f 634/1584 688/1585 575/1586
f 690/1587 692/1588 689/1589
f 689/1590 575/1591 690/1592
f 691/1593 637/1594 692/1595
f 692/1596 690/1597 691/1598
f 577/1134 638/1385 637/1388
f 637/1388 691/1135 577/1134
f 695/1599 694/1600 638/1601
f 638/1602 577/1603 695/1604
f 693/1605 641/1606 694/1607
f 694/1608 695/1609 693/1610
f 696/1611 697/1612 641/1613
f 641/1614 693/1615 696/1616
f 699/1617 698/1618 697/1619
f 697/1620 696/1621 699/1622
f 583/1623 646/1624 698/1625
f 698/1626 699/1627 583/1628
f 586/1629 648/1630 646/1631
f 646/1632 583/1633 586/1634
f 701/1635 651/1636 648/1637
f 648/1638 586/1639 701/1640
f 588/1641 700/1642 651/1643
f 651/1644 701/1645 588/1646
f 704/1647 654/1648 700/1649
f 700/1650 588/1651 704/1652
f 702/1653 703/1654 654/1655
f 654/1656 704/1657 702/1658
f 592/1659 657/1660 703/1661
f 703/1662 702/1663 592/1664
f 594/1206 658/1460 657/1459
f 657/1459 592/1207 594/1206
f 706/1665 661/1666 658/1667
f 658/1668 594/1669 706/1670
f 705/1671 663/1672 661/1673
f 661/1674 706/1675 705/1676
f 709/1677 708/1678 663/1679
f 663/1680 705/1681 709/1682
f 707/1683 712/1684 708/1685
f 708/1686 709/1687 707/1688
f 710/1689 711/1690 712/1691
f 712/1692 707/1693 710/1694
f 713/1695 667/1696 711/1697
f 711/1698 710/1699 713/1700
f 714/1701 687/1702 667/1703
f 667/1704 713/1705 714/1706


o Object.3
v 0.872558 2.654847 3.948651
v 0.872559 2.279748 4.598302
v 1.107474 2.094687 4.456287
v 1.107474 1.607307 4.943656
v 1.107469 1.010392 5.288284
v 1.107473 0.344619 5.466679
v 1.107472 -0.344621 5.466678
v 1.107472 -1.607307 4.943655
v 1.107472 -1.010391 5.288284
v 0.872558 -2.279747 4.598302
v 1.107472 -2.094685 4.456286
v 1.107473 -2.439289 3.859368
v 0.872558 -2.654847 3.948651
v 1.107468 -2.617681 3.193604
v 1.107473 -2.617679 2.504351
v 0.872558 -2.279745 1.099669
v 1.107472 -2.439287 1.838588
v 1.107473 -2.094684 1.241681
v 1.107473 -1.607307 0.754301
v 1.107472 -1.010391 0.409675
v 1.107472 -0.344619 0.231292
v 0.872558 -0.375076 0.000000
v 1.107473 0.344620 0.231292
v 0.872558 0.375081 0.000001
v 1.107472 1.010392 0.409675
v 0.872558 1.099680 0.194153
v 1.107472 1.607308 0.754304
v 1.107472 2.094686 1.241683
v 0.872558 2.279748 1.099670
v 1.107472 2.439289 1.838589
v 0.872558 2.848989 2.473910
v 1.107472 2.617679 2.504352
v 1.107469 2.617679 3.193605
v 0.872559 2.848990 3.224061
v 1.107473 2.439289 3.859368
v -0.911255 2.654845 3.948651
v 0.872558 2.654847 1.749313
v -0.911255 2.848984 2.473910
v -0.911255 1.749328 0.569234
v -0.911255 2.279746 1.099670
v 0.872558 1.749331 0.569232
v -0.911255 0.375076 0.000001
v -0.911255 -1.099679 0.194153
v -0.911255 -0.375079 0.000000
v 0.872558 -1.749326 0.569233
v 0.872558 -1.099676 0.194153
v 0.872558 -2.654845 1.749312
v -0.911255 -2.654849 1.749313
v 0.872558 -2.848987 3.224061
v 0.872558 -2.848986 2.473910
v -0.911255 -2.654850 3.948651
v -0.911255 -2.279750 4.598302
v 0.872558 -1.749327 5.128740
v 0.872558 -0.375077 5.697968
v -0.911255 -1.099680 5.503805
v 0.872558 -1.099676 5.503805
v -0.911255 -0.375080 5.697968
v 0.872558 1.099680 5.503806
v 0.872558 0.375080 5.697968
v 0.872559 1.749333 5.128740
v -1.146252 2.094686 4.456288
v -1.146252 2.617676 3.193606
v -1.146252 2.439286 3.859369
v -0.911255 2.848987 3.224061
v -1.146252 2.617676 2.504353
v -0.911254 2.654843 1.749313
v -1.146251 2.439286 1.838590
v -1.146252 2.094680 1.241683
v -1.146252 1.010390 0.409676
v -1.146253 1.607302 0.754304
v -0.911255 1.099678 0.194153
v -1.146252 0.344618 0.231293
v -1.146252 -1.010392 0.409675
v -1.146252 -0.344623 0.231292
v -0.911255 -1.749331 0.569233
v -1.146252 -1.607309 0.754304
v -1.146252 -2.094687 1.241682
v -0.911255 -2.279748 1.099669
v -1.146252 -2.439291 1.838589
v -0.911255 -2.848990 2.473910
v -1.146252 -2.617682 3.193606
v -1.146252 -2.617683 2.504352
v -0.911255 -2.848991 3.224061
v -1.146252 -2.439291 3.859369
v -0.911255 -1.749331 5.128740
v -1.146252 -1.607311 4.943656
v -1.146252 -2.094688 4.456287
v -1.146252 -1.010395 5.288285
v -1.146252 0.344616 5.466679
v -1.146252 -0.344624 5.466679
v -0.911255 0.375077 5.697968
v -0.911255 1.099678 5.503806
v -1.146252 1.010390 5.288285
v -0.911255 1.749328 5.128740
v -0.911255 2.279747 4.598301
v -1.146252 1.607307 4.943657

vt -0.000000 0.000000
vt 0.200000 0.000000
vt 0.200000 1.000000
vt 0.200000 1.000000
vt -0.000000 1.000000
vt -0.000000 0.000000
vt -0.000000 0.000000
vt 0.200000 0.000000
vt 0.200000 1.000000
vt 0.200000 1.000000
vt -0.000000 1.000000
vt -0.000000 0.000000
vt -0.000000 0.000000
vt 0.200000 0.000000
vt 0.200000 1.000000
vt 0.200000 1.000000
vt -0.000000 1.000000
vt -0.000000 0.000000
vt -0.000000 0.000000
vt 0.200000 0.000000
vt 0.200000 1.000000
vt 0.200000 1.000000
vt -0.000000 1.000000
vt -0.000000 0.000000
vt -0.000000 0.000000
vt 0.200000 0.000000
vt 0.200000 1.000000
vt 0.200000 1.000000
vt -0.000000 1.000000
vt -0.000000 0.000000
vt -0.000000 0.000000
vt 0.200000 0.000000
vt 0.200000 1.000000
vt 0.200000 1.000000
vt -0.000000 1.000000
vt -0.000000 0.000000
vt -0.000000 0.000000
vt 0.200000 0.000000
vt 0.200000 1.000000
vt 0.200000 1.000000
vt -0.000000 1.000000
vt -0.000000 0.000000
vt -0.000000 0.000000
vt 0.200000 0.000000
vt 0.200000 1.000000
vt 0.200000 1.000000
vt -0.000000 1.000000
vt -0.000000 0.000000
vt -0.000000 0.000000
vt 0.200000 0.000000
vt 0.200000 1.000000
vt 0.200000 1.000000
vt -0.000000 1.000000
vt -0.000000 0.000000
vt -0.000000 0.000000
vt 0.200000 0.000000
vt 0.200000 1.000000
vt 0.200000 1.000000
vt -0.000000 1.000000
vt -0.000000 0.000000
vt -0.000000 0.000000
vt 0.200000 0.000000
vt 0.200000 1.000000
vt 0.200000 1.000000
vt -0.000000 1.000000
vt -0.000000 0.000000
vt -0.000000 0.000000
vt 0.200000 0.000000
vt 0.200000 1.000000
vt 0.200000 1.000000
vt -0.000000 1.000000
vt -0.000000 0.000000
vt -0.000000 0.000000
vt 0.200000 0.000000
vt 0.200000 1.000000
vt 0.200000 1.000000
vt -0.000000 1.000000
vt -0.000000 0.000000
vt -0.000000 0.000000
vt 0.200000 0.000000
vt 0.200000 1.000000
vt 0.200000 1.000000
vt -0.000000 1.000000
vt -0.000000 0.000000
vt -0.000000 0.000000
vt 0.200000 0.000000
vt 0.200000 1.000000
vt 0.200000 1.000000
vt -0.000000 1.000000
vt -0.000000 0.000000
vt -0.000000 0.000000
vt 0.200000 0.000000
vt 0.200000 1.000000
vt 0.200000 1.000000
vt -0.000000 1.000000
vt -0.000000 0.000000
vt -0.000000 0.000000
vt 0.200000 0.000000
vt 0.200000 1.000000
vt 0.200000 1.000000
vt -0.000000 1.000000
vt -0.000000 0.000000
vt -0.000000 0.000000
vt 0.200000 0.000000
vt 0.200000 1.000000
vt 0.200000 1.000000
vt -0.000000 1.000000
vt -0.000000 0.000000
vt -0.000000 0.000000
vt 0.200000 0.000000
vt 0.200000 1.000000
vt 0.200000 1.000000
vt -0.000000 1.000000
vt -0.000000 0.000000
vt -0.000000 0.000000
vt 0.200000 0.000000
vt 0.200000 1.000000
vt 0.200000 1.000000
vt -0.000000 1.000000
vt -0.000000 0.000000
vt -0.000000 0.000000
vt 0.200000 0.000000
vt 0.200000 1.000000
vt 0.200000 1.000000
vt -0.000000 1.000000
vt -0.000000 0.000000
vt -0.000000 0.000000
vt 0.200000 0.000000
vt 0.200000 1.000000
vt 0.200000 1.000000
vt -0.000000 1.000000
vt -0.000000 0.000000
vt -0.000000 0.000000
vt 0.200000 0.000000
vt 0.200000 1.000000
vt 0.200000 1.000000
vt -0.000000 1.000000
vt -0.000000 0.000000
vt -0.000000 0.000000
vt 0.200000 0.000000
vt 0.200000 1.000000
vt 0.200000 1.000000
vt -0.000000 1.000000
vt -0.000000 0.000000
vt 0.200000 0.000000
vt 0.800000 0.000000
vt 0.800000 1.000000
vt 0.200000 1.000000
vt 0.200000 0.000000
vt 0.200000 0.000000
vt 0.800000 0.000000
vt 0.800000 1.000000
vt 0.800000 1.000000
vt 0.200000 1.000000
vt 0.200000 0.000000
vt 0.200000 0.000000
vt 0.800000 0.000000
vt 0.800000 1.000000
vt 0.800000 1.000000
vt 0.200000 1.000000
vt 0.200000 0.000000
vt 0.200000 0.000000
vt 0.800000 0.000000
vt 0.800000 1.000000
vt 0.800000 1.000000
vt 0.200000 1.000000
vt 0.200000 0.000000
vt 0.200000 0.000000
vt 0.800000 0.000000
vt 0.800000 1.000000
vt 0.800000 1.000000
vt 0.200000 1.000000
vt 0.200000 0.000000
vt 0.200000 0.000000
vt 0.800000 0.000000
vt 0.800000 1.000000
vt 0.800000 1.000000
vt 0.200000 1.000000
vt 0.200000 0.000000
vt 0.200000 0.000000
vt 0.800000 0.000000
vt 0.800000 1.000000
vt 0.800000 1.000000
vt 0.200000 1.000000
vt 0.200000 0.000000
vt 0.200000 0.000000
vt 0.800000 0.000000
vt 0.800000 1.000000
vt 0.800000 1.000000
vt 0.200000 1.000000
vt 0.200000 0.000000
vt 0.200000 0.000000
vt 0.800000 0.000000
vt 0.800000 1.000000
vt 0.800000 1.000000
vt 0.200000 1.000000
vt 0.200000 0.000000
vt 0.200000 0.000000
vt 0.800000 0.000000
vt 0.800000 1.000000
vt 0.800000 1.000000
vt 0.200000 1.000000
vt 0.200000 0.000000
vt 0.200000 0.000000
vt 0.800000 0.000000
vt 0.800000 1.000000
vt 0.800000 1.000000
vt 0.200000 1.000000
vt 0.200000 0.000000
vt 0.200000 0.000000
vt 0.800000 0.000000
vt 0.800000 1.000000
vt 0.800000 1.000000
vt 0.200000 1.000000
vt 0.200000 0.000000
vt 0.200000 0.000000
vt 0.800000 0.000000
vt 0.800000 1.000000
vt 0.800000 1.000000
vt 0.200000 1.000000
vt 0.200000 0.000000
vt 0.200000 0.000000
vt 0.800000 0.000000
vt 0.800000 1.000000
vt 0.800000 1.000000
vt 0.200000 1.000000
vt 0.200000 0.000000
vt 0.200000 0.000000
vt 0.800000 0.000000
vt 0.800000 1.000000
vt 0.800000 1.000000
vt 0.200000 1.000000
vt 0.200000 0.000000
vt 0.200000 0.000000
vt 0.800000 0.000000
vt 0.800000 1.000000
vt 0.800000 1.000000
vt 0.200000 1.000000
vt 0.200000 0.000000
vt 0.200000 0.000000
vt 0.800000 0.000000
vt 0.800000 1.000000
vt 0.800000 1.000000
vt 0.200000 1.000000
vt 0.200000 0.000000
vt 0.200000 0.000000
vt 0.800000 0.000000
vt 0.800000 1.000000
vt 0.800000 1.000000
vt 0.200000 1.000000
vt 0.200000 0.000000
vt 0.200000 0.000000
vt 0.800000 0.000000
vt 0.800000 1.000000
vt 0.800000 1.000000
vt 0.200000 1.000000
vt 0.200000 0.000000
vt 0.200000 0.000000
vt 0.800000 0.000000
vt 0.800000 1.000000
vt 0.200000 1.000000
vt 0.200000 0.000000
vt 0.800000 0.000000
vt 0.800000 1.000000
vt 0.800000 1.000000
vt 0.200000 1.000000
vt 0.200000 0.000000
vt 0.200000 0.000000
vt 0.800000 0.000000
vt 0.800000 1.000000
vt 0.800000 1.000000
vt 0.200000 1.000000
vt 0.200000 0.000000
vt 0.200000 0.000000
vt 0.800000 0.000000
vt 0.800000 1.000000
vt 0.800000 1.000000
vt 0.200000 1.000000
vt 0.200000 0.000000
vt 0.200000 0.000000
vt 0.800000 0.000000
vt 0.800000 1.000000
vt 0.800000 1.000000
vt 0.200000 1.000000
vt 0.200000 0.000000
vt 0.800000 0.000000
vt 1.000000 0.000000
vt 1.000000 1.000000
vt 1.000000 1.000000
vt 0.800000 1.000000
vt 0.800000 0.000000
vt 0.800000 0.000000
vt 1.000000 0.000000
vt 1.000000 1.000000
vt 1.000000 1.000000
vt 0.800000 1.000000
vt 0.800000 0.000000
vt 0.800000 0.000000
vt 1.000000 0.000000
vt 1.000000 1.000000
vt 1.000000 1.000000
vt 0.800000 1.000000
vt 0.800000 0.000000
vt 0.800000 0.000000
vt 1.000000 0.000000
vt 1.000000 1.000000
vt 1.000000 1.000000
vt 0.800000 1.000000
vt 0.800000 0.000000
vt 0.800000 0.000000
vt 1.000000 0.000000
vt 1.000000 1.000000
vt 1.000000 1.000000
vt 0.800000 1.000000
vt 0.800000 0.000000
vt 0.800000 0.000000
vt 1.000000 0.000000
vt 1.000000 1.000000
vt 1.000000 1.000000
vt 0.800000 1.000000
vt 0.800000 0.000000
vt 0.800000 0.000000
vt 1.000000 0.000000
vt 1.000000 1.000000
vt 1.000000 1.000000
vt 0.800000 1.000000
vt 0.800000 0.000000
vt 0.800000 0.000000
vt 1.000000 0.000000
vt 1.000000 1.000000
vt 1.000000 1.000000
vt 0.800000 1.000000
vt 0.800000 0.000000
vt 0.800000 0.000000
vt 1.000000 0.000000
vt 1.000000 1.000000
vt 1.000000 1.000000
vt 0.800000 1.000000
vt 0.800000 0.000000
vt 0.800000 0.000000
vt 1.000000 0.000000
vt 1.000000 1.000000
vt 1.000000 1.000000
vt 0.800000 1.000000
vt 0.800000 0.000000
vt 0.800000 0.000000
vt 1.000000 0.000000
vt 1.000000 1.000000
vt 1.000000 1.000000
vt 0.800000 1.000000
vt 0.800000 0.000000
vt 0.800000 0.000000
vt 1.000000 0.000000
vt 1.000000 1.000000
vt 1.000000 1.000000
vt 0.800000 1.000000
vt 0.800000 0.000000
vt 0.800000 0.000000
vt 1.000000 0.000000
vt 1.000000 1.000000
vt 1.000000 1.000000
vt 0.800000 1.000000
vt 0.800000 0.000000
vt 0.800000 0.000000
vt 1.000000 0.000000
vt 1.000000 1.000000
vt 1.000000 1.000000
vt 0.800000 1.000000
vt 0.800000 0.000000
vt 0.800000 0.000000
vt 1.000000 0.000000
vt 1.000000 1.000000
vt 1.000000 1.000000
vt 0.800000 1.000000
vt 0.800000 0.000000
vt 0.800000 0.000000
vt 1.000000 0.000000
vt 1.000000 1.000000
vt 1.000000 1.000000
vt 0.800000 1.000000
vt 0.800000 0.000000
vt 0.800000 0.000000
vt 1.000000 0.000000
vt 1.000000 1.000000
vt 1.000000 1.000000
vt 0.800000 1.000000
vt 0.800000 0.000000
vt 0.800000 0.000000
vt 1.000000 0.000000
vt 1.000000 1.000000
vt 1.000000 1.000000
vt 0.800000 1.000000
vt 0.800000 0.000000
vt 0.800000 0.000000
vt 1.000000 0.000000
vt 1.000000 1.000000
vt 1.000000 1.000000
vt 0.800000 1.000000
vt 0.800000 0.000000
vt 0.800000 0.000000
vt 1.000000 0.000000
vt 1.000000 1.000000
vt 1.000000 1.000000
vt 0.800000 1.000000
vt 0.800000 0.000000
vt 0.800000 0.000000
vt 1.000000 0.000000
vt 1.000000 1.000000
vt 1.000000 1.000000
vt 0.800000 1.000000
vt 0.800000 0.000000
vt 0.800000 0.000000
vt 1.000000 0.000000
vt 1.000000 1.000000
vt 1.000000 1.000000
vt 0.800000 1.000000
vt 0.800000 0.000000
vt 0.800000 0.000000
vt 1.000000 0.000000
vt 1.000000 1.000000
vt 1.000000 1.000000
vt 0.800000 1.000000
vt 0.800000 0.000000
vt 0.800000 0.000000
vt 1.000000 0.000000
vt 1.000000 1.000000
vt 1.000000 1.000000
vt 0.800000 1.000000
vt 0.800000 0.000000

usemtl temp_01_TREAD6334_0
f 749/1707 715/1708 716/1709
f 716/1710 717/1711 749/1712
f 717/1713 716/1714 774/1715
f 774/1716 718/1717 717/1718
f 718/1719 774/1720 772/1721
f 772/1722 719/1723 718/1724
f 719/1725 772/1726 773/1727
f 773/1728 720/1729 719/1730
f 720/1731 773/1732 768/1733
f 768/1734 721/1735 720/1736
f 721/1737 768/1738 770/1739
f 770/1740 723/1741 721/1742
f 723/1743 770/1744 767/1745
f 767/1746 722/1747 723/1748
f 722/1749 767/1750 724/1751
f 724/1752 725/1753 722/1754
f 725/1755 724/1756 727/1757
f 727/1758 726/1759 725/1760
f 726/1761 727/1762 763/1763
f 763/1764 728/1765 726/1766
f 728/1767 763/1768 764/1769
f 764/1770 729/1771 728/1772
f 729/1773 764/1774 761/1775
f 761/1776 731/1777 729/1778
f 731/1779 761/1780 730/1781
f 730/1782 732/1783 731/1784
f 732/1785 730/1786 759/1787
f 759/1788 733/1789 732/1790
f 733/1791 759/1792 760/1793
f 760/1794 734/1795 733/1796
f 734/1797 760/1798 736/1799
f 736/1800 735/1801 734/1802
f 735/1803 736/1804 738/1805
f 738/1806 737/1807 735/1808
f 737/1809 738/1810 740/1811
f 740/1812 739/1813 737/1814
f 739/1815 740/1816 755/1817
f 755/1818 741/1819 739/1820
f 741/1821 755/1822 743/1823
f 743/1824 742/1825 741/1826
f 742/1827 743/1828 751/1829
f 751/1830 744/1831 742/1832
f 744/1833 751/1834 745/1835
f 745/1836 746/1837 744/1838
f 746/1839 745/1840 748/1841
f 748/1842 747/1843 746/1844
f 747/1845 748/1846 715/1847
f 715/1848 749/1849 747/1850
f 715/1851 750/1852 809/1853
f 809/1853 716/1854 715/1855
f 748/1856 778/1857 750/1858
f 750/1859 715/1860 748/1861
f 745/1862 752/1863 778/1864
f 778/1865 748/1866 745/1867
f 751/1868 780/1869 752/1870
f 752/1871 745/1872 751/1873
f 743/1874 754/1875 780/1876
f 780/1877 751/1878 743/1879
f 755/1880 753/1881 754/1882
f 754/1883 743/1884 755/1885
f 740/1886 785/1887 753/1888
f 753/1889 755/1890 740/1891
f 738/1892 756/1893 785/1894
f 785/1895 740/1896 738/1897
f 736/1898 758/1899 756/1900
f 756/1901 738/1902 736/1903
f 760/1904 757/1905 758/1906
f 758/1907 736/1908 760/1909
f 759/1910 789/1911 757/1912
f 757/1913 760/1914 759/1915
f 730/1916 792/1917 789/1918
f 789/1919 759/1920 730/1921
f 761/1922 762/1923 792/1924
f 792/1925 730/1926 761/1927
f 764/1928 794/1929 762/1930
f 762/1931 761/1932 764/1933
f 763/1934 797/1935 794/1936
f 794/1937 764/1938 763/1939
f 727/1940 765/1941 797/1942
f 797/1943 763/1944 727/1945
f 724/1946 766/1947 765/1948
f 765/1949 727/1950 724/1951
f 767/1952 799/1953 766/1954
f 766/1955 724/1956 767/1957
f 770/1958 769/1959 799/1960
f 799/1961 767/1962 770/1963
f 768/1964 771/1965 769/1966
f 769/1966 770/1967 768/1964
f 773/1968 805/1969 771/1970
f 771/1971 768/1972 773/1973
f 772/1974 806/1975 805/1976
f 805/1977 773/1978 772/1979
f 774/1980 808/1981 806/1982
f 806/1983 772/1984 774/1985
f 716/1986 809/1987 808/1988
f 808/1989 774/1990 716/1991
f 750/1992 777/1993 775/1994
f 775/1995 809/1996 750/1997
f 778/1998 776/1999 777/2000
f 777/2001 750/2002 778/2003
f 752/2004 779/2005 776/2006
f 776/2007 778/2008 752/2009
f 780/2010 781/2011 779/2012
f 779/2013 752/2014 780/2015
f 754/2016 782/2017 781/2018
f 781/2019 780/2020 754/2021
f 753/2022 784/2023 782/2024
f 782/2025 754/2026 753/2027
f 785/2028 783/2029 784/2030
f 784/2031 753/2032 785/2033
f 756/2034 786/2035 783/2036
f 783/2037 785/2038 756/2039
f 758/2040 788/2041 786/2042
f 786/2043 756/2044 758/2045
f 757/2046 787/2047 788/2048
f 788/2049 758/2050 757/2051
f 789/2052 790/2053 787/2054
f 787/2055 757/2056 789/2057
f 792/2058 791/2059 790/2060
f 790/2061 789/2062 792/2063
f 762/2064 793/2065 791/2066
f 791/2067 792/2068 762/2069
f 794/2070 796/2071 793/2072
f 793/2073 762/2074 794/2075
f 797/2076 795/2077 796/2078
f 796/2079 794/2080 797/2081
f 765/2082 798/2083 795/2084
f 795/2085 797/2086 765/2087
f 766/2088 801/2089 798/2090
f 798/2091 765/2092 766/2093
f 799/2094 800/2095 801/2096
f 801/2097 766/2098 799/2099
f 769/2100 802/2101 800/2102
f 800/2103 799/2104 769/2105
f 771/2106 804/2107 802/2108
f 802/2109 769/2110 771/2111
f 805/2112 803/2113 804/2114
f 804/2115 771/2116 805/2117
f 806/2118 807/2119 803/2120
f 803/2121 805/2122 806/2123
f 808/2124 810/2125 807/2126
f 807/2127 806/2128 808/2129
f 809/2130 775/2131 810/2132
f 810/2133 808/2134 809/2135

