# Exported from 3D Builder
mtllib Pietra.mtl

o Object.1
v 36.527393 -30.202765 1.769153
v 36.849297 -30.185980 1.781631
v 36.935257 -30.210741 1.787166
v 36.952259 -30.233932 1.789686
v 36.867329 -30.215443 1.784329
v 37.030602 -30.233635 1.793197
v 38.149662 -29.969759 1.816448
v 36.483807 -32.035446 1.849995
v -40.381580 -6.860116 40.631199
v -40.964111 -5.006428 34.182793
v -39.533611 -9.235147 35.244434
v -0.680787 41.149357 0.673568
v 0.865760 38.909534 0.773079
v -2.107101 39.378426 0.803968
v 43.739010 -18.641720 22.983316
v 43.769463 -21.456995 20.532803
v 43.988621 -15.792562 17.872553
v -22.720537 -0.681005 53.269489
v -21.359539 -0.094375 53.213345
v -21.547379 2.214822 53.640675
v 23.343540 46.314354 20.002325
v 25.716356 46.517250 22.543718
v 23.748528 46.077682 18.058985
v 10.470929 -45.120522 8.158307
v 8.914858 -45.426090 9.099911
v 9.951802 -44.560547 4.264623
v 23.036169 -39.433025 28.006361
v 21.348543 -40.653679 27.654142
v 23.530661 -40.975105 27.519716
v -43.198677 7.979197 18.763037
v -43.325703 7.119169 15.095334
v -42.857182 3.400784 16.033587
v -10.954090 46.442368 17.964989
v -5.595144 46.254665 17.928623
v -3.536837 46.211784 16.315498
v -44.299637 32.113682 35.522717
v -44.147423 34.725155 38.961243
v -44.493595 39.498016 36.621365
v -17.139944 31.566168 52.999725
v -22.331619 30.753172 52.462337
v -20.054880 24.205469 53.175022
v 44.035999 -8.569765 22.600098
v 43.800285 -16.152281 25.027262
v 44.093502 -8.612080 18.032730
v -14.319474 13.528451 54.067131
v -10.422646 20.655567 54.168869
v -15.376233 19.799358 53.581085
v 34.862228 8.067826 48.277000
v 38.582088 10.574190 47.013916
v 35.597771 10.321040 49.646229
v 0.306497 -15.803101 48.321903
v 3.097109 -13.423060 49.118446
v 1.213473 -13.970162 48.983704
v -14.010467 10.501299 0.328431
v -13.007065 6.154151 0.502951
v -17.152641 11.176229 0.417130
v 0.205738 -45.859356 18.000212
v -1.332486 -45.158115 15.484524
v 1.732751 -45.142868 14.279738
v -27.034096 -44.048462 23.250107
v -24.196600 -43.310097 22.130377
v -22.757778 -44.376446 24.183956
v -26.503508 -17.471704 41.948723
v -29.310667 -15.376360 44.544506
v -28.371183 -17.564760 40.614971
v 4.091643 -22.262154 46.246197
v 4.827827 -19.235416 47.165249
v 3.553221 -20.752337 46.873085
v -14.103559 -24.502518 44.140774
v -16.136303 -24.175333 42.848274
v -16.768515 -26.309603 42.348614
v 17.088737 -36.714794 32.652702
v 21.360193 -35.093418 31.235668
v 22.458292 -32.982349 32.571209
v -20.037687 -42.976559 33.017200
v -18.539185 -43.265404 32.893505
v -18.602047 -42.789200 34.688908
v -26.853275 -27.562901 38.943047
v -29.206194 -25.945078 38.292454
v -31.930454 -27.063023 37.454666
v -38.543732 -18.477020 30.524115
v -39.023201 -15.422135 28.257801
v -39.892544 -19.464304 25.250711
v 19.461565 30.504988 55.571980
v 16.302479 33.098621 55.241383
v 17.838749 26.559444 55.525196
v 44.501598 24.995676 18.901314
v 44.454399 24.104063 12.167123
v 44.474567 27.677641 10.475616
v 29.879379 47.118294 42.255424
v 33.106564 46.954433 37.316517
v 29.297863 47.000904 37.410095
v 35.567757 45.903973 50.018723
v 37.086109 45.665230 48.852448
v 36.698505 46.479233 47.479290
v 24.241083 -27.934729 37.646858
v 25.801195 -28.738672 34.707718
v 25.968796 -27.150028 36.563866
v 41.108574 -3.554264 39.850212
v 42.323608 -0.261911 40.665451
v 40.781742 -0.121612 41.538471
v -17.555864 -34.203388 2.261370
v -19.905210 -33.905174 2.858198
v -20.242846 -32.195095 2.421271
v -43.171669 -27.314774 7.827022
v -43.093067 -23.476009 3.560847
v -43.138931 -26.504808 5.562512
v 43.283817 25.521378 49.739834
v 43.682274 22.123035 45.699997
v 43.374645 27.206764 48.975449
v 32.556347 10.886341 52.603828
v 31.110888 8.521884 52.369728
v 35.160980 13.049513 51.891575
v -37.643078 -28.805737 34.770309
v -38.696812 -30.777773 30.923286
v -29.628700 -42.706730 28.650642
v -27.830460 -43.261120 27.862610
v -25.377996 -42.938961 29.926668
v 42.864388 14.378586 0.660095
v 37.097359 17.185833 0.491962
v 38.499973 20.919847 0.525688
v 44.664738 9.831532 9.134100
v 44.764687 6.091896 6.301925
v 44.888172 11.004797 3.400018
v -26.688423 -17.861050 39.874275
v -1.815055 -14.033011 49.637726
v -0.530290 -11.276056 51.296692
v -3.023471 -11.863888 50.919945
v 35.938957 -46.972248 15.269175
v 37.828850 -46.976097 12.124996
v 37.290073 -46.793495 17.466747
v 43.778332 -34.998440 18.083673
v 43.415161 -38.142235 13.309746
v 43.594902 -32.769794 12.917000
v -28.622610 -3.196901 52.101707
v -29.061115 -5.122276 51.275185
v -27.607948 -5.431323 51.734093
v -41.877426 1.717188 46.162472
v -42.212788 3.715899 41.986168
v -41.839603 0.215756 41.276661
v 11.188684 -25.566538 45.765450
v 14.843481 -24.052315 45.689785
v 10.116023 -22.284060 46.605507
v 1.522153 -43.002674 39.866341
v 3.480723 -43.352108 37.807117
v 4.961760 -41.309429 40.712212
v -30.856197 46.718655 35.433624
v -27.145557 46.800873 31.044151
v -29.822704 46.783863 29.306997
v -44.402519 32.799404 29.679070
v -27.949841 -30.505350 38.015068
v -35.459339 -42.870010 28.446959
v -38.961529 -43.172733 26.596403
v -35.581081 -43.136158 25.992697
v -42.908722 7.286658 2.105840
v -42.719501 9.839931 2.095246
v -42.364040 6.157940 1.160307
v -43.302513 46.304089 13.522983
v -43.008987 46.122688 10.288955
v 38.700390 -24.663443 32.734180
v 40.655525 -23.969051 32.327351
v 37.831390 -22.581234 33.062885
v 32.067451 -23.311182 34.147232
v -42.304996 -23.204762 12.707089
v -41.609875 -18.593828 15.512201
v -42.412430 -17.811251 10.070841
v -42.683800 -1.935094 12.937278
v -43.022816 0.890156 10.899942
v -42.831478 -3.586032 10.795548
v 35.594177 -43.828590 22.662689
v 33.930611 -41.241791 25.584013
v 31.599228 -43.185627 24.582949
v 43.702023 -30.895058 16.645784
v 30.843323 20.494425 56.115559
v 34.396824 18.754261 55.403030
v 30.705193 22.493750 56.192253
v 40.934223 39.071323 53.505100
v 41.124138 36.597740 55.049187
v 42.046101 36.619320 52.834076
v 40.683762 -18.013008 1.655101
v 33.748821 -19.521822 1.224125
v 35.028812 -16.083416 1.295802
v -16.006847 -38.468010 2.569545
v -15.037416 -36.054729 2.124661
v -11.674955 -37.752884 0.881032
v -37.547222 18.924839 50.806648
v -39.386181 16.918047 50.418442
v -36.980530 15.691232 51.840225
v -37.764187 7.402247 51.260109
v -39.035244 5.177179 50.402283
v -37.297653 5.523670 51.495403
v 12.250604 -45.411934 12.876722
v 11.711881 -45.612499 17.545725
v 7.805431 -45.640057 13.868105
v 2.899414 -45.479317 24.966713
v 4.876083 -45.538288 26.998989
v 3.248645 -45.072338 26.449259
v -5.558064 -3.956882 52.400398
v -2.838703 -5.870315 51.793617
v -3.175158 -3.075518 52.784988
v 25.120808 22.780891 55.942486
v 19.628862 20.289034 55.773739
v 25.077888 17.722343 55.917927
v -7.150319 -13.801031 0.247565
v -9.621717 -22.465698 0.249330
v -12.388601 -20.210924 0.419129
v 32.416138 -9.390530 1.107296
v 35.136063 -10.295055 0.981062
v 31.916595 -11.289886 0.910674
v -3.890442 -35.254032 45.499031
v -1.919277 -35.276775 45.001308
v -3.409324 -33.157089 45.784214
v -16.415863 -33.809017 41.037495
v -13.791586 -36.639904 42.097610
v -13.521789 -31.164530 43.806385
v 41.073299 -10.752457 1.171672
v 38.338131 -14.357984 1.463500
v 37.521667 -12.393137 1.473459
v 43.909229 -16.898354 12.695642
v 29.589447 45.706585 53.026154
v 26.512785 45.427368 53.432453
v 26.914074 44.021011 55.091320
v 19.644077 46.786407 43.447182
v 27.889967 47.143669 42.689270
v 19.826488 46.877552 35.775963
v 31.014860 -46.700188 11.417034
v 34.710903 -46.885490 10.303226
v 43.559700 -43.649788 11.496604
v 43.802265 -46.031940 10.578212
v 43.735794 -46.132664 8.035723
v -29.961981 33.527981 0.679321
v -28.811693 28.946011 0.499383
v -33.588516 28.096270 0.576932
v -39.640907 39.339424 1.292159
v -40.149181 36.336128 0.988864
v -41.909733 35.491299 1.326301
v 27.896538 -34.743885 1.673013
v 33.013508 -34.278023 1.737787
v 30.095510 -36.510490 1.758637
v 34.685127 -44.083565 2.482769
v 37.368099 -38.599262 2.080441
v 27.830584 -1.182726 49.877235
v 30.535879 3.396941 48.957787
v 28.177872 1.431977 50.746681
v 39.399483 1.999166 42.936577
v 39.784557 4.487357 43.515732
v 37.298286 2.637497 43.662048
v -3.733823 -45.758556 24.848789
v -3.618156 -45.068520 26.188103
v -5.039960 -46.240139 24.795341
v -5.615270 -45.058681 19.087393
v -2.897290 -45.469345 17.236599
v -2.237682 -45.849239 18.784573
v 34.940868 -6.142065 44.367256
v 34.521259 -2.731771 45.061668
v 33.986073 -5.735371 45.365234
v 30.673197 -17.446688 42.050610
v 30.728228 -15.869213 44.079803
v 29.009003 -17.905003 44.664764
v 2.534741 -44.223610 6.930489
v 4.873847 -44.450539 3.849458
v 5.610756 -44.634914 7.072078
v 1.019688 -41.544388 1.023652
v -5.410908 -40.534187 0.710201
v -2.149061 -35.670422 0.524868
v 43.918015 41.343933 11.792131
v 44.380711 39.330532 14.469585
v 44.436451 39.550972 12.595661
v -4.554195 45.876709 1.804931
v 2.837341 45.981716 4.339822
v 3.458600 45.596920 2.150124
v 6.213423 -45.326508 9.367496
v 8.131211 -44.650902 4.326599
v 2.570411 -2.302105 53.132603
v 5.694860 0.726918 53.942974
v 2.609335 0.334915 54.478622
v 1.694403 21.215998 54.859295
v 1.918610 24.008959 54.843655
v -3.148127 21.346334 54.675346
v 21.952034 -36.567570 29.311670
v 20.604607 -36.332195 30.035109
v 20.862543 -37.778873 28.970484
v 7.129565 -45.509079 26.514132
v 3.724506 -46.167522 23.202095
v 7.154743 -45.954655 22.296303
v -21.926039 46.702179 32.557209
v -27.643032 46.343266 42.145615
v -16.178904 46.176640 43.524521
v -15.129320 46.563877 40.652512
v -17.369171 46.524033 39.405529
v -31.604177 -0.180260 0.453374
v -30.335793 4.994420 0.364755
v -28.331717 -1.296108 0.361064
v -31.900242 -33.326340 6.038740
v -33.153069 -30.220352 4.247722
v -28.454433 -29.807537 3.492661
v -4.978595 -6.793172 51.204998
v -2.705852 -9.946208 50.983883
v 21.075722 -9.353159 48.039841
v 20.294851 -6.600400 50.210323
v 18.720877 -6.195572 51.331123
v -23.879896 26.355919 52.480305
v -24.142923 30.310308 52.151733
v -27.551779 32.765190 51.603016
v -37.411091 43.860771 45.707272
v -34.806862 45.541862 45.705147
v -35.391769 45.963440 42.883038
v 37.716724 21.765322 56.114689
v 34.931252 21.419434 55.805874
v 35.737576 18.438728 55.181786
v 39.036037 19.002686 54.390900
v 39.665176 16.953007 51.797550
v 41.426476 19.653624 53.885330
v -8.989922 -42.478710 12.293388
v -10.601353 -41.998962 9.860032
v -7.854078 -42.921471 8.762099
v -26.046362 -40.881805 17.830690
v -22.773256 -41.643452 19.637083
v -24.945745 -41.877125 19.892307
v 43.367344 5.258626 36.869389
v 43.155624 5.661313 37.621471
v 43.099720 3.680299 38.217464
v 43.951576 29.951630 39.227180
v 43.968655 22.814077 39.446774
v 44.096928 27.027712 36.940094
v -41.009804 -4.529346 42.261490
v -41.451782 -1.646475 44.223713
v -37.319614 -7.522175 46.745968
v -36.778362 -9.196908 45.603252
v -34.950237 -7.400653 47.918594
v -26.859543 -35.184761 5.293757
v -25.963827 -38.484287 5.758478
v -29.834991 -34.211998 5.829204
v -18.877378 -40.404423 13.430404
v -23.621799 -39.708164 12.110337
v -17.447958 -40.584629 8.085182
v 38.235580 33.613079 56.035404
v 37.991802 39.657097 55.759846
v 33.297665 35.054909 56.192764
v 21.842682 33.948246 55.758144
v 23.552200 36.632206 55.561737
v 20.061934 35.705460 55.457272
v -2.529794 -15.696278 48.154873
v -6.890007 -15.696307 48.689167
v -6.327209 -17.685150 47.364742
v -6.724194 -26.380108 46.038361
v -4.430155 -24.290667 46.158428
v -6.246092 -23.244947 45.868710
v -36.098282 39.890259 1.105973
v -36.690426 36.985607 0.864694
v -8.700422 45.969456 6.222061
v -5.600524 45.847420 4.544796
v -8.703329 45.651852 1.446604
v 35.726543 5.098320 45.879257
v 38.895321 6.333290 44.794640
v 39.235199 8.217570 45.321865
v 43.748722 13.927727 42.296555
v 43.866528 15.130367 45.229221
v 43.468498 11.971075 44.729164
v -5.816899 -43.109959 10.786739
v -6.724206 -43.150906 7.195356
v -3.550667 -43.265663 8.037647
v -6.620606 -43.864567 16.441187
v -4.044512 -44.533859 15.275860
v -5.407995 -29.958002 46.092312
v -7.776985 -31.703686 45.689919
v -7.819448 -33.435230 45.558220
v -9.186556 -22.497059 44.587517
v -10.275374 -26.849283 44.678852
v 40.807728 -43.645004 21.893215
v 42.324547 -42.978542 20.028616
v 42.254787 -41.079926 23.209911
v 43.624302 -46.661526 13.668587
v 41.970699 -46.786121 15.725486
v 42.709808 -47.068630 12.458862
v 1.730584 44.748089 1.127756
v 1.520050 41.936024 0.841146
v -4.668537 45.393227 1.333622
v 40.979324 46.112019 7.319498
v 41.156384 44.712654 5.496736
v 38.736530 45.580593 4.463933
v -17.311083 -15.890926 47.858212
v -16.039927 -17.738537 44.875023
v -12.992165 -17.886095 46.161835
v -4.050986 -9.458117 50.958683
v -44.272507 24.365183 19.295151
v -44.343658 27.842182 20.116673
v -44.237579 26.299515 11.672804
v -44.125797 26.419348 3.230240
v -44.612103 27.203173 3.054172
v -0.164484 -39.904572 42.502388
v 2.326752 -40.993347 41.211235
v 0.839465 -37.261944 44.451180
v -15.067780 -39.083645 40.168530
v -25.795607 -4.500819 52.084805
v -26.990976 -3.456401 52.332668
v -19.418797 -9.112983 52.001572
v -19.692225 -6.712924 52.478127
v -21.321836 -9.022845 51.790882
v 34.913078 -10.119269 42.620487
v 34.233429 -10.566009 44.485390
v 33.879192 -11.680864 43.570267
v 38.824394 -10.828128 38.524727
v 40.883553 -9.961730 37.638493
v 38.626385 -8.590419 39.638474
v 40.576832 40.381409 2.331331
v 38.715202 40.946117 1.350664
v 44.541100 24.228962 2.288179
v -16.227602 -30.997953 42.139843
v -30.674461 -39.373360 35.372158
v -29.633251 -40.088474 34.582855
v 32.886017 -3.694603 45.843712
v 32.456261 -0.972792 46.032852
v 30.806293 -2.316825 47.485786
v 25.977365 -17.297817 45.653336
v 29.053679 -16.361670 45.004951
v -38.805225 39.073185 48.376114
v -39.191860 36.067268 49.176643
v -37.781845 38.315243 49.542072
v -41.109730 30.603989 46.670544
v -41.937614 29.199408 45.673962
v 44.105576 28.481810 33.407616
v 38.963116 46.338741 45.082054
v 40.228825 43.328960 47.469059
v 41.725475 43.457947 44.710136
v -37.279610 -30.092712 35.637596
v -37.575569 -32.842300 35.437763
v -35.686466 -31.450367 36.278049
v -31.506706 -33.960865 36.846649
v -30.789913 -37.787228 36.366451
v -26.928335 -35.498100 37.568378
v 27.657305 -42.931549 25.317228
v 43.808090 -36.546295 26.046650
v 21.417147 -7.360877 49.067219
v 22.921400 -8.857995 47.462189
v 24.348736 -6.126322 48.936829
v 13.608888 -19.945841 46.484371
v 14.414756 -17.691330 46.416882
v 11.305544 -18.910269 46.262493
v -12.289906 24.215637 53.620083
v -17.922661 22.671688 53.439754
v -30.476269 -2.552469 51.798969
v -30.105068 -4.480623 50.890869
v -5.088944 46.088455 10.351267
v -11.206302 46.284325 15.088138
v 33.400162 46.134045 18.743679
v 33.450436 46.139416 14.601731
v 31.360216 45.977329 15.043997
v -40.277790 -42.821350 21.551840
v -41.155678 -39.221153 12.037670
v -41.255711 -41.014519 15.718840
v -41.025166 41.312862 40.891457
v -41.009689 43.010719 40.289635
v -41.701492 42.851734 37.888939
v -38.091152 46.504246 20.261259
v -34.053844 46.748550 20.389654
v -37.561359 46.442238 14.328514
v -28.763086 -42.426723 31.379299
v -25.362982 -42.474491 32.019890
v -26.204199 -40.263195 34.530636
v -25.378168 -37.837051 36.378735
v -41.942764 -9.667202 15.396901
v -38.105911 -15.410560 32.955959
v -38.992172 -12.908930 29.589455
v 26.339369 -7.929583 47.855232
v 25.569372 -7.635712 47.783684
v 23.214182 -10.447273 46.923756
v 26.469868 -10.945148 46.958393
v 30.067568 -12.200747 45.684868
v 29.324520 -7.681043 47.648750
v 11.914511 46.542324 45.005844
v 13.904663 46.601601 43.077637
v 8.495718 46.593529 41.891483
v -10.858373 22.055723 53.945045
v -43.783939 46.090164 24.102907
v -43.774021 46.107246 19.678398
v -44.131409 43.160015 23.654789
v -43.954330 45.256687 19.447515
v -44.489460 38.179562 18.497040
v -13.370153 -22.841486 44.474751
v -13.334671 -19.797020 44.520500
v -14.920954 -20.178812 44.505817
v -12.922739 -18.490116 45.298615
v -14.309268 -18.094294 45.275204
v 7.438895 45.040398 53.723404
v 8.747283 45.741264 53.284096
v 16.133692 38.163086 54.873775
v 13.953690 32.707928 55.201942
v 18.818626 37.262897 55.301971
v -12.823356 -43.197880 33.508465
v -15.888737 -43.093307 35.558640
v -16.290325 -43.278984 33.136532
v -8.130434 -43.632153 36.968239
v -8.738081 -43.370335 34.357960
v -6.203221 -43.515923 35.875580
v -26.543571 -23.339573 0.849173
v -32.259300 -20.366938 1.121142
v -26.473570 -18.380758 0.564786
v -42.163887 -8.024338 12.375999
v -42.663544 -10.505504 8.568833
v 36.067173 -34.986420 29.275841
v 39.878429 -38.393620 26.131922
v 38.641285 -32.766407 29.880444
v 32.693432 -33.100956 30.694784
v 37.066292 -31.236662 30.899361
v 35.725113 -30.912378 31.130005
v -40.415871 36.003498 46.989441
v -40.900539 37.277134 46.638336
v -41.016106 39.636078 42.820538
v -41.016388 39.931877 43.641281
v -8.423489 -44.367630 19.292843
v -10.480021 -43.610348 17.703762
v -7.737841 -43.567940 15.428042
v -12.570808 -45.681442 26.586464
v -12.796710 -45.332386 24.588900
v -9.228502 -45.779652 24.187845
v -36.851734 -23.954901 2.348305
v -39.696426 -24.745794 3.329706
v -38.788826 -22.742744 2.378122
v -35.293106 -32.207268 5.783495
v -36.206463 -30.044195 4.783050
v 22.817848 5.490787 54.176361
v 23.107971 7.937446 54.332134
v 20.087418 5.565164 55.329662
v 26.857479 5.610167 53.381306
v 26.559984 7.726114 53.375591
v 24.304995 4.685792 53.213108
v -21.294220 -19.398758 40.613178
v -22.422880 -21.186874 40.132141
v -19.334433 -21.221375 41.622818
v -15.454070 -21.070200 44.142563
v -15.583994 -23.362841 43.628868
v 18.419905 -26.346144 44.121857
v 19.929214 -22.895140 44.954998
v 16.552366 -25.363539 45.091057
v 22.504824 -30.984283 35.574787
v 20.707779 -30.501204 38.628521
v 20.259222 -31.967709 37.203846
v -4.302879 46.740189 25.848490
v -2.846985 46.824654 29.974648
v -0.539729 46.778557 26.538345
v 0.291861 46.763332 35.330620
v 2.508623 46.781334 29.188717
v 11.211808 -45.307106 11.135026
v 26.688107 -46.150707 7.537930
v 28.982273 -45.825172 3.777959
v 29.681911 -46.274021 5.195831
v -2.702630 -43.039314 40.327950
v -5.478697 -42.322136 40.852917
v -3.328607 -43.620209 37.435581
v -2.918712 -40.756485 42.115021
v -43.602570 23.162083 39.188576
v -43.002914 23.383554 45.597107
v -43.430538 27.256701 41.922646
v -42.613911 5.485335 34.160885
v -42.825748 8.639421 38.035683
v -43.213673 10.347450 31.406044
v -39.017925 -30.408056 6.072745
v -26.483267 -39.459099 7.180676
v -28.781511 -39.558262 11.062496
v -30.148516 -38.632389 7.584671
v 15.809844 -31.028061 43.254608
v 4.643378 -39.536098 41.858459
v 4.798724 -37.405293 43.321507
v 42.659466 46.334583 39.056213
v 28.831371 46.808800 34.441269
v 33.285103 46.660557 31.427553
v 29.159002 46.790745 30.532513
v -10.756155 -42.557629 15.046466
v -13.566743 -41.572311 13.520830
v -11.967068 -41.707600 11.934132
v -16.033768 -8.947091 51.845192
v -17.141588 -11.420584 51.571857
v -14.331802 -11.648917 51.354935
v -4.716476 4.103407 55.147266
v -11.378011 2.062579 54.312893
v -8.410802 -1.582546 54.643124
v -42.739510 0.962635 27.189983
v -42.856087 3.769724 21.815809
v -42.689682 -0.149711 19.667284
v -40.625950 -7.129267 28.715361
v -39.768921 -9.068610 32.327473
v 34.611370 46.541691 18.486032
v 37.687817 46.503880 16.089695
v 41.008640 46.503269 8.494881
v 35.204666 45.777527 6.395608
v 34.969597 40.917614 55.821350
v 30.365219 38.031467 56.077625
v 35.582870 44.964958 51.207626
v 34.223991 46.302574 50.773235
v 33.935368 44.694553 52.284187
v -11.275600 -13.586025 51.091717
v -7.974232 -10.608952 51.225578
v -10.454207 -7.617986 52.003345
v -9.273300 -17.084463 48.358456
v -7.567616 -17.756599 47.356995
v -33.705009 -37.763569 9.842396
v -33.912849 -38.067436 11.922901
v -34.860485 -37.357773 11.602069
v -32.779053 -40.887798 17.539495
v -33.988754 -43.061497 20.790545
v -35.566475 -42.086483 18.841629
v -35.139236 36.782951 50.389347
v -37.603401 33.956799 50.353481
v -34.549641 35.515270 50.972401
v -41.017891 24.689823 49.438801
v -41.316799 22.852818 49.603462
v -39.807575 23.391251 50.165642
v 11.072744 27.124640 55.141674
v 8.016643 32.792324 54.766605
v 2.300406 34.946835 54.459858
v 9.781669 38.001522 54.698555
v 10.093729 40.317875 54.354954
v 7.767781 39.258076 54.549530
v -42.050995 20.347843 0.562310
v -43.407417 19.606510 1.344789
v -34.624443 39.910187 0.938395
v -34.759563 29.134766 0.511961
v 42.675518 -23.944786 31.783852
v 41.421852 -21.311670 32.274082
v 39.833138 -21.817759 32.450073
v 41.640049 -18.251671 33.920319
v 40.103996 -19.015980 33.797478
v -36.792210 -16.744209 37.858006
v -35.265499 -17.102694 38.215874
v -35.928398 -15.834603 40.271095
v -34.580055 -21.629059 36.487526
v -36.594444 -22.363335 36.537479
v -34.719955 -23.206310 36.801434
v -21.913012 -40.678295 35.102112
v -18.920887 -40.773300 36.410473
v -22.693480 -38.477077 36.631279
v 40.389297 -46.479870 3.357200
v 33.168758 -46.581654 8.705477
v 17.334160 -6.501002 0.724945
v 18.308786 -9.079587 0.913373
v 14.139880 -8.565368 0.691199
v 16.680140 10.165875 0.202197
v 15.703239 15.396619 0.290083
v 16.170952 19.020834 0.179324
v -42.757771 39.500427 40.035736
v -43.640461 37.897331 41.381474
v -42.170963 37.277050 43.509666
v -41.633293 32.816982 45.423756
v -42.608608 29.973572 44.117741
v 39.733356 46.804447 24.482782
v 42.216564 46.567524 23.050936
v 41.728748 46.670166 19.563372
v 38.985710 46.807308 30.332182
v 42.175697 46.833534 33.638100
v 42.337528 46.706524 30.405783
v 21.780216 10.254734 55.836422
v 23.898376 10.712690 54.498104
v 23.107510 11.573832 55.397270
v 30.023815 15.481552 54.957169
v 34.438515 16.127459 54.806835
v 30.143633 17.161364 55.820671
v -16.744530 -31.327391 1.604947
v -17.484104 -27.489077 1.020420
v -27.450668 -24.801041 1.136675
v -23.845427 -24.725248 1.258485
v -26.470257 -28.682110 2.809395
v 19.217916 -46.004486 18.363754
v 20.274118 -45.830978 12.285712
v 22.697559 -46.338383 15.485217
v 21.183105 -45.077873 25.008057
v 22.823027 -45.679085 24.297375
v 22.569828 -44.047623 25.740461
v -43.807819 34.365307 43.252964
v -43.508221 32.026234 43.355331
v -42.128372 33.911079 44.535622
v -43.772121 28.057827 40.254280
v -24.846703 -29.117472 38.959232
v -22.279444 -36.726116 37.471844
v 16.208792 1.129089 53.762566
v 20.868126 2.113029 54.002254
v 17.648098 3.021453 55.049774
v 18.788467 -4.426990 52.454914
v 20.931326 -2.294031 53.131218
v 16.970915 -0.910013 53.234100
v 43.474167 -17.474724 1.952583
v 42.065762 -37.844059 2.432459
v 40.706295 -32.950825 2.098078
v 10.312974 -45.164291 27.300499
v 12.538411 -45.387474 25.112045
v 12.886741 -44.700214 27.234951
v 6.633042 -41.855957 37.358406
v 8.731798 -40.887165 36.354134
v 8.036828 -40.735020 38.121799
v -33.212349 46.851345 17.883272
v -29.615284 46.719963 17.282597
v -31.592314 46.723080 15.163366
v -24.433950 46.802353 6.438102
v -22.139423 46.557552 3.178960
v -25.609867 46.477520 2.773119
v 15.570004 2.375515 54.041813
v 21.351082 12.109554 55.831303
v 22.619268 14.259081 55.638824
v 20.856541 15.302360 55.915302
v 44.147900 41.931297 15.691611
v 43.940823 43.180958 13.073771
v 43.952431 41.143200 34.626049
v 43.962498 37.838562 37.514347
v 43.917747 36.875351 34.473667
v -10.143673 -29.497818 0.452081
v -9.102873 -34.201813 0.568692
v -13.646734 -31.114851 1.028673
v -13.147182 -26.199203 0.531971
v -16.601259 -25.357738 0.675584
v -8.067652 6.220920 54.721371
v 1.480175 11.691096 55.064026
v -1.655730 15.015699 54.845757
v -4.102627 8.552326 54.839725
v 40.267639 36.311352 55.694023
v 41.345116 34.857132 54.593769
v 43.403622 30.123014 51.494041
v -42.696785 19.422342 48.990799
v -40.971066 20.054100 49.455349
v -41.686359 21.551769 49.405430
v -43.304882 16.964670 41.447601
v -43.033016 20.217123 43.326664
v -43.435017 20.724497 39.579990
v -2.924492 -44.320545 30.055143
v -7.051297 -44.606270 29.504601
v -4.837939 -45.346348 27.150438
v -2.629834 -44.401104 35.152061
v -5.567131 -43.816036 33.117764
v -2.787214 -43.919888 31.899153
v 33.522968 39.925713 1.181836
v 32.667217 36.616714 0.796885
v 29.471046 40.990715 1.130791
v 25.138975 25.397629 0.472878
v 24.710093 21.544926 0.339621
v 19.817636 25.448456 0.372177
v -42.551575 -5.399012 2.277622
v -42.700306 -4.969633 6.347771
v -42.852352 -2.062567 3.546922
v -42.709709 -8.588717 2.497950
v 42.194027 18.263535 51.897373
v 41.725090 16.329201 50.051617
v 42.441315 28.348680 53.936234
v 40.879829 31.051922 55.741398
v -35.738407 20.997972 51.643566
v -30.975363 18.568172 52.623974
v -33.329044 22.945503 52.014099
v -30.848694 3.229671 53.071106
v -32.245831 8.267096 52.807487
v -34.313400 3.333606 52.542358
v -18.384377 -18.195856 43.120739
v -16.902277 -19.739826 42.724777
v -16.527880 -19.041086 43.498199
v -18.268360 -17.592701 44.210854
v 44.221218 35.812138 3.456423
v 44.304012 31.865465 2.489206
v 44.384430 34.254810 4.706877
v 44.409191 30.191732 7.659313
v 44.795647 28.509092 3.217246
v -33.277603 -3.678687 0.467221
v -32.681488 -6.278559 0.720997
v -35.331722 -5.932662 0.775137
v -41.718071 -4.698575 1.100214
v -41.937439 -7.579295 1.688213
v 25.589603 -24.485561 40.843956
v 21.691475 -24.083715 44.244656
v -26.060219 -15.069038 46.965237
v -22.829374 -14.692986 46.925076
v -24.014135 -13.922510 49.001621
v -24.607864 -10.191970 50.986137
v -24.551105 -6.626259 51.767155
v -27.160257 -10.529930 50.064220
v 25.999517 -0.279073 51.633266
v 25.692791 2.731560 52.816257
v 23.142670 0.678095 53.536205
v 24.696112 3.973811 53.221245
v -31.889561 45.617531 47.448353
v -32.344028 46.125393 43.836338
v -29.751822 38.527882 50.978283
v -32.749504 40.011337 50.415848
v -33.372692 37.493973 50.946651
v -0.424570 13.315371 0.435520
v 5.007705 12.462937 0.229991
v -3.357178 8.015756 0.339481
v 9.815260 26.495760 0.335495
v 6.897561 24.057325 0.381144
v 4.898603 26.068047 0.378307
v -43.016045 -20.805193 6.128631
v -42.879169 -19.193552 3.848449
v -42.590271 -17.023355 4.144483
v 31.572889 -20.268738 37.571671
v 33.784794 -20.634003 35.719135
v 34.149513 -18.711861 36.527046
v 28.894287 -20.397861 41.894310
v 28.710281 -19.175600 43.378521
v -7.707341 -39.577511 42.938660
v -9.476713 -39.854382 42.272953
v -8.812439 -41.690929 41.089718
v -6.485981 -35.028336 45.258095
v -6.065153 -32.771931 46.015652
v 43.821808 -40.062469 17.778751
v 43.906105 -41.984455 16.393177
v 43.573120 -41.829327 12.559961
v 42.925892 -45.080151 17.470200
v 44.011341 -44.060997 16.917078
v 43.349907 -42.584042 18.918346
v -1.646178 -18.154360 0.458887
v -4.977156 -21.061279 0.164321
v -1.674904 -14.370066 0.418099
v 2.400165 -37.520592 0.861432
v -40.836910 46.553188 28.674696
v -36.031982 46.722736 23.006247
v -42.589684 46.389786 23.985495
v -31.839516 46.569942 37.964130
v 29.901390 45.742119 4.729316
v 32.210041 45.494492 2.493770
v 29.745235 45.822628 3.300213
v 33.970940 42.532173 1.307991
v 29.679821 45.175823 1.537406
v -34.750587 11.043989 52.487530
v -36.026901 6.751588 52.431545
v -37.453979 10.372487 52.003548
v -36.722969 7.749604 52.193230
v 10.900269 -7.929111 0.620216
v 9.001625 -15.247610 0.437025
v 6.049477 -13.171391 0.205368
v 6.704203 -34.696777 0.685780
v 4.921507 -33.602921 0.756089
v 6.439138 -28.131315 0.353720
v 21.229889 -46.010124 23.348587
v 19.690199 -44.728535 25.592861
v 17.392981 -45.346230 23.645498
v 14.867515 -44.555351 26.344515
v 18.726601 -15.037117 46.114708
v 21.347441 -15.388232 46.648800
v 20.557175 -13.602065 46.320637
v 16.481503 -10.652622 47.982674
v 17.840757 46.046581 4.952124
v 21.628662 45.610519 2.255666
v 17.062328 45.878044 2.595463
v 20.144667 40.980854 1.200286
v 19.898319 38.740936 0.945378
v 18.787491 42.703804 0.925480
v -42.933277 43.542553 35.585983
v -41.232548 43.960201 38.279961
v -42.212406 45.681221 34.855484
v -37.039234 46.113682 40.010612
v -39.564034 46.466045 33.180145
v 17.094233 -19.166718 0.624837
v 15.825130 -25.881487 0.733394
v 11.974900 -23.728102 0.503424
v 13.872197 -16.825205 0.833501
v 12.569111 -20.603014 0.397466
v 11.757876 -17.576984 1.030301
v -36.609364 -42.935497 24.407816
v -38.021862 -43.201447 23.245705
v -36.893524 -42.989693 21.942142
v -35.304840 -43.010914 20.241608
v -37.041416 -42.673462 20.328699
v 13.061902 45.851555 11.074687
v 14.804136 45.976845 8.713682
v 10.157916 45.940285 5.467653
v 12.541659 45.929558 2.885070
v 9.863175 45.879276 2.913458
v 30.794651 18.622742 56.177734
v 36.203224 14.159649 51.432392
v 37.502522 17.200676 53.334644
v 35.187828 16.152279 54.529770
v 15.834424 -18.055702 0.615156
v 22.720003 -7.354522 0.738713
v 20.536940 -10.966295 0.824813
v 19.583206 -5.845293 0.627596
v -37.846519 -37.926243 11.733102
v -38.347668 -37.747993 9.816070
v -36.647556 -37.794662 9.778277
v -36.317253 -39.559837 13.936352
v -37.993969 -39.819790 14.398732
v -37.213436 -38.125225 13.086977
v -28.116634 3.257603 53.156372
v -21.661852 10.949486 53.472759
v -30.249422 8.627695 53.021790
v -19.730085 7.900813 53.628731
v 17.591707 -16.602076 46.319950
v 15.511707 -15.365022 45.845222
v 8.696951 -12.398895 49.043331
v 13.576868 -9.943152 49.618416
v 10.460733 -9.535726 50.969662
v -38.881657 -38.587517 13.138357
v -40.290474 -39.600506 13.058369
v -39.641384 -40.669292 15.058350
v 8.426838 46.219158 9.293013
v 10.175204 45.930336 13.675065
v 11.832599 45.900177 12.095111
v 14.452907 46.409252 18.157602
v 11.623717 46.051586 15.124383
v 10.585423 46.283417 15.880694
v 43.099503 32.296143 1.090220
v 38.107639 40.731941 1.142416
v 40.251766 39.177097 1.675740
v 36.971539 36.530556 1.249823
v 5.686110 -17.706814 46.855953
v 3.980973 -16.818466 47.215111
v 1.585032 -16.892157 47.418625
v 12.109129 -16.472757 46.136639
v 13.088896 -14.991648 45.843269
v 10.228917 -14.971352 47.072079
v 20.839602 -36.403721 1.401997
v 18.523809 -39.952351 1.687912
v 15.644440 -40.941730 1.348591
v 22.176682 -26.413055 1.172047
v 20.426561 -31.545618 1.219442
v 19.369286 -28.784178 1.214046
v 16.549114 46.616135 29.614534
v 14.397561 46.322624 25.742020
v 11.093617 46.367702 27.917236
v 25.485701 47.010216 36.257809
v -39.823986 -34.217731 8.431012
v -37.214470 -35.372993 8.120098
v -38.488976 -36.767742 9.148417
v 20.518055 8.697577 55.746433
v 16.670527 10.724694 55.479286
v 16.549261 6.692537 55.867847
v 4.943339 11.956005 55.184242
v 5.822572 15.338704 55.127743
v -21.971476 -43.792225 23.001886
v -20.724920 -42.833786 21.510948
v -18.472965 -43.335194 21.602556
v -11.106187 -43.855240 19.673647
v -13.710378 -44.476807 22.541193
v -13.648777 -43.294346 18.653063
v 25.188763 -41.244350 2.033363
v 25.836025 -37.772869 1.629269
v 28.420618 -40.599030 1.755205
v 32.035492 -45.517731 3.196368
v 30.711870 -45.880371 4.459518
v 43.486324 -29.661768 29.415188
v 43.648155 -30.648703 26.367485
v 43.465248 -24.856852 29.430700
v 43.452106 -28.146049 29.264336
v 43.527626 -27.797880 25.380548
v -39.333939 -10.024284 43.106812
v -40.160595 -7.510003 44.391266
v -38.672394 -12.579942 41.103199
v -34.789471 -11.562688 45.578018
v -33.699074 -8.638569 47.997990
v 40.136921 40.890636 52.901169
v 40.259510 39.426785 54.710815
v 37.235538 41.126114 55.206348
v 21.551380 0.537270 53.785023
v -10.929199 -16.468611 49.171612
v -12.112556 -15.145140 51.093342
v -15.428745 -15.867298 48.854153
v -9.000309 -15.607035 49.361233
v -7.143067 -14.337516 49.559540
v -9.760577 -14.712627 51.180550
v 42.894176 -29.841805 29.940102
v 39.481178 -29.112059 31.469687
v 41.089951 -25.698826 32.016277
v 37.344868 -27.909237 31.933872
v -41.625504 -4.739019 23.781553
v -42.443653 -1.772905 25.124594
v -41.876610 -4.365536 21.552202
v -41.207344 -9.765652 18.053284
v -41.237728 -7.012853 22.994711
v -41.485020 -5.752053 19.316296
v 33.371933 -46.217930 4.048777
v 34.420910 -46.177040 3.232990
v 37.942726 -47.005058 3.219003
v 37.129837 -46.885372 8.338799
v 35.803837 -46.836002 5.148180
v 43.484962 40.301117 46.235004
v 43.481457 39.004169 48.198364
v 43.124622 40.902733 48.494713
v 41.626602 42.338196 46.733871
v -15.542293 40.978348 0.752586
v -14.281335 35.353069 0.708821
v -17.812029 40.833256 0.721836
v -29.378216 44.253288 1.558295
v -27.077450 45.996189 1.753588
v 2.873877 -44.171234 30.336893
v 4.564390 -44.895859 30.246687
v 2.963495 -44.423103 32.171974
v 6.592633 -44.767895 31.700905
v 9.621168 -42.944309 32.245338
v 5.758452 -44.158215 33.317261
v 4.969635 41.209927 54.235958
v 0.554128 41.730537 53.799309
v -43.885532 13.562113 3.736920
v -42.288349 10.605908 1.595569
v -43.608643 21.911615 2.009306
v -44.139351 23.169659 2.860228
v -43.343258 24.104626 1.228336
v 43.569378 44.170956 27.685223
v 44.109005 43.587006 29.303623
v 44.196430 42.599792 27.824886
v 42.796928 46.463558 28.829718
v 42.986263 46.612949 33.292072
v 7.813326 -6.766483 0.305991
v 4.600695 -5.136108 0.373879
v 1.795610 4.732618 0.310158
v 0.226705 -3.304986 0.507196
v -2.812456 0.266825 0.465039
v -6.762535 -42.212341 40.959095
v -8.006224 -42.943951 38.720551
v -5.465833 -42.996162 38.020603
v -10.644909 -41.681507 40.757462
v 42.456951 46.685829 25.865534
v 43.866611 43.612434 25.887007
v 43.694874 46.008141 25.588230
v -44.260689 17.121773 4.428637
v -43.642639 19.703392 3.833356
v -43.233570 17.605034 2.083760
v -43.644417 12.370450 17.598703
v -43.874287 17.487755 21.411785
v -43.852249 19.363609 16.178171
v -28.318277 46.869858 11.576605
v -26.761869 46.883247 6.110287
v -32.211540 46.723228 4.860132
v -12.877790 46.327866 9.455353
v 42.191109 35.096260 1.376175
v 42.330551 33.351440 1.059728
v 40.331417 34.542103 0.970335
v 35.360561 19.082998 0.703760
v 32.594227 24.124666 0.603952
v 37.070877 -12.923769 38.956539
v 36.263123 -10.310296 41.080719
v 36.032341 -13.436658 39.800972
v 34.997906 -17.387777 36.351555
v 35.630245 -18.718754 35.565861
v 36.162243 -16.292837 37.779224
v 8.319779 -37.330257 0.782513
v 10.047542 -40.006947 0.954852
v 13.008239 -43.143166 1.503689
v 8.907649 -43.437916 1.026608
v -42.913460 -38.361851 15.070153
v -42.682186 -40.091564 16.776501
v -42.724785 -36.898945 15.941491
v -40.561844 -41.244431 24.525143
v -39.421452 -41.091473 29.460854
v -40.510788 -36.427414 23.425686
v 35.065121 -13.880530 40.473763
v 34.768078 -15.701583 38.144417
v 35.441559 -15.264558 38.831631
v 31.421520 -18.015612 40.001083
v 32.566513 -15.874460 40.611755
v -12.304355 46.032139 2.615024
v -12.090472 45.644520 0.894215
v -43.535316 21.264616 3.591305
v -43.973537 22.387085 6.095366
v -44.298634 31.528673 10.692135
v -44.412567 27.583200 6.614169
v 44.595535 -5.284513 7.540891
v 44.344547 -9.113205 7.343198
v 44.506680 -8.036716 5.928003
v 44.671841 6.856659 5.145408
v 44.734798 9.379905 2.319543
v -38.777874 11.853908 50.993523
v -40.279587 10.994276 50.241112
v -38.821037 9.380029 50.611034
v -43.447086 17.953541 37.840454
v -43.415222 14.482015 38.324318
v -17.829937 -25.537073 41.695545
v -20.692728 -25.419109 40.905090
v -18.553482 -27.984407 41.490643
v -23.432699 -24.092285 40.201618
v 44.055820 16.761747 18.964914
v 44.233734 19.653269 19.549166
v 44.306454 18.558460 22.184935
v 43.774124 12.105958 36.578396
v 43.463928 10.346642 39.100803
v 43.774673 8.304069 34.635506
v -21.334610 -39.820633 7.560448
v -24.314308 -39.777798 8.251846
v -24.756908 -39.623135 5.718087
v -21.698692 -37.020020 3.977201
v -23.757196 -35.020775 3.934269
v -2.960462 -22.297138 46.310040
v -1.499531 -19.290964 47.127460
v -4.611072 -20.662291 45.910076
v 2.081090 -19.727278 47.150196
v 1.661273 -18.030165 46.920197
v 43.020271 14.495748 46.358116
v 41.838089 11.738068 45.692898
v 43.426559 18.377466 49.808277
v -18.431543 46.339451 3.900295
v -18.226748 45.558815 1.533636
v -21.350597 46.221298 1.694052
v -18.393969 44.912472 1.258910
v -21.613764 41.967770 0.817399
v -23.809982 43.773434 1.127974
v -1.263331 -28.751181 46.646534
v -3.477630 -28.966274 46.371166
v -2.523169 -31.422237 45.741295
v -0.553640 -25.698505 46.937256
v -4.967031 -27.648886 46.441204
v 43.752762 45.576195 16.469408
v 42.947140 45.377251 13.824769
v 41.979588 46.526859 14.610322
v 43.781326 42.281406 9.339513
v 43.817535 42.714222 6.773912
v -43.584312 11.978034 4.284865
v -43.130177 10.356036 4.457204
v -43.748020 13.629330 13.301698
v -44.073532 22.356289 13.173402
v -44.164127 19.841349 9.632668
v 12.008162 -5.781021 52.969688
v 8.862485 -4.209468 52.342392
v 9.532402 -5.175553 52.243084
v 11.935713 -9.094036 50.843376
v -43.463234 8.714325 8.838106
v -43.652664 11.315298 5.862381
v -43.299042 9.468881 5.958577
v -42.831657 -3.381266 8.449207
v -42.986046 0.077444 4.537628
v 37.678101 46.405281 11.526335
v 40.992046 46.809155 11.590793
v 43.006229 46.069534 11.163427
v 41.630371 46.625095 12.680591
v 13.679435 -42.194565 28.618979
v 13.953973 -38.317989 34.150169
v 11.851297 -38.878799 36.763798
v 11.266849 -40.463154 34.348042
v -22.100124 -22.889311 0.765731
v -22.196825 -19.512924 0.439980
v -15.390248 -18.189951 0.460989
v -15.329144 -13.365978 0.392189
v 44.109432 31.023714 29.268705
v 44.260857 29.675535 25.111202
v 44.344437 32.956718 23.138885
v 43.899303 41.729515 21.371359
v 43.955925 39.967342 22.327940
v 44.223782 40.472824 19.315151
v -7.859948 -45.308556 22.000111
v -6.376282 -45.669918 23.188490
v -12.432545 -44.937218 23.148811
v -41.057411 -2.543810 45.412807
v -36.763741 -4.144753 48.570099
v -33.319740 -5.433992 49.467205
v -33.056881 -3.720940 50.113228
v -41.767601 -38.442329 19.870983
v -40.688416 -34.300362 22.602175
v -42.033981 -33.223686 17.893738
v -40.648361 -22.368172 21.308578
v 3.306963 -45.251347 15.272943
v -0.836878 -46.244080 20.492086
v 37.693848 0.026206 43.136250
v 36.469761 2.175512 44.183353
v 35.458527 -1.661711 44.056355
v -39.695217 42.556450 44.219395
v -38.920856 43.605789 43.246319
v -40.416332 42.642395 41.632347
v -39.572498 40.854534 46.136250
v -39.748169 38.272091 47.478466
v -37.055973 2.576422 51.049343
v -38.237679 2.421283 50.069904
v -37.336643 0.210170 49.526802
v -39.188667 0.441212 48.758694
v -38.550991 -1.446690 48.527157
v 31.275660 6.883858 0.403559
v 34.864300 7.955525 0.546835
v 33.860058 5.304548 0.752740
v 25.201330 -3.583670 0.753870
v 25.967026 -6.701997 0.771705
v 22.426664 -4.970991 0.578218
v -29.670708 -15.540242 0.656322
v -34.278923 -15.873712 1.051231
v -34.630398 -13.169348 0.793408
v -42.331188 -13.681573 2.095720
v -40.791084 -12.992624 1.545215
v -40.703262 -15.115048 1.737869
v 3.339754 -45.205776 16.413055
v 4.854370 -45.418362 14.880057
v 4.496690 -45.941574 16.951279
v 3.765594 -46.167027 20.522945
v 7.272285 -45.885517 19.485039
v -37.500481 -23.966318 33.793350
v -37.722412 -19.826012 33.790417
v -39.239857 -21.479401 28.711550
v -35.747635 -24.530827 36.698612
v -21.603333 -28.165482 40.105915
v -21.068842 -33.480095 38.853809
v -19.911779 -34.597099 39.094849
v -19.033243 -32.112114 40.311749
v -38.630867 45.882072 41.619961
v -40.107620 45.858456 39.157906
v -37.203072 44.866234 43.534878
v -12.484949 -5.008279 0.523146
v -5.675360 -9.893976 0.242249
v -26.685528 -12.525521 0.539492
v -31.809471 -11.866569 0.605158
v -28.615318 -10.306115 0.834275
v -42.726871 11.858139 48.024971
v -42.297703 8.131728 45.418163
v -42.056736 9.514804 47.078712
v -42.064774 7.103924 48.427013
v 44.776508 3.311223 7.984128
v 44.731544 1.109028 5.255553
v 44.603485 3.496478 2.222035
v 44.312256 3.163147 1.458700
v 43.696880 0.845927 1.150526
v 41.288307 0.973807 0.916548
v -41.127018 -41.430279 19.295082
v -40.732491 -39.473457 22.915468
v -35.496662 24.534767 51.457355
v -35.369530 28.331848 51.371574
v -37.573906 27.384272 51.054382
v -35.494381 25.020674 51.236790
v -33.026325 -18.828196 36.499271
v -35.749771 -18.098160 36.662998
v -34.109280 -19.499050 36.058735
v -25.493279 -25.578400 39.538998
v -26.264072 -22.130259 38.700851
v -28.617352 -22.066385 38.335938
v 42.698437 -19.337862 33.181068
v 43.424896 -16.900715 30.882381
v 43.718361 -13.417335 28.015945
v 43.416973 -7.784015 33.995872
v 8.153974 -44.354103 2.973142
v 12.088203 -44.655930 2.671317
v -44.357681 45.306171 26.982813
v -44.091106 44.038124 34.063564
v 44.604519 13.822596 1.844208
v 43.814823 13.268580 1.136977
v 37.364311 7.470509 0.514577
v -33.012112 -11.589160 46.472630
v -30.604206 -13.950581 46.403751
v -30.037357 -10.975313 48.423252
v -25.063086 -12.995965 50.005470
v -26.575058 -11.819993 49.939362
v 39.816906 -20.804522 31.864079
v 39.313900 -19.984545 32.398510
v 38.165058 -19.771812 34.080654
v -44.309174 38.353794 39.462311
v -43.337925 40.726948 37.552399
v -44.888168 44.040901 32.588909
v -44.122646 42.016315 33.652878
v -43.608669 42.212307 34.973602
v -37.708549 13.957767 0.283298
v -41.261990 10.425861 0.747424
v -41.832375 12.496880 0.737049
v -32.816811 9.188889 0.470138
v -34.968269 7.781064 0.597007
v -37.822216 9.143299 0.607482
v 22.393578 -34.588531 30.743469
v 24.041973 -33.299870 31.410723
v 26.769583 -29.757349 32.646633
v 24.755169 -30.438145 33.721157
v -40.731945 -35.472908 8.969769
v -41.785717 -37.632877 9.864140
v -42.427166 -34.445461 9.150264
v -42.907932 -33.404541 9.906475
v -42.352661 -30.673649 13.021726
v -42.630280 -31.400932 9.504722
v 24.347569 -41.474705 1.715349
v 21.423164 -45.864391 8.273688
v 21.377615 -45.150974 2.646954
v 24.750622 -45.621479 3.959225
v -41.869362 -1.614305 30.464819
v -42.253422 -1.068155 28.802334
v -41.786140 -2.250105 27.695078
v -42.553589 3.044637 30.845680
v -42.974350 5.665093 29.308779
v 27.167070 -30.590794 31.894112
v 33.790295 -23.021681 33.171963
v 34.426941 -23.761961 33.204494
v 36.733059 -21.811945 33.316605
v 7.144145 -4.428586 52.606293
v 8.585835 -7.033875 52.144638
v 8.407535 0.573138 53.707531
v 9.947446 0.003817 53.750462
v 9.358880 3.240810 54.777752
v 4.224434 2.862532 0.461647
v 4.125161 -1.888175 0.682867
v 8.611467 12.473117 0.205629
v 9.933492 15.885781 0.286353
v 12.300408 11.270705 0.134686
v -40.581921 21.955853 49.486053
v -36.897167 20.743706 50.703114
v 8.192394 -38.651917 41.578201
v 9.429872 -35.523888 43.370369
v 5.816865 -35.230694 44.319653
v 6.693550 -33.723831 45.011616
v 4.181601 -31.174608 45.701408
v 17.527679 -4.190294 52.898624
v 16.319651 -7.996509 50.813858
v 37.645134 46.929737 34.552074
v 41.702644 46.795727 35.311615
v 34.639919 46.798077 29.823677
v 42.905842 44.000935 42.483540
v 40.924278 45.027084 43.418049
v -17.152548 -41.597122 37.060886
v -16.705477 -42.658852 36.059765
v -14.559854 -42.810654 37.697056
v -13.705047 -41.213997 39.485909
v -12.232731 -42.433861 39.024143
v 38.777351 24.591904 55.906620
v 33.449139 27.639376 56.452301
v 35.039192 23.526579 56.215225
v 29.222460 23.003929 56.052429
v 27.422512 26.283936 56.242764
v 26.034798 20.443790 55.788338
v 12.487892 -21.532124 46.351681
v 24.130327 -12.086526 46.867176
v 22.325567 -12.001112 46.814522
v 22.276699 -13.684692 46.779182
v -44.388145 38.996410 12.788850
v -44.028286 43.921356 17.981077
v -44.056652 43.163403 9.219628
v -43.708927 40.431297 4.633533
v -42.158638 41.668736 3.832486
v -41.401794 40.947613 2.168852
v 29.681463 46.486000 24.543583
v 34.551537 46.561806 23.731840
v 32.908119 46.614738 21.406830
v -1.539555 -43.965546 37.150299
v 1.673193 -44.102852 37.631863
v 0.006873 -43.583836 38.954609
v -0.983545 -44.328796 34.862202
v -1.385736 -43.965042 30.942211
v 6.312247 -3.374560 0.458432
v 5.300475 -2.841266 0.778530
v 5.670100 3.083039 0.637497
v -41.360020 -26.881073 18.591864
v -42.447308 -29.802967 14.519174
v -43.121223 -28.618567 9.767347
v -42.517235 -29.890366 10.799991
v -43.877792 42.157913 5.801777
v -44.215038 37.794399 7.720219
v -44.541706 29.990002 2.978012
v -44.554363 26.673912 6.310816
v -44.370132 31.141897 5.602971
v 12.648317 4.246312 0.120143
v 11.160275 -0.132518 0.062968
v 7.755953 0.502509 0.634065
v 15.204407 3.744412 0.000000
v 13.573466 -2.369739 0.220685
v 43.285370 -34.201157 3.074420
v 43.240448 -36.503159 5.979939
v 42.840744 -38.749760 4.070839
v 43.242088 -44.066265 5.563324
v 43.472141 -43.228249 9.403801
v 42.525700 6.541121 42.542397
v 41.406837 9.238449 44.550697
v 40.095776 5.173221 43.822609
v 42.966228 1.633242 39.523090
v 42.748676 -0.667057 39.452110
v 23.106588 -19.474245 45.557072
v 26.482237 -19.602909 44.784313
v -10.778673 -43.521488 35.988407
v -11.626917 -43.313160 38.288723
v 19.933500 7.191993 0.448613
v 20.517254 4.429344 0.818545
v 17.022604 5.375024 0.352137
v 32.669090 15.788712 0.603951
v 32.128445 11.623908 0.606708
v 29.389780 13.354482 0.350988
v -12.222136 -6.790950 52.180943
v -11.262129 -3.257825 53.383564
v -13.902811 -3.942301 53.087811
v -11.785776 -1.631250 54.262939
v -12.606530 3.577007 54.362286
v -15.154209 -1.344680 54.058834
v -7.303301 46.824574 26.523664
v -7.222404 46.583351 39.850773
v -9.567489 46.773209 34.385544
v -10.848766 46.663948 39.102036
v 29.905111 -29.190596 32.435390
v 30.833075 -31.355785 31.481268
v 32.032215 -27.771435 32.761940
v 32.343067 -25.819708 33.074139
v 29.966036 -27.700058 32.520737
v -43.650528 31.794107 1.374112
v -43.234535 34.917080 1.927513
v -42.734116 30.739201 0.639980
v -44.093765 32.803307 2.857352
v 18.487951 1.401054 0.416097
v 17.891668 0.579146 0.061817
v 26.452490 6.143576 0.319681
v 23.759407 5.063449 0.872149
v 25.899023 10.628760 0.314186
v -7.674468 -4.815967 52.631355
v -7.693364 -6.583724 51.976486
v 29.205816 13.998757 54.573570
v 28.715569 15.611405 55.475677
v 27.200745 13.935411 54.855637
v 43.623501 40.498528 40.907795
v 43.578281 37.436310 44.058067
v 43.886337 38.322563 40.686352
v 43.813133 31.039267 40.252724
v 43.407192 29.062012 47.073708
v 22.695395 -2.498155 0.508307
v 20.570694 1.359254 0.697033
v 24.033928 1.139966 0.531895
v 20.398073 0.042747 0.263616
v -13.769823 26.627235 53.443363
v -0.133060 38.500809 54.003326
v -1.250862 35.384178 54.047329
v -42.785164 -10.357844 4.465057
v -42.529552 -7.004905 6.665864
v -42.794205 -14.457316 3.398031
v -42.223194 -15.832327 3.207044
v 10.313014 -41.393250 34.089344
v 7.446511 -43.212585 33.249847
v 13.017494 -40.015156 32.423943
v 10.353075 -42.242958 32.754574
v 43.980415 11.184489 31.911356
v 43.838135 19.618141 42.718121
v 43.877228 20.750895 38.443890
v 28.716122 45.753639 2.330775
v 38.893143 44.903366 3.730158
v -41.407803 -12.050642 17.841763
v -41.035675 -16.481909 18.881807
v -41.730389 26.105082 48.518414
v -42.762383 21.255499 48.643543
v 43.879166 -17.800337 5.453064
v 43.793873 -20.661398 6.884645
v 43.268490 -19.722670 5.127688
v 43.368198 -32.191635 9.641628
v 43.448555 -30.434759 3.535631
v 43.477386 -28.566982 7.389955
v -20.274496 38.262478 52.030888
v -18.362267 42.735779 52.040100
v -19.522738 42.690697 51.803333
v -22.938646 40.847847 51.542660
v -25.296251 45.231247 50.853966
v -39.906723 -41.660534 27.532412
v -36.632511 -42.396118 33.202675
v -37.089680 -42.926285 31.310061
v -33.144485 -42.312672 31.488533
v -5.833653 38.866161 53.397617
v -3.587812 38.917992 53.591202
v -4.668586 40.743652 53.343533
v -14.405401 45.276325 51.854836
v -1.649501 -43.807568 1.736199
v -4.268818 -44.061161 3.268283
v -5.597864 -43.820496 2.160609
v -1.895008 -43.435242 6.375779
v -3.794046 -43.590420 4.712581
v -1.331906 -44.071194 3.530650
v -28.664450 32.768555 0.527535
v -26.420624 43.651535 1.509314
v -26.393881 40.958878 1.136802
v 23.847332 -46.258106 20.893106
v 22.239098 -45.975704 18.668320
v 24.076178 -46.412495 16.917791
v 32.529373 -46.173950 20.454988
v 28.641037 -46.020611 20.819683
v 32.583767 -46.487324 19.104712
v -30.057720 -41.424229 32.856647
v -27.631971 -41.778847 32.947029
v -33.281208 -41.629887 33.035454
v -3.440173 46.611977 40.643711
v -2.266926 46.740162 35.940479
v -3.487121 46.773388 35.730488
v -8.721848 43.911858 52.904148
v -10.403230 45.561218 52.444138
v -9.475248 41.216969 53.112015
v 15.502185 -45.297260 10.750038
v 14.369019 -44.757195 6.997742
v 17.381617 -45.368107 6.392683
v 18.142059 -45.578289 10.243354
v 18.646294 -45.571030 13.704099
v 15.514445 -45.494640 13.715248
v 37.613659 3.997321 44.136940
v 43.862713 25.829720 1.716944
v 40.388477 30.010078 0.815890
v -12.222543 32.067581 0.667140
v -16.033163 26.912334 0.534081
v -19.097361 33.431347 0.579512
v 3.842668 26.382244 0.494244
v 0.495153 22.355818 0.357039
v 30.688301 -46.679474 14.340862
v 28.008646 -46.343964 14.161798
v 29.550808 -46.475754 16.405357
v 27.689892 -46.213562 17.538029
v -3.566595 45.816193 6.409673
v -1.700278 45.967514 3.478167
v 4.855578 46.117004 13.438171
v 5.062893 45.944904 8.407472
v 0.576968 46.353416 9.230480
v -43.069176 7.237396 23.260073
v -43.444496 10.086130 18.996576
v 26.772114 -45.954159 23.182522
v 28.275070 -45.565533 22.737953
v 27.654280 -43.964710 24.198799
v 26.210697 -46.220619 19.457325
v 2.926702 -44.482910 28.077360
v 0.660888 -45.139809 25.606901
v -22.685715 -13.326633 50.048946
v -22.011341 -9.752354 51.676754
v -20.145262 -11.274966 51.157265
v 15.659873 37.694595 0.761374
v 13.323493 38.667248 0.895702
v 15.656054 43.200619 0.859041
v 22.239138 38.802677 0.969482
v 24.991611 31.017687 0.668945
v 20.319689 31.238264 0.638830
v -43.321220 13.002529 34.819969
v -43.131805 13.723820 37.300465
v -43.096920 16.367338 34.663208
v -44.221893 25.673569 23.433943
v 44.276428 36.688675 17.352983
v 44.268890 35.822315 14.292624
v 44.078636 28.893200 22.673641
v -38.192856 24.345432 51.380653
v -38.086361 23.336535 51.214760
v -38.162289 20.831709 50.287014
v 1.272694 -44.134476 31.003908
v 1.493965 -44.459648 27.495155
v -1.912277 -44.404003 29.813946
v -0.238493 -44.619801 26.923069
v 1.209520 46.582577 23.191116
v 1.645436 46.133011 17.046595
v -1.261035 46.592510 23.319038
v -0.513214 46.359169 16.389458
v 1.133751 46.151634 12.909111
v -2.755604 46.418293 14.300303
v 44.188259 30.679930 14.119431
v 44.322102 29.493181 18.690271
v 44.246727 35.276947 18.607941
v 44.168106 32.619141 14.566616
v 8.620325 -23.636663 46.524136
v 7.281579 -20.480698 46.584515
v 5.944906 -23.083570 46.035740
v 2.292838 -22.796728 46.725330
v 2.471951 -26.945580 46.467381
v -40.677425 -1.271488 0.832650
v -35.605694 -0.395798 0.402745
v -38.641296 -5.566361 0.767063
v -36.860771 5.013476 0.442979
v -41.557987 5.330953 0.698442
v -11.927753 -41.886486 6.550300
v -10.398432 -42.328541 4.477433
v -8.861312 -42.918049 7.132507
v -6.021150 -43.614910 3.731298
v -14.038671 46.830334 22.560249
v -8.518903 46.980309 22.053766
v -11.708940 46.624596 19.007454
v -9.538474 46.737499 30.760004
v -10.831976 46.674721 25.501163
v -12.877483 46.385887 26.903419
v -37.351849 -10.540138 44.716621
v -38.457092 -12.140003 43.222958
v -36.015980 -11.669218 44.490314
v -33.093399 -16.784790 39.353664
v -34.821232 -15.294167 41.192966
v 8.035261 -26.158531 46.272335
v 5.186792 -24.444490 46.031178
v 6.125399 -26.881998 46.312805
v 8.954280 -27.986568 45.824455
v 7.835328 -28.819427 45.642498
v -34.300896 -43.371437 22.278328
v -26.199785 -43.892113 26.428745
v -31.314001 -43.095490 25.747208
v -28.762264 -43.891617 23.387829
v -9.334502 47.035301 24.256697
v -15.133337 46.731560 26.093523
v -14.655206 46.504452 29.369490
v -12.097931 46.649212 30.046564
v -14.547456 46.296951 27.319277
v -40.212830 33.190681 48.592911
v -40.878223 32.424747 47.039631
v -40.275894 31.458689 48.353504
v -38.847816 26.825947 50.591038
v -40.642246 26.323496 49.840721
v -25.346130 23.793333 0.361325
v -26.978617 22.110369 0.484583
v -29.519907 26.406412 0.482321
v -35.805611 10.822022 0.372512
v 22.479807 -27.585815 40.444405
v 17.333754 -28.366560 43.586246
v -27.407625 -16.430353 43.620525
v -28.061750 -14.989207 46.827709
v -24.352631 -16.839476 43.579746
v -40.087101 44.333237 40.500793
v -39.927696 45.594578 40.333706
v -39.225395 45.370411 41.685326
v -21.794502 -39.921173 9.592566
v -23.240108 -40.104347 15.376999
v -27.028021 -39.870220 14.639356
v -17.597921 -5.777801 0.548500
v -24.142027 6.265765 0.376837
v -19.243721 3.424553 0.313928
v -26.175747 2.289510 0.488012
v -15.670997 46.747990 28.269314
v -19.966146 46.923191 24.888672
v -24.271709 46.876240 24.233858
v -20.909100 46.575386 25.680477
v 44.290195 -12.101765 3.061210
v 44.398384 -13.651409 4.660806
v 44.511692 -15.179724 3.522638
v 44.818573 0.489584 1.817404
v 13.115916 -0.472857 53.206524
v 14.299890 0.635541 53.645554
v 12.867188 2.395433 54.035229
v 15.135517 -3.032676 53.355114
v 12.352333 -3.885413 53.043926
v -4.909913 -12.876677 0.274943
v -1.688782 -8.915590 0.297877
v -5.259432 -2.611256 0.413993
v -15.704703 46.307190 16.386858
v -17.623260 46.368652 13.927018
v -18.968554 46.764881 19.246469
v -15.702759 46.909916 23.227741
v -15.008353 46.579269 18.307146
v 11.454422 2.370773 53.967659
v 11.808951 4.060288 54.388630
v 10.477774 5.117751 55.257767
v 9.376954 8.917974 55.778416
v 10.799535 9.881599 55.635731
v 7.116442 11.009996 55.540947
v -38.353317 -14.024212 39.430065
v -38.031582 -13.023400 36.831215
v -37.761410 -14.712576 36.226814
v 0.926694 -18.538723 0.636939
v 1.422296 -30.330645 0.483049
v -2.947529 -30.797529 0.355148
v -1.390407 -25.865610 0.631701
v 39.877972 -16.007755 35.615814
v 42.459526 -15.138461 35.167206
v 40.589844 -13.487287 36.406590
v -40.565342 -0.645493 48.501350
v -41.205307 1.124397 49.118553
v -41.035828 5.484500 49.170418
v -39.802361 6.396862 49.722530
v -41.114601 7.664382 49.512238
v 4.666114 -29.910830 0.774499
v 6.074106 -23.956739 0.567662
v 1.554163 -24.018385 0.598471
v 0.986172 -27.830284 0.680722
v -41.439011 -31.373074 19.347500
v -40.770767 -27.158100 21.199602
v -38.211647 -35.251099 34.513454
v -39.374538 -34.690689 28.550577
v 9.867743 46.200119 23.396925
v 8.213775 46.607277 28.855150
v 16.623083 46.511189 43.412651
v 17.916998 46.792660 37.964924
v 12.957023 46.620201 38.854610
v 40.225864 -11.798953 37.410885
v 42.545406 -12.367830 36.374928
v 42.599094 -8.747919 37.282627
v 43.384167 -10.107924 35.645813
v 43.331493 -15.901439 33.237629
v -36.078346 -40.169662 14.796240
v -36.073662 -40.323547 16.204729
v -37.187309 -41.367207 16.804314
v -28.245695 -39.752068 12.759539
v -24.935921 -39.604259 10.004021
v -17.231884 -39.752728 38.168026
v -15.685182 -39.283779 39.776943
v -44.233574 29.198904 14.481349
v 19.448503 -1.483782 0.025393
v 23.328415 -0.271964 0.414509
v 20.264429 -2.457476 0.477557
v 12.760466 -3.923993 0.200311
v 17.654337 -5.083119 0.935473
v 12.026960 -7.295145 0.537429
v 44.364197 12.997858 23.655579
v 43.986675 7.647268 27.874199
v 44.005585 11.341395 22.393396
v 44.494900 -0.059513 14.880836
v 44.678093 3.207407 13.103446
v 44.404743 4.541162 15.539226
v 7.238966 -6.690348 52.363579
v 5.042453 -1.105236 53.162403
v -32.987457 -29.897282 36.779968
v -15.106050 -40.994480 3.537594
v -12.185828 -41.966026 4.042310
v -14.954093 -41.144489 5.740166
v -0.709925 46.257267 6.712056
v -0.290763 45.989777 5.142437
v -1.863571 45.860294 7.174814
v -42.290337 -17.466125 2.390522
v -41.739075 -19.117697 1.603203
v -42.641453 -20.209654 2.368124
v -31.142117 -18.215185 0.871591
v -22.867373 -40.758995 17.356226
v -17.427366 -41.778118 18.434916
v -19.379524 -40.788715 17.089197
v -16.045200 -42.141304 17.644007
v 13.014194 41.198002 0.763299
v 11.222550 42.036472 1.028106
v 9.859010 45.217243 1.203064
v -23.837730 -28.271917 39.136192
v -22.916174 -25.603191 40.131977
v 44.556576 9.212682 22.764004
v 44.675354 10.375311 19.735649
v 44.378536 12.737763 18.748236
v 44.508526 18.238708 17.956951
v -15.647041 -40.708027 9.541998
v -21.336897 -42.148212 33.355392
v -43.398411 6.991780 8.614901
v -43.449379 5.461055 5.933441
v -43.253979 8.666426 3.981113
v 39.963181 42.470982 50.691486
v 41.535633 39.986134 51.920620
v 42.843937 40.164715 50.514011
v 42.995403 37.662308 51.175201
v 41.680916 38.339245 52.449055
v 17.885241 4.666955 55.677078
v 19.613867 6.523828 55.809639
v -28.324921 0.145525 52.984528
v -29.905748 -0.125759 52.796890
v -28.038103 -2.024433 52.973339
v -21.596197 8.527369 53.459229
v -39.663456 46.488403 5.065958
v -41.520744 45.181992 5.415617
v -39.800354 46.414448 12.901135
v -42.157719 -4.174270 19.872654
v -42.534000 -2.511875 16.550940
v -41.966785 -6.173903 15.459651
v -42.530258 -5.368034 13.925205
v -6.004009 -28.114086 0.114168
v -7.597018 -34.615112 0.461900
v -8.823249 -25.778481 0.212529
v 44.555958 -10.990462 4.133195
v 44.786644 -8.747577 3.044010
v 44.102276 -12.828180 2.247942
v -6.237441 9.125864 54.664234
v -19.312134 3.927398 53.811287
v -15.769952 8.427482 54.095936
v -44.251553 27.631065 28.152620
v -44.338161 29.318626 33.388767
v -44.193764 29.482582 24.047432
v -43.718430 25.882668 38.652969
v -30.970806 43.924492 1.710181
v -37.836540 46.441074 2.781610
v -39.221088 45.630394 2.449589
v -7.444905 -22.533348 45.381588
v -11.203228 -20.910147 44.825413
v -8.619348 -20.764187 44.974998
v -10.409909 -19.122225 45.956192
v 44.093468 -16.420179 3.393072
v 43.507095 -18.023661 3.946749
v 43.646843 -21.085016 4.229352
v 43.725491 -21.995852 5.535235
v 43.777382 -23.326136 3.793197
v 2.428041 -45.587727 18.771322
v 0.401504 -45.508621 24.182749
v -9.907909 -21.834272 44.403847
v -11.661799 -23.097008 44.611515
v -29.860682 -39.015465 11.422094
v -32.974972 -38.647095 12.520721
v -32.137600 -38.366135 10.685263
v -32.621193 -39.566944 13.139213
v 43.607105 -21.104708 3.201945
v 43.723110 -20.700068 2.407285
v 42.485176 -22.601521 1.792385
v 42.101521 -19.679897 1.754255
v 27.845533 -4.391914 48.534866
v 23.467375 -2.113191 52.240696
v 31.464287 -5.498428 47.321556
v -41.060711 -27.226204 4.846315
v -40.613159 -24.687696 3.279017
v -38.328102 -27.583292 4.201260
v 42.924477 -21.439203 31.424055
v 43.127468 -19.313856 31.241978
v 43.521561 -22.726576 27.786669
v 2.117563 -35.893860 44.860733
v 4.044596 -35.939194 44.301720
v 3.188872 -31.502047 45.760098
v -26.769318 23.031649 52.753490
v -24.396515 18.477495 52.972389
v -23.436676 21.014748 53.131416
v -28.198847 17.878386 52.848042
v -41.525742 -30.881168 7.614271
v -42.609737 -29.236382 6.404130
v -40.850864 -29.863571 6.789378
v -42.814152 -30.183056 7.685691
v -43.132397 -29.038479 6.611603
v 9.418774 30.087988 0.452028
v 17.307447 35.218296 0.610004
v 13.367229 29.895144 0.386937
v 12.768934 34.719868 0.581318
v 22.778887 46.844090 47.325378
v 19.637756 42.194344 54.830009
v 17.568537 41.281796 54.580753
v 20.810448 40.008984 55.131557
v -41.261517 36.332241 45.097069
v -41.153908 39.073132 44.728973
v -43.678452 36.336445 42.844677
v 29.737949 -5.228732 48.109524
v 29.217567 -2.228176 48.465549
v 28.358416 -6.895807 48.057705
v 25.383114 -6.672939 47.968945
v -42.993256 17.536341 47.119331
v -43.150955 13.654581 45.259697
v -43.071163 11.524603 45.810532
v 4.142649 -16.456642 0.421967
v 7.391386 -18.365673 0.510368
v -13.322043 -12.241140 51.031956
v -14.137444 -13.627143 51.033424
v -14.340532 -14.642268 50.816483
v 40.025234 -40.684834 24.341293
v 40.255753 -42.527229 22.754423
v 41.802067 -32.514771 29.308100
v -41.684322 -32.329254 8.454599
v -40.582748 -32.589619 8.292517
v -39.490391 -31.896008 7.172364
v -21.788563 46.485233 10.308220
v -24.310406 46.884727 9.923605
v -24.442707 46.772465 13.181952
v 26.231619 -13.602704 0.875976
v 26.859064 -17.864506 0.999491
v 21.270350 -18.379747 0.776068
v 21.076683 -14.520900 0.795471
v -43.984398 20.325413 7.776577
v -44.328094 23.873676 7.827584
v 17.302618 44.243523 54.303291
v 13.598458 45.225994 53.845573
v 13.735628 42.533993 54.498779
v 11.023066 43.553722 54.340111
v 44.042789 38.735279 31.050619
v 44.207954 41.205814 26.580442
v 43.928169 41.616623 25.880217
v 43.962292 43.304562 23.614599
v -14.607612 -9.785783 51.389774
v -14.141431 -8.070657 51.830868
v -15.337012 -4.973794 52.828239
v 44.662750 -1.283937 2.233441
v 43.948242 -4.135533 1.194964
v 43.948853 -0.916604 0.860186
v 41.435326 -5.058846 1.325741
v 38.825314 -2.206239 1.566265
v -40.803661 -36.587883 9.114493
v -40.993187 -38.412460 9.682158
v -40.452927 -38.941864 10.929914
v -19.039371 -44.785637 24.498201
v -16.143436 -43.940201 29.103479
v -18.584177 -44.023388 28.778145
v -17.125839 -44.769043 26.091265
v 19.613867 -45.621788 22.456795
v 20.040724 -45.997326 20.094994
v 21.806103 -46.107483 21.967894
v 12.572155 -45.631699 23.052633
v 40.382584 -40.837994 2.522189
v 37.963890 -41.489609 2.370959
v 39.353714 -34.190781 2.142814
v -41.983940 -38.622822 10.846929
v -37.643887 -17.388340 35.366444
v -37.744137 -15.388469 34.152832
v -37.843460 -17.786961 33.219337
v -36.484428 -20.422707 36.465149
v 43.551033 45.534531 19.478067
v 43.809547 40.636662 24.452385
v 41.568581 25.403769 54.908962
v 41.640774 23.599159 55.317844
v 38.349472 23.531357 55.810757
v -6.829800 46.000813 52.608589
v -7.214884 46.387615 51.591213
v -9.362341 46.576218 51.993427
v -0.840999 45.261841 53.398968
v 5.582309 44.381290 54.093716
v 44.260521 6.272091 20.779222
v 44.491673 8.579828 17.861090
v 44.127777 -3.066448 30.084908
v 43.677990 -6.771090 31.389105
v 43.861042 -7.492424 28.324913
v -35.847878 44.343346 46.764503
v 35.534447 35.985668 1.053419
v 38.777321 33.918167 0.933415
v 38.125816 31.777349 0.924150
v 35.757252 32.413254 0.802499
v 43.324249 22.795443 53.526806
v 43.544144 21.897409 48.838154
v 13.252738 46.400951 22.943695
v 12.166474 46.592560 18.739986
v 11.896980 46.441574 20.957365
v 21.015444 46.974998 27.343540
v 24.814255 46.718376 24.318359
v 20.947491 46.679142 23.100697
v 43.944355 6.166051 27.527796
v 44.332508 7.810165 24.687426
v 44.469372 2.505373 27.144373
v 43.993896 2.928552 28.410004
v 44.088303 1.371570 27.418385
v 38.499798 -21.767246 1.652482
v 40.212936 46.783173 16.527693
v 38.977314 46.693722 12.357138
v 35.943836 46.245129 13.095737
v 41.490543 46.621956 17.660265
v 42.617973 46.349987 17.046991
v 40.989609 27.567411 54.939285
v 38.958538 29.761600 56.098259
v 39.389503 32.462662 56.006924
v 35.189507 31.584780 56.502449
v 6.508073 46.604259 50.436565
v 10.194372 46.584103 50.181473
v 5.550811 46.641586 47.615238
v -4.700868 46.348724 50.886856
v -2.274777 46.173538 53.338058
v 44.587105 26.974180 2.512754
v 44.632214 26.234350 5.774653
v 43.605961 -24.889498 5.436835
v 43.568268 -23.857716 2.212608
v 42.569424 -25.197001 2.365128
v 41.085335 -23.903751 1.961609
v 28.331791 -22.015507 40.245296
v 29.889854 -24.817568 34.974312
v 26.362988 -27.181133 36.280491
v 7.886258 45.954250 2.540253
v 7.003718 45.832909 7.993577
v 7.597506 46.108490 6.790815
v 5.468290 45.630749 6.384162
v 43.191555 20.222027 51.654392
v -32.122215 -27.054043 2.822608
v -33.159428 -28.406668 3.385174
v -33.633766 -24.612906 1.881777
v -35.495930 -25.886913 2.763707
v 30.119673 -44.844994 2.411191
v 31.096661 -37.863979 1.751475
v 33.986725 -39.270542 2.035030
v 38.548779 -3.680949 0.991994
v 40.814957 -8.363400 1.140526
v 36.410263 -7.434532 1.299017
v 18.719219 15.778210 55.830074
v 17.910240 13.482356 55.651131
v 2.798120 18.236263 55.060299
v -9.493152 46.319664 46.973801
v -16.919813 46.084736 47.780563
v -11.928709 46.254055 49.034924
v -12.575308 46.318050 45.612827
v 43.986088 -18.986217 9.176551
v 44.053188 -16.111885 5.724774
v 43.365894 -28.411291 9.580288
v 20.573393 45.869148 11.550003
v 23.305779 45.571789 14.534022
v 21.379766 45.893005 7.772990
v 17.747204 46.405048 18.515017
v 22.111729 45.765701 16.847334
v 20.682154 45.909344 14.120286
v 31.869310 2.112246 47.056843
v 30.553854 -0.936071 47.624786
v 31.444109 -0.250098 46.512238
v 34.309971 -0.557598 45.052368
v 33.580601 2.219703 45.488781
v 38.027241 -21.531582 32.610172
v 37.353455 -20.740379 33.550365
v 34.700108 -21.387119 33.931705
v -7.866591 45.795387 52.909939
v -10.495465 46.035820 47.370216
v -10.544493 46.076553 51.727432
v 43.219109 34.018368 44.059021
v 43.660713 34.185329 42.920906
v 43.293777 36.224186 44.823879
v 43.775219 37.125732 48.421272
v 43.242493 34.085175 46.141655
v 41.840187 -44.554691 18.926737
v 38.802338 -44.112492 21.830748
v 36.482655 -43.772137 22.771379
v 35.600521 39.988148 1.261191
v 5.237935 -11.561661 50.236477
v 9.553557 -8.581781 51.862858
v 4.245790 -10.081538 51.697201
v 3.722435 -6.271889 52.341526
v 38.359737 -17.891918 36.130112
v 38.285957 -14.664496 37.585999
v 40.389893 -44.771397 20.839462
v 38.687511 -45.929241 19.750422
v 41.656498 -45.092186 17.893894
v 35.509327 -46.488693 19.626568
v 34.623909 -46.695858 18.066669
v 38.345711 -46.588367 18.667843
v 20.188448 46.534210 53.874733
v 23.646948 46.939880 52.862923
v 21.067236 46.913982 52.526222
v 43.545734 -2.052294 32.006145
v 43.329887 -5.265312 34.557861
v 43.547276 -5.207006 33.265724
v -42.656185 3.561588 2.308809
v -43.164719 4.911107 3.837938
v 38.077927 4.245697 1.135905
v 37.516212 2.864595 0.772480
v 36.557091 3.965247 1.173162
v 36.629841 1.145353 0.845863
v 36.351780 -2.873732 0.974973
v 35.028675 -3.498592 0.857448
v 22.907400 2.380574 53.421459
v -2.345435 -44.570004 12.505285
v -6.535674 -43.321533 12.297296
v 42.705875 20.227375 53.093723
v 43.252552 21.581398 53.384800
v 42.063644 21.998331 55.235191
v -43.789551 19.260584 33.808914
v -43.977505 21.401524 29.373552
v -43.763206 17.221701 31.101086
v -43.631863 13.396060 27.555117
v -43.153999 12.341856 26.335190
v -43.460205 11.544841 31.470203
v 42.047600 46.535450 9.832466
v 41.656296 44.828911 6.906574
v 42.229897 45.386120 8.538090
v 43.516994 -27.521284 5.010203
v 43.476536 -29.155935 4.146327
v 41.121212 -30.247959 2.249230
v 43.202087 -27.902309 2.931067
v 33.096756 9.717154 0.483688
v 29.816450 10.669155 0.545288
v 40.084229 -46.388638 17.767683
v -4.285024 -0.819737 54.050224
v -13.506053 46.264648 2.132190
v -12.318708 43.399105 0.679957
v -17.606243 44.191338 0.876499
v 24.085463 27.281326 55.893360
v 0.012606 46.283634 10.580701
v 7.003832 45.854801 16.774843
v 8.280384 46.204300 16.354977
v 7.064950 3.565302 54.924911
v 8.114041 5.933904 55.526108
v 5.660509 4.621168 55.864040
v 2.965232 2.002349 54.717438
v 2.443404 3.220961 55.501545
v -0.035245 2.163499 55.373741
v -39.562893 3.447575 0.633767
v -40.004105 0.398683 0.553896
v -41.733898 0.764261 1.187069
v -42.875950 -0.326432 2.922281
v -42.414967 1.367486 1.812127
v -42.387615 -0.702940 1.229821
v -10.458969 19.219786 0.231658
v -14.576385 23.991795 0.503330
v -11.507841 26.612383 0.480853
v -17.257727 14.235043 0.545189
v -43.716686 13.260556 29.996149
v -44.010197 19.239403 26.708637
v -36.687759 -37.455757 12.513816
v 23.562485 -36.034866 29.876558
v 28.452032 -31.019976 31.899075
v 27.953001 -29.572632 31.728680
v 2.932279 14.410685 0.313155
v -3.214745 19.370838 0.446293
v -8.625883 17.022022 0.551676
v -7.214924 9.036795 0.457660
v -11.953334 15.283420 0.270641
v -31.458784 -10.092669 0.855602
v -38.273853 -11.409991 1.037721
v -37.939281 -13.821554 1.368492
v -40.162540 -10.928456 1.286658
v 8.571254 -16.825279 47.032444
v 7.969199 -19.352961 46.677444
v 9.946612 -16.717844 46.642723
v 21.687113 40.857101 1.054234
v 19.089178 38.000484 0.765322
v -8.562310 -2.882408 53.722210
v -11.042537 -2.417001 53.644558
v -6.180266 -1.454199 53.922665
v -13.094683 19.252975 0.210947
v -35.700466 -37.571823 8.734007
v -27.500957 -38.741573 6.417937
v -31.131126 -36.761421 6.985959
v -28.590744 -36.891315 6.318010
v 29.145575 36.648479 0.791569
v 31.867125 32.916847 0.581694
v 27.980309 28.943075 0.568660
v 32.821548 30.928860 0.702690
v 43.431591 44.368553 12.447506
v 43.373432 42.872929 10.965019
v 21.981932 -46.083286 12.231114
v 26.515011 -46.405857 17.307699
v -13.557887 15.796229 0.329026
v -16.764595 19.084118 0.398085
v -21.724054 22.222622 0.398899
v -21.141233 19.006092 0.627758
v -24.343863 20.658087 0.425622
v 44.270588 35.726654 11.543357
v 44.325111 37.169701 8.868304
v 44.498631 40.312580 11.397958
v 42.574032 38.534534 2.544715
v 43.354126 39.710255 3.454181
v 43.356216 37.203724 2.816645
v 43.143719 7.993790 40.717579
v 43.225456 6.469561 38.826591
v 41.517822 4.648190 42.622360
v -6.767492 -7.846579 51.491272
v -18.591413 22.911602 0.425483
v -20.024704 30.601147 0.576040
v -19.545963 25.208052 0.348926
v -24.641848 29.643888 0.429571
v 43.180275 -47.168365 9.741138
v 40.131176 -47.120876 4.000350
v 41.926266 -47.078228 5.687574
v 33.259312 -38.580467 27.515394
v 30.900944 -37.266251 28.587200
v 30.704103 -39.189060 27.728498
v 27.335213 -36.934334 29.347736
v 28.934332 -40.308220 26.965698
v -42.714558 -37.768703 11.476315
v -42.643410 -37.599567 10.316186
v -42.583706 -37.045235 13.172937
v -42.301876 -34.144287 13.556858
v -41.885815 38.538521 1.666178
v -43.952229 38.296268 5.015270
v -43.745934 35.713074 2.907367
v -44.210575 34.327686 6.529043
v -39.348080 -9.026703 44.260010
v -37.852329 -15.526250 40.360287
v -40.120960 -31.295971 24.325087
v -39.768539 -27.630619 26.428114
v -38.274368 -25.485355 31.586414
v -39.071571 -27.432722 29.412333
v 37.965721 12.779305 49.294083
v -22.147470 46.233986 12.774388
v -14.539100 46.260738 12.327839
v -2.647894 46.503647 48.808235
v -0.794190 46.824032 51.036404
v 0.536908 46.657646 47.183601
v -2.579808 46.590176 43.886341
v -3.811618 46.568230 47.525543
v -1.229764 46.569618 45.456543
v 40.096268 -4.732162 0.955749
v 37.302238 -1.334307 1.264023
v -25.414761 -17.165901 42.852379
v -28.208397 -11.434755 49.286240
v -28.735947 -14.260015 47.407352
v -26.955166 -14.209676 48.658978
v -18.222702 46.491352 8.122766
v -43.373444 43.987854 5.718096
v -42.243801 43.042473 4.507856
v -41.880417 46.407356 7.137239
v -42.429962 45.347084 6.144610
v -42.027325 0.267912 37.629013
v -42.623077 4.622389 37.248146
v -42.138599 0.492368 31.632723
v -41.426437 -4.219553 28.022018
v -41.490494 -3.097646 34.651478
v -34.613598 43.560997 48.883801
v -29.516720 41.057869 50.672806
v -27.915371 42.443726 50.630600
v -31.026484 42.894516 50.227863
v 41.246761 -28.528818 31.225073
v 42.438885 -25.937366 31.541700
v 43.025215 -26.237720 30.745195
v 43.265491 -27.625462 30.610828
v 22.823568 7.410279 0.513664
v 18.081446 22.108526 0.320953
v 22.227356 17.236202 0.349699
v -40.276917 -11.484389 23.876858
v -40.765205 -8.681417 23.916931
v -40.672680 -12.229482 21.261118
v 7.807687 46.022202 4.386186
v 3.758080 45.855713 5.701928
v 43.755859 -0.541834 30.010868
v 43.765789 0.083463 27.366369
v 43.324436 0.365687 34.859013
v 44.077003 3.313264 30.379831
v -44.240891 45.188671 32.459328
v -42.545544 46.242065 32.877563
v -13.280334 -0.449858 0.318292
v -38.141468 15.393870 50.817150
v -39.355709 15.957414 50.362370
v -40.508446 14.018305 50.042614
v 44.506966 -0.587601 19.978790
v 44.500114 -3.065474 12.065865
v 44.226128 -1.561404 28.098099
v 43.998657 -4.427165 23.820282
v 43.906647 -1.287491 25.722509
v -22.600203 -28.792561 2.158725
v -24.770704 -28.517942 2.548476
v -29.350195 -32.196365 5.013972
v -27.486071 -32.083118 4.411431
v -35.840565 14.884100 52.067036
v -32.956333 13.307120 52.624416
v -39.595509 13.667869 50.618130
v -32.460892 46.838840 29.608784
v 43.049427 -40.174889 24.105974
v 43.683334 -38.091869 24.257143
v 43.774471 -39.236202 21.353413
v 44.331841 1.421763 19.846624
v 44.415073 2.880147 17.766376
v 44.413391 3.694029 23.315310
v 17.566334 25.352816 55.454330
v 7.860703 17.031776 55.187386
v 13.046982 17.005203 55.554752
v 8.914089 20.207380 55.269398
v -34.998890 42.730087 49.110981
v -35.120201 41.512386 49.003143
v -33.550308 43.196026 50.128750
v 1.766328 -44.429256 36.419659
v 6.785294 -41.545910 38.203693
v 3.240285 -44.287685 35.661087
v -13.155311 3.923437 0.516322
v -11.224554 2.625935 0.413816
v -16.776222 0.605611 0.245861
v -5.491059 6.477036 0.257566
v -34.044697 38.350807 50.587261
v -34.832191 39.518772 49.985905
v -37.421879 40.431835 48.557037
v -35.446888 38.642601 50.377487
v 37.452312 -14.046421 38.166401
v 36.843586 -18.038980 36.490463
v 44.351898 -6.783427 15.601199
v 44.152748 -12.308784 9.715569
v 44.523415 -6.241749 10.226576
v 17.421288 46.526615 23.381109
v 15.721834 46.609341 25.546295
v -28.674625 -20.634962 37.713737
v -31.535051 -19.725510 36.872040
v -24.785358 -18.483906 39.646484
v -28.830259 -18.963276 37.760536
v -24.804296 -19.841040 39.048050
v 2.758083 -45.838131 22.779213
v 0.729976 -45.827358 21.470575
v -17.912493 -21.890543 0.631582
v 27.371483 45.772835 10.355831
v 32.342945 45.926216 8.148061
v 29.517868 45.834900 7.015767
v 33.471333 45.929916 5.278410
v 17.382587 46.080936 53.682537
v 17.261076 46.581039 53.049248
v 44.552376 -1.351411 20.792336
v 44.309174 -5.143243 20.948364
v 44.145554 -1.799488 22.061026
v 1.255285 -44.896465 12.100417
v -1.566786 -44.355000 10.709761
v 0.604157 -44.247173 8.588469
v -35.394978 16.548338 0.335375
v -34.652603 16.367332 0.548661
v -37.275402 14.566423 0.511225
v -41.288956 21.267071 0.318175
v -39.202274 16.005323 0.557886
v -40.755440 18.018631 0.522672
v 26.663967 47.025028 48.400692
v 34.237297 47.171619 48.993114
v 32.500557 47.149651 45.715950
v 36.027103 47.034657 46.615982
v -5.212594 -10.807617 51.027130
v -4.504093 -13.815826 49.551472
v 43.528690 45.562374 28.170515
v 42.892128 46.131783 27.182667
v 25.890535 8.788040 53.593853
v 26.652437 11.341918 53.950558
v 25.370461 12.413543 54.741283
v -35.667473 14.153282 0.708144
v -33.728260 10.974085 0.479701
v -23.460171 -38.341808 4.861273
v -15.181900 -40.530556 2.818956
v -15.714007 -39.167332 2.802748
v -4.736558 42.703941 53.640953
v -2.934127 44.962250 53.274101
v -2.980748 40.684937 53.905128
v 19.998331 46.197624 19.007811
v 26.258116 45.557228 9.823460
v 25.600885 45.838619 7.089844
v -24.398037 -43.632671 27.963070
v -21.496101 -44.589573 25.126530
v -20.364342 -44.187931 27.648548
v -18.555395 -45.073570 25.830212
v -32.773262 11.613815 0.681937
v -28.752356 13.551282 0.193925
v -31.541609 10.799444 0.415542
v -2.648658 38.595718 53.955914
v 24.975700 44.013241 1.695461
v 26.467279 44.613483 1.723552
v 26.432959 45.959209 6.634983
v 25.188461 45.885788 2.139094
v 18.150330 46.914711 29.009415
v 19.954414 46.550121 24.122507
v 22.632351 46.928497 30.714712
v -33.031395 0.467001 52.201542
v -31.134102 1.338893 52.667221
v -34.734322 0.722812 50.958038
v 32.156189 -29.891359 32.152531
v 33.458424 -37.162506 28.557243
v 17.082209 -32.713268 40.428406
v 15.113347 -33.778896 41.707336
v 16.990427 -33.850296 38.483459
v 16.807947 -34.779957 37.048645
v 12.436926 -36.649933 40.339916
v 12.636861 -37.539284 38.721523
v 24.122435 46.804882 32.390167
v -30.586681 15.914786 0.567885
v -33.328896 14.200176 0.520113
v -31.571138 16.950068 0.121077
v -18.869366 17.992443 0.631627
v -21.521116 14.522346 0.400704
v -24.612888 19.154358 0.328848
v 32.492744 -24.908838 32.985519
v -13.344035 -34.478764 1.134472
v 16.661564 45.915607 8.187401
v 16.529316 45.640900 9.357607
v 19.649899 46.051559 10.423460
v 15.930573 45.763577 15.414702
v 16.697334 46.243397 17.554981
v 18.136492 45.661724 13.578391
v 28.218472 -34.199482 1.547058
v 28.296825 -31.258421 1.388229
v 24.863869 -29.463802 1.214641
v 22.271395 -30.336338 1.156910
v 37.633419 41.832798 53.934372
v 39.116383 40.068214 55.299232
v 36.505432 43.799458 51.991005
v 34.582386 42.895710 53.572197
v 37.137871 43.128864 52.846058
v -41.609581 31.995138 0.749450
v -38.908352 29.011972 0.726417
v -40.985409 28.423918 0.456154
v -39.414661 25.695883 0.683228
v -38.046909 23.710625 0.948372
v -40.385834 24.115648 0.349818
v 2.992767 -8.604907 0.335967
v 0.104608 -9.267985 0.232250
v 3.266194 -5.233288 0.497494
v 43.113277 -13.293621 35.524162
v -35.896851 20.731678 0.146689
v -39.696682 21.374382 0.526244
v -38.071339 21.825922 0.414810
v -31.345316 22.520065 0.355195
v -33.817226 21.245905 0.880186
v -34.183311 22.919098 0.508568
v 35.318012 45.404087 50.525444
v 38.001492 43.900726 50.662056
v 18.495796 -23.115412 0.872245
v -39.107616 8.905308 50.132881
v -40.486534 9.786837 49.646900
v -24.163857 15.223863 0.474424
v -26.558205 16.479265 0.370747
v -30.689833 21.598101 0.480436
v -31.768295 19.833868 0.455261
v 30.960676 40.775635 55.845554
v 25.267002 36.917992 55.815201
v 31.500273 43.375938 54.219414
v 28.606949 43.152054 55.511944
v 44.212482 22.406540 19.448185
v 44.547485 21.963146 17.364367
v 44.038418 31.549240 20.172024
v 5.178944 -41.950783 0.965445
v -0.798512 -44.061028 2.061911
v 3.029372 -44.047352 2.522784
v -24.255278 41.702679 0.856719
v -25.960363 34.471386 0.311273
v -21.342033 -31.917875 39.037674
v -25.768837 -34.287468 37.943130
v -22.134827 -33.965149 38.516968
v -22.865376 -32.006950 38.882652
v 31.157347 47.156078 41.480000
v 35.294659 47.002209 43.003277
v 40.505905 47.100525 40.920967
v 36.772045 46.993401 38.958450
v -25.588806 -11.611584 0.716850
v -23.249662 -13.898906 0.459066
v -24.328089 -16.073805 0.413397
v -25.140430 -6.353144 0.351461
v -27.936647 -7.552205 0.582939
v -29.702065 -4.983251 0.475830
v -17.205013 -23.304970 42.389576
v -18.533693 -22.166109 41.324711
v 6.546078 -43.083763 1.467404
v 7.231130 -40.491352 0.965783
v 16.348923 -13.860776 0.889407
v 11.999085 -13.605472 0.633726
v 18.909744 -12.247425 0.753393
v -30.721031 -41.340229 17.975056
v -31.715616 -42.633636 20.314312
v -27.792868 -40.301167 16.783960
v 44.129196 -1.616676 29.929729
v 39.727837 47.032135 41.790157
v 24.429695 -43.100216 1.735643
v 22.404760 -44.674347 2.129521
v 22.294495 -38.003399 1.613576
v 23.938587 -40.422550 1.420050
v 20.921083 -40.899563 1.519461
v -3.316378 -17.651592 46.967007
v -0.860248 -15.511194 48.390720
v -19.884996 -17.868097 0.347512
v 29.918093 1.379162 0.473609
v 30.360605 -1.244964 0.765179
v 28.991259 -0.330697 0.682967
v 31.997341 9.008634 0.663407
v 30.296101 7.331429 0.559948
v -30.057312 -42.852943 21.279530
v -33.230480 -42.976208 24.318281
v -31.359348 -43.305855 22.345819
v -39.790649 32.683105 49.825256
v -40.043724 30.125484 49.680988
v -38.971153 32.321892 50.442272
v -38.955551 33.977242 50.165691
v 14.502291 -44.506046 5.417589
v 17.492882 -44.978992 2.776878
v 22.592823 -43.391510 1.813828
v 20.243942 -44.526249 2.231254
v 20.634691 -43.485928 1.659086
v 30.664875 0.760015 0.858738
v 32.795341 1.742250 0.704115
v -38.440052 -41.133575 15.884511
v -38.783817 -42.206665 18.488262
v -39.969540 -41.994175 18.616461
v 34.409939 1.606578 45.157990
v 35.195801 2.971164 45.363167
v 17.191263 -13.645332 45.919994
v 18.672272 -12.171964 46.471165
v 16.204990 -12.178536 46.751404
v 14.274000 -13.200162 46.682434
v 14.366668 -10.975883 48.502491
v 10.497293 -13.643736 47.736946
v 10.117709 -33.892281 0.730616
v -14.444068 -41.597004 39.227489
v -14.873579 -40.792095 39.585663
v -21.670273 -5.953479 52.342106
v -23.804472 -3.633283 52.568989
v -23.042732 -2.837056 53.380745
v -25.907196 -1.758554 53.026783
v 42.060986 46.599442 40.262081
v 41.715771 46.991913 37.897873
v 42.693802 46.760612 36.775215
v -28.167150 45.273178 49.752003
v -26.915005 45.989746 48.603508
v -28.740479 45.695381 47.417915
v -28.040972 46.044186 47.098148
v -24.908997 45.861141 47.071606
v -22.838108 46.331165 40.085720
v -12.299893 -24.773888 44.749081
v -13.095881 -29.209019 44.301201
v -36.321732 45.803989 1.774002
v 24.731983 -23.116899 1.013219
v 22.324787 -22.434969 1.179309
v 20.389799 -25.437359 1.181907
v 21.866547 -21.091024 0.882879
v -29.782213 45.847000 1.885992
v -27.847483 46.544678 3.719307
v -35.194523 46.711124 2.852554
v -31.308846 45.353302 49.492840
v -32.401760 44.098919 49.964397
v -30.317797 45.786701 47.856823
v -20.113941 -11.563314 0.362828
v -10.553373 -28.731392 45.298691
v 43.280975 35.788612 51.244160
v 43.226669 36.261013 49.875736
v 43.083836 34.911015 49.546326
v 43.130421 34.617039 51.168068
v 43.368847 33.604729 50.070827
v 25.142550 45.078476 54.706333
v 24.608486 42.180454 54.850479
v 26.090876 43.330608 55.221703
v 30.366060 41.788067 55.656174
v 26.454718 42.176891 55.313282
v 24.596512 39.701508 55.340305
v 44.330307 24.603107 21.057539
v 44.241905 22.611551 24.466900
v 44.253048 20.127039 23.273962
v 44.277187 13.905271 28.803726
v 44.035221 8.075824 30.073957
v -10.104602 7.765246 54.493816
v -10.038313 9.968047 54.609959
v -15.356186 3.325025 54.133274
v 19.972809 45.826324 54.085701
v 19.518681 46.680531 53.233028
v 23.445799 44.033859 54.633450
v 44.421318 40.005089 7.927949
v 44.407421 40.594727 9.930429
v 39.745865 0.148453 42.267658
v 42.474545 1.756519 41.284443
v 41.039436 2.416315 42.427361
v 42.736000 3.535456 41.180794
v 44.003464 -21.134254 10.714088
v 43.396935 31.789785 45.980991
v 42.974926 32.794979 47.795601
v -34.201416 -43.150291 24.936514
v -33.160744 -42.491211 27.244118
v -22.696648 41.205250 0.528607
v -22.269176 40.292160 0.689539
v -24.097216 40.784443 0.985135
v -18.311359 43.398090 1.009795
v -21.271795 40.803013 0.904412
v 23.224092 39.850845 55.357834
v 22.453144 41.997501 54.969513
v 21.718380 37.153553 55.642639
v 13.832482 -45.655098 15.721636
v 12.782298 -45.685600 19.007919
v 15.303946 -45.539494 24.356867
v 13.950925 -45.566639 20.598070
v 15.420985 -45.735256 20.095358
v -20.175852 -3.526015 53.551998
v -15.573122 -7.305666 52.362545
v 30.040281 4.402834 50.380257
v 32.513844 8.200270 50.688072
v 28.367886 5.740358 52.844032
v 29.607559 8.979880 53.556957
v 14.521875 27.904936 55.256577
v 13.860641 20.860548 55.396721
v 44.015442 -6.012313 1.538134
v 44.281414 -6.519371 2.290576
v 42.553204 -7.400449 1.217520
v 43.928905 -40.706085 19.219042
v 3.284764 35.966812 0.393366
v -2.174354 28.487608 0.591474
v -2.440589 33.808716 0.548663
v -9.884382 29.334454 0.475934
v -6.432752 26.851011 0.507417
v -9.924178 23.537382 0.296730
v 7.414623 45.749695 10.463655
v 7.237503 46.134430 14.566479
v 38.221420 46.703590 23.434500
v 39.181980 46.708221 19.521593
v 35.213284 46.540909 20.446514
v 35.499016 46.688686 24.301531
v 44.345589 -9.997851 1.972918
v 43.709660 -8.563473 1.476633
v 41.409622 -13.438718 1.709916
v 39.650246 -15.356743 1.765722
v -4.077345 -44.161354 35.855824
v -6.792935 -43.587429 34.084862
v -32.055382 46.707550 11.102083
v -33.917534 46.626564 7.089368
v -38.450413 -36.684658 33.238781
v -39.319157 -38.269020 29.419374
v -38.558308 -42.881012 31.718025
v 8.213046 -3.165227 52.732933
v 31.428848 46.202610 21.097782
v 27.431025 46.547157 25.103615
v -10.920781 46.203068 7.172076
v -10.673197 46.000046 4.155758
v -12.177009 46.380112 5.069054
v 37.543785 -14.168167 1.143442
v 37.793896 -15.498193 1.296259
v -38.224457 -42.884045 30.139297
v -36.527035 -42.840244 28.300964
v 8.894187 -33.395134 44.744278
v 13.441161 -32.125793 43.364944
v 11.010215 -27.690666 45.460419
v -25.517979 45.957691 1.820663
v -26.351149 44.174202 1.748688
v 40.288017 -16.591387 1.511667
v 43.088299 -14.099663 1.504467
v 42.591942 -18.770748 1.921674
v 41.513821 -15.056841 1.574675
v -9.396844 -19.050667 46.318169
v -7.551259 -19.645304 45.641903
v -10.138822 -17.220240 48.265419
v 12.362430 5.326385 55.145557
v 11.757410 7.946770 55.956329
v 15.345142 3.457210 54.812943
v 14.296755 6.426034 56.019054
v -27.035097 -31.947729 37.966839
v -26.063591 -31.750923 38.028675
v -19.541906 -25.667400 0.875201
v -6.906532 -12.243769 50.710220
v -12.474762 41.604206 52.707069
v -13.595159 42.921947 52.088142
v -12.538632 39.439751 52.754444
v -11.933913 45.855495 51.873837
v -12.683738 46.144299 50.841755
v 30.949657 -8.830925 46.748360
v 32.875355 -12.567000 44.061428
v -41.690456 40.989384 39.736660
v -41.865517 39.235203 41.799698
v -0.905957 -21.362711 46.898972
v -2.352814 -23.460831 46.577026
v -12.806518 38.212349 52.835583
v -16.481050 40.165310 52.421787
v -8.659917 32.619755 53.280209
v -14.875793 37.230709 52.714607
v 26.935116 -14.625554 46.205414
v 24.931929 -14.272038 46.631618
v 15.510557 17.748787 55.784767
v 14.497313 14.512410 55.698383
v -43.774197 24.053820 32.855545
v -43.571980 38.513828 3.126446
v -16.788923 45.944214 51.244114
v -18.649590 46.214180 48.920097
v 24.330563 14.595694 55.747345
v 26.265236 -45.898643 5.097491
v 43.940914 42.691860 18.068050
v 43.691269 45.709801 18.509542
v 44.059612 8.776114 1.453424
v 42.672832 9.345088 1.020087
v 37.538551 12.402216 0.478332
v -19.085882 45.988777 47.790871
v -18.302568 46.054939 45.456543
v -19.870237 46.306385 40.135605
v -1.522633 37.287384 0.617424
v 1.089352 37.938362 0.572906
v 6.520289 38.874710 0.813609
v 4.985695 37.641682 0.587309
v 5.632714 39.022297 0.640715
v 16.376268 -45.622456 17.890581
v 17.105818 -45.324207 15.194065
v 40.296654 5.242682 1.271304
v 40.376240 3.844945 0.794560
v 38.262226 2.288995 0.973426
v 38.528580 -0.682209 1.617648
v 7.147818 2.172247 54.438427
v 8.958406 3.227479 54.611778
v 43.004242 42.932789 43.850956
v 43.628597 41.791897 43.435696
v 43.501495 38.799419 44.393337
v 43.948738 6.665831 1.178062
v 42.378006 2.678389 1.041492
v 43.614117 4.056267 0.979477
v -26.309155 46.982105 22.782915
v -18.514534 46.985943 23.388773
v -23.717888 46.744095 16.968746
v 10.158213 7.679047 55.735523
v 11.353192 38.285419 0.541601
v 7.050547 37.523716 0.695628
v 9.956040 39.588772 0.631232
v 7.954320 32.112179 0.491289
v 3.733515 30.079584 0.493392
v 1.586976 31.373760 0.415029
v -32.308430 13.028073 0.758237
v -28.517178 14.815929 0.559314
v -30.209806 13.581656 0.315000
v -26.388832 13.915680 0.637974
v 43.693150 40.895695 44.496746
v -42.721508 -17.521574 6.940709
v 24.138672 -45.173946 2.779833
v 28.850393 -45.449699 2.776581
v 25.218252 -44.667412 2.339474
v 27.025177 -44.965126 2.542523
v -19.213287 9.493423 0.410642
v -22.472332 9.778316 0.347000
v -24.075747 12.937869 0.204340
v -25.562189 12.596523 0.540090
v 26.199436 -41.530506 26.960901
v 26.093540 -43.770977 25.206482
v -17.147943 46.824749 28.576815
v -16.461918 46.711460 31.996170
v -23.727365 46.944935 27.440493
v 44.561253 7.814015 10.040530
v 44.353020 10.108592 10.019898
v 44.456963 20.182632 13.021994
v 17.825943 -44.524769 25.861641
v 18.980160 -41.226925 27.868917
v 15.207373 -41.331493 28.710276
v 20.843607 -43.141964 26.407440
v 19.605633 -40.599884 27.974401
v 1.793875 -27.320633 46.676571
v 0.781356 -30.302647 46.313965
v 5.197803 -45.112507 13.027519
v 6.505878 -45.699825 12.961216
v -26.198999 9.091262 0.461052
v -29.688763 8.167572 0.478292
v -25.162621 11.262849 0.272624
v 14.303956 -39.136765 32.715591
v 13.990595 -39.672081 31.532692
v 15.314966 -39.432190 30.525915
v 18.732929 -39.509613 28.493362
v 17.215347 -38.981071 28.994984
v 14.518573 -40.363831 28.676949
v 29.446985 -45.924736 22.412201
v 32.637009 -45.673470 21.504938
v 30.830992 -44.348839 23.440660
v -38.311111 -43.065178 20.212938
v -37.302338 -42.093784 18.151381
v -18.156485 46.608765 33.367580
v -16.542213 46.764393 33.283226
v -18.083275 46.144924 31.960918
v -16.775274 46.563656 36.575737
v -43.603313 12.007627 11.709124
v -44.044559 17.109659 9.479890
v -44.030682 14.360616 7.118448
v -43.816750 15.133646 3.670798
v -32.080956 -10.253746 47.962086
v -31.305340 -7.438823 49.638691
v -29.226362 -7.061620 50.616982
v -29.668011 -6.454416 50.256142
v -42.513523 17.090645 1.161379
v -43.091496 14.933208 2.406556
v -19.675966 46.636494 30.224855
v -17.994541 46.419518 30.772522
v -21.046505 46.788830 27.373140
v 43.549000 -23.320206 15.445107
v 43.739735 -24.008448 14.731350
v 43.618900 -20.954197 13.595544
v 43.501442 -26.088083 8.720241
v -2.600353 -41.978031 1.056842
v -2.555122 -43.330181 1.365671
v -3.534087 -42.352169 1.201506
v -6.998228 -42.063541 0.629298
v -10.312925 -39.873112 0.718255
v -31.624474 -3.579966 50.645023
v -32.826923 -6.588526 49.044296
v -30.845201 -4.691519 50.195999
v -18.442356 46.696602 28.672533
v -17.367607 46.737621 30.677673
v 0.121766 -43.089149 1.177541
v -2.048133 -43.401817 1.117489
v 0.693709 -44.060848 2.025883
v 1.366844 -43.633221 1.295740
v -38.184620 17.360500 0.541420
v 19.648336 -27.432632 43.236134
v -11.448256 -34.463905 44.424629
v -11.047487 -32.489864 44.944771
v -12.236928 -30.900023 44.427227
v -12.024583 -27.315365 44.587109
v -11.010281 -42.187973 2.880853
v -7.842807 -43.447662 3.743698
v -8.188076 -43.239655 1.601097
v 27.361925 24.276148 0.577289
v 30.271044 24.244083 0.604825
v -43.179890 28.418673 1.232284
v -41.883114 26.054359 0.543226
v 7.137530 -40.122898 40.346882
v 10.564279 -38.749512 39.236099
v 44.288708 25.769653 24.683582
v 43.653519 -22.922478 10.901486
v 43.304157 -28.078974 8.424702
v 43.964230 -19.369482 11.239820
v 44.142719 -14.546671 8.919600
v -20.609718 -30.278028 40.013821
v -43.172169 28.348276 44.850941
v -24.776676 -30.906057 3.326193
v -21.875919 -31.782652 2.609481
v -25.365696 -33.791775 4.316680
v 3.583107 -15.270738 48.257908
v 2.997762 39.043961 0.531682
v 4.860453 34.990093 0.643333
v 6.357661 34.062401 0.672377
v 4.705900 33.260880 0.310916
v 7.507671 6.579328 55.734135
v 3.145714 6.960727 55.551579
v 44.592941 7.023839 13.692857
v 44.342686 14.583676 14.553659
v -8.099056 43.166405 0.726121
v -10.086045 45.039639 0.699359
v -9.241955 41.806374 0.642005
v -7.021646 40.532333 0.549318
v -6.524011 37.198605 0.739710
v -9.644562 4.191161 0.527789
v -10.721971 6.374379 0.524139
v -24.747877 -37.734558 4.812092
v -5.265900 30.269545 54.011147
v -2.049320 30.663958 54.320591
v -6.157660 31.960880 53.574852
v -0.155358 27.127470 54.677250
v -4.797567 28.529142 54.211479
v 44.524506 16.079971 17.319969
v 44.694508 13.111436 17.858749
v 44.200638 14.917284 18.701139
v -7.759279 -37.933060 43.861942
v -9.844038 -36.251366 44.498825
v -2.305121 -37.542694 44.375278
v 15.241832 -5.588972 53.083607
v 16.456003 -5.145479 53.101933
v 40.811714 33.091419 55.598160
v 42.459419 32.631756 53.793476
v -18.612738 -41.573402 18.959354
v -16.686909 -42.755882 19.252529
v -16.592058 -43.689072 21.718227
v -15.205906 -43.993034 21.515991
v -37.461449 13.520456 51.976486
v -37.284744 15.275894 51.455750
v -38.773880 13.970026 50.589153
v -24.306334 -41.408276 33.709831
v -23.640905 -41.979721 32.762413
v 9.549500 36.940445 0.492916
v -42.806366 -35.435944 16.296524
v -42.580627 -34.760300 14.880397
v 39.928062 36.903702 1.498759
v 38.321499 35.710136 1.104941
v 44.344975 5.034868 25.070412
v -44.503567 35.208504 16.199600
v -42.051674 -32.557343 15.251282
v 44.346066 4.532334 19.062897
v 44.161526 6.427765 19.022366
v 44.629944 7.669707 17.757568
v 27.482346 3.077429 52.005360
v 29.739830 5.219822 51.439301
v -38.919472 29.038704 50.468430
v -39.850147 28.868372 49.747131
v -38.227402 30.646555 50.715862
v -37.052773 30.654552 50.671062
v -35.053951 33.490372 50.918926
v -5.493638 22.362598 54.477592
v -8.084068 22.276825 54.279564
v -5.877913 16.017929 54.752834
v -19.259829 -40.078377 6.549151
v -23.573389 -39.519955 5.493968
v -20.129749 -39.671810 4.963184
v -43.168591 15.445476 43.716072
v -42.978512 19.828770 46.146133
v -43.426941 27.031643 43.890446
v 35.788448 6.908423 46.720615
v 40.479935 9.337386 45.295246
v 39.673988 11.917926 46.925266
v 40.741020 13.121576 47.255066
v 38.288254 13.630274 49.290684
v -6.689734 45.533604 1.314974
v 2.145912 -6.022687 52.091854
v 1.519525 -1.609080 53.751297
v 0.101483 -3.074694 53.005360
v 41.092445 14.244510 48.272232
v 40.391296 14.960558 49.326790
v 39.115078 15.019084 49.969280
v -9.492141 -33.417603 45.449696
v -29.762543 28.525856 52.117096
v -31.343569 25.134418 52.179905
v -32.462341 31.742001 51.537090
v -35.388958 30.076138 50.883499
v -34.056423 29.647297 51.390484
v -42.778946 24.884733 48.111984
v -43.270775 26.885313 46.577942
v 14.368909 38.435425 54.828304
v 10.751273 36.878414 54.744980
v 34.058880 46.676140 33.561443
v -18.814093 45.990688 51.265514
v -20.008549 45.639095 50.869892
v -19.342167 45.232361 51.733036
v -15.673085 45.621578 51.603016
v -42.040180 5.207363 43.738224
v -42.597324 9.671504 45.056149
v -42.850540 10.757790 43.097034
v -42.849827 10.763818 40.186378
v -24.370001 -44.362358 24.869944
v -3.290777 -27.850359 0.542664
v -5.788282 37.631927 53.178238
v -9.856280 38.091747 53.286003
v -9.143515 36.465160 52.993263
v 39.171635 -46.897873 16.812805
v 40.531460 -47.030685 13.400645
v -40.464848 -42.415745 20.051508
v -39.441757 -43.019802 19.828407
v -9.054866 46.596302 19.712818
v -6.466776 33.576588 53.615047
v -7.961276 34.488167 53.190540
v 0.823769 -44.156357 6.437198
v -2.684960 -43.328659 8.005964
v 22.908855 -4.583537 50.893139
v 21.766659 -4.698452 50.970978
v 20.666004 -3.601938 52.034218
v -42.719975 -12.906961 6.672510
v -42.620510 -11.562811 4.107425
v -42.574848 -12.936728 3.694640
v -41.941811 -12.680404 2.236416
v -8.611887 46.806023 24.145937
v -7.542347 46.460316 20.676641
v -5.594926 46.800388 25.179594
v 4.188089 -44.453739 9.367675
v 12.604394 11.356491 55.661964
v 11.909494 9.256769 55.993904
v -25.256243 -6.548948 51.517975
v -27.354422 -8.006389 50.928322
v -4.627465 46.638100 33.783714
v -6.682607 46.502243 35.642563
v -41.883705 -8.796985 1.516728
v -42.276623 -10.834254 1.871562
v -40.431610 -6.967965 1.150783
v -38.620773 -10.656042 0.779600
v -38.258278 -21.236122 1.914591
v -36.584587 -21.464487 1.306138
v -10.408699 -42.505894 39.480080
v -9.074221 -43.178883 38.558529
v 35.432751 -45.830822 2.639534
v 41.116684 -45.020504 3.247393
v 39.052006 -44.521988 2.633801
v 41.841179 -43.434868 2.843913
v -40.584087 45.840420 37.728764
v -43.160892 46.232456 27.169535
v -42.595459 5.939629 37.744789
v -42.288589 7.160147 43.867516
v -39.823402 -19.850033 1.612428
v -38.410412 -16.521317 1.390750
v -37.214622 -18.629576 1.223054
v -33.653709 46.984150 2.959186
v -33.250740 46.763546 4.015896
v -31.318829 46.417767 2.485359
v -32.175854 46.227692 1.939298
v -8.912855 46.867046 29.213596
v -6.842447 46.638184 33.752491
v -43.490105 15.807197 33.043495
v 15.281464 45.699764 11.125854
v 14.148889 46.175724 15.353321
v 15.442480 45.876522 13.787313
v 44.124939 35.734741 18.836203
v 44.213299 33.330086 21.744221
v 44.251240 36.637035 22.360811
v 44.038403 37.154419 18.880007
v 44.064453 37.365387 22.683212
v -27.942648 26.898172 52.427620
v -20.053228 18.859886 53.395309
v -22.363031 23.491211 52.951641
v -33.566639 -28.951662 36.867596
v -36.137016 -29.091236 36.484951
v -35.620583 46.747643 7.138568
v 12.156350 46.225723 14.105704
v 14.644156 46.198708 13.820524
v 16.546505 45.814243 11.985881
v -37.348850 -35.971302 35.572052
v -38.239483 -37.862324 35.348904
v -38.781998 -42.488655 33.449467
v -38.519020 -39.747044 34.888130
v -39.020306 -40.578415 31.847553
v -35.764603 46.732662 9.616839
v -33.841301 46.560501 11.498243
v -33.878914 46.473629 8.451831
v -39.577892 46.512760 11.015450
v -37.579166 46.578270 11.570474
v -26.869394 30.554165 52.080482
v 43.980495 32.215218 36.975487
v 43.826080 31.099657 35.249199
v 44.018505 34.973213 30.167322
v -43.589424 18.950745 36.253796
v -43.747761 22.406126 35.400433
v -39.165340 46.484234 8.164487
v -43.437447 45.822628 9.210583
v 43.696568 35.816864 25.667826
v 44.094109 35.027363 26.584747
v 44.128918 39.421539 27.518974
v 10.483155 43.333435 54.041138
v 12.562932 41.538322 54.139065
v 11.253531 39.045067 54.464535
v 39.588173 -12.912478 37.344643
v 43.901279 35.357143 23.927767
v 44.046680 40.428444 25.880037
v 43.890228 38.218323 25.536568
v 44.030128 38.108829 23.900467
v 32.619205 6.000247 48.840893
v 17.506029 39.963032 54.643841
v 14.422126 40.854671 54.577740
v 14.915560 40.216160 54.459457
v 15.633945 41.775257 54.512985
v 39.838810 -47.171619 9.749033
v -34.670181 -40.752872 34.677147
v 39.016178 44.793449 47.312202
v 42.348965 4.336865 1.119677
v 40.635380 7.585067 0.837928
v 43.748020 -16.161919 11.665000
v 44.121552 -12.748547 13.754889
v 35.203899 46.141411 9.626363
v 30.394571 45.783768 12.124075
v 37.998413 47.009422 44.966087
v 33.558662 3.579785 46.063522
v 35.489017 4.096712 45.441422
v 32.222424 4.970568 48.283382
v -41.304745 -41.249428 17.718124
v -15.167975 -14.546378 50.957249
v -18.460358 -14.167854 50.110146
v -19.833437 -15.587175 47.261292
v -21.526997 -13.943439 49.525764
v 30.881243 24.521797 56.317833
v 28.269835 31.503679 56.175785
v 43.826817 17.490856 47.584476
v -34.946091 4.323435 0.404293
v -21.717255 -16.354380 44.696785
v -20.417139 -17.850615 42.052101
v -23.061890 -16.640038 43.861855
v -22.633223 -17.270363 42.129864
v 43.033802 -18.060148 33.749626
v 43.182358 -16.286093 34.193657
v 41.202511 -17.468838 34.596821
v -1.855650 46.240028 8.582390
v -4.277689 46.072517 8.755503
v -32.243458 -15.961194 41.299210
v -29.906094 -17.014938 40.371769
v -30.582209 -19.213293 36.862438
v -3.641060 37.828148 53.442684
v -6.240050 35.809563 53.567276
v 40.161587 26.028027 55.720924
v 35.187241 29.033463 56.473129
v 20.615936 13.147612 0.313850
v 18.323580 10.367595 0.158829
v -31.627346 -17.291706 38.086365
v -32.151688 -18.251810 36.919849
v -29.536608 -18.807285 37.340313
v 40.136505 35.270882 55.683868
v 44.191803 0.110087 23.938038
v -21.672932 -15.552497 45.631233
v 37.588264 -46.041691 20.257198
v -41.601826 -0.165044 0.922559
v -41.726017 -2.839857 0.773887
v -42.468441 -2.495924 1.273585
v -30.395102 -17.113792 38.933243
v 20.777718 -38.687683 28.757933
v 43.208241 -46.804462 7.077315
v 43.429962 -45.195492 5.777662
v 33.997700 14.169926 53.675945
v 30.144859 13.344982 53.996021
v 31.695049 11.498018 53.339481
v 32.793221 14.576976 54.361332
v 36.309959 -42.441235 23.944696
v 36.242767 -39.972775 26.148144
v 40.739582 -26.626797 1.921118
v 38.983879 -26.201475 1.885547
v 37.858192 -23.868347 1.587192
v 44.425419 20.494333 1.818517
v 44.596840 22.290716 7.865495
v 44.664143 22.564373 4.414790
v -3.655681 46.397484 11.457316
v 32.989246 -23.439062 1.522637
v 37.675854 -23.421240 1.810656
v 36.063942 -24.428831 1.451794
v 37.222485 -27.411299 1.672975
v 35.936119 -28.022472 1.726380
v 35.790047 -38.522728 27.228844
v 37.201611 -40.884167 25.015272
v 43.447311 -34.722084 11.015062
v 43.240208 -33.954762 3.744949
v 44.745617 14.790001 1.497784
v 41.214088 11.214974 0.706854
v 34.522991 -30.859426 1.733978
v 26.647762 -26.843050 1.117828
v 26.794540 -22.414762 1.097970
v 8.273439 45.955669 19.644772
v 10.056717 45.972450 20.959305
v 9.363394 46.160561 16.950853
v -23.080311 46.629990 7.826773
v -40.427383 -29.003355 5.906854
v -42.617615 -39.474728 17.835409
v 16.822739 46.190491 7.133687
v 4.476802 -44.465305 33.088936
v -6.374244 45.244564 52.924221
v -5.390110 46.423912 51.720757
v 34.593414 -8.447958 44.723324
v 34.076298 -7.294793 45.379440
v 31.639204 -7.433040 46.941704
v -8.528862 -42.735176 0.815147
v -10.227741 -41.722363 0.943861
v -12.275579 -40.164841 1.546581
v -4.694218 32.249592 0.457623
v -11.051354 38.689610 0.741298
v 31.006208 -4.294278 47.741119
v 39.390636 37.909142 55.816391
v 22.646090 44.483242 54.770493
v -33.456520 45.500763 47.599640
v -33.797356 44.559921 48.751385
v -29.896526 45.825436 44.211971
v 41.523708 38.857944 1.972150
v 43.215656 43.590416 6.775063
v 43.835056 41.884758 5.648700
v 33.873272 -14.859907 39.639980
v 33.778847 -14.276561 40.907673
v 35.374409 -11.565948 41.033909
v 34.339745 -12.216923 42.287773
v 11.312045 -42.637722 30.737913
v 8.259687 -44.851860 29.657059
v 9.528658 -44.116020 28.987047
v 9.510170 -45.424950 25.928093
v 10.484154 -45.781235 22.763144
v -28.964125 45.986347 44.313229
v -33.009499 -33.029404 5.905721
v -32.915340 -35.515244 6.916087
v -40.270699 -14.714369 22.906822
v -40.369541 -19.647234 22.640787
v 11.332892 -43.391335 29.016407
v 12.434396 -42.724865 28.937531
v 13.048205 -40.904026 31.080486
v 12.048593 -44.335129 28.270353
v 19.367311 46.284256 22.902447
v 15.952250 46.261017 18.612545
v 40.387871 42.992649 3.436466
v 42.474911 42.456409 5.095517
v 13.516568 -41.165676 29.340969
v -9.061830 36.303780 0.537058
v -3.459883 28.187399 0.537989
v -7.185801 31.616190 0.502736
v 1.092774 -11.255850 51.103344
v 4.088410 -12.113805 49.824860
v 1.039805 -9.964728 51.530193
v 37.661808 6.409317 0.935118
v -25.677835 14.942087 52.965839
v -30.018471 11.815567 52.960526
v -19.926718 15.251065 53.406300
v -15.344995 -45.012562 26.177425
v -12.970502 -44.714973 28.232878
v -8.373636 -45.964790 26.112181
v -11.528148 -45.192017 28.082678
v -7.708055 22.219490 0.208963
v -5.019632 20.178415 0.338212
v -7.648301 19.436861 0.457522
v -5.061491 25.303787 0.678288
v -13.486759 45.746048 51.952908
v -12.618605 43.950268 52.640656
v -42.415451 -31.608606 8.705638
v -3.079674 1.967740 55.350174
v -1.054389 1.991110 55.143063
v -1.777798 5.636920 54.945385
v 0.800540 9.071903 55.345333
v -1.837324 8.243924 54.953762
v 16.579487 3.764201 0.091099
v -14.183501 -43.828938 29.795277
v -11.801020 -44.160751 29.654757
v -10.553292 -43.669987 31.022995
v 43.353497 -41.348129 7.115882
v 42.861771 -40.877338 4.437379
v 43.455433 -39.179165 10.174932
v 41.174465 21.362825 55.420486
v -40.459343 -3.946724 46.551186
v -40.266109 -6.244571 45.424744
v -38.966919 -4.718995 47.021297
v -15.735133 -28.353424 42.796257
v -37.028198 -6.804474 0.777418
v -28.463602 -18.301289 38.683670
v -37.778603 -6.461766 47.070877
v -3.589846 1.034220 55.214558
v -5.517177 -0.016280 55.049500
v 43.618351 44.704948 8.998646
v 43.624836 44.996235 11.424285
v 23.676580 -46.342697 22.732437
v 25.693510 -46.192490 21.671106
v -24.135700 38.165455 0.632661
v -26.932362 38.171684 0.554000
v -27.112736 33.996132 0.677773
v 23.763178 45.503254 54.396809
v 22.783194 46.379883 54.004719
v -0.099178 -42.745396 39.998482
v -43.198982 10.549017 34.638783
v -43.190819 10.327589 28.470474
v -27.622034 38.010529 0.935776
v -29.589321 37.910923 0.959364
v 4.869867 46.748390 48.245708
v 2.923668 46.544159 49.532841
v 26.497383 -4.657228 49.046822
v 24.709063 -4.307144 50.375904
v -33.932686 25.304367 0.336705
v -10.516180 -44.326843 21.056263
v 40.206478 21.682045 55.939270
v 40.904263 23.283417 55.838486
v -0.044420 46.689922 51.695015
v -2.898933 46.579960 50.834686
v -1.997051 46.779495 52.363937
v 0.212283 46.449596 53.172562
v 3.051565 46.402649 52.912403
v 3.186726 46.696899 51.867455
v 27.498217 -5.348607 48.267311
v 36.368721 46.915199 27.073792
v 35.057106 46.409050 27.283945
v -37.476437 -8.695153 0.868121
v -36.449474 -12.093842 1.030976
v -29.092720 22.818329 0.365054
v -37.420601 27.862514 0.374240
v 5.731924 46.738823 53.217361
v 5.420526 46.229088 53.769188
v -36.463482 -7.857305 1.076665
v -34.878922 -11.379352 0.861296
v -42.686581 -26.316145 12.134441
v -42.844589 -24.255259 9.608340
v 17.327564 -43.349819 1.699438
v 15.730011 -42.618580 1.547354
v 14.653095 -41.802532 1.257451
v 16.159727 -44.348152 1.687693
v 21.958130 1.929597 0.716118
v 18.851793 3.205543 0.563519
v 23.863371 2.540084 0.556694
v -30.396666 13.959416 52.923508
v -39.480942 33.288357 0.751970
v -37.153778 29.794273 0.601255
v -38.165974 30.075071 0.831205
v 9.155766 44.810375 53.885567
v 9.640182 43.818336 53.760548
v 7.538640 43.919678 53.976231
v -37.117886 42.917805 47.274197
v -36.725533 41.984619 48.202728
v 20.258858 -39.639164 1.559873
v 24.769218 -30.642372 1.364720
v 22.941977 -35.836643 1.381583
v 41.997292 46.748943 16.056843
v 40.894016 46.787098 14.068131
v -44.521214 39.843777 32.175056
v -44.550484 34.566544 27.928341
v -44.453144 40.522964 34.067711
v 44.277466 23.138496 26.907265
v 13.179003 46.706161 52.889191
v 14.302643 46.401390 50.898293
v 17.786152 46.518963 51.329422
v 20.038221 46.773972 49.821480
v -6.487172 -29.316565 46.177856
v 17.909235 -36.556705 1.241145
v 15.310513 -37.401051 1.141217
v 14.587154 -33.421047 1.112868
v 11.641881 -37.839149 0.908826
v -34.405312 -37.639442 8.541195
v -34.047352 -36.142406 7.456613
v -32.147850 -37.594627 7.666208
v 44.047634 19.317308 26.882048
v 44.164742 17.672550 28.192274
v 44.253876 18.013767 29.954153
v -38.524529 13.186416 51.284855
v 13.567315 46.573689 51.108616
v 14.361811 46.627640 49.858028
v 10.703911 45.993629 53.947624
v 10.971660 44.849518 54.006863
v -0.754806 -36.055901 44.974045
v -0.799908 -32.093754 45.855724
v 44.231075 25.830425 33.461990
v 44.168549 24.962835 30.442959
v 43.983883 28.969297 32.596272
v 44.190994 21.387983 31.716406
v -42.182079 33.305984 1.105654
v -4.172459 -36.452030 45.101501
v -43.222115 3.567371 5.546309
v -43.698910 44.879559 7.387385
v 44.219273 -3.736719 26.649517
v 43.963173 -6.450594 24.359541
v 44.692417 10.158417 17.348219
v -0.849473 -46.178486 21.905361
v -9.071918 -4.586110 0.397428
v -10.817773 -24.878231 44.364559
v -17.834085 46.751682 26.671148
v -16.075583 46.605640 24.018612
v 44.625435 5.565536 10.380705
v 44.663216 -0.844590 8.476485
v 43.467350 -7.910763 35.168179
v 18.523809 46.557503 50.107887
v 14.421318 46.607315 46.935829
v -43.752026 31.009733 41.204506
v -39.238045 -10.300920 38.191856
v -38.404285 -13.315314 32.798683
v -39.160275 -10.672578 32.355900
v -39.678547 -10.742700 28.800230
v 29.050322 18.280972 56.092621
v 43.977940 19.475325 32.419804
v 43.827381 14.048147 37.288044
v 43.979885 19.240126 36.500034
v 44.353539 40.870838 5.811258
v 44.001293 39.796989 4.363052
v 44.512318 39.354134 5.443330
v 27.980665 9.988765 0.264034
v 23.863316 16.034769 0.434668
v -39.395542 -13.088140 27.977242
v -40.029358 -11.074144 24.796953
v -39.724041 -14.158677 25.166449
v -42.189175 22.532587 0.435145
v -18.569756 46.872898 27.216553
v 28.383987 -26.959665 34.183342
v 29.096672 -28.862335 31.992512
v -34.322342 -35.123650 36.082619
v -33.238945 -40.936279 34.115536
v -33.526237 -39.128281 35.749966
v 19.745850 46.406113 21.206062
v -31.129658 -8.768482 49.380432
v -28.371471 -7.080050 50.968998
v -29.136860 -9.987412 49.739277
v -17.533712 -44.889671 24.949949
v -27.636778 46.895798 26.039997
v -28.788136 46.823864 18.662855
v -26.724007 46.896965 18.459528
v 18.511818 -18.999792 46.348667
v 15.269130 -20.346830 46.265755
v 18.422451 -21.636387 45.702164
v -31.394806 -41.945560 32.477844
v -31.349380 -42.396084 29.994892
v 43.916031 -18.508282 2.581212
v 43.883797 -14.745532 2.023407
v 43.803261 -42.298958 18.019394
v 43.692123 -39.551167 23.774839
v 43.195419 -41.114666 21.395666
v -11.316133 31.828773 53.304413
v -6.685449 30.707800 53.692772
v 43.144035 -25.254236 2.840880
v -25.735340 4.173884 53.109474
v -24.812063 0.074254 53.227394
v -25.355659 -4.033806 52.053093
v -5.773777 46.566628 48.163010
v -8.396181 46.419548 43.347107
v -8.960855 46.378426 45.951344
v -14.153172 46.359612 41.951828
v -9.075627 46.498184 41.132603
v -12.730528 46.619488 37.932964
v 4.510201 43.067135 0.656289
v -6.447751 -46.274792 25.382309
v -16.463980 -2.777103 53.940872
v -18.834538 1.278672 53.685429
v -21.265890 -1.777411 53.211639
v -0.525365 46.467335 40.768608
v 1.462583 46.553898 42.581463
v 2.314878 46.627083 39.399422
v 5.768511 46.608562 44.989891
v 27.482565 10.338160 53.523781
v 29.007381 10.991784 53.672215
v 28.727951 12.265411 54.084900
v -17.290689 38.378372 52.341530
v -19.081984 32.720238 52.528481
v -27.089911 33.777435 51.800201
v -30.193560 35.241699 51.505325
v 13.627884 -44.958481 10.201021
v 13.298739 -44.510124 4.028324
v 30.721788 10.850882 53.494621
v -29.506882 33.744297 51.463696
v -32.326160 35.066853 50.981613
v -31.034948 33.119102 51.575745
v 42.699268 11.052718 44.473015
v 43.446339 11.721861 42.715343
v -16.813358 -4.388572 53.088242
v -18.226866 -3.481090 53.426060
v -18.566675 -2.021527 53.624287
v 12.612764 -44.856873 6.775450
v 14.906578 -43.988533 2.056217
v 42.677044 5.558092 41.592480
v -14.632679 -2.834021 53.833069
v -44.674278 41.645905 32.891369
v -44.396320 40.470345 29.621201
v 11.640893 33.317162 0.682574
v 31.957731 -13.013350 44.621162
v 33.641575 -10.039320 45.496407
v 44.251461 44.346283 29.797052
v -6.582505 -5.920667 51.544510
v 36.073566 45.502396 2.703723
v 35.028564 45.657726 4.078011
v 42.565868 -5.753760 38.434067
v 40.597878 -3.856090 40.244965
v 38.196701 -6.805094 40.535648
v 43.221935 -2.005455 36.789814
v 42.375854 41.137840 49.492355
v 10.832369 28.768970 0.353687
v 27.591272 43.698265 1.216197
v 2.721124 -44.345882 9.850806
v 4.235266 -45.071579 13.659918
v -38.729927 -10.840994 35.251503
v -42.500530 42.593040 36.993702
v 25.610125 15.905386 55.673115
v 19.020153 -30.279377 41.271236
v 20.326939 -28.057137 42.143028
v 18.384047 -29.840746 42.788269
v 18.520050 -31.790005 40.112415
v 19.646244 -32.051666 37.625553
v -1.383722 -17.916817 47.234585
v 22.364395 -25.677818 42.706882
v 24.802225 45.474869 12.218609
v 26.808233 45.523087 14.393208
v 6.196809 -15.406734 47.716358
v 9.002894 -14.962684 47.156078
v 8.175451 -16.076826 47.024273
v 10.008039 35.571861 0.515354
v 10.650017 33.830238 0.827000
v 6.152361 35.980995 0.713543
v 7.339250 36.548561 0.364322
v 43.615364 -27.715826 12.228834
v 43.623638 -24.263815 13.080192
v 16.662224 -14.161456 45.538593
v 12.916777 -2.027329 53.258144
v 11.464055 -1.220420 53.390507
v 0.979604 28.052732 0.345415
v -1.457462 24.064699 0.536183
v 35.131126 -8.327313 1.094976
v 31.448633 -2.224599 0.828067
v 32.828365 -0.240401 0.805372
v 6.173021 -30.889318 45.668247
v 3.767974 -27.516859 46.446556
v -38.256268 -13.781812 41.509125
v -36.033119 -14.429815 43.302788
v 44.855202 5.630410 2.243996
v 44.207642 4.617583 1.313382
v -41.784988 1.249401 47.984657
v -41.698078 4.146994 48.809792
v -41.168125 3.372341 49.221531
v -40.318508 4.887096 49.220097
v -1.523803 -1.601055 53.331234
v -0.218495 0.177108 54.478188
v 44.327606 -12.655012 7.535732
v 44.470654 -11.652444 6.045607
v 44.178707 -14.785547 4.637991
v 42.837769 -36.266960 2.721172
v 42.681858 -39.324265 3.184902
v 42.244373 -41.170509 3.045295
v 43.924213 38.456833 19.851429
v -41.735680 -8.265449 16.851473
v 16.590437 -37.538471 31.814085
v 14.569459 -38.489292 33.153236
v 19.531477 -34.217400 34.181595
v 16.683136 -35.936169 34.454178
v 40.806358 -41.175648 2.698892
v 18.706196 -13.255969 46.062294
v 30.298471 -19.834682 40.001041
v 33.075737 -17.673870 38.276741
v 15.054564 -36.412781 36.566330
v 12.981787 14.642285 55.373665
v 29.599236 -21.361248 38.997440
v 7.685009 20.263119 0.241399
v 13.857465 12.903525 0.351920
v -1.047128 -0.253749 54.139580
v -21.676613 -43.165905 31.797974
v -22.898325 -43.382813 28.865416
v -19.113188 -43.697712 30.594517
v 33.884029 23.079964 56.237602
v 33.908844 21.749392 55.587212
v -40.501564 29.233992 49.480488
v -42.230892 28.158869 46.583138
v 6.423640 44.889286 1.026281
v 7.473945 40.163628 1.016837
v 4.905120 40.646553 0.696442
v 6.000962 42.394321 0.670573
v 15.345725 22.858477 0.403700
v 5.902332 -18.940950 47.011219
v 6.823960 -17.393858 47.082470
v -43.382423 29.742325 43.470741
v -44.352192 18.758352 6.567508
v -44.020683 19.479612 5.467293
v -44.117668 16.018951 5.802368
v -31.631842 46.366951 42.374523
v 7.213249 42.833820 0.916632
v 13.363538 44.865974 0.805774
v 9.438930 42.546528 0.954385
v 10.286977 44.099045 0.948732
v 43.468243 -19.393686 27.910742
v -44.048409 23.117844 6.896910
v -40.354904 -8.306337 25.845055
v -40.852901 -6.202373 25.983416
v -41.452003 -5.932012 24.560457
v -41.359192 -4.575995 24.956484
v -42.177757 -2.400165 25.832960
v 18.291235 45.303471 1.187967
v 14.685266 45.819469 1.544488
v 6.820656 -18.947081 47.126400
v 4.619294 -22.225517 46.359581
v 20.974474 44.114098 1.432717
v 21.164566 41.936520 1.446742
v 22.167105 42.251179 1.264444
v 42.100246 45.807583 41.500698
v 43.365551 44.322140 40.855999
v 42.537197 44.930691 41.604092
v 41.465305 45.052071 42.372608
v -43.573704 13.974834 32.413692
v 21.693554 44.815166 1.586229
v 23.477707 45.572994 1.579365
v 43.066040 0.057612 37.317783
v 42.899971 -3.186890 38.322372
v 43.089527 -6.774304 37.083210
v -39.370117 -14.018722 1.471574
v -41.542217 -16.151751 1.748383
v -39.988644 -16.428364 1.318101
v -42.125858 -30.865736 13.987318
v -40.997639 18.190676 49.786690
v -40.977684 21.213495 49.124554
v 44.061409 24.923658 36.566296
v 44.176327 20.886887 33.190144
v 44.102859 24.648922 29.644373
v 35.382618 -8.782001 42.812798
v 36.926014 -6.448137 41.831367
v -39.454018 20.206438 49.617458
v -14.268538 45.960049 51.119247
v 43.822796 16.885807 33.426937
v 43.838642 19.619730 33.611996
v 1.808237 -44.406204 4.155232
v 33.334457 -12.993792 42.418831
v -40.650303 16.140987 0.858442
v 9.375148 -44.762894 28.470943
v 24.710115 -34.894852 30.274523
v 27.045835 -35.468735 30.100655
v 26.421274 -33.638809 31.018791
v 28.156754 -34.235615 30.460688
v -41.809052 -1.262942 39.745087
v 29.981253 46.880253 51.715500
v 32.883636 47.109768 50.318130
v 32.829258 46.249722 51.518097
v -11.367136 -17.964579 46.566021
v -11.788638 -19.606014 45.307941
v 43.870884 18.354170 35.546425
v 43.552200 18.944242 33.477287
v 18.932457 -36.203503 31.740206
v 19.012804 -38.964558 28.357151
v 19.485500 -37.341869 29.080667
v -38.043121 -13.594366 33.937027
v -42.336174 0.250127 30.630569
v -42.497631 0.978516 28.532984
v 40.886574 3.369703 42.614143
v 4.932247 -43.559086 1.843685
v -37.212433 -20.645082 36.116741
v -37.741116 -18.693748 35.173885
v -37.098625 -23.270548 36.022114
v -42.458008 -7.313140 10.634182
v 1.350271 -20.691250 46.989059
v -16.268488 -29.396122 1.022781
v -15.074863 -30.960424 1.174666
v 44.539551 16.264542 2.842472
v 44.634239 14.902912 4.162202
v 44.573872 12.608042 6.654916
v 44.366940 13.186893 4.838246
v -44.596531 37.677452 25.814552
v -44.335094 41.509106 23.973043
v -44.416088 33.331608 22.374163
v -44.300945 29.574608 18.122328
v -42.792667 -28.018492 5.933736
v -41.394321 -27.983974 5.789328
v -16.621391 -36.475506 2.212289
v -19.054407 -36.697483 3.090807
v 44.571316 25.954668 8.741077
v 25.735332 43.031059 1.043382
v 26.105988 40.059792 1.089665
v 23.695311 41.370323 0.925639
v -43.184334 8.745744 24.423729
v -43.384727 10.815425 22.505247
v -43.313313 12.162450 24.105761
v 39.846622 16.128075 50.509525
v -39.346733 -15.579353 1.001257
v -18.526215 -40.581280 15.973150
v -15.806890 -41.512215 16.193520
v -20.447319 -40.595131 16.430393
v 20.264669 -45.055508 3.003078
v 24.546915 -43.720669 25.553602
v 22.555758 -43.351120 25.990410
v 44.375206 23.499763 9.427953
v 44.495750 23.887766 14.872865
v -43.462173 10.821085 10.301010
v -37.306896 -15.820790 1.559281
v -36.535915 -16.218330 1.392814
v -19.849627 -41.306950 18.456442
v 44.272663 22.821234 12.422723
v 44.332787 20.483927 10.063167
v 44.470364 15.522702 12.279728
v 44.633133 15.103332 9.900430
v -36.062176 42.575012 1.580078
v -38.421143 45.307919 1.868653
v -39.167686 41.854992 1.596981
v -28.416130 -41.468380 18.653004
v -26.876881 -41.656269 20.027386
v -28.442690 -43.577511 22.408075
v 44.422520 2.810333 24.716454
v 44.464092 3.857281 26.856138
v -40.738163 42.375767 2.060731
v -40.073837 45.365597 3.791996
v -40.847382 43.375496 2.914310
v -18.329037 -15.041571 48.527634
v 43.940052 6.287523 30.440060
v 43.590179 3.397320 34.011044
v 44.072510 5.336456 28.565620
v 14.574697 -44.433029 3.743400
v -37.034718 -17.672550 36.673695
v -37.219128 -18.858727 36.143127
v -21.448225 -23.106880 40.977543
v -20.092548 -23.048515 40.991699
v 7.639500 12.747896 55.163574
v 13.561234 3.124832 54.112438
v 44.060524 13.834168 23.460506
v 44.360191 12.582226 21.735983
v 44.152790 14.759278 21.130766
v -4.472075 -18.813665 46.268646
v -43.031658 22.246214 47.639778
v -43.217266 25.391270 46.070267
v -43.036156 23.128466 48.538170
v -44.165436 25.283010 3.587575
v -44.329201 23.023653 4.942222
v -44.361443 24.383865 5.855596
v 43.851902 33.899681 41.742802
v 43.983013 35.703884 37.155067
v 27.502424 4.395410 0.572466
v 29.310902 5.921096 0.210906
v 26.060255 1.321490 0.539533
v 24.990126 2.454192 0.924742
v -34.616547 -40.281792 16.604477
v 44.330761 16.272472 24.259705
v 44.374512 15.108061 27.687281
v 44.351429 13.902414 24.707273
v -33.502182 -39.847645 14.580594
v -34.050308 -38.988190 13.587468
v -29.799107 -39.389210 11.932384
v -30.125050 -39.841225 13.635596
v -27.739878 -26.409246 1.717969
v -28.886482 -28.092600 2.593313
v 26.610594 45.827766 16.293121
v 28.868240 45.793789 14.231462
v 27.556358 46.179138 19.314655
v -34.110672 -22.158318 1.283879
v -30.662226 -39.680759 14.938266
v -33.241405 -39.750511 15.382236
v -33.484135 -40.244640 16.716429
v 3.959388 -27.669868 1.053551
v -29.177547 -23.975885 1.225632
v -29.495522 -25.859142 2.131110
v -31.325527 -24.261581 1.504981
v 24.000147 46.914063 50.254810
v 26.136276 47.078281 49.222561
v 28.569521 46.968708 50.949837
v -29.326075 -40.516903 17.249969
v 1.144324 -35.128231 0.753033
v 2.583874 -30.442039 0.753292
v -35.966255 2.396832 51.495514
v -29.991619 -23.204535 37.899586
v -32.941795 -20.371447 36.518456
v -32.695229 -24.620930 37.324203
v 44.230057 36.364277 6.396203
v 44.162884 36.634048 4.164129
v -3.158135 36.460480 53.900959
v -34.640274 -8.781828 0.990843
v 4.233669 -20.140974 0.607082
v 6.036342 -21.232079 0.550938
v 3.268356 -23.110336 0.813702
v -35.437347 -26.954012 36.772175
v -8.708819 46.220482 47.458656
v 2.133444 -28.459351 0.919937
v -35.555466 4.971084 52.254711
v 43.752026 -24.007114 17.688585
v 43.667057 -25.888521 21.224108
v 43.586559 -20.886168 23.127188
v 21.756786 -20.844006 45.362732
v 19.526628 -17.230675 46.467857
v 43.749249 32.792847 51.002281
v 43.327805 29.827717 49.250362
v -44.262577 30.039490 1.187152
v -41.726517 2.663064 0.808983
v 2.013112 46.542084 48.686592
v -41.677254 14.539081 0.889668
v 13.989097 -30.435965 44.232754
v 14.116699 -28.245829 44.876324
v -44.610130 25.472883 4.906195
v 43.431660 30.561985 47.993000
v 43.181767 32.522705 47.679985
v 43.486549 32.617237 49.906509
v -40.030968 -12.174564 1.598264
v -13.103016 -41.216267 8.701451
v 30.212799 -25.837784 1.432451
v 33.678055 -27.870726 1.551463
v 34.131737 -25.742374 1.319509
v -29.384344 -39.884697 15.956883
v -26.871489 1.190132 52.860378
v -26.725901 -2.331407 52.936558
v -33.438080 16.801138 0.367414
v -30.896971 18.103333 0.540904
v 31.923290 32.380390 56.385601
v 27.325195 35.856438 55.956928
v -33.035591 19.315655 0.304923
v -37.100235 19.420910 0.502913
v 43.794872 45.399822 21.350964
v 43.599689 46.130585 22.034328
v 44.082218 45.181599 23.817127
v -25.294613 46.924492 15.312573
v -22.099300 46.755165 17.313583
v -22.902222 46.369160 14.178870
v -26.740108 46.817619 16.305838
v -28.677166 46.895844 14.706401
v 44.610413 -0.185231 13.694582
v 14.817780 27.728926 0.402491
v 13.220693 25.322882 0.527831
v -5.309892 37.998508 0.636212
v -3.110572 42.284557 0.777761
v -3.654848 35.568470 0.465856
v -27.493727 19.741365 0.424372
v 33.519897 41.610081 55.557453
v 44.754009 -4.121924 2.382330
v 44.726044 -3.917923 6.305872
v 44.844273 -3.454173 3.637288
v 12.327845 27.186903 0.774804
v 11.523437 22.023836 0.320020
v -20.769215 46.331985 12.908736
v -36.620781 22.640831 0.955593
v 3.717733 46.253197 16.291969
v 5.692900 45.991859 17.470627
v 7.990960 -45.911037 17.492399
v 6.258220 -45.739410 15.355710
v 1.087487 -12.071780 0.260004
v 2.622596 -13.891993 0.577146
v 1.142619 -13.148901 0.489181
v 1.065427 -16.692156 0.481146
v -22.058649 45.604317 1.284006
v 43.587551 -29.077257 15.738878
v 23.143673 32.650150 55.773930
v -13.985133 34.879681 53.071308
v -16.151421 34.069599 52.995724
v 31.915121 -46.205738 4.942293
v 42.158234 -17.529760 34.402477
v 44.883438 -5.050455 2.320731
v 44.450935 -5.985790 5.445427
v 44.707951 -5.480399 4.093697
v -42.103771 46.387726 13.373538
v -40.983547 46.482002 10.184644
v 16.974752 -45.612823 21.093840
v 43.650425 -17.216368 22.331028
v 43.625343 -20.781683 24.179993
v -39.547985 3.155544 49.466015
v 42.890560 -30.171698 2.714467
v 43.268379 -32.451977 6.965704
v -19.853542 -19.097616 41.436104
v -18.174730 -19.641584 42.125488
v -7.072894 46.096359 7.305809
v -38.995647 -43.183270 24.143927
v 44.199318 -11.901239 15.488733
v 44.036266 -10.231194 16.594107
v 43.936821 -13.440525 20.271851
v 43.542946 10.471744 41.108822
v 43.641930 14.010643 40.685593
v -38.059319 -33.871601 34.672207
v -36.296024 -34.390133 35.992989
v -12.310065 46.500271 44.455513
v -9.877538 46.501827 46.197315
v -21.919556 -18.308273 41.152058
v -24.186327 -17.643976 40.873669
v -25.145695 -17.939314 40.504517
v 42.792419 -33.003357 2.550976
v -15.148292 46.014240 43.845978
v -13.260386 -41.195908 11.159470
v -17.772530 -40.517368 12.258395
v -17.717724 -40.468803 14.402283
v 27.567356 -43.944576 2.191676
v 26.809803 -41.682835 1.936768
v 30.924355 -41.606106 1.987298
v 31.100431 -33.669819 30.457237
v -5.598854 -43.137413 6.046853
v 24.843189 46.768185 52.519073
v 25.924116 46.521233 52.793606
v 33.320454 -46.508804 6.745592
v 35.766399 -25.529919 32.619274
v -22.177938 -6.545459 0.631782
v -23.272268 -10.706283 0.432899
v -24.148340 -7.885982 0.407902
v -25.792891 -10.234290 0.891590
v -30.455488 -38.839973 9.905324
v 24.177055 4.282607 0.951088
v 25.237301 3.977904 0.643211
v 11.267801 -20.179523 0.497076
v 12.187057 -16.381811 0.818067
v -32.439220 -37.956299 8.285830
v -26.969698 12.894294 0.361363
v 43.882030 44.349056 39.581421
v 43.956757 42.505047 39.808815
v 43.781090 44.887573 36.823841
v 28.317476 7.783465 0.445260
v -0.083961 -44.984192 25.400505
v -10.933295 -30.787844 45.248539
v -9.248492 -29.709352 45.742249
v -43.918114 23.350559 30.066120
v -44.072731 25.644232 34.662529
v -44.224030 26.492996 29.286642
v 8.573773 -19.888103 0.748036
v 4.567543 -22.785980 0.495231
v -41.236526 -0.940058 47.981892
v -38.360268 -33.623257 7.443301
v -36.359818 -33.270412 6.585812
v 44.644760 -8.059174 2.551137
v -40.378281 -2.635831 47.737595
v 22.999535 -24.374319 43.706390
v 26.515249 -21.948126 42.637695
v -1.812793 46.348183 20.202597
v -2.768543 46.304325 22.904034
v -3.966187 46.360924 18.453239
v 44.615318 18.817137 9.627469
v 44.657871 15.841294 7.700496
v 44.768135 18.893688 6.785575
v 44.472878 -6.575417 3.586679
v -42.509766 16.316940 49.386780
v -41.222282 15.641412 50.056183
v -42.800919 14.814759 48.972862
v -41.157269 11.218572 49.944683
v -17.096195 46.705036 35.060143
v 35.136822 44.328270 1.292239
v 35.039093 43.207542 1.114881
v 6.750274 42.541313 54.081692
v -12.213679 -43.683903 30.950148
v -9.027610 -43.470261 32.746223
v 13.829860 13.046391 55.589314
v 10.360736 12.106212 55.208923
v 11.311490 -45.461723 22.902571
v 9.057877 -45.966560 22.626415
v 9.578232 40.697281 54.555878
v -0.513695 -12.132792 0.480432
v -1.857015 -11.352765 0.652632
v -43.765739 13.591372 22.939507
v 25.415960 35.741821 55.599472
v -41.117943 33.703079 45.339619
v -39.515919 34.409107 49.463326
v 9.024445 46.551102 52.309143
v 9.836384 46.370628 53.565968
v 17.612190 -1.978927 0.294188
v 7.046630 46.361454 53.195103
v -44.053711 45.775425 28.876259
v -43.386497 6.962587 11.424895
v -43.152054 4.265058 12.971005
v -13.659818 45.516163 0.640041
v 17.287996 -6.665837 51.283428
v 14.535753 -7.207553 51.987068
v -41.552696 35.480682 44.811230
v -21.843122 38.735237 0.577410
v 44.438206 14.323989 2.901650
v 44.673050 12.575030 3.774454
v -31.502220 36.647484 51.143303
v 43.233265 24.191460 51.570877
v 43.224068 26.340925 52.714966
v 6.152905 -16.438843 47.089405
v 4.929333 -15.141915 47.899792
v 25.028477 0.856194 0.372333
v 26.704956 -1.562463 0.453969
v -42.165398 -21.217829 2.541713
v -4.804094 12.725406 0.474305
v -7.170684 12.503877 0.532234
v -6.369012 15.280027 0.544514
v -24.385786 39.453186 0.976426
v -28.350254 38.754173 0.762366
v 43.457542 -23.463442 25.221718
v -38.326061 -14.663901 40.255219
v -31.520332 38.285248 0.830810
v -32.211422 41.906582 1.087701
v -31.799641 37.905090 0.664046
v 11.199848 42.437550 54.134979
v 11.121567 40.834511 54.396294
v -42.624470 12.062222 49.023979
v -41.224838 10.677929 49.302017
v -39.769398 27.977306 49.631344
v -40.671074 28.081715 49.406986
v -42.191490 27.250629 47.390770
v 27.588173 16.392128 55.990612
v 43.695972 -21.214447 16.553516
v 44.204762 39.733486 17.188959
v 26.602917 -31.477543 31.486588
v 24.850571 -33.216019 31.176666
v 23.433014 -31.586649 33.649364
v -38.527954 22.542938 50.400463
v 28.937271 -5.714764 0.955114
v 29.080475 -10.068872 0.820051
v 25.355230 -9.105120 0.654259
v 31.702526 -16.051565 1.150266
v 29.488922 -12.987932 0.985307
v 33.639145 -13.084907 1.042859
v -30.636934 35.063236 0.497678
v -42.824741 46.470966 21.260180
v -43.691433 46.107971 15.987049
v -42.501930 46.193977 16.484802
v -21.966084 45.797379 50.323288
v -25.451906 46.012173 49.638386
v -33.551098 -35.051300 36.348103
v 23.156334 -23.034584 44.473114
v 24.637842 -23.520353 43.496445
v 26.331314 -20.988991 44.355911
v 22.804949 -20.295126 45.184502
v 36.544552 17.961111 54.893970
v 8.764205 7.208083 0.423517
v 13.117732 7.614925 0.165217
v 7.298144 3.673132 0.720105
v 11.354884 4.751029 0.403916
v -20.786457 45.833210 47.466980
v 44.048744 41.008511 15.027787
v 44.006672 39.872704 15.524172
v 18.500271 -37.242870 29.999834
v 15.659447 5.716758 0.174740
v 13.360051 5.663482 0.397469
v 7.595468 5.846969 0.623432
v -41.251587 9.094480 49.216671
v -3.749525 -39.704292 43.196186
v -27.787634 -37.245087 36.663792
v -24.021416 -35.755325 37.736095
v 44.491051 -3.514682 7.450565
v 3.877255 1.745418 54.714863
v 4.556197 2.642891 55.373226
v 3.887176 3.796730 55.812496
v 22.843445 -38.092476 28.961596
v 44.277187 -2.891112 10.368604
v 44.608940 -3.938972 8.911706
v -42.739529 -13.376880 2.872365
v 34.270458 -36.121391 28.865002
v -0.459119 -6.042922 51.919865
v 0.837202 -6.997214 51.776043
v 19.581591 -4.614866 0.708400
v 22.316410 -4.469984 0.788508
v 21.935589 -2.598757 0.703381
v 44.381908 -1.970834 9.328181
v -29.114332 3.079889 53.260086
v -43.760239 20.480610 2.688226
v 43.968224 43.789516 21.579664
v 44.027584 42.223625 20.765041
v 17.542765 -18.092260 46.505516
v -43.059158 13.222325 43.607307
v -43.136047 11.735080 40.593945
v -42.824902 11.903267 42.999653
v 43.970757 -0.112027 21.087692
v -37.884510 35.999271 50.136478
v -15.990510 -34.620655 2.116786
v -14.961682 -33.427406 1.531564
v -38.569416 43.457760 44.257133
v -5.236588 46.523659 40.177288
v -4.566328 46.454330 34.662212
v 42.273746 -2.987175 39.417610
v 0.212779 -15.214129 48.457497
v -35.948280 -37.823528 11.020023
v -35.499512 -38.229763 13.320637
v -17.973745 -40.075668 3.889235
v -5.065113 46.411034 42.108040
v -6.421538 46.026844 42.409668
v -4.140400 46.400661 45.416065
v -24.416729 36.355892 51.630772
v -21.973637 38.225574 51.911732
v -25.626987 38.061306 51.286842
v -26.443455 43.080872 50.730896
v -27.382782 40.966312 50.803905
v 22.630295 44.210506 1.292755
v -15.022846 46.821388 24.992388
v -19.062889 -39.422726 3.700252
v -37.456356 -8.132166 45.840649
v 23.274647 39.052567 55.255276
v 2.400879 46.908314 34.814838
v 5.536269 46.700134 31.334492
v 36.590027 -10.733092 1.251662
v -5.976990 -43.400623 1.413403
v 37.373829 -9.794068 1.097932
v -34.528591 -12.786594 45.130299
v -33.194191 -14.109221 44.884151
v 11.497858 46.728420 34.441448
v 12.583936 46.677567 31.765509
v 4.107985 46.821625 38.590672
v 8.817194 46.693497 38.440937
v 8.137396 46.842213 35.476135
v 30.329292 -14.436064 45.277382
v -22.125477 34.483521 52.190983
v -34.496086 -14.171227 43.969936
v -31.884264 -15.322447 42.469822
v -3.143415 -9.900731 0.413953
v -41.054466 -9.225821 20.809313
v -41.109905 -11.393130 19.062160
v -26.374666 35.772423 51.699577
v -23.249926 35.776356 51.668625
v -41.884590 -5.754732 18.056597
v -24.667604 33.141430 51.965427
v -24.918875 34.637867 52.036133
v -43.961243 12.852098 5.478203
v -28.761065 17.130243 0.360848
v -29.424532 19.668299 0.343311
v 17.310133 46.633736 47.017288
v -29.701054 -27.243999 2.458488
v -28.521797 -27.204134 2.434305
v 44.285755 18.008781 1.128229
v 44.046234 16.073137 0.667693
v 43.914013 19.677534 0.864275
v 42.329250 18.051006 0.643550
v 42.613163 21.702127 0.548166
v -36.344124 21.929920 51.309910
v 8.524657 45.800556 12.555248
v 18.702929 45.795406 11.097462
v 44.696022 17.242619 4.354737
v 44.587643 19.300013 1.787251
v 24.732395 46.606998 29.279104
v 19.979345 45.665100 12.882905
v 17.994333 45.894714 12.231601
v 44.700348 20.443708 2.675014
v 26.576839 -43.579628 2.474020
v -33.652714 -1.725215 50.429585
v -31.509352 -0.722389 52.187737
v -35.644672 -2.419878 49.381508
v 8.140873 -4.261310 0.259529
v -35.136425 -39.559921 14.785349
v 41.798767 34.938477 53.325241
v -1.385012 -41.678917 41.361294
v 23.460140 -35.148750 29.971884
v 42.818855 35.012093 52.351559
v 43.515888 33.466412 52.045845
v 29.155975 46.535900 27.380737
v 44.245022 45.555321 31.240479
v 43.801155 45.559914 34.355667
v 44.316097 44.872910 32.822014
v 44.017162 43.404564 36.839474
v 44.277416 32.741440 10.306748
v 44.308289 29.650312 10.161908
v 30.079193 -40.563118 26.892298
v 44.034077 33.280788 12.215986
v -40.462410 38.971535 46.411858
v -42.842880 36.381691 1.723254
v 21.509546 -32.826084 34.035957
v 39.265903 35.530392 0.835015
v 42.267738 37.878262 1.585057
v -37.284988 -31.372795 5.974959
v 43.060368 18.154581 50.755096
v 12.661077 -45.137264 9.023174
v -39.993305 41.126385 45.624687
v -13.719892 -42.601624 16.885811
v 44.206020 38.280251 22.111340
v 0.033551 46.568054 36.905735
v 2.195499 46.379311 38.713871
v 2.525953 46.521244 36.282162
v 34.005917 42.081337 54.464024
v -15.427765 -41.210171 14.830899
v -12.313109 42.900261 0.586120
v 4.982352 46.616711 36.641880
v 38.213482 27.919197 0.630160
v -12.182351 46.533886 36.539513
v -10.585533 46.691334 33.188873
v 29.125151 -21.478043 40.103924
v 32.707367 -8.932776 45.889565
v 43.797783 5.568845 33.341190
v 6.030844 46.513878 41.169594
v 32.253635 46.371445 29.769100
v 32.901821 46.475124 28.211327
v -3.361750 -22.937065 0.445376
v -1.143763 -23.553019 0.769223
v -3.919308 -25.407240 0.258416
v -0.119291 -22.459940 0.512371
v 37.247322 -21.629501 1.761893
v 34.889450 -21.467421 1.746022
v 28.930613 -15.295719 0.895835
v 30.859581 -18.342043 1.115052
v 29.482069 -19.695211 1.000265
v 32.608635 46.480488 25.935570
v 36.474174 46.730003 25.884422
v -38.600716 18.845366 0.661087
v 3.152491 -41.687271 40.793083
v 35.624317 -6.884945 43.046070
v 37.000984 -4.762322 42.275112
v 37.259617 -1.869402 42.997746
v 35.242714 -3.812167 43.688446
v -39.660500 -23.815861 27.070551
v 43.817516 40.711346 40.129539
v 43.817551 43.945324 33.890053
v 17.293999 -41.195522 1.444748
v -7.713967 25.635437 54.271549
v -10.028835 29.631550 53.601757
v 43.556767 42.485439 34.863220
v 19.603453 -40.839020 1.817697
v 18.932903 -42.906445 1.776868
v 41.403008 -17.478355 1.839700
v -10.389733 25.066624 53.877037
v 29.609467 46.349812 28.829123
v 43.021458 3.380178 40.540489
v 42.896015 4.826322 40.302006
v 29.092478 -32.940372 30.749224
v 39.080536 -30.929575 2.039871
v 41.652107 -30.895195 2.614698
v 40.725204 -31.974899 2.293628
v 27.209154 46.657925 32.027161
v 28.418440 46.492622 29.635843
v 14.462439 46.026073 16.026806
v 27.853163 -11.697283 1.107077
v 26.692884 -9.916195 0.787575
v -29.899141 46.791943 4.108364
v 34.564789 15.102044 0.518645
v 42.788635 -32.395218 2.851295
v -26.925150 -41.503887 19.199718
v -9.325565 15.785442 54.548492
v -14.144051 11.481056 54.105377
v -20.692524 -41.416264 17.815611
v 23.062908 -12.301908 0.951125
v 24.730015 -11.267341 1.167645
v 26.718546 -12.693864 1.047065
v 24.292553 -15.124726 46.384468
v -23.195625 -42.064034 20.617790
v -20.465183 -42.028187 19.858006
v 1.610595 39.849731 0.666029
v 24.425869 -9.039513 0.809497
v 24.304907 -10.961211 0.838779
v 31.695318 46.254009 19.427181
v 29.019430 46.355057 24.355865
v 28.535593 46.409447 21.270931
v -14.690047 46.701431 36.463211
v -13.584232 46.784149 32.165947
v -15.644134 46.616573 31.422039
v -36.529118 18.118715 51.647118
v -23.173790 46.761257 29.144754
v -22.330048 -4.931776 52.279739
v -23.894497 -42.861740 31.736633
v -27.008938 45.927502 49.435535
v -26.516584 45.380428 50.705135
v 43.915398 13.832890 20.411713
v -35.478619 46.803596 27.140926
v -30.417685 46.785332 25.198565
v 28.494844 -12.825274 1.179826
v 27.641304 -13.510186 0.729923
v -40.618935 46.420818 6.030378
v 3.688109 46.774967 33.794155
v 31.637951 4.917574 0.542371
v 31.991083 3.075739 0.669537
v 44.585125 5.905828 9.199369
v 44.627884 3.781618 9.871484
v -41.437454 46.569904 19.118727
v -41.754711 46.542347 14.987515
v -11.300239 -36.043255 44.000053
v -13.103776 -40.198788 40.664932
v -11.224396 -38.326283 42.762352
v 31.961531 -4.561986 1.012249
v 29.729507 -5.104664 0.801780
v 29.753511 -3.056882 0.872069
v 33.567646 -6.333672 0.942417
v -22.097483 -3.637836 53.382809
v -40.430008 46.212528 11.096132
v 44.726334 5.866153 1.678950
v -16.910591 -43.313347 32.197407
v 31.801353 -8.201396 0.886432
v 27.741522 -4.639179 0.754247
v 19.291042 36.745483 55.263485
v -16.950197 -43.244171 34.938423
v 14.217290 -6.485999 53.050873
v 43.757206 15.316415 46.274483
v 43.632000 17.934250 48.716545
v 42.701412 15.574060 47.876888
v -31.469240 -40.068741 16.262182
v 33.345036 2.677943 1.055955
v -23.512424 9.152434 0.326486
v -24.787048 8.484971 0.556853
v 7.706262 34.661968 0.414077
v 21.254793 -5.384955 0.448433
v -5.963547 -21.023315 45.570251
v 44.061172 21.427176 21.574062
v 29.503326 -27.418673 32.846428
v 31.867277 -24.574427 33.397350
v 28.079372 -28.447023 32.595985
v -19.984230 -13.108468 50.370945
v -17.252697 -12.692263 51.171661
v -5.273578 -39.356060 43.504047
v 19.720667 -33.585758 1.262511
v 17.811054 -35.078487 1.067913
v 15.546525 -31.549671 0.912001
v 21.638308 -35.820045 1.530274
v 19.008230 -35.666950 1.445662
v 38.909603 -2.870106 41.669250
v 37.985001 -5.452907 41.024101
v -30.265354 14.989687 0.744131
v 26.219496 -35.131176 1.406401
v 23.403439 -36.095547 1.497381
v 28.174379 -26.209570 1.420131
v 27.118980 -29.833448 1.386544
v 14.839860 -43.630119 1.690054
v 13.131978 -44.208027 1.917723
v 9.189667 -44.185577 1.491508
v 12.784657 46.554630 53.349087
v 43.831902 31.492317 12.938154
v 37.452927 -18.706198 35.705246
v 36.346699 -19.708467 34.968834
v 35.829109 -21.101824 34.246784
v 30.985813 -24.090944 1.222279
v 28.967531 -25.001150 1.273285
v 19.298899 39.091042 55.225273
v -35.374832 -15.067375 1.295882
v 18.655123 31.420095 0.458476
v 24.854418 -23.753874 42.422726
v -33.957600 42.196644 1.552860
v 27.066477 -20.656273 43.954891
v 26.831705 45.967999 2.994559
v 42.661976 -46.446251 16.314653
v 43.756824 -42.029751 14.599837
v 44.130993 -45.669331 14.021241
v 23.828875 43.352554 1.393714
v 23.029257 41.238419 0.790061
v -28.947399 -12.589071 47.948311
v -41.574627 -11.705163 1.489707
v -40.629044 -5.543403 42.564053
v 11.947383 14.111358 0.392153
v 14.495563 20.916456 0.284926
v 32.349674 33.829597 56.231655
v -35.434734 -0.910707 50.092007
v 14.114169 -13.912611 46.073227
v -39.145100 -10.508644 40.348488
v 35.745766 3.465549 0.932757
v 14.266432 -15.311497 45.681221
v -34.132912 24.811180 51.706951
v -42.271904 -5.013199 15.441003
v -39.048626 -10.940400 33.953651
v 24.063650 45.651390 16.677753
v -9.347606 -43.875946 30.979984
v -6.056330 -43.876827 31.026625
v 28.349295 18.573053 0.413083
v -17.880434 -7.688811 52.306801
v 42.611385 31.903019 0.812676
v 42.829052 27.045006 0.783711
v 40.937607 27.135221 0.660414
v -7.741987 -43.437466 32.462532
v 38.997051 41.886909 52.401749
v -4.745074 46.450195 23.133429
v -6.350259 46.407593 20.047176
v -3.257359 46.682873 24.199404
v -14.115096 20.269873 0.385865
v -12.625199 15.946290 0.404989
v 5.616645 6.825156 0.282702
v 18.934948 17.259869 0.197476
v -36.538246 4.110757 51.361881
v -32.387817 -37.900749 9.164705
v -41.945656 9.340673 48.534271
v -6.966851 31.487135 53.355240
v -42.634968 17.797274 48.932915
v 38.001110 -41.654789 23.911257
v -32.309937 -43.414852 21.380781
v 6.557012 0.663553 53.523422
v 5.322437 1.609046 54.338364
v 43.195728 -7.983335 36.883766
v 23.816982 41.093857 55.061646
v 38.257584 -26.181683 32.271881
v 38.611107 41.579292 1.320945
v 36.661564 44.026207 1.713950
v 35.369370 -27.486393 32.514626
v 32.838860 -31.704479 31.367159
v 43.317760 -34.594780 27.853603
v -42.038456 17.683752 0.642181
v -42.254650 15.460097 0.933056
v -41.599697 16.906712 0.477559
v 43.394699 -37.528271 26.051931
v 28.018082 46.594635 52.131123
v 8.769504 -31.669563 45.160065
v -2.124212 -33.607525 45.448505
v -2.382313 -32.509476 45.419392
v -35.214371 -20.778271 36.225815
v -43.236500 10.852622 36.682983
v -42.927845 12.565503 39.320576
v -43.069500 13.130309 40.003426
v -40.956635 -41.848747 22.073261
v -39.873554 -42.800045 23.769804
v 8.186572 -0.249503 53.258183
v 7.896035 -1.354113 53.176762
v 6.656145 -0.696033 53.314766
v 6.840971 -35.814651 43.692440
v -38.933308 -42.096172 31.026583
v 20.298611 -10.707805 47.100929
v 21.335516 -12.088431 46.441326
v 16.692873 -31.661818 42.504932
v 12.961761 -34.710300 42.535912
v 18.022427 -31.150694 41.900837
v -5.266603 43.360134 0.803790
v 43.756939 44.239033 14.133718
v -5.527036 45.414787 1.009577
v 12.197989 46.072659 5.246194
v 8.417614 -24.388268 0.241989
v 9.598292 -30.531363 0.560797
v 43.642632 46.100719 24.230986
v 43.569771 41.940350 10.169505
v -42.820827 -21.147947 3.295703
v -42.520935 -22.789499 3.218788
v 40.559635 46.642471 18.988369
v 38.910542 46.341660 17.961794
v -2.662347 -45.841965 19.855745
v -44.115520 21.866432 24.902517
v -33.917152 45.799129 45.485092
v -2.445807 -46.151417 23.491486
v 36.937576 46.607029 18.255209
v -43.628117 14.229074 24.717010
v -12.436731 -20.748594 44.785614
v 43.991684 16.081944 20.505590
v -5.662127 -18.689087 46.284763
v 28.850037 -44.674538 2.207586
v -38.571110 44.637283 42.788418
v -38.698181 20.976557 49.747093
v -39.101040 21.953997 49.969730
v 14.487028 -27.164278 0.848557
v 18.110033 -28.678188 0.968443
v 43.788334 -12.642252 1.714162
v 43.520004 -9.576398 1.610584
v 43.302761 -11.729967 1.578882
v 42.891014 -10.915630 1.207223
v -5.406913 -23.741226 0.075622
v -4.703313 -26.006685 0.037392
v -37.606777 -15.863735 37.109550
v 44.377178 -7.995631 9.366608
v 44.333199 -10.099448 8.643725
v 44.160820 -8.576013 8.159640
v 25.564260 -35.767349 30.040960
v 25.026051 -38.092972 29.185297
v 24.778635 -40.186504 28.123806
v -14.958419 -18.515905 44.547169
v -16.502249 -17.880907 43.859135
v -25.600725 -27.100433 39.252987
v 39.292263 46.949387 27.078753
v 24.938021 -45.857941 23.497692
v 23.952305 -43.673340 25.536659
v -34.030972 -42.607430 29.850447
v -24.016418 25.631762 0.488709
v -25.630243 29.395374 0.588479
v 36.176289 -12.010075 0.952832
v -43.960312 37.310001 41.040321
v -27.254047 27.358074 0.382255
v 17.302471 12.430346 55.426872
v 39.875153 38.814449 55.540512
v -19.597267 -3.492193 0.445477
v -23.902649 -2.202896 0.445775
v -22.921110 -3.944198 0.640591
v 43.029133 9.330105 43.237968
v 37.685936 15.594186 51.242737
v -39.627640 -21.583511 26.672964
v 10.488934 -36.329945 42.668198
v 12.096334 -34.284958 42.963875
v -20.593809 -6.784298 0.465851
v 16.178476 4.904553 55.368664
v 1.100925 -44.111073 29.187794
v 44.378803 13.303732 13.219208
v 44.607571 10.995230 17.539902
v 44.462788 11.047345 12.300218
v 43.987118 11.859187 11.428068
v 44.654194 13.689536 9.694822
v 6.804984 -45.366985 28.764753
v 8.336959 -45.326729 27.880919
v 15.506669 6.463002 56.023224
v 42.899330 -27.020496 2.777574
v 44.536964 12.688473 8.021110
v -34.389957 -35.585155 7.582013
v -30.692362 46.883739 22.453400
v -31.489235 46.724270 19.070660
v -28.253042 46.823956 21.776184
v -28.938917 46.630600 19.297972
v -33.519825 -33.598457 6.524907
v -44.514168 41.366150 28.780874
v -44.467102 43.427242 27.319277
v 37.572159 -16.849907 37.074829
v 23.134632 -26.612938 40.561954
v -41.373695 -23.335838 3.326671
v -42.387760 -24.087006 3.410430
v -41.135574 -21.189930 2.492850
v -40.492233 -23.143568 3.202361
v 3.573566 -11.936907 0.391475
v -44.631458 44.947903 30.139349
v -42.811115 14.333080 1.569323
v 0.375972 -4.805641 52.187836
v -19.982519 45.600040 49.044563
v 15.376489 -1.325555 53.389439
v 33.567318 -27.674166 32.468105
v 30.095011 46.745445 27.050781
v 30.913729 46.404617 27.982683
v 33.698700 -44.182415 22.672382
v 35.253052 -46.168365 20.477058
v -36.550922 12.377134 52.287132
v -36.314930 11.442599 52.114250
v 13.838631 46.022831 2.695094
v 42.066521 23.015070 0.601433
v 36.070564 -45.449696 21.183107
v 37.336651 -44.460976 21.461765
v -6.635852 46.803371 32.039421
v 5.092883 -43.736351 34.489410
v 11.187293 -45.669930 20.959606
v 39.340401 -18.134148 35.152821
v 24.255644 -37.883503 29.110624
v -26.167259 -14.642535 48.052902
v -23.334642 0.697841 0.409232
v -37.393581 -26.390285 35.481544
v -37.110115 -25.471907 36.104954
v -37.271416 -27.851711 35.584747
v 12.921676 -37.605991 37.281311
v 28.470633 45.089275 1.691731
v 27.761311 -46.100304 22.146797
v 43.545395 34.059280 51.143421
v -1.192640 46.589870 43.088268
v -6.298569 46.422703 43.409538
v -4.065504 46.357410 42.614311
v 43.278423 30.588968 53.007542
v -39.566406 1.877901 49.265057
v -42.208096 -32.295116 16.251570
v -38.248241 -42.795876 33.578197
v -43.306042 26.122688 1.576902
v 9.363870 -1.104426 0.117008
v -30.213270 45.734367 49.591682
v -29.870050 45.131523 50.235489
v 39.098213 -30.443808 31.192537
v 36.673447 -30.286032 31.510750
v 39.328758 -31.107197 30.624914
v -26.949682 43.687870 50.444157
v -27.831356 44.975273 50.259834
v -34.936069 40.879631 1.412937
v -42.639290 -26.826633 4.811003
v 43.163448 42.037746 44.370754
v 41.784084 42.288696 45.869709
v 43.349907 41.346073 45.647068
v -0.383681 -23.277113 46.909943
v -26.397520 39.072407 51.424332
v -27.076769 38.849445 51.229927
v 6.436074 46.566238 52.037125
v 0.582027 -17.827097 47.217758
v 0.571036 -20.260012 47.254063
v -28.855455 40.310287 50.606506
v -37.135876 -5.602541 47.868473
v -19.645283 46.731113 20.286554
v 39.115479 46.619598 24.816381
v 29.630760 -12.019340 1.165185
v 30.154442 -11.844399 0.854610
v 44.095039 37.601311 8.479406
v 44.329060 35.623104 6.058825
v 33.760777 -6.787106 1.165146
v -22.148932 33.016792 52.102295
v -36.366032 -32.778481 36.166042
v 42.120209 46.751740 11.620948
v 44.501461 -14.551847 2.883554
v 15.820502 45.722672 2.844658
v 12.733230 45.804592 3.900395
v -36.983356 24.988289 0.485059
v 44.547844 8.938335 1.906401
v 44.856327 13.081905 2.522791
v -34.021576 40.382484 50.157188
v 15.299860 45.987980 5.811082
v 8.834412 15.414220 55.105923
v 10.937277 1.526617 54.038322
v -41.684902 -40.470459 19.601294
v -30.391296 -42.123684 31.528963
v -17.273083 -36.281796 39.406593
v -20.904526 -35.264217 38.309593
v -20.295012 -37.107609 37.918095
v 32.647537 7.208642 49.520252
v 12.193980 -30.698084 44.456291
v 12.997040 -27.894188 45.026505
v 12.325075 -27.165682 45.443714
v 2.509605 28.183935 0.606452
v 23.737526 28.566092 0.626430
v 18.802624 29.196831 0.465499
v 35.581585 42.182697 54.258617
v -15.973886 -44.789314 23.932476
v 6.506580 33.070087 0.372594
v 42.863049 26.845631 53.656830
v 43.699402 -36.566254 23.529558
v 43.596302 -37.444870 20.477575
v 14.309770 -0.770994 53.212273
v -39.047684 -2.611539 48.075363
v -16.653875 -19.896505 0.617120
v 44.198978 2.925875 23.081606
v 9.498138 -20.667641 46.434490
v 12.166601 -19.673891 46.455853
v 8.094172 23.997681 0.232353
v 10.943351 25.005754 0.277169
v 44.287056 27.083855 26.926907
v -2.872151 28.407131 0.674698
v 24.026400 -39.040550 1.553782
v -31.187496 -0.017866 52.660641
v -41.834389 46.339634 19.245577
v 26.950573 46.847050 33.754951
v 43.830021 14.968445 40.011082
v 44.155529 15.706139 30.185333
v -23.597301 -4.944561 52.201492
v -18.816336 12.948662 0.480653
v 3.188258 -44.593384 28.635803
v 42.678543 -43.195820 3.533963
v -37.668804 -19.150087 33.456291
v 42.303780 -44.965828 4.482967
v -4.244900 -12.474242 50.442116
v 42.216152 -46.536869 5.157225
v -22.362804 -42.850731 32.531948
v 4.796404 18.203310 0.381996
v 3.523299 46.484364 47.066486
v 4.818931 46.425575 45.075436
v 5.062773 46.601791 41.551365
v 3.838586 46.615990 43.195896
v 2.884116 46.730186 46.275513
v -14.415339 46.260372 14.500336
v -13.750624 46.446697 15.711648
v 44.088493 12.979640 10.758754
v 1.851997 46.714138 44.642551
v 3.243534 46.854790 43.892532
v 44.006924 36.025112 33.225140
v 43.906582 30.070534 33.034763
v 43.554352 31.182375 32.157658
v 43.971966 32.221325 32.635986
v 44.228622 27.238310 30.073919
v 43.842388 -44.903641 15.705506
v 43.673996 -43.065559 15.652438
v 43.907745 32.808514 30.803150
v 43.813656 29.947367 31.685041
v 43.897713 30.323141 30.193111
v 12.195876 -33.913486 0.881370
v 43.928688 -46.523674 12.040646
v 43.923660 -46.212860 14.830857
v -10.303099 -37.569695 43.744904
v 44.145775 12.270543 20.435122
v 32.652554 13.092554 53.872231
v 11.804913 -29.887300 0.638128
v -35.307598 -13.222273 44.183594
v 31.269665 -14.964746 44.409691
v 32.423134 -14.475641 42.449383
v 38.687294 7.030427 0.779463
v 36.889824 9.018741 0.556516
v 35.253170 4.831226 0.679536
v -42.272842 10.620643 48.873711
v 40.206635 28.561102 55.681049
v -17.547907 -37.551769 38.995121
v -42.925507 8.056427 23.422556
v -42.588490 -8.207677 7.905249
v 22.117744 -35.785042 29.880089
v 27.358088 -0.649852 0.646027
v -42.619804 -3.255727 7.088033
v 8.427670 -8.035512 52.321003
v 44.515854 25.447395 4.220668
v 44.562305 22.475252 2.694318
v 44.634995 26.157822 3.101269
v 11.299595 -7.412775 52.586048
v 9.466823 -7.676699 52.262917
v -42.163609 -14.939357 2.366756
v -7.137890 -42.993137 10.601919
v 42.885838 46.531612 22.148798
v 42.385548 -20.564053 32.214825
v 43.135292 -23.544739 31.182262
v 42.890511 -19.415014 32.658024
v -37.055172 -14.887216 42.023739
v 5.413427 -40.166664 41.445267
v 38.215591 -12.530903 37.986961
v -34.083836 -38.086597 13.163574
v -35.193184 -28.665487 36.597057
v 27.045021 -23.088409 1.314192
v 29.602022 -21.380857 1.217221
v 44.114059 -14.447438 16.875696
v -2.754175 46.534626 52.699688
v 33.745022 -20.178549 1.371328
v 43.795650 -20.373043 12.238157
v -8.153731 0.901178 0.365171
v -1.361235 46.359840 44.460316
v -43.431034 20.857145 37.134476
v 43.902470 33.298302 39.784687
v 43.826546 34.938805 38.635571
v -35.945526 -35.065632 7.870031
v -36.583454 42.978382 47.966400
v 43.826538 37.565174 39.341633
v 26.968948 -24.734373 38.480644
v -33.460606 11.224284 52.452175
v -42.999569 -35.616787 10.017570
v -43.739487 45.517090 10.791807
v -35.993801 33.023041 0.601731
v -32.049873 9.496570 52.627117
v -4.424302 -42.152660 0.781818
v 24.931087 46.432507 22.619764
v 22.493317 46.501656 21.572756
v 19.913853 46.145107 20.213888
v -43.901768 45.727535 14.068567
v -44.161644 45.776108 18.032936
v -43.644173 46.425892 18.375948
v -31.281076 -8.170964 0.823642
v -26.710794 -10.297547 0.758194
v -28.688595 -9.074329 0.544928
v -10.890594 42.848988 0.732727
v 5.940636 45.760330 8.931233
v 34.066948 -46.798229 15.505713
v 33.067017 -46.788574 16.732260
v 43.667610 37.294651 24.538443
v 43.764336 36.809078 27.025385
v 44.065762 36.590565 27.982582
v 42.886475 46.372845 35.342247
v -43.794479 22.696556 28.970766
v -44.063156 25.295465 27.027328
v 2.081555 -22.354374 0.495231
v -39.462440 -42.823769 26.636059
v -39.156628 -42.136082 29.099791
v 4.123414 -20.878813 0.795113
v 44.539177 17.082630 3.473660
v -4.562487 -28.391779 0.234490
v 21.130867 -46.182777 17.722509
v 12.118728 46.239017 24.179684
v 11.194057 46.008507 21.569622
v 43.930672 24.021259 36.826023
v 42.904243 22.440269 54.364117
v 24.002287 -30.165462 35.147598
v 22.329424 -31.955986 33.737644
v 0.390186 -34.829990 45.238811
v -43.187107 10.948194 5.362643
v -7.312704 46.275040 40.735447
v 14.487520 45.554585 11.181955
v 43.148094 -32.403175 3.599630
v -10.052853 22.344282 53.861282
v -7.756263 38.946041 53.385990
v -8.515848 40.674065 53.056908
v 3.062721 -42.793308 1.284214
v -5.584682 43.506992 53.191055
v -8.181229 42.065353 53.315918
v -5.749042 41.847847 53.125584
v 38.478748 44.344322 49.321594
v -35.691372 26.782114 0.228307
v -17.023409 -32.941441 2.089111
v 7.589428 -34.906956 44.371906
v 34.464573 -40.675610 2.305292
v 32.033932 -43.688103 2.403811
v -4.257669 -46.017555 23.731436
v -16.243471 -37.237068 2.502807
v 43.383240 45.265697 10.571258
v -34.433357 -39.542263 15.458060
v 44.460213 35.461075 4.720387
v 40.898521 21.909855 0.563303
v 41.791065 46.705528 28.046642
v 41.407318 46.675781 26.717291
v 19.410719 -5.533066 51.162701
v 43.172886 3.113944 36.423393
v -29.049793 46.664463 22.919250
v 43.452583 28.457590 1.080141
v 43.382698 -22.214706 16.526972
v 31.245760 -15.676518 42.814789
v 25.402903 -19.634575 0.900933
v 19.953119 -26.541134 1.052083
v 12.780750 -35.679264 41.553413
v 44.120823 -13.785896 6.348167
v 7.526328 -2.259145 52.803440
v -35.732414 -37.882687 9.464964
v 11.490296 40.689209 0.580108
v 9.246157 41.135281 0.800913
v -7.659083 45.183662 1.044076
v -38.512276 46.647663 30.723680
v 34.628014 -29.292330 31.937582
v -43.184849 11.213970 39.337658
v 8.690682 42.527634 0.726895
v -35.192383 -18.521187 1.100292
v -43.109333 9.602123 38.535480
v 33.237083 -45.223553 2.736824
v 37.797272 -28.974415 31.852810
v 7.161365 20.624290 55.094105
v -42.758595 9.041363 39.993225
v -43.589249 23.668716 37.545120
v -42.611347 7.928267 44.303467
v 9.383966 11.229592 55.394413
v 31.688702 -43.246449 2.154815
v -26.470652 -43.390499 27.607187
v 11.431043 -36.606091 41.954002
v 10.613579 -38.025242 40.096439
v 9.564540 -37.908123 41.742523
v 3.771368 -44.954838 28.298445
v 5.508357 -45.344784 27.393940
v -34.652519 46.546673 4.739572
v 43.782040 21.428041 1.249821
v -9.602691 -32.077705 45.371708
v -9.671326 -31.315392 45.583858
v 18.727356 -45.688522 7.885782
v 43.851982 -10.018307 17.401184
v -6.116028 35.782608 0.385609
v -5.306392 35.956772 0.656506
v 17.204565 46.322495 16.776987
v -20.840378 45.354527 51.216656
v -20.913033 44.736980 51.574909
v -23.089128 -29.612192 39.290005
v 35.352146 -6.765273 0.967672
v 42.848736 36.135136 52.118740
v -36.548016 -41.306667 34.395893
v -38.551250 -41.519089 34.699703
v -36.605339 -40.422935 34.955502
v -26.562639 -18.382339 38.886742
v 11.131225 39.961445 0.390926
v 34.302704 18.759577 0.528723
v 34.756611 17.507694 0.828248
v 32.090733 21.751467 0.704455
v -29.490566 46.893112 16.622482
v -18.059980 -24.476227 41.735302
v 12.556675 -6.851577 52.681274
v 12.513465 -8.172023 51.279152
v 7.906756 -42.275177 34.926975
v -23.480137 45.518528 51.108547
v 9.253192 -45.419407 27.399494
v -8.516870 18.790901 0.680529
v 32.846058 43.082100 54.175095
v 21.783663 46.795963 49.651035
v 22.385424 -10.251109 47.143982
v 42.981590 -18.299107 31.687515
v -34.274551 -19.265734 1.333238
v -42.984009 7.613096 32.248417
v 43.787174 42.052025 42.034279
v 9.939802 46.614082 53.002308
v 19.357620 33.358894 55.377518
v 10.936752 -17.593485 46.259327
v 44.536335 21.236359 9.397460
v 43.999496 29.786623 34.901546
v 44.127777 23.115742 10.650099
v -34.657185 -7.422123 0.731809
v 28.181870 -46.142529 21.184582
v 34.133644 -39.655407 26.646675
v 34.841499 -42.229568 24.270212
v 35.257038 -37.046665 28.115314
v 35.591957 -40.469486 25.671404
v -40.522751 -8.942921 24.320490
v 42.297989 5.483840 0.920754
v -18.457670 -13.453899 50.737232
v -32.250263 -39.200893 35.737389
v 29.495995 8.156947 0.681897
v -25.485161 46.641949 16.114988
v -37.922302 -31.260649 35.037971
v 37.971691 -1.441679 42.373318
v -40.390701 -21.818907 2.386614
v -38.244419 -37.965752 12.431291
v 43.081482 25.142820 53.578106
v -30.086597 -1.798371 52.583626
v -31.311113 26.708635 0.577845
v -19.196411 46.557125 32.245899
v -16.705992 17.290306 53.666187
v 40.083359 22.779335 0.429907
v 36.589554 45.745853 3.519729
v 43.783619 7.363793 29.605227
v 27.077280 -19.312702 1.113465
v -23.510988 5.195261 53.210732
v 1.013519 -11.921407 50.413036
v -39.734707 35.956944 48.890980
v -33.620922 -0.668387 51.049770
v 18.377886 -44.372196 2.130929
v 17.549957 -44.075153 2.178761
v 43.901535 37.619690 29.926617
v -1.370588 35.050438 0.680650
v 43.702789 38.052238 47.731037
v -39.727024 -24.628544 25.430382
v -40.075382 -24.700710 24.483362
v 43.978195 15.569341 32.662113
v -39.274010 -27.335817 28.143408
v 12.855384 -34.640366 0.790092
v -39.261200 -25.227667 28.236452
v -30.083630 46.969582 21.605471
v 41.781536 -30.474836 29.996304
v 42.913368 -29.116323 30.457355
v 7.417867 45.572212 1.343244
v -33.736938 39.335117 50.072605
v -34.074814 46.679436 13.693933
v -35.264004 46.395527 10.915163
v 43.111259 32.818260 53.157448
v -13.270092 -43.608528 30.217543
v -27.002670 11.756690 0.519497
v 42.084690 -31.195002 29.736177
v -11.908903 4.140403 0.679575
v -12.039016 5.721806 0.722169
v -1.916489 -19.353828 0.593452
v 43.748226 -27.761694 19.156788
v 43.583874 -29.069183 18.597576
v 43.713554 -31.107727 23.025335
v -22.338207 -35.172726 38.367146
v 34.987667 -20.531099 34.762829
v 11.335434 40.508389 54.055943
v 29.082239 -2.076235 0.600874
v 28.014738 -19.292988 44.706116
v -34.417713 44.882771 47.382954
v -36.249794 46.334389 12.407886
v -16.727640 47.011581 26.481567
v -35.034801 46.740887 12.453438
v -35.670086 -42.642521 30.204309
v -36.250656 46.535408 12.930896
v -9.021641 46.643238 24.841383
v -40.133999 37.074818 47.989895
v -15.145341 46.796471 31.238155
v 24.185486 -6.733854 48.369095
v -4.764407 -31.974705 46.156635
v 20.874201 -44.639122 25.127169
v -40.804249 41.330593 44.304913
v -40.630447 41.864914 42.239372
v 31.410440 -0.984422 1.200499
v -37.572823 8.688203 51.250263
v -31.692095 46.697552 28.842651
v 20.150867 -24.242085 0.889485
v 17.174223 -12.568859 0.699055
v 15.694878 -11.277585 0.841616
v -25.291101 44.886127 1.822428
v -32.999363 -18.181629 0.880340
v 34.443653 45.005890 1.608527
v -12.751161 -41.486221 2.263948
v -11.470861 -41.297443 1.593202
v 5.849553 36.469723 0.988130
v 24.738518 -7.253951 0.880818
v 24.619253 -36.197105 29.602148
v 2.759315 45.902721 53.536049
v 40.520035 -20.111094 31.907290
v 27.727772 6.786732 53.306511
v 27.814375 34.950363 0.799325
v 43.330971 -41.261101 9.454370
v -20.894846 -39.181450 4.571211
v 10.323278 -19.969858 0.858378
v 9.287173 -21.654324 0.411293
v -15.857035 -3.505749 53.288895
v 20.944851 46.862457 48.068100
v 22.497889 46.651306 48.572960
v 43.868698 12.775572 32.673740
v -15.453732 46.060799 50.016014
v 10.376515 -31.467306 0.793445
v 7.756919 46.665615 34.819023
v 40.083134 -28.878986 1.941908
v 36.983105 -46.025017 2.593052
v -6.112447 -19.961512 45.521564
v 43.561207 -26.798523 21.628101
v -42.460392 -37.921997 12.489118
v 9.888515 46.641075 35.282536
v 33.247623 9.908471 51.602119
v -36.305466 23.755936 0.450758
v 5.678774 -42.815742 1.127151
v 44.541565 5.373835 15.458243
v 40.894325 -28.039749 2.313745
v 43.509335 6.172378 34.323704
v 44.032745 31.579515 34.751270
v 13.804279 -2.108698 53.480339
v -33.023853 -9.313446 1.102693
v 44.516186 5.526947 17.668453
v -37.155071 46.683334 7.754798
v 44.171661 4.972060 19.891380
v 43.150249 -6.877406 35.595184
v 43.493717 -5.570985 31.827995
v 43.343807 -21.469168 12.109088
v 43.448822 -23.600586 12.635925
v 10.651179 46.674412 52.095440
v 43.742130 -21.388630 11.641488
v -39.126656 46.305576 7.386691
v -3.956917 45.664013 52.962391
v 42.859032 23.688633 0.940179
v 8.804651 46.455906 50.816833
v 13.846918 45.644882 0.940181
v -8.095703 14.576993 0.510491
v 44.159588 34.409061 23.519289
v 43.088024 -32.787983 5.828826
v -5.933652 -42.864574 0.864089
v 38.677689 -20.538876 32.219013
v -39.256851 22.521818 50.447842
v -21.938992 13.541998 0.217771
v 30.087019 -46.401897 16.129025
v 15.108247 -38.075661 33.582901
v 3.196139 45.141102 1.322612
v 33.113621 -23.960232 32.831291
v 33.597622 -24.635286 33.036385
v 34.273464 8.544045 49.457039
v 29.894587 -22.050280 37.795494
v 43.495907 44.135071 10.695051
v 32.462803 46.401043 24.878223
v -8.125154 -30.187080 45.700466
v 4.468118 39.372406 0.833171
v 6.723742 -43.723885 1.727787
v -22.781601 -5.807995 0.532708
v -7.479364 14.052982 0.731177
v 42.799629 38.806129 51.268406
v 43.170403 39.492191 50.189697
v -42.898804 16.751177 2.039540
v 3.653640 46.361156 48.453926
v 9.021554 40.278454 0.612505
v 17.404480 4.355494 0.499598
v 42.987522 40.866699 46.863655
v 33.312134 -23.398052 33.371422
v 21.379826 46.131466 54.360783
v -38.224457 -31.483425 6.582817
v 32.220615 -21.231098 36.151855
v 43.468651 -29.686207 26.253254
v 44.383968 4.972934 9.585153
v -1.151639 45.824543 4.945577
v -38.777557 -12.270936 42.369907
v 6.893415 -3.083790 52.898624
v 44.115913 14.901104 28.821320
v -38.673031 35.050301 49.839905
v -41.886841 6.160672 48.876373
v -41.892612 5.404570 48.509155
v 38.587421 43.306606 2.345138
v 33.982479 -46.243961 19.560507
v 42.916538 34.791939 1.752159
v 27.024109 -46.004505 20.767929
v -10.097668 -39.898064 41.980984
v -10.922899 -40.071922 41.719273

vt 0.063440 0.094825
vt 0.061691 0.094970
vt 0.061811 0.094838
vt 0.061691 0.094970
vt 0.061811 0.094838
vt 0.061529 0.095151
vt 0.061691 0.094970
vt 0.061529 0.095151
vt 0.061811 0.094838
vt 0.061691 0.094970
vt 0.062885 0.085317
vt 0.061811 0.094838
vt 0.061811 0.094838
vt 0.061529 0.095151
vt 0.061619 0.095052
vt 0.061811 0.094838
vt 0.061619 0.095052
vt 0.061529 0.095151
vt 0.061875 0.094766
vt 0.061619 0.095052
vt 0.061529 0.095151
vt 0.061875 0.094766
vt 0.061529 0.095151
vt 0.061619 0.095052
vt 0.055107 0.096246
vt 0.062885 0.085317
vt 0.264344 0.945426
vt 0.254998 0.914404
vt 0.276297 0.919568
vt 0.277662 0.447727
vt 0.269124 0.436847
vt 0.284374 0.438239
vt 0.173437 0.610770
vt 0.158884 0.598412
vt 0.187734 0.584464
vt 0.733458 0.110430
vt 0.731065 0.117351
vt 0.719560 0.117131
vt 0.873681 0.651045
vt 0.886059 0.638500
vt 0.875495 0.661014
vt 0.802445 0.791722
vt 0.795064 0.796516
vt 0.799398 0.772957
vt 0.871331 0.900723
vt 0.862261 0.895967
vt 0.872504 0.892780
vt 0.190823 0.840741
vt 0.194671 0.823067
vt 0.212741 0.827323
vt 0.698231 0.655697
vt 0.725580 0.656812
vt 0.735789 0.665402
vt 0.076332 0.922694
vt 0.064309 0.939054
vt 0.040997 0.928471
vt 0.575648 0.147679
vt 0.577999 0.121422
vt 0.611355 0.130805
vt 0.225212 0.608284
vt 0.186358 0.621077
vt 0.224599 0.584895
vt 0.666108 0.156152
vt 0.632152 0.177814
vt 0.634674 0.152764
vt 0.723571 0.407490
vt 0.715357 0.429121
vt 0.710209 0.409829
vt 0.826249 0.218331
vt 0.814435 0.233183
vt 0.816721 0.223498
vt 0.335691 0.286558
vt 0.329052 0.264660
vt 0.351989 0.288929
vt 0.753259 0.839605
vt 0.745556 0.827151
vt 0.760392 0.821441
vt 0.620446 0.866473
vt 0.633861 0.859638
vt 0.641244 0.870554
vt 0.835559 0.076200
vt 0.816601 0.066315
vt 0.838736 0.065451
vt 0.861971 0.236310
vt 0.846623 0.240410
vt 0.853857 0.233611
vt 0.873734 0.141921
vt 0.873783 0.129739
vt 0.884831 0.126578
vt 0.843731 0.930042
vt 0.866745 0.928530
vt 0.874104 0.939536
vt 0.654456 0.914202
vt 0.661839 0.913164
vt 0.661686 0.922148
vt 0.895494 0.072913
vt 0.888216 0.060115
vt 0.894322 0.046044
vt 0.320824 0.896169
vt 0.305784 0.885552
vt 0.324532 0.869905
vt 0.594249 0.330282
vt 0.580113 0.315513
vt 0.613190 0.320701
vt 0.396732 0.586437
vt 0.391625 0.552108
vt 0.409613 0.543020
vt 0.909876 0.539546
vt 0.925552 0.564869
vt 0.906264 0.563785
vt 0.941195 0.500550
vt 0.948892 0.506288
vt 0.945739 0.513996
vt 0.884518 0.973685
vt 0.893665 0.960254
vt 0.894721 0.971963
vt 0.794419 0.441509
vt 0.777883 0.448154
vt 0.775470 0.439607
vt 0.340031 0.056636
vt 0.352392 0.057025
vt 0.354292 0.065956
vt 0.359801 0.783930
vt 0.340893 0.764178
vt 0.355573 0.773229
vt 0.405131 0.744099
vt 0.386718 0.724105
vt 0.413607 0.739875
vt 0.700748 0.390458
vt 0.711949 0.382214
vt 0.692823 0.405814
vt 0.382301 0.916029
vt 0.370666 0.915281
vt 0.379462 0.896014
vt 0.607327 0.893057
vt 0.616371 0.889013
vt 0.628128 0.899382
vt 0.045934 0.325458
vt 0.076349 0.337725
vt 0.070672 0.357295
vt 0.318420 0.537703
vt 0.299061 0.523613
vt 0.323839 0.508265
vt 0.844766 0.072348
vt 0.814317 0.208181
vt 0.798545 0.215689
vt 0.801042 0.203065
vt 0.926338 0.819560
vt 0.935038 0.804373
vt 0.933174 0.829646
vt 0.089485 0.586478
vt 0.073142 0.562269
vt 0.100520 0.560051
vt 0.745145 0.079601
vt 0.755109 0.076302
vt 0.756508 0.083883
vt 0.222994 0.972241
vt 0.213061 0.952244
vt 0.229868 0.948689
vt 0.881054 0.271321
vt 0.875045 0.290067
vt 0.864008 0.266513
vt 0.758052 0.945434
vt 0.767796 0.935905
vt 0.774707 0.952439
vt 0.599751 0.563082
vt 0.617841 0.585994
vt 0.603931 0.594376
vt 0.072446 0.894765
vt 0.910601 0.067216
vt 0.578683 0.891123
vt 0.562055 0.881829
vt 0.578428 0.879296
vt 0.193428 0.760553
vt 0.181364 0.760195
vt 0.198746 0.755243
vt 0.528041 0.686310
vt 0.532176 0.672172
vt 0.533003 0.688689
vt 0.960965 0.959559
vt 0.971094 0.959934
vt 0.959357 0.970499
vt 0.930709 0.975167
vt 0.940601 0.989176
vt 0.932278 0.988927
vt 0.340703 0.808258
vt 0.318883 0.822662
vt 0.314459 0.796306
vt 0.238180 0.812032
vt 0.224396 0.802454
vt 0.245915 0.801600
vt 0.927383 0.859650
vt 0.921675 0.878975
vt 0.908974 0.870542
vt 0.110328 0.578972
vt 0.648434 0.383140
vt 0.658734 0.400436
vt 0.638452 0.383116
vt 0.558976 0.444601
vt 0.572633 0.440165
vt 0.571277 0.451561
vt 0.046019 0.158667
vt 0.081082 0.148610
vt 0.075682 0.166613
vt 0.331028 0.035123
vt 0.326680 0.047875
vt 0.307867 0.040832
vt 0.632646 0.039842
vt 0.642319 0.029769
vt 0.649227 0.043368
vt 0.690961 0.035946
vt 0.702275 0.028324
vt 0.700312 0.038504
vt 0.811643 0.814310
vt 0.809665 0.837264
vt 0.790242 0.819626
vt 0.766742 0.873355
vt 0.776733 0.883030
vt 0.768275 0.880728
vt 0.759405 0.193885
vt 0.770437 0.206373
vt 0.755494 0.205773
vt 0.634941 0.355561
vt 0.645075 0.327332
vt 0.660215 0.353640
vt 0.292487 0.164545
vt 0.302426 0.119481
vt 0.317290 0.130112
vt 0.091296 0.200056
vt 0.077194 0.196248
vt 0.093253 0.190164
vt 0.925670 0.195064
vt 0.926536 0.204886
vt 0.915255 0.197603
vt 0.923153 0.128310
vt 0.935614 0.143623
vt 0.906985 0.146093
vt 0.046739 0.196036
vt 0.059206 0.176686
vt 0.064048 0.186415
vt 0.181706 0.558081
vt 0.911947 0.483233
vt 0.896786 0.479101
vt 0.900169 0.468325
vt 0.858478 0.531443
vt 0.899923 0.536955
vt 0.857997 0.570346
vt 0.902002 0.802490
vt 0.919648 0.796383
vt 0.044983 0.553318
vt 0.032686 0.548838
vt 0.032038 0.536044
vt 0.424788 0.398605
vt 0.417310 0.375723
vt 0.441351 0.369967
vt 0.476068 0.425003
vt 0.477598 0.409486
vt 0.486499 0.404772
vt 0.105995 0.068540
vt 0.080027 0.072672
vt 0.094186 0.060287
vt 0.068105 0.023093
vt 0.056401 0.051981
vt 0.063684 0.014441
vt 0.761922 0.362946
vt 0.742928 0.382320
vt 0.747932 0.365455
vt 0.762725 0.432823
vt 0.750216 0.435739
vt 0.757914 0.422569
vt 0.734109 0.872169
vt 0.734958 0.879336
vt 0.727521 0.871660
vt 0.724637 0.844141
vt 0.738168 0.835713
vt 0.741433 0.843247
vt 0.797776 0.400680
vt 0.780484 0.401269
vt 0.793883 0.394542
vt 0.854448 0.376534
vt 0.842288 0.372768
vt 0.849930 0.362019
vt 0.763840 0.785727
vt 0.775167 0.770955
vt 0.778707 0.786579
vt 0.241863 0.025278
vt 0.275175 0.028744
vt 0.259909 0.054548
vt 0.479993 0.548057
vt 0.469514 0.561795
vt 0.470392 0.552319
vt 0.728340 0.739159
vt 0.766565 0.727620
vt 0.769410 0.739063
vt 0.782301 0.797929
vt 0.790713 0.773446
vt 0.753222 0.234102
vt 0.738363 0.250426
vt 0.738406 0.235061
vt 0.633545 0.238269
vt 0.619804 0.240397
vt 0.631204 0.214252
vt 0.868804 0.916774
vt 0.862544 0.920427
vt 0.862790 0.911397
vt 0.787930 0.881134
vt 0.771068 0.864567
vt 0.787871 0.860473
vt 0.644620 0.579071
vt 0.617123 0.529329
vt 0.675828 0.524104
vt 0.680783 0.538989
vt 0.669158 0.544954
vt 0.421878 0.225894
vt 0.417237 0.252715
vt 0.404756 0.221382
vt 0.414547 0.053432
vt 0.420594 0.071296
vt 0.397007 0.074771
vt 0.774812 0.195582
vt 0.791429 0.205263
vt 0.801710 0.325120
vt 0.784445 0.321532
vt 0.779607 0.313055
vt 0.599360 0.112239
vt 0.579558 0.112133
vt 0.566297 0.095811
vt 0.565304 0.507203
vt 0.580807 0.509852
vt 0.577415 0.524224
vt 0.644071 0.417261
vt 0.645402 0.403746
vt 0.660849 0.407118
vt 0.660175 0.424394
vt 0.675415 0.430447
vt 0.657870 0.436995
vt 0.706881 0.810003
vt 0.699088 0.798107
vt 0.713161 0.793308
vt 0.624031 0.835880
vt 0.639984 0.844877
vt 0.629690 0.846881
vt 0.297672 0.680992
vt 0.299878 0.684911
vt 0.289755 0.688061
vt 0.425391 0.689474
vt 0.388776 0.691988
vt 0.409859 0.678366
vt 0.252907 0.953287
vt 0.239089 0.962804
vt 0.770687 0.030116
vt 0.781353 0.030839
vt 0.768956 0.043137
vt 0.388630 0.046302
vt 0.383255 0.029595
vt 0.403988 0.049735
vt 0.658105 0.813859
vt 0.635318 0.807286
vt 0.665632 0.788509
vt 0.586467 0.424160
vt 0.557055 0.425254
vt 0.577344 0.400564
vt 0.578132 0.343479
vt 0.565399 0.352990
vt 0.568677 0.335270
vt 0.825313 0.203879
vt 0.822184 0.181831
vt 0.834451 0.183481
vt 0.881161 0.181200
vt 0.870431 0.192561
vt 0.865448 0.183145
vt 0.458254 0.428944
vt 0.460243 0.413910
vt 0.707792 0.716079
vt 0.723317 0.725167
vt 0.706949 0.740487
vt 0.742120 0.413561
vt 0.739133 0.431007
vt 0.729574 0.433206
vt 0.343548 0.708111
vt 0.350576 0.723051
vt 0.334166 0.720841
vt 0.722785 0.803318
vt 0.718886 0.785990
vt 0.734066 0.790571
vt 0.718977 0.830614
vt 0.732068 0.825671
vt 0.899015 0.188070
vt 0.907941 0.176375
vt 0.916573 0.176117
vt 0.862081 0.167021
vt 0.883765 0.162175
vt 0.952313 0.854453
vt 0.962361 0.848088
vt 0.961916 0.866083
vt 0.963566 0.811199
vt 0.955444 0.820851
vt 0.958728 0.805268
vt 0.266426 0.467051
vt 0.266661 0.452525
vt 0.299297 0.468286
vt 0.961501 0.717587
vt 0.963820 0.728749
vt 0.950092 0.731763
vt 0.820061 0.128512
vt 0.838677 0.131154
vt 0.837161 0.147878
vt 0.788518 0.198850
vt 0.112058 0.844315
vt 0.095478 0.848490
vt 0.102218 0.807676
vt 0.101186 0.766292
vt 0.096731 0.766533
vt 0.092192 0.754928
vt 0.750840 0.965290
vt 0.762441 0.956536
vt 0.756989 0.980611
vt 0.949877 0.135081
vt 0.752552 0.093271
vt 0.746680 0.087876
vt 0.777357 0.123561
vt 0.765145 0.123170
vt 0.776222 0.114247
vt 0.819705 0.401440
vt 0.817742 0.391952
vt 0.824847 0.392098
vt 0.830665 0.427471
vt 0.828272 0.439223
vt 0.818104 0.426196
vt 0.065232 0.472443
vt 0.065413 0.457932
vt 0.076256 0.459366
vt 0.391403 0.501489
vt 0.377170 0.495014
vt 0.388815 0.490485
vt 0.908113 0.130332
vt 0.601125 0.930239
vt 0.606263 0.925214
vt 0.613738 0.942649
vt 0.782665 0.391292
vt 0.769306 0.392395
vt 0.772772 0.379903
vt 0.845065 0.347000
vt 0.842370 0.362945
vt 0.529823 0.039181
vt 0.545262 0.037298
vt 0.535080 0.045776
vt 0.095084 0.978077
vt 0.082602 0.980684
vt 0.089457 0.974584
vt 0.416643 0.660144
vt 0.957069 0.525976
vt 0.969617 0.509856
vt 0.977222 0.524143
vt 0.911149 0.018571
vt 0.924942 0.017901
vt 0.917308 0.027693
vt 0.928734 0.049479
vt 0.947776 0.053566
vt 0.935317 0.072941
vt 0.890556 0.876341
vt 0.082125 0.626990
vt 0.790728 0.327503
vt 0.801315 0.335018
vt 0.785972 0.342650
vt 0.854118 0.284742
vt 0.843655 0.289642
vt 0.847854 0.273529
vt 0.613751 0.169528
vt 0.619649 0.140992
vt 0.741768 0.070265
vt 0.752273 0.070580
vt 0.726924 0.695626
vt 0.696399 0.670402
vt 0.924614 0.658856
vt 0.924386 0.679771
vt 0.913774 0.677357
vt 0.557106 0.868428
vt 0.549751 0.859961
vt 0.555602 0.857967
vt 0.548867 0.808705
vt 0.550029 0.828613
vt 0.541293 0.832361
vt 0.028919 0.953791
vt 0.020861 0.950906
vt 0.021790 0.938744
vt 0.560070 0.638827
vt 0.580748 0.638943
vt 0.561656 0.669103
vt 0.611265 0.906372
vt 0.628010 0.909765
vt 0.622694 0.925707
vt 0.625077 0.940723
vt 0.275872 0.823196
vt 0.306726 0.908518
vt 0.294020 0.892310
vt 0.797519 0.352311
vt 0.795837 0.348606
vt 0.809681 0.335715
vt 0.813265 0.351826
vt 0.822220 0.369633
vt 0.797584 0.366956
vt 0.819603 0.521839
vt 0.829286 0.532087
vt 0.801635 0.537018
vt 0.625023 0.176021
vt 0.527681 0.603114
vt 0.531720 0.618059
vt 0.530509 0.640542
vt 0.022353 0.866356
vt 0.012039 0.846346
vt 0.045910 0.841398
vt 0.864797 0.145662
vt 0.849533 0.144984
vt 0.852029 0.137166
vt 0.842263 0.147149
vt 0.840012 0.140173
vt 0.516905 0.275502
vt 0.513118 0.282213
vt 0.509662 0.274080
vt 0.554775 0.316542
vt 0.581152 0.303670
vt 0.560406 0.329666
vt 0.689598 0.915650
vt 0.675108 0.925632
vt 0.672810 0.913976
vt 0.712358 0.931820
vt 0.709437 0.919320
vt 0.721562 0.926620
vt 0.388119 0.110376
vt 0.417664 0.123377
vt 0.389249 0.135326
vt 0.267567 0.808876
vt 0.279071 0.790112
vt 0.937669 0.911172
vt 0.952679 0.886664
vt 0.952081 0.919146
vt 0.923522 0.924960
vt 0.946175 0.929114
vt 0.940174 0.932199
vt 0.538140 0.015208
vt 0.542687 0.024621
vt 0.535752 0.024049
vt 0.037476 0.962558
vt 0.036632 0.966624
vt 0.026505 0.960620
vt 0.710567 0.844608
vt 0.700299 0.836715
vt 0.713513 0.825639
vt 0.691373 0.880467
vt 0.689895 0.871052
vt 0.707286 0.868847
vt 0.439938 0.103115
vt 0.454426 0.097376
vt 0.450106 0.108489
vt 0.431359 0.059216
vt 0.435978 0.070988
vt 0.720807 0.337896
vt 0.708907 0.340746
vt 0.718029 0.323679
vt 0.723041 0.358544
vt 0.712445 0.358184
vt 0.726455 0.345684
vt 0.853615 0.099157
vt 0.862694 0.093709
vt 0.861194 0.110707
vt 0.856953 0.134574
vt 0.868827 0.133726
vt 0.889062 0.308320
vt 0.871797 0.316259
vt 0.882518 0.298535
vt 0.874214 0.956973
vt 0.863658 0.970510
vt 0.860703 0.960859
vt 0.733525 0.616536
vt 0.741638 0.595687
vt 0.752787 0.613645
vt 0.758578 0.568993
vt 0.768766 0.600678
vt 0.806390 0.806013
vt 0.880441 0.785133
vt 0.890597 0.766393
vt 0.894481 0.773166
vt 0.738112 0.947726
vt 0.724999 0.951523
vt 0.735270 0.933862
vt 0.737181 0.961539
vt 0.119301 0.940131
vt 0.118965 0.971162
vt 0.100064 0.953899
vt 0.203991 0.914655
vt 0.189096 0.933444
vt 0.180334 0.901661
vt 0.450814 0.066541
vt 0.621881 0.783389
vt 0.610611 0.802046
vt 0.603858 0.784634
vt 0.929738 0.279390
vt 0.907486 0.307610
vt 0.911757 0.294094
vt 0.774429 0.962705
vt 0.776590 0.974899
vt 0.974904 0.556941
vt 0.986093 0.552467
vt 0.984815 0.567598
vt 0.903519 0.578658
vt 0.925829 0.594521
vt 0.904686 0.598268
vt 0.698309 0.823122
vt 0.684299 0.815320
vt 0.692138 0.807850
vt 0.778283 0.140141
vt 0.789988 0.133631
vt 0.792517 0.147154
vt 0.715975 0.200544
vt 0.723779 0.167183
vt 0.742609 0.180610
vt 0.225093 0.880749
vt 0.211327 0.855105
vt 0.230050 0.844503
vt 0.265279 0.888075
vt 0.275262 0.905485
vt 0.931073 0.660266
vt 0.946379 0.672776
vt 0.961647 0.711393
vt 0.932344 0.721624
vt 0.549361 0.411541
vt 0.561297 0.387537
vt 0.942591 0.492758
vt 0.933732 0.496680
vt 0.934928 0.485815
vt 0.803556 0.161172
vt 0.791939 0.179043
vt 0.774855 0.168164
vt 0.828154 0.168805
vt 0.834342 0.177200
vt 0.585633 0.793674
vt 0.585039 0.803888
vt 0.579834 0.801557
vt 0.591838 0.835524
vt 0.586288 0.854301
vt 0.578183 0.843917
vt 0.543725 0.058887
vt 0.556927 0.045958
vt 0.550523 0.061924
vt 0.601668 0.023053
vt 0.611055 0.021387
vt 0.608547 0.029660
vt 0.607749 0.287191
vt 0.578463 0.273977
vt 0.565632 0.246188
vt 0.553301 0.284683
vt 0.541895 0.286866
vt 0.546259 0.275022
vt 0.490968 0.345901
vt 0.482247 0.327237
vt 0.489910 0.322907
vt 0.450714 0.429411
vt 0.447748 0.374790
vt 0.980780 0.957080
vt 0.978506 0.971006
vt 0.970275 0.970897
vt 0.888394 0.440897
vt 0.873898 0.444013
vt 0.878229 0.436486
vt 0.838061 0.020309
vt 0.839384 0.028437
vt 0.826631 0.028639
vt 0.867458 0.030471
vt 0.871118 0.020788
vt 0.875450 0.030394
vt 0.643636 0.928153
vt 0.658220 0.934610
vt 0.638123 0.940469
vt 0.024923 0.010564
vt 0.037849 0.012421
vt 0.025915 0.019206
vt 0.911888 0.789015
vt 0.169581 0.209581
vt 0.163737 0.196784
vt 0.185195 0.198127
vt 0.178611 0.295001
vt 0.185319 0.321368
vt 0.184081 0.340028
vt 0.039424 0.946972
vt 0.049237 0.951239
vt 0.050407 0.964190
vt 0.072241 0.974198
vt 0.086161 0.966441
vt 0.957891 0.630488
vt 0.970384 0.638039
vt 0.967483 0.655668
vt 0.954764 0.600653
vt 0.971266 0.584332
vt 0.971771 0.600554
vt 0.695564 0.333722
vt 0.695690 0.346060
vt 0.690003 0.341371
vt 0.674342 0.377982
vt 0.672143 0.399983
vt 0.664923 0.378659
vt 0.336470 0.071751
vt 0.341124 0.091304
vt 0.392322 0.102682
vt 0.374206 0.103506
vt 0.386934 0.081495
vt 0.846145 0.839278
vt 0.850213 0.809690
vt 0.862461 0.824365
vt 0.857549 0.871452
vt 0.865123 0.866473
vt 0.865109 0.876662
vt 0.065965 0.959351
vt 0.076838 0.960731
vt 0.067077 0.969357
vt 0.095933 0.945864
vt 0.902903 0.083238
vt 0.637956 0.949965
vt 0.739953 0.302805
vt 0.736539 0.326374
vt 0.729340 0.310730
vt 0.769118 0.313514
vt 0.758652 0.324727
vt 0.750546 0.305825
vt 0.030124 0.176350
vt 0.028357 0.156985
vt 0.031994 0.162355
vt 0.030256 0.081976
vt 0.032670 0.057291
vt 0.041121 0.081763
vt 0.803766 0.885214
vt 0.814701 0.874249
vt 0.816720 0.885097
vt 0.784169 0.936919
vt 0.795888 0.934679
vt 0.791390 0.942757
vt 0.584613 0.651832
vt 0.602837 0.655646
vt 0.592360 0.666015
vt 0.627164 0.711908
vt 0.638263 0.728798
vt 0.620553 0.730456
vt 0.733549 0.299839
vt 0.686284 0.332589
vt 0.676417 0.340017
vt 0.670333 0.331605
vt 0.483183 0.567675
vt 0.489453 0.554351
vt 0.481756 0.664019
vt 0.465473 0.679249
vt 0.459971 0.664012
vt 0.302881 0.083454
vt 0.295983 0.059823
vt 0.320442 0.073983
vt 0.319286 0.099302
vt 0.337178 0.102528
vt 0.704343 0.184798
vt 0.680543 0.233734
vt 0.663032 0.219433
vt 0.694168 0.205061
vt 0.574091 0.434960
vt 0.581012 0.442627
vt 0.428992 0.752250
vt 0.628212 0.012630
vt 0.625798 0.021640
vt 0.617608 0.018659
vt 0.149192 0.950513
vt 0.133838 0.959978
vt 0.131034 0.941862
vt 0.737712 0.898004
vt 0.717674 0.895232
vt 0.728563 0.883551
vt 0.738992 0.922353
vt 0.724755 0.913076
vt 0.738261 0.906970
vt 0.102382 0.452343
vt 0.105701 0.435178
vt 0.123304 0.456569
vt 0.140410 0.375637
vt 0.141313 0.355806
vt 0.167613 0.374117
vt 0.253915 0.760606
vt 0.252258 0.780176
vt 0.238077 0.766908
vt 0.269019 0.761386
vt 0.672024 0.449116
vt 0.668491 0.442978
vt 0.681852 0.442671
vt 0.613835 0.447251
vt 0.602861 0.454289
vt 0.599663 0.436562
vt 0.622768 0.050759
vt 0.636337 0.074428
vt 0.613703 0.063751
vt 0.712259 0.071153
vt 0.687295 0.065530
vt 0.711225 0.053926
vt 0.843951 0.116999
vt 0.852471 0.123506
vt 0.848135 0.126850
vt 0.838072 0.119147
vt 0.450384 0.506130
vt 0.430373 0.501661
vt 0.445945 0.494928
vt 0.442499 0.512735
vt 0.422204 0.528384
vt 0.413311 0.506065
vt 0.429137 0.207496
vt 0.425140 0.194456
vt 0.438805 0.195211
vt 0.477651 0.178332
vt 0.471867 0.198961
vt 0.472589 0.184116
vt 0.896380 0.361401
vt 0.888943 0.349816
vt 0.899643 0.337351
vt 0.878698 0.325163
vt 0.810977 0.085359
vt 0.814102 0.100799
vt 0.802377 0.097827
vt 0.780961 0.097467
vt 0.763478 0.098848
vt 0.782561 0.084047
vt 0.753635 0.352272
vt 0.737239 0.351562
vt 0.745068 0.336910
vt 0.730225 0.347164
vt 0.596102 0.501678
vt 0.593252 0.520069
vt 0.536669 0.086479
vt 0.528183 0.071688
vt 0.540965 0.068261
vt 0.267093 0.305457
vt 0.239006 0.302876
vt 0.280350 0.277385
vt 0.219082 0.376151
vt 0.233200 0.362801
vt 0.244061 0.372427
vt 0.328472 0.776906
vt 0.312082 0.759098
vt 0.320540 0.766223
vt 0.310102 0.767820
vt 0.878292 0.388426
vt 0.883435 0.401927
vt 0.873019 0.403219
vt 0.867724 0.365828
vt 0.858862 0.362962
vt 0.713515 0.967602
vt 0.704789 0.964027
vt 0.708847 0.953853
vt 0.924766 0.182384
vt 0.913094 0.184735
vt 0.063630 0.585208
vt 0.053709 0.578333
vt 0.054294 0.558667
vt 0.962207 0.831813
vt 0.969802 0.831629
vt 0.968820 0.844263
vt 0.262949 0.144067
vt 0.279118 0.128137
vt 0.264317 0.163378
vt 0.236010 0.046373
vt 0.547830 0.595587
vt 0.571158 0.625278
vt 0.537927 0.618944
vt 0.595134 0.550068
vt 0.905321 0.729686
vt 0.916975 0.741483
vt 0.904379 0.736931
vt 0.100956 0.465721
vt 0.123444 0.478095
vt 0.673127 0.053776
vt 0.694116 0.046328
vt 0.675974 0.039856
vt 0.689079 0.042930
vt 0.201911 0.200393
vt 0.209374 0.162445
vt 0.225180 0.172120
vt 0.214830 0.062141
vt 0.224308 0.067208
vt 0.218079 0.095672
vt 0.857174 0.862347
vt 0.850487 0.875206
vt 0.838471 0.866068
vt 0.826725 0.880830
vt 0.831664 0.311940
vt 0.833923 0.324879
vt 0.824840 0.321365
vt 0.806759 0.301837
vt 0.843538 0.727131
vt 0.862625 0.741532
vt 0.839214 0.739041
vt 0.170935 0.453814
vt 0.171469 0.442246
vt 0.178737 0.461905
vt 0.531504 0.556227
vt 0.541612 0.543228
vt 0.541269 0.563510
vt 0.569222 0.539042
vt 0.555226 0.572988
vt 0.166591 0.144865
vt 0.170783 0.110065
vt 0.191168 0.119811
vt 0.183881 0.155863
vt 0.189188 0.135960
vt 0.194419 0.151337
vt 0.573443 0.871640
vt 0.566563 0.866067
vt 0.572180 0.859861
vt 0.579874 0.851923
vt 0.571516 0.851860
vt 0.819819 0.695194
vt 0.828453 0.707525
vt 0.804306 0.723152
vt 0.816093 0.736784
vt 0.822505 0.747198
vt 0.802397 0.736192
vt 0.657661 0.382240
vt 0.689225 0.412854
vt 0.671015 0.417843
vt 0.672576 0.403928
vt 0.173404 0.150135
vt 0.141649 0.207087
vt 0.151716 0.187917
vt 0.158276 0.213806
vt 0.565389 0.802815
vt 0.562154 0.793878
vt 0.570615 0.792894
vt 0.573520 0.817520
vt 0.565326 0.819783
vt 0.569083 0.809868
vt 0.712659 0.084760
vt 0.676563 0.118875
vt 0.685872 0.075606
vt 0.692174 0.127610
vt 0.839296 0.305948
vt 0.832550 0.295983
vt 0.811023 0.261765
vt 0.799454 0.286808
vt 0.793946 0.270868
vt 0.561249 0.811187
vt 0.553469 0.813716
vt 0.557500 0.824715
vt 0.796051 0.703408
vt 0.805485 0.681406
vt 0.813735 0.689770
vt 0.828010 0.659095
vt 0.813083 0.674185
vt 0.807951 0.669963
vt 0.432909 0.492357
vt 0.079436 0.457991
vt 0.067668 0.451084
vt 0.083683 0.436287
vt 0.839275 0.245264
vt 0.834047 0.236960
vt 0.833411 0.224710
vt 0.836348 0.278584
vt 0.829760 0.284254
vt 0.827280 0.269222
vt 0.141742 0.057746
vt 0.152354 0.038766
vt 0.166874 0.032908
vt 0.138062 0.109366
vt 0.145347 0.082578
vt 0.151613 0.096372
vt 0.840292 0.601054
vt 0.828669 0.620405
vt 0.812254 0.608763
vt 0.886716 0.568924
vt 0.455315 0.043671
vt 0.441528 0.039258
vt 0.447807 0.030462
vt 0.539574 0.809245
vt 0.702642 0.326905
vt 0.690945 0.308744
vt 0.710460 0.306561
vt 0.680471 0.250960
vt 0.664078 0.256615
vt 0.644780 0.864012
vt 0.650325 0.855133
vt 0.661437 0.856152
vt 0.697334 0.846259
vt 0.684975 0.860886
vt 0.684947 0.841400
vt 0.117523 0.034470
vt 0.115618 0.052502
vt 0.101342 0.038983
vt 0.904978 0.762000
vt 0.899167 0.768828
vt 0.117280 0.643993
vt 0.112115 0.628472
vt 0.141864 0.643905
vt 0.125015 0.643155
vt 0.126691 0.623348
vt 0.790248 0.013821
vt 0.774748 0.012045
vt 0.807937 0.012569
vt 0.793018 0.041174
vt 0.775044 0.049492
vt 0.548373 0.442868
vt 0.558439 0.437766
vt 0.548776 0.423295
vt 0.744684 0.328969
vt 0.822565 0.161020
vt 0.810613 0.156503
vt 0.818142 0.138724
vt 0.819488 0.171278
vt 0.813850 0.181404
vt 0.810002 0.167413
vt 0.979329 0.926733
vt 0.975519 0.927694
vt 0.972461 0.903035
vt 0.959796 0.937096
vt 0.971107 0.951263
vt 0.951132 0.945340
vt 0.252916 0.864179
vt 0.238153 0.870620
vt 0.250876 0.853436
vt 0.276837 0.836438
vt 0.264055 0.860267
vt 0.257796 0.842750
vt 0.912031 0.766484
vt 0.916995 0.762372
vt 0.934070 0.762556
vt 0.930982 0.786641
vt 0.924070 0.771760
vt 0.480245 0.723281
vt 0.483906 0.734923
vt 0.474107 0.733476
vt 0.987601 0.501669
vt 0.978762 0.512344
vt 0.353638 0.441820
vt 0.345234 0.413519
vt 0.365192 0.440313
vt 0.425767 0.453667
vt 0.428469 0.461775
vt 0.414841 0.463511
vt 0.765952 0.899628
vt 0.774780 0.898938
vt 0.766491 0.908325
vt 0.784222 0.906120
vt 0.800183 0.912129
vt 0.780020 0.914403
vt 0.535406 0.261776
vt 0.531142 0.239828
vt 0.162766 0.769168
vt 0.159440 0.757563
vt 0.177375 0.757354
vt 0.122899 0.760448
vt 0.116656 0.764961
vt 0.112553 0.756193
vt 0.496684 0.628100
vt 0.493495 0.636676
vt 0.488180 0.629339
vt 0.974156 0.608517
vt 0.975507 0.586101
vt 0.983458 0.596720
vt 0.218134 0.205412
vt 0.235118 0.212681
vt 0.252866 0.262274
vt 0.258157 0.220644
vt 0.274931 0.237901
vt 0.718857 0.952119
vt 0.712976 0.940911
vt 0.724989 0.937407
vt 0.686757 0.955906
vt 0.700106 0.952320
vt 0.697755 0.961014
vt 0.971869 0.623891
vt 0.493181 0.619180
vt 0.505520 0.617231
vt 0.145868 0.772607
vt 0.133522 0.769269
vt 0.143560 0.760362
vt 0.169535 0.835412
vt 0.145196 0.854050
vt 0.135860 0.828990
vt 0.608338 0.685025
vt 0.615219 0.713200
vt 0.587237 0.718439
vt 0.686934 0.698805
vt 0.056354 0.430575
vt 0.055291 0.421598
vt 0.065874 0.426974
vt 0.086026 0.346819
vt 0.101945 0.371544
vt 0.839757 0.416758
vt 0.823443 0.410840
vt 0.840465 0.409620
vt 0.867365 0.408422
vt 0.874580 0.412046
vt 0.857806 0.412945
vt 0.205739 0.049117
vt 0.196055 0.036081
vt 0.179827 0.020919
vt 0.200642 0.018420
vt 0.414051 0.817121
vt 0.422826 0.824911
vt 0.407205 0.821495
vt 0.428763 0.863380
vt 0.428386 0.887613
vt 0.405591 0.858689
vt 0.841271 0.403373
vt 0.855804 0.405554
vt 0.851144 0.407976
vt 0.862079 0.384408
vt 0.850953 0.390135
vt 0.688766 0.733737
vt 0.689561 0.742737
vt 0.126030 0.768191
vt 0.120656 0.780428
vt 0.077055 0.803415
vt 0.095430 0.783509
vt 0.240898 0.530816
vt 0.221222 0.530068
vt 0.226672 0.522796
vt 0.302836 0.517594
vt 0.315370 0.502976
vt 0.668336 0.031790
vt 0.672214 0.023075
vt 0.680858 0.029923
vt 0.144156 0.933224
vt 0.160778 0.935314
vt 0.881722 0.120080
vt 0.882674 0.104979
vt 0.894202 0.117199
vt 0.877326 0.090258
vt 0.354730 0.587975
vt 0.369527 0.590496
vt 0.364337 0.604210
vt 0.333141 0.678844
vt 0.324472 0.692082
vt 0.313281 0.669238
vt 0.646667 0.785603
vt 0.632301 0.788762
vt 0.630333 0.776597
vt 0.361119 0.039975
vt 0.371961 0.049531
vt 0.860345 0.199954
vt 0.844896 0.208255
vt 0.852274 0.191172
vt 0.848219 0.226299
vt 0.839534 0.224819
vt 0.714177 0.456897
vt 0.699622 0.454266
vt 0.713089 0.447443
vt 0.674376 0.453677
vt 0.657456 0.726163
vt 0.658116 0.738999
vt 0.642015 0.736558
vt 0.369766 0.461098
vt 0.385035 0.444881
vt 0.396868 0.453330
vt 0.892956 0.208630
vt 0.894025 0.197623
vt 0.906742 0.202176
vt 0.877670 0.212257
vt 0.887364 0.190250
vt 0.978972 0.671828
vt 0.976139 0.685771
vt 0.968603 0.681112
vt 0.496800 0.532774
vt 0.484527 0.535125
vt 0.486144 0.521947
vt 0.170521 0.771454
vt 0.178690 0.771782
vt 0.163193 0.814869
vt 0.121264 0.814682
vt 0.133025 0.797483
vt 0.772731 0.279404
vt 0.765017 0.264185
vt 0.769983 0.267074
vt 0.792679 0.278478
vt 0.186605 0.793117
vt 0.173785 0.779138
vt 0.182902 0.779313
vt 0.244746 0.790386
vt 0.227854 0.771828
vt 0.945386 0.695757
vt 0.962074 0.695817
vt 0.972956 0.699035
vt 0.966130 0.690563
vt 0.823352 0.898025
vt 0.825321 0.931796
vt 0.812286 0.941335
vt 0.809522 0.927193
vt 0.365813 0.113558
vt 0.367324 0.130780
vt 0.333234 0.139480
vt 0.334420 0.164153
vt 0.428984 0.638436
vt 0.421453 0.617509
vt 0.437963 0.607010
vt 0.482880 0.596619
vt 0.473983 0.601689
vt 0.476049 0.586271
vt 0.713784 0.858065
vt 0.721103 0.863748
vt 0.691442 0.863876
vt 0.250942 0.974138
vt 0.243727 0.968558
vt 0.261807 0.968497
vt 0.751594 0.035156
vt 0.757686 0.053012
vt 0.748709 0.055187
vt 0.415046 0.840605
vt 0.395313 0.854877
vt 0.389663 0.831693
vt 0.337834 0.850253
vt 0.768115 0.826186
vt 0.748279 0.851544
vt 0.771289 0.422806
vt 0.759073 0.417342
vt 0.777074 0.409241
vt 0.550495 0.511762
vt 0.555372 0.518285
vt 0.544187 0.524085
vt 0.517711 0.030895
vt 0.532179 0.032003
vt 0.715263 0.038460
vt 0.716658 0.030952
vt 0.728771 0.034007
vt 0.727704 0.024227
vt 0.737706 0.026529
vt 0.102579 0.283012
vt 0.084602 0.289755
vt 0.088775 0.275832
vt 0.130293 0.227360
vt 0.125314 0.211707
vt 0.143865 0.219219
vt 0.406317 0.148571
vt 0.429358 0.145334
vt 0.432190 0.158894
vt 0.472304 0.152668
vt 0.464207 0.157151
vt 0.463142 0.146477
vt 0.768337 0.831653
vt 0.775731 0.824414
vt 0.774626 0.834775
vt 0.771201 0.851833
vt 0.788172 0.846849
vt 0.347600 0.911787
vt 0.327983 0.912132
vt 0.334898 0.886493
vt 0.876034 0.017636
vt 0.882202 0.025583
vt 0.896931 0.100348
vt 0.924130 0.102557
vt 0.929222 0.108835
vt 0.915756 0.114238
vt 0.561637 0.530870
vt 0.553362 0.542662
vt 0.566930 0.519222
vt 0.322622 0.207778
vt 0.286171 0.184972
vt 0.392429 0.164697
vt 0.418513 0.166310
vt 0.403032 0.175361
vt 0.174194 0.981845
vt 0.192115 0.969139
vt 0.185950 0.977623
vt 0.197487 0.983594
vt 0.284998 0.532426
vt 0.273507 0.518696
vt 0.285399 0.502853
vt 0.034019 0.268408
vt 0.036609 0.256321
vt 0.048982 0.256175
vt 0.544160 0.846709
vt 0.549597 0.845862
vt 0.420145 0.855814
vt 0.604968 0.053206
vt 0.586032 0.055359
vt 0.589769 0.043742
vt 0.602311 0.053433
vt 0.853512 0.037780
vt 0.848260 0.024325
vt 0.856226 0.031981
vt 0.885285 0.079791
vt 0.868602 0.073684
vt 0.869270 0.061858
vt 0.887386 0.450499
vt 0.879555 0.450317
vt 0.182865 0.651099
vt 0.200637 0.636256
vt 0.230157 0.666752
vt 0.784033 0.760284
vt 0.790835 0.766806
vt 0.809205 0.765125
vt 0.795593 0.759508
vt 0.012318 0.882396
vt 0.528164 0.565709
vt 0.034841 0.322864
vt 0.034052 0.298211
vt 0.040243 0.320023
vt 0.071689 0.288208
vt 0.791978 0.050947
vt 0.803644 0.062872
vt 0.786467 0.067774
vt 0.794835 0.094070
vt 0.788872 0.086814
vt 0.972222 0.976102
vt 0.887417 0.434548
vt 0.881610 0.426330
vt 0.047197 0.941533
vt 0.033898 0.934507
vt 0.018422 0.909255
vt 0.028122 0.915322
vt 0.027030 0.922094
vt 0.457946 0.295801
vt 0.474932 0.276602
vt 0.478203 0.287110
vt 0.431382 0.273253
vt 0.441901 0.265307
vt 0.456894 0.271245
vt 0.872755 0.928009
vt 0.881924 0.933699
vt 0.898351 0.949344
vt 0.887245 0.951298
vt 0.459595 0.036411
vt 0.464501 0.024228
vt 0.468943 0.040702
vt 0.389694 0.793088
vt 0.376785 0.808470
vt 0.379990 0.791429
vt 0.122059 0.033147
vt 0.855268 0.790109
vt 0.853959 0.763115
vt 0.870356 0.768423
vt 0.238121 0.896515
vt 0.235115 0.888449
vt 0.241284 0.883239
vt 0.215506 0.898562
vt 0.202700 0.891296
vt 0.899790 0.943564
vt 0.940051 0.972751
vt 0.941938 0.968536
vt 0.955043 0.975574
vt 0.765489 0.255682
vt 0.778905 0.262041
vt 0.740178 0.263874
vt 0.743337 0.271284
vt 0.726126 0.269556
vt 0.239818 0.253525
vt 0.238733 0.229210
vt 0.220573 0.304090
vt 0.214910 0.321967
vt 0.201356 0.299173
vt 0.615907 0.024372
vt 0.623495 0.043366
vt 0.791787 0.962459
vt 0.800412 0.978553
vt 0.928307 0.242960
vt 0.920129 0.247257
vt 0.906668 0.235239
vt 0.766898 0.307157
vt 0.788332 0.300644
vt 0.948387 0.579279
vt 0.969135 0.575862
vt 0.932655 0.602744
vt 0.981714 0.536775
vt 0.970028 0.532550
vt 0.668030 0.935410
vt 0.671029 0.928691
vt 0.681834 0.935771
vt 0.684703 0.948082
vt 0.692630 0.943143
vt 0.630531 0.423814
vt 0.613902 0.398480
vt 0.634666 0.404861
vt 0.635397 0.375934
vt 0.618388 0.368244
vt 0.646952 0.359296
vt 0.861452 0.278701
vt 0.818082 0.339756
vt 0.817156 0.330845
vt 0.825571 0.330036
vt 0.041590 0.814102
vt 0.018315 0.839232
vt 0.021379 0.797312
vt 0.503619 0.432338
vt 0.494676 0.438457
vt 0.486256 0.433057
vt 0.906563 0.629024
vt 0.931330 0.633654
vt 0.922691 0.645140
vt 0.743830 0.931968
vt 0.758880 0.933840
vt 0.750876 0.940689
vt 0.746848 0.920896
vt 0.745176 0.902447
vt 0.226950 0.222255
vt 0.232439 0.224762
vt 0.232467 0.255054
vt 0.359166 0.836280
vt 0.372718 0.815818
vt 0.366206 0.793048
vt 0.372974 0.797883
vt 0.025853 0.780941
vt 0.046882 0.789696
vt 0.083576 0.766257
vt 0.099771 0.781915
vt 0.078350 0.778916
vt 0.197153 0.263249
vt 0.203260 0.240392
vt 0.221023 0.242590
vt 0.184003 0.261606
vt 0.190210 0.229763
vt 0.092385 0.510326
vt 0.080916 0.524924
vt 0.069305 0.514975
vt 0.042369 0.523071
vt 0.046981 0.542633
vt 0.742958 0.451994
vt 0.726699 0.445446
vt 0.746483 0.437253
vt 0.771257 0.457427
vt 0.782052 0.453344
vt 0.855080 0.332393
vt 0.857235 0.349121
vt 0.699760 0.927127
vt 0.695933 0.937979
vt 0.160952 0.280969
vt 0.156914 0.267062
vt 0.175233 0.270701
vt 0.098600 0.329008
vt 0.099903 0.307535
vt 0.114573 0.315437
vt 0.769613 0.159920
vt 0.751550 0.165947
vt 0.753963 0.152818
vt 0.741994 0.164121
vt 0.715863 0.161636
vt 0.739268 0.147663
vt 0.718424 0.612468
vt 0.721065 0.544555
vt 0.708120 0.571905
vt 0.702427 0.547653
vt 0.914828 0.947569
vt 0.916544 0.935651
vt 0.926254 0.952232
vt 0.929780 0.961125
vt 0.916360 0.954692
vt 0.494574 0.385544
vt 0.493793 0.401717
vt 0.488777 0.380039
vt 0.070095 0.765768
vt 0.166299 0.250966
vt 0.169228 0.246336
vt 0.127109 0.277748
vt 0.140677 0.271326
vt 0.131514 0.300390
vt 0.761933 0.182883
vt 0.771495 0.182073
vt 0.681683 0.373512
vt 0.672419 0.371208
vt 0.680833 0.363362
vt 0.479828 0.696104
vt 0.464983 0.712583
vt 0.468632 0.695249
vt 0.431199 0.694497
vt 0.422701 0.729808
vt 0.143474 0.232156
vt 0.155630 0.251572
vt 0.137847 0.251215
vt 0.156172 0.244541
vt 0.601298 0.162944
vt 0.546997 0.235254
vt 0.562092 0.228530
vt 0.277887 0.770448
vt 0.262078 0.781471
vt 0.297628 0.764965
vt 0.304411 0.762978
vt 0.803978 0.923754
vt 0.789176 0.916136
vt 0.820089 0.920196
vt 0.804004 0.916045
vt 0.327729 0.654981
vt 0.373078 0.709319
vt 0.377939 0.687255
vt 0.899047 0.741739
vt 0.928482 0.746657
vt 0.904049 0.746659
vt 0.951647 0.736671
vt 0.962541 0.742782
vt 0.952350 0.747378
vt 0.287736 0.834823
vt 0.309196 0.839366
vt 0.593814 0.018192
vt 0.618605 0.012090
vt 0.176764 0.520957
vt 0.162082 0.528433
vt 0.166617 0.519186
vt 0.103266 0.543310
vt 0.111797 0.512013
vt 0.121612 0.531499
vt 0.541152 0.133940
vt 0.519568 0.144930
vt 0.519364 0.139033
vt 0.527343 0.121342
vt 0.508727 0.132753
vt 0.504641 0.110852
vt 0.430972 0.878019
vt 0.437294 0.874243
vt 0.572262 0.913815
vt 0.570293 0.904419
vt 0.589682 0.906381
vt 0.543029 0.206572
vt 0.543628 0.217848
vt 0.534196 0.213010
vt 0.508016 0.165386
vt 0.506807 0.140762
vt 0.744056 0.759991
vt 0.731604 0.767273
vt 0.725419 0.761890
vt 0.742261 0.782787
vt 0.733491 0.774579
vt 0.745487 0.768907
vt 0.417909 0.395145
vt 0.410525 0.451746
vt 0.409241 0.437980
vt 0.869108 0.849642
vt 0.860752 0.839775
vt 0.869383 0.830757
vt 0.910946 0.845518
vt 0.892319 0.848097
vt 0.910857 0.838840
vt 0.604574 0.914594
vt 0.616578 0.914644
vt 0.588877 0.914529
vt 0.740553 0.541157
vt 0.745725 0.565353
vt 0.739506 0.566175
vt 0.516777 0.193951
vt 0.507941 0.185947
vt 0.530017 0.189310
vt 0.827028 0.803356
vt 0.820926 0.785320
vt 0.835574 0.781954
vt 0.839666 0.800380
vt 0.842496 0.816941
vt 0.827416 0.817766
vt 0.750872 0.424295
vt 0.399621 0.497150
vt 0.405805 0.489965
vt 0.064283 0.404026
vt 0.333639 0.397362
vt 0.351426 0.369658
vt 0.369220 0.401961
vt 0.249586 0.373664
vt 0.265365 0.351979
vt 0.900899 0.816476
vt 0.887862 0.816420
vt 0.895769 0.826769
vt 0.887009 0.832666
vt 0.733994 0.716054
vt 0.743211 0.731178
vt 0.778229 0.681497
vt 0.778441 0.707177
vt 0.755736 0.702178
vt 0.194783 0.862315
vt 0.180640 0.841977
vt 0.883655 0.859693
vt 0.891224 0.858356
vt 0.889774 0.869134
vt 0.880256 0.842164
vt 0.766397 0.888824
vt 0.755769 0.876458
vt 0.798111 0.105373
vt 0.779516 0.110599
vt 0.788435 0.118915
vt 0.192777 0.435348
vt 0.204989 0.439523
vt 0.194817 0.463411
vt 0.159524 0.443260
vt 0.143009 0.404266
vt 0.166935 0.403904
vt 0.167801 0.918248
vt 0.164513 0.930272
vt 0.151700 0.917927
vt 0.106095 0.864310
vt 0.456397 0.576868
vt 0.451592 0.561498
vt 0.417150 0.605172
vt 0.604589 0.039991
vt 0.609614 0.039869
vt 0.622542 0.036904
vt 0.758165 0.902752
vt 0.759477 0.886077
vt 0.742615 0.896748
vt 0.751208 0.883176
vt 0.761121 0.631062
vt 0.762384 0.662561
vt 0.748595 0.629974
vt 0.751230 0.665547
vt 0.759157 0.683549
vt 0.739524 0.675838
vt 0.425258 0.561351
vt 0.419702 0.584754
vt 0.449308 0.583427
vt 0.435269 0.563370
vt 0.870185 0.258776
vt 0.853964 0.252811
vt 0.866625 0.245445
vt 0.863790 0.226906
vt 0.884742 0.227391
vt 0.467818 0.216968
vt 0.442208 0.223353
vt 0.455860 0.195859
vt 0.450579 0.250497
vt 0.474528 0.250486
vt 0.693152 0.781981
vt 0.700921 0.772219
vt 0.708611 0.785237
vt 0.722900 0.769337
vt 0.683187 0.631673
vt 0.710976 0.635159
vt 0.694532 0.650199
vt 0.707730 0.590411
vt 0.700224 0.617068
vt 0.690153 0.609461
vt 0.789264 0.027204
vt 0.799715 0.020303
vt 0.795422 0.033459
vt 0.836072 0.040614
vt 0.822746 0.035258
vt 0.882533 0.255228
vt 0.873116 0.241431
vt 0.885542 0.245559
vt 0.892069 0.259503
vt 0.895996 0.253791
vt 0.584922 0.861678
vt 0.624549 0.881809
vt 0.599468 0.878610
vt 0.612122 0.867075
vt 0.707460 0.623972
vt 0.678433 0.613430
vt 0.681422 0.596692
vt 0.694603 0.593560
vt 0.681837 0.607053
vt 0.558344 0.028591
vt 0.560191 0.019589
vt 0.566572 0.025580
vt 0.591924 0.036698
vt 0.593766 0.026703
vt 0.397995 0.350578
vt 0.405737 0.341426
vt 0.420035 0.362561
vt 0.447159 0.280543
vt 0.874221 0.985575
vt 0.899096 0.302565
vt 0.825272 0.074224
vt 0.808476 0.075768
vt 0.830511 0.088743
vt 0.549247 0.532968
vt 0.554486 0.536636
vt 0.557836 0.529763
vt 0.644365 0.795352
vt 0.637112 0.823068
vt 0.619021 0.819535
vt 0.348479 0.202164
vt 0.386013 0.261420
vt 0.359997 0.248595
vt 0.395001 0.240399
vt 0.675868 0.602092
vt 0.653375 0.618748
vt 0.631296 0.621232
vt 0.648631 0.614312
vt 0.205714 0.508236
vt 0.198008 0.516628
vt 0.190104 0.510943
vt 0.283599 0.498712
vt 0.270038 0.501309
vt 0.271855 0.494695
vt 0.747077 0.286713
vt 0.741732 0.293103
vt 0.732519 0.286584
vt 0.760031 0.295781
vt 0.763592 0.281656
vt 0.281343 0.169981
vt 0.266102 0.191256
vt 0.286492 0.222407
vt 0.673663 0.662830
vt 0.663533 0.675164
vt 0.657492 0.647692
vt 0.674842 0.628013
vt 0.677559 0.653130
vt 0.732089 0.279671
vt 0.723727 0.282050
vt 0.716820 0.275670
vt 0.697314 0.271765
vt 0.692947 0.279145
vt 0.686111 0.261375
vt 0.300137 0.939979
vt 0.295703 0.927335
vt 0.303826 0.924451
vt 0.249662 0.142994
vt 0.243414 0.082852
vt 0.265591 0.079182
vt 0.259116 0.104770
vt 0.860282 0.434306
vt 0.856644 0.447390
vt 0.846965 0.437503
vt 0.732736 0.016847
vt 0.722926 0.015100
vt 0.700737 0.016365
vt 0.696189 0.023169
vt 0.689387 0.016950
vt 0.226808 0.086026
vt 0.221394 0.116916
vt 0.244715 0.115186
vt 0.246380 0.095517
vt 0.380861 0.839252
vt 0.360839 0.849004
vt 0.401081 0.912897
vt 0.397780 0.883901
vt 0.805215 0.631513
vt 0.797744 0.603405
vt 0.843126 0.530958
vt 0.848702 0.558876
vt 0.823684 0.553389
vt 0.837227 0.435193
vt 0.841623 0.447248
vt 0.823318 0.448687
vt 0.218313 0.675277
vt 0.186223 0.668049
vt 0.188180 0.663122
vt 0.574718 0.822379
vt 0.575862 0.828907
vt 0.569702 0.833734
vt 0.613124 0.810362
vt 0.629133 0.797159
vt 0.665274 0.945457
vt 0.672702 0.953874
vt 0.660486 0.955816
vt 0.647344 0.951601
vt 0.088570 0.821445
vt 0.160574 0.236488
vt 0.141022 0.243766
vt 0.155938 0.231463
vt 0.193883 0.221581
vt 0.168444 0.216940
vt 0.196387 0.204014
vt 0.336058 0.612525
vt 0.309076 0.634509
vt 0.327378 0.606162
vt 0.268248 0.568034
vt 0.284849 0.558697
vt 0.291799 0.571151
vt 0.776857 0.255447
vt 0.748137 0.246647
vt 0.908803 0.040964
vt 0.677628 0.767127
vt 0.692287 0.769908
vt 0.678249 0.777699
vt 0.748946 0.714758
vt 0.750689 0.722952
vt 0.742728 0.712482
vt 0.471393 0.133752
vt 0.465828 0.126089
vt 0.470887 0.119909
vt 0.412718 0.134637
vt 0.639028 0.833061
vt 0.665585 0.838766
vt 0.655740 0.831465
vt 0.672677 0.835564
vt 0.207581 0.452324
vt 0.216994 0.456206
vt 0.801998 0.745522
vt 0.898549 0.088200
vt 0.884620 0.093181
vt 0.316227 0.607797
vt 0.321990 0.592256
vt 0.334090 0.587174
vt 0.362184 0.582335
vt 0.674122 0.795759
vt 0.647442 0.917333
vt 0.194876 0.791942
vt 0.202098 0.778954
vt 0.186748 0.769724
vt 0.968373 0.492717
vt 0.981016 0.482696
vt 0.986960 0.490535
vt 0.565123 0.460411
vt 0.562096 0.451229
vt 0.720881 0.312372
vt 0.712696 0.321416
vt 0.727902 0.082878
vt 0.728919 0.075000
vt 0.738567 0.083611
vt 0.688519 0.118513
vt 0.549132 0.715933
vt 0.544942 0.723746
vt 0.537326 0.715454
vt 0.549946 0.675906
vt 0.249591 0.845280
vt 0.241306 0.829371
vt 0.259124 0.823998
vt 0.254770 0.816474
vt 0.282109 0.091906
vt 0.288159 0.058229
vt 0.297294 0.102857
vt 0.211454 0.513814
vt 0.222716 0.508182
vt 0.201930 0.503984
vt 0.690578 0.194734
vt 0.711867 0.128669
vt 0.690849 0.147472
vt 0.097087 0.887142
vt 0.089451 0.912408
vt 0.087917 0.867511
vt 0.106221 0.937860
vt 0.433825 0.451627
vt 0.558087 0.727652
vt 0.550193 0.730147
vt 0.861936 0.176627
vt 0.854081 0.156564
vt 0.853242 0.170087
vt 0.843542 0.161233
vt 0.183546 0.510017
vt 0.175076 0.513120
vt 0.159506 0.514685
vt 0.155073 0.521593
vt 0.148205 0.512730
vt 0.764227 0.843239
vt 0.754447 0.869421
vt 0.858921 0.163231
vt 0.865377 0.154398
vt 0.604743 0.803236
vt 0.589742 0.807873
vt 0.593652 0.798694
vt 0.592308 0.812806
vt 0.159489 0.509447
vt 0.161469 0.505303
vt 0.029137 0.145808
vt 0.035543 0.135715
vt 0.038291 0.150584
vt 0.779700 0.361614
vt 0.760223 0.337851
vt 0.788807 0.379386
vt 0.461369 0.083204
vt 0.459142 0.097494
vt 0.447005 0.083030
vt 0.159492 0.654222
vt 0.148676 0.652917
vt 0.170382 0.653081
vt 0.152745 0.635473
vt 0.930101 0.224509
vt 0.931478 0.234188
vt 0.908004 0.230278
vt 0.615234 0.096838
vt 0.638541 0.107335
vt 0.626219 0.112940
vt 0.640485 0.088177
vt 0.465024 0.060619
vt 0.470172 0.070855
vt 0.461265 0.067015
vt 0.373713 0.782977
vt 0.368001 0.777972
vt 0.222305 0.394370
vt 0.183589 0.423259
vt 0.202028 0.394696
vt 0.206624 0.419151
vt 0.875146 0.512507
vt 0.536022 0.335579
vt 0.539670 0.324839
vt 0.547422 0.340625
vt 0.054751 0.973067
vt 0.041397 0.971335
vt 0.056713 0.957768
vt 0.059078 0.971637
vt 0.785514 0.370352
vt 0.770054 0.370770
vt 0.792845 0.362590
vt 0.790861 0.348280
vt 0.160145 0.986628
vt 0.146977 0.977963
vt 0.165255 0.968609
vt 0.175466 0.971097
vt 0.233790 0.154702
vt 0.216575 0.145993
vt 0.796173 0.151889
vt 0.802583 0.147332
vt 0.807760 0.145912
vt 0.951420 0.872874
vt 0.950806 0.861405
vt 0.970047 0.886945
vt 0.967286 0.916134
vt 0.465892 0.052079
vt 0.460090 0.051455
vt 0.453548 0.057230
vt 0.641527 0.692807
vt 0.628445 0.694263
vt 0.628396 0.677684
vt 0.121617 0.176274
vt 0.116977 0.154593
vt 0.145446 0.150201
vt 0.147744 0.169931
vt 0.130479 0.788554
vt 0.113398 0.788865
vt 0.524692 0.324638
vt 0.517992 0.306522
vt 0.531889 0.306261
vt 0.525782 0.293193
vt 0.468925 0.646358
vt 0.480847 0.623336
vt 0.482942 0.619497
vt 0.491158 0.607734
vt 0.783349 0.146928
vt 0.774997 0.149934
vt 0.758519 0.145343
vt 0.261012 0.503329
vt 0.246236 0.496920
vt 0.262586 0.495302
vt 0.034873 0.247300
vt 0.046465 0.225257
vt 0.060541 0.239032
vt 0.459351 0.030625
vt 0.459835 0.020853
vt 0.551818 0.802733
vt 0.659393 0.871711
vt 0.673377 0.894365
vt 0.661523 0.892921
vt 0.668877 0.879237
vt 0.848807 0.859027
vt 0.850448 0.847339
vt 0.859464 0.855527
vt 0.814602 0.864080
vt 0.040256 0.041560
vt 0.052334 0.037409
vt 0.047604 0.075055
vt 0.548923 0.796354
vt 0.544634 0.802355
vt 0.316576 0.920217
vt 0.306938 0.914504
vt 0.318111 0.909703
vt 0.860979 0.020913
vt 0.977785 0.643401
vt 0.978401 0.656508
vt 0.477715 0.612402
vt 0.630403 0.449630
vt 0.627931 0.439606
vt 0.636745 0.438028
vt 0.635601 0.421202
vt 0.725223 0.478969
vt 0.723283 0.484569
vt 0.712553 0.482650
vt 0.512996 0.234039
vt 0.519864 0.265917
vt 0.301150 0.597958
vt 0.312699 0.582858
vt 0.254008 0.646240
vt 0.235112 0.653325
vt 0.231113 0.637625
vt 0.548391 0.498868
vt 0.565581 0.497760
vt 0.574213 0.502787
vt 0.090861 0.432945
vt 0.073697 0.423361
vt 0.076367 0.412304
vt 0.088618 0.414774
vt 0.392054 0.763863
vt 0.386302 0.740189
vt 0.642969 0.449575
vt 0.822498 0.634468
vt 0.816492 0.655731
vt 0.815420 0.644458
vt 0.862767 0.613358
vt 0.881680 0.629257
vt 0.861908 0.634871
vt 0.301459 0.632833
vt 0.309365 0.617883
vt 0.282732 0.630709
vt 0.284853 0.637616
vt 0.276802 0.632427
vt 0.056003 0.138548
vt 0.959498 0.670933
vt 0.952240 0.691632
vt 0.936824 0.687618
vt 0.966195 0.665325
vt 0.972022 0.668674
vt 0.617006 0.438098
vt 0.605489 0.426674
vt 0.592432 0.429540
vt 0.595211 0.408478
vt 0.793332 0.493021
vt 0.812005 0.494990
vt 0.787847 0.507265
vt 0.736040 0.488317
vt 0.739753 0.476988
vt 0.748707 0.475919
vt 0.405523 0.502414
vt 0.413157 0.493150
vt 0.401885 0.519119
vt 0.140270 0.521224
vt 0.129152 0.507401
vt 0.029372 0.129627
vt 0.033745 0.122194
vt 0.042014 0.128361
vt 0.879419 0.365885
vt 0.917637 0.973209
vt 0.918583 0.992201
vt 0.896714 0.970766
vt 0.792195 0.737571
vt 0.788395 0.709708
vt 0.791467 0.715963
vt 0.780343 0.717618
vt 0.378353 0.755037
vt 0.368529 0.745837
vt 0.415994 0.088520
vt 0.420891 0.081166
vt 0.423655 0.101472
vt 0.432765 0.093655
vt 0.895425 0.757876
vt 0.088622 0.053750
vt 0.073400 0.047451
vt 0.061909 0.231034
vt 0.048873 0.208062
vt 0.071577 0.211322
vt 0.666995 0.321125
vt 0.677925 0.316102
vt 0.648692 0.242707
vt 0.710756 0.507616
vt 0.672893 0.502317
vt 0.698312 0.496731
vt 0.694678 0.514050
vt 0.170870 0.540026
vt 0.185338 0.522249
vt 0.122515 0.542710
vt 0.858385 0.693895
vt 0.872721 0.679103
vt 0.862064 0.713265
vt 0.845047 0.657766
vt 0.867020 0.667162
vt 0.859263 0.680758
vt 0.752816 0.390927
vt 0.765772 0.380153
vt 0.764484 0.387918
vt 0.769898 0.403111
vt 0.755688 0.401994
vt 0.962419 0.975110
vt 0.967196 0.978868
vt 0.958646 0.980506
vt 0.945563 0.980319
vt 0.706423 0.478328
vt 0.720073 0.476729
vt 0.705536 0.505315
vt 0.706035 0.482975
vt 0.447604 0.713616
vt 0.447936 0.707376
vt 0.458917 0.716874
vt 0.464466 0.734717
vt 0.448309 0.724062
vt 0.957642 0.839770
vt 0.942468 0.854037
vt 0.931707 0.859764
vt 0.091850 0.453293
vt 0.941178 0.748775
vt 0.803971 0.244442
vt 0.787396 0.266472
vt 0.793463 0.239804
vt 0.773913 0.238437
vt 0.867929 0.424988
vt 0.850306 0.423886
vt 0.949292 0.847593
vt 0.940536 0.840970
vt 0.956331 0.834332
vt 0.925062 0.840328
vt 0.920471 0.833101
vt 0.938446 0.835130
vt 0.863858 0.478564
vt 0.880983 0.484585
vt 0.867852 0.485687
vt 0.890016 0.472234
vt 0.259568 0.656500
vt 0.243155 0.669633
vt 0.243344 0.662954
vt 0.832338 0.455568
vt 0.211169 0.760949
vt 0.204756 0.768783
vt 0.066673 0.271742
vt 0.069225 0.264348
vt 0.074334 0.269955
vt 0.073293 0.255358
vt 0.073381 0.234605
vt 0.079956 0.231007
vt 0.736611 0.337058
vt 0.740492 0.812650
vt 0.719370 0.810613
vt 0.656746 0.445129
vt 0.649517 0.448295
vt 0.644697 0.438743
vt 0.137553 0.913857
vt 0.127023 0.892627
vt 0.147154 0.900662
vt 0.165209 0.883327
vt 0.170659 0.877424
vt 0.174467 0.902010
vt 0.967133 0.705057
vt 0.967630 0.722160
vt 0.969875 0.713337
vt 0.977535 0.724616
vt 0.126780 0.519277
vt 0.118343 0.515005
vt 0.124549 0.508598
vt 0.030498 0.096752
vt 0.039795 0.095841
vt 0.029206 0.108371
vt 0.094264 0.298102
vt 0.111391 0.301890
vt 0.946997 0.831124
vt 0.742323 0.201116
vt 0.682407 0.735777
vt 0.681484 0.744200
vt 0.337976 0.455231
vt 0.365274 0.457471
vt 0.612127 0.352031
vt 0.753071 0.695227
vt 0.789676 0.664837
vt 0.796268 0.667376
vt 0.723712 0.258368
vt 0.711753 0.264332
vt 0.716839 0.251545
vt 0.730208 0.237403
vt 0.722820 0.235282
vt 0.727278 0.222839
vt 0.463815 0.241498
vt 0.464837 0.225776
vt 0.474258 0.226941
vt 0.229712 0.764060
vt 0.221667 0.758189
vt 0.231562 0.755726
vt 0.320371 0.332307
vt 0.343041 0.355237
vt 0.328183 0.369692
vt 0.353565 0.304505
vt 0.166044 0.895047
vt 0.137142 0.879649
vt 0.571561 0.805817
vt 0.877146 0.918790
vt 0.905585 0.940106
vt 0.904853 0.947119
vt 0.250268 0.312155
vt 0.283376 0.335503
vt 0.310229 0.321554
vt 0.300420 0.281294
vt 0.326766 0.311693
vt 0.417462 0.175497
vt 0.451511 0.166287
vt 0.449001 0.154156
vt 0.461430 0.167992
vt 0.836015 0.260143
vt 0.848518 0.256521
vt 0.836216 0.267344
vt 0.163004 0.453579
vt 0.175385 0.438130
vt 0.750445 0.179412
vt 0.747301 0.167408
vt 0.744802 0.191751
vt 0.333826 0.331582
vt 0.433771 0.027676
vt 0.391354 0.027113
vt 0.410243 0.035371
vt 0.397332 0.036137
vt 0.123582 0.434277
vt 0.108587 0.416099
vt 0.127093 0.394632
vt 0.103042 0.406294
vt 0.495880 0.550761
vt 0.494516 0.541709
vt 0.488176 0.543549
vt 0.858505 0.808945
vt 0.881241 0.831830
vt 0.335176 0.313728
vt 0.352631 0.329421
vt 0.379036 0.343788
vt 0.374967 0.327585
vt 0.391880 0.334891
vt 0.450744 0.547561
vt 0.457694 0.533916
vt 0.473975 0.546117
vt 0.465577 0.498286
vt 0.470662 0.505004
vt 0.458029 0.501457
vt 0.312424 0.700516
vt 0.304249 0.690956
vt 0.749342 0.454268
vt 0.751413 0.445557
vt 0.778796 0.186161
vt 0.363213 0.348331
vt 0.373019 0.387174
vt 0.368828 0.359730
vt 0.396275 0.380691
vt 0.025909 0.544576
vt 0.960477 0.792069
vt 0.944645 0.765320
vt 0.953574 0.772905
vt 0.920936 0.894879
vt 0.910953 0.904800
vt 0.908327 0.895041
vt 0.894318 0.910874
vt 0.898846 0.890090
vt 0.410723 0.799802
vt 0.400235 0.793103
vt 0.409888 0.794247
vt 0.407505 0.808091
vt 0.393529 0.810532
vt 0.487368 0.420357
vt 0.498638 0.420990
vt 0.044153 0.776726
vt 0.056125 0.766221
vt 0.063276 0.783614
vt 0.782644 0.016326
vt 0.822433 0.020205
vt 0.381077 0.863773
vt 0.363817 0.874345
vt 0.354402 0.900360
vt 0.363354 0.889025
vt 0.700322 0.423561
vt 0.640292 0.680183
vt 0.678946 0.683879
vt 0.746194 0.499617
vt 0.756254 0.488737
vt 0.762099 0.508501
vt 0.745569 0.524727
vt 0.740000 0.505883
vt 0.752724 0.516908
vt 0.053689 0.226180
vt 0.068803 0.242778
vt 0.832691 0.082617
vt 0.787504 0.078022
vt 0.803420 0.073340
vt 0.801167 0.083447
vt 0.659311 0.704640
vt 0.505001 0.451126
vt 0.496797 0.445968
vt 0.538657 0.704766
vt 0.533638 0.710633
vt 0.229345 0.931124
vt 0.208300 0.929436
vt 0.227966 0.902231
vt 0.250836 0.884776
vt 0.245523 0.916658
vt 0.568676 0.494537
vt 0.579540 0.490714
vt 0.523986 0.088266
vt 0.517562 0.096658
vt 0.514213 0.081186
vt 0.968714 0.937464
vt 0.979772 0.938266
vt 0.977323 0.948064
vt 0.134884 0.651041
vt 0.127738 0.650047
vt 0.146251 0.283053
vt 0.175388 0.356454
vt 0.152547 0.332937
vt 0.286052 0.864405
vt 0.272372 0.864707
vt 0.289159 0.851594
vt 0.792158 0.728224
vt 0.771489 0.720820
vt 0.267205 0.646090
vt 0.270060 0.632514
vt 0.272342 0.671010
vt 0.287079 0.647640
vt 0.530137 0.575327
vt 0.540227 0.573997
vt 0.328210 0.230798
vt 0.650568 0.035650
vt 0.647156 0.029503
vt 0.656657 0.022829
vt 0.265891 0.594173
vt 0.252597 0.553863
vt 0.261037 0.636138
vt 0.246652 0.614350
vt 0.262965 0.624068
vt 0.367092 0.082578
vt 0.378334 0.082977
vt 0.401699 0.060727
vt 0.392026 0.062497
vt 0.653630 0.048848
vt 0.662121 0.063205
vt 0.658838 0.027910
vt 0.590574 0.592376
vt 0.966004 0.871858
vt 0.074032 0.618213
vt 0.066605 0.615741
vt 0.068065 0.603392
vt 0.276257 0.593479
vt 0.283512 0.582714
vt 0.288319 0.611109
vt 0.619067 0.318875
vt 0.656469 0.267396
vt 0.658602 0.293256
vt 0.641200 0.273877
vt 0.512751 0.059936
vt 0.518632 0.058334
vt 0.512195 0.068924
vt 0.759617 0.927922
vt 0.784525 0.941300
vt 0.766945 0.924711
vt 0.329039 0.253186
vt 0.318745 0.247176
vt 0.346428 0.235026
vt 0.290730 0.268798
vt 0.536335 0.064934
vt 0.529620 0.060766
vt 0.523423 0.046503
vt 0.534522 0.058018
vt 0.846431 0.419363
vt 0.868251 0.417343
vt 0.233780 0.572260
vt 0.205032 0.542474
vt 0.236187 0.544668
vt 0.843828 0.632949
vt 0.835509 0.621661
vt 0.861811 0.060437
vt 0.858149 0.045364
vt 0.850007 0.081053
vt 0.853602 0.059347
vt 0.857130 0.080353
vt 0.766047 0.862663
vt 0.756085 0.856338
vt 0.344909 0.119826
vt 0.892990 0.700774
vt 0.917976 0.712462
vt 0.903514 0.717994
vt 0.923429 0.727130
vt 0.825960 0.479529
vt 0.849286 0.477841
vt 0.848581 0.481919
vt 0.261951 0.598321
vt 0.242636 0.599575
vt 0.259973 0.605216
vt 0.757949 0.810925
vt 0.744190 0.804012
vt 0.754571 0.793702
vt 0.447093 0.309985
vt 0.443163 0.309069
vt 0.455887 0.299183
vt 0.478472 0.332172
vt 0.466257 0.305793
vt 0.474781 0.315713
vt 0.894982 0.507921
vt 0.932803 0.507011
vt 0.923622 0.522751
vt 0.941640 0.518738
vt 0.794877 0.192570
vt 0.812496 0.194760
vt 0.979654 0.612347
vt 0.975140 0.617164
vt 0.978952 0.625455
vt 0.706770 0.355350
vt 0.694276 0.360102
vt 0.687605 0.353681
vt 0.447510 0.297622
vt 0.436612 0.282059
vt 0.370044 0.031970
vt 0.357027 0.028559
vt 0.326560 0.024555
vt 0.341678 0.025123
vt 0.329719 0.031286
vt 0.524433 0.213902
vt 0.513674 0.223465
vt 0.535123 0.221909
vt 0.856594 0.655734
vt 0.887130 0.703275
vt 0.883583 0.717126
vt 0.633133 0.889423
vt 0.647470 0.874996
vt 0.652846 0.887475
vt 0.661885 0.878071
vt 0.431917 0.285743
vt 0.411875 0.296717
vt 0.425359 0.281868
vt 0.545603 0.222764
vt 0.147212 0.471260
vt 0.155477 0.478465
vt 0.139783 0.474732
vt 0.887759 0.719627
vt 0.881011 0.742290
vt 0.848433 0.604506
vt 0.856870 0.629592
vt 0.871429 0.596576
vt 0.725659 0.059145
vt 0.721629 0.068968
vt 0.725672 0.048750
vt 0.924503 0.941854
vt 0.923177 0.902960
vt 0.841789 0.972026
vt 0.829903 0.974613
vt 0.841673 0.961159
vt 0.840887 0.952922
vt 0.814864 0.961889
vt 0.815812 0.952966
vt 0.879273 0.588292
vt 0.422142 0.308492
vt 0.435633 0.298741
vt 0.427826 0.313438
vt 0.363060 0.323131
vt 0.375418 0.304550
vt 0.392775 0.327125
vt 0.931396 0.965242
vt 0.689172 0.761241
vt 0.317634 0.056910
vt 0.837890 0.710406
vt 0.837370 0.704306
vt 0.853534 0.699577
vt 0.835244 0.673434
vt 0.839443 0.662507
vt 0.846179 0.683134
vt 0.104603 0.071518
vt 0.105204 0.086588
vt 0.123346 0.094702
vt 0.136313 0.089368
vt 0.542802 0.428006
vt 0.555459 0.431347
vt 0.948900 0.487198
vt 0.940850 0.475989
vt 0.952979 0.482394
vt 0.483576 0.386840
vt 0.468926 0.372598
vt 0.479308 0.368779
vt 0.470332 0.355490
vt 0.462687 0.345819
vt 0.474976 0.347025
vt 0.242281 0.194439
vt 0.256827 0.190066
vt 0.241935 0.211797
vt 0.847433 0.450699
vt 0.450882 0.330821
vt 0.470382 0.333200
vt 0.462231 0.335858
vt 0.427976 0.342207
vt 0.440275 0.335047
vt 0.442578 0.343566
vt 0.940898 0.496738
vt 0.956208 0.494607
vt 0.158046 0.125087
vt 0.683453 0.027344
vt 0.678645 0.020373
vt 0.389168 0.307223
vt 0.401806 0.312842
vt 0.424430 0.337572
vt 0.429448 0.328146
vt 0.547837 0.391777
vt 0.564660 0.361712
vt 0.924647 0.472206
vt 0.909668 0.464840
vt 0.383553 0.589654
vt 0.381126 0.578903
vt 0.430440 0.592052
vt 0.220432 0.024420
vt 0.748128 0.761949
vt 0.766394 0.764168
vt 0.398499 0.442499
vt 0.404517 0.404819
vt 0.916337 0.101087
vt 0.929043 0.078734
vt 0.926805 0.097076
vt 0.916947 0.093471
vt 0.916261 0.543651
vt 0.937340 0.536674
vt 0.963102 0.547681
vt 0.944291 0.557094
vt 0.387197 0.169750
vt 0.374490 0.158955
vt 0.379170 0.147584
vt 0.386711 0.196745
vt 0.400518 0.189715
vt 0.410438 0.202141
vt 0.870153 0.123652
vt 0.865812 0.114718
vt 0.212932 0.018710
vt 0.210354 0.032533
vt 0.172190 0.171814
vt 0.194521 0.171740
vt 0.159598 0.180830
vt 0.601707 0.838264
vt 0.597243 0.851182
vt 0.615590 0.830268
vt 0.261423 0.645505
vt 0.959631 0.543027
vt 0.121243 0.024885
vt 0.116258 0.016798
vt 0.130833 0.015910
vt 0.133752 0.050122
vt 0.124838 0.038427
vt 0.139774 0.034858
vt 0.836602 0.199032
vt 0.824418 0.212464
vt 0.356142 0.139805
vt 0.107829 0.254399
vt 0.104776 0.240994
vt 0.111999 0.245247
vt 0.099747 0.294203
vt 0.107742 0.285081
vt 0.605344 0.855913
vt 0.590161 0.871664
vt 0.599270 0.861907
vt 0.562305 0.034162
vt 0.574641 0.030847
vt 0.564763 0.038877
vt 0.556541 0.039276
vt 0.821306 0.777577
vt 0.835393 0.764435
vt 0.130403 0.022708
vt 0.141858 0.015639
vt 0.140334 0.021761
vt 0.103502 0.251398
vt 0.093020 0.257126
vt 0.563418 0.829287
vt 0.562257 0.842647
vt 0.556264 0.843155
vt 0.759480 0.405725
vt 0.752930 0.410232
vt 0.824341 0.304845
vt 0.817128 0.312569
vt 0.816085 0.300289
vt 0.820183 0.290256
vt 0.806585 0.290856
vt 0.819836 0.270775
vt 0.197543 0.067277
vt 0.681756 0.945083
vt 0.678729 0.948549
vt 0.760937 0.113566
vt 0.748594 0.103546
vt 0.743895 0.108296
vt 0.738044 0.094254
vt 0.971189 0.551163
vt 0.969145 0.562852
vt 0.974043 0.568481
vt 0.615051 0.489755
vt 0.621814 0.496540
vt 0.612165 0.502042
vt 0.615963 0.504036
vt 0.631862 0.504612
vt 0.641316 0.540563
vt 0.874052 0.151573
vt 0.896807 0.148499
vt 0.440758 0.462922
vt 0.461654 0.459185
vt 0.126069 0.127125
vt 0.138603 0.129663
vt 0.147377 0.113767
vt 0.141484 0.136500
vt 0.599078 0.734992
vt 0.609252 0.725314
vt 0.612868 0.735820
vt 0.571445 0.727987
vt 0.564965 0.734587
vt 0.606273 0.486725
vt 0.598967 0.491131
vt 0.591808 0.486059
vt 0.604195 0.499914
vt 0.359354 0.171835
vt 0.893567 0.161938
vt 0.458435 0.749766
vt 0.460441 0.742736
vt 0.477011 0.743771
vt 0.453380 0.741398
vt 0.452432 0.749805
vt 0.446679 0.744291
vt 0.523776 0.364083
vt 0.537878 0.360314
vt 0.533030 0.368399
vt 0.542469 0.389243
vt 0.538916 0.369739
vt 0.550417 0.359386
vt 0.395000 0.597565
vt 0.385286 0.615312
vt 0.372452 0.609574
vt 0.341337 0.638729
vt 0.311534 0.645782
vt 0.696010 0.175237
vt 0.685133 0.176284
vt 0.716163 0.148011
vt 0.862210 0.475089
vt 0.860104 0.481517
vt 0.528293 0.355259
vt 0.472101 0.528764
vt 0.475320 0.538645
vt 0.772629 0.433823
vt 0.767480 0.449179
vt 0.762062 0.441447
vt 0.759448 0.453048
vt 0.160024 0.547806
vt 0.436398 0.723613
vt 0.442289 0.732745
vt 0.585257 0.874428
vt 0.590256 0.886007
vt 0.390274 0.440488
vt 0.387767 0.435926
vt 0.397461 0.437810
vt 0.368739 0.453298
vt 0.382866 0.439118
vt 0.549166 0.352621
vt 0.538106 0.349542
vt 0.562121 0.344082
vt 0.819646 0.827956
vt 0.815007 0.844246
vt 0.828184 0.869801
vt 0.820935 0.851773
vt 0.827999 0.848958
vt 0.748358 0.122243
vt 0.770025 0.143103
vt 0.735167 0.377797
vt 0.717346 0.391869
vt 0.723614 0.366411
vt 0.707435 0.373650
vt 0.605210 0.304673
vt 0.639859 0.298753
vt 0.216259 0.502419
vt 0.236429 0.499264
vt 0.234034 0.503521
vt 0.040296 0.213536
vt 0.052217 0.586649
vt 0.060442 0.592602
vt 0.255711 0.422442
vt 0.281069 0.382399
vt 0.284272 0.409609
vt 0.320766 0.384165
vt 0.302270 0.372628
vt 0.319062 0.354511
vt 0.790762 0.697147
vt 0.790610 0.676240
vt 0.950016 0.635620
vt 0.954498 0.655502
vt 0.934281 0.650380
vt 0.936259 0.630870
vt 0.032949 0.221180
vt 0.029459 0.200913
vt 0.033810 0.208111
vt 0.043803 0.182309
vt 0.052062 0.172054
vt 0.732080 0.925849
vt 0.718824 0.917947
vt 0.589166 0.686669
vt 0.578936 0.706723
vt 0.407735 0.906550
vt 0.414916 0.887758
vt 0.561212 0.914939
vt 0.559366 0.903069
vt 0.563319 0.906379
vt 0.759381 0.261480
vt 0.914889 0.646726
vt 0.895093 0.625786
vt 0.696592 0.710788
vt 0.697347 0.726233
vt 0.689702 0.721175
vt 0.063637 0.177256
vt 0.061730 0.170574
vt 0.564612 0.898808
vt 0.573498 0.890350
vt 0.919282 0.258180
vt 0.926921 0.275002
vt 0.916363 0.282049
vt 0.891604 0.269954
vt 0.620833 0.735995
vt 0.410164 0.454660
vt 0.048524 0.165809
vt 0.035035 0.179524
vt 0.035938 0.155370
vt 0.042678 0.174057
vt 0.842302 0.166733
vt 0.847136 0.176099
vt 0.828735 0.164341
vt 0.716684 0.285168
vt 0.702911 0.283286
vt 0.726958 0.299397
vt 0.710990 0.295338
vt 0.917619 0.072013
vt 0.916599 0.076874
vt 0.352031 0.100103
vt 0.801459 0.183429
vt 0.527120 0.174382
vt 0.520012 0.168647
vt 0.537863 0.173166
vt 0.698948 0.482118
vt 0.694887 0.487382
vt 0.804949 0.374705
vt 0.827644 0.385476
vt 0.030801 0.947482
vt 0.040144 0.956568
vt 0.855713 0.210838
vt 0.866239 0.203221
vt 0.543899 0.171451
vt 0.533012 0.153579
vt 0.573140 0.190330
vt 0.548125 0.160776
vt 0.831999 0.352602
vt 0.829231 0.342827
vt 0.655961 0.305870
vt 0.671484 0.299529
vt 0.114626 0.909621
vt 0.059510 0.760655
vt 0.074360 0.757981
vt 0.042764 0.767542
vt 0.052353 0.759334
vt 0.503889 0.120069
vt 0.673934 0.484882
vt 0.664256 0.496346
vt 0.675460 0.348708
vt 0.877903 0.773529
vt 0.502835 0.581421
vt 0.487328 0.579635
vt 0.501941 0.571164
vt 0.978585 0.661515
vt 0.037375 0.297171
vt 0.044948 0.299587
vt 0.072372 0.313385
vt 0.661599 0.501917
vt 0.665306 0.513866
vt 0.656488 0.540782
vt 0.280728 0.427718
vt 0.267610 0.431877
vt 0.240064 0.438425
vt 0.247652 0.431707
vt 0.244724 0.438901
vt 0.832236 0.837949
vt 0.835283 0.824550
vt 0.055732 0.277641
vt 0.054778 0.270172
vt 0.065114 0.261718
vt 0.062602 0.246547
vt 0.731098 0.258163
vt 0.726650 0.267427
vt 0.499017 0.703992
vt 0.493682 0.710935
vt 0.487074 0.708594
vt 0.472034 0.714088
vt 0.037671 0.286316
vt 0.044015 0.265273
vt 0.038464 0.272666
vt 0.620772 0.628407
vt 0.660470 0.626645
vt 0.632883 0.658441
vt 0.703743 0.275177
vt 0.215039 0.436774
vt 0.236865 0.431699
vt 0.222653 0.442993
vt 0.230488 0.404199
vt 0.251379 0.392473
vt 0.262790 0.398372
vt 0.430006 0.293158
vt 0.411229 0.303598
vt 0.419205 0.296317
vt 0.400028 0.299779
vt 0.482722 0.714174
vt 0.312761 0.781232
vt 0.866970 0.762632
vt 0.889490 0.761368
vt 0.871920 0.759139
vt 0.880625 0.759802
vt 0.361937 0.279627
vt 0.378663 0.279944
vt 0.387759 0.295569
vt 0.395321 0.293330
vt 0.884767 0.887304
vt 0.882247 0.874061
vt 0.668392 0.600406
vt 0.672679 0.582964
vt 0.634572 0.604915
vt 0.308226 0.542609
vt 0.319952 0.542446
vt 0.371601 0.556873
vt 0.841498 0.877495
vt 0.850313 0.895569
vt 0.831955 0.899342
vt 0.857497 0.883073
vt 0.853931 0.898042
vt 0.886356 0.223790
vt 0.901150 0.218578
vt 0.777004 0.815345
vt 0.783910 0.815320
vt 0.397514 0.275056
vt 0.415038 0.269119
vt 0.392859 0.286508
vt 0.826835 0.923835
vt 0.825916 0.917440
vt 0.833404 0.914426
vt 0.850646 0.904393
vt 0.844120 0.909154
vt 0.830370 0.904560
vt 0.896553 0.855437
vt 0.911862 0.851085
vt 0.904401 0.863267
vt 0.565250 0.851809
vt 0.569465 0.841028
vt 0.664054 0.575519
vt 0.672417 0.576336
vt 0.664098 0.582877
vt 0.671700 0.559464
vt 0.170922 0.807154
vt 0.146167 0.796731
vt 0.159201 0.785350
vt 0.155337 0.768665
vt 0.783206 0.057398
vt 0.767664 0.063249
vt 0.765153 0.074660
vt 0.762430 0.071583
vt 0.484590 0.310322
vt 0.156383 0.761686
vt 0.655625 0.591396
vt 0.664338 0.589002
vt 0.648212 0.605654
vt 0.149096 0.572101
vt 0.145278 0.568710
vt 0.161075 0.562987
vt 0.134428 0.538113
vt 0.260293 0.021882
vt 0.259661 0.014730
vt 0.264886 0.019374
vt 0.282801 0.020299
vt 0.300206 0.030532
vt 0.747771 0.062823
vt 0.763997 0.054855
vt 0.754083 0.065763
vt 0.661759 0.599664
vt 0.667863 0.589700
vt 0.245940 0.017141
vt 0.256791 0.014852
vt 0.755220 0.761776
vt 0.758493 0.757827
vt 0.461605 0.313022
vt 0.895884 0.314840
vt 0.922414 0.157820
vt 0.912363 0.159904
vt 0.905004 0.152986
vt 0.886799 0.153549
vt 0.701178 0.754473
vt 0.710632 0.754586
vt 0.698126 0.764389
vt 0.714223 0.769166
vt 0.712678 0.758891
vt 0.128691 0.370644
vt 0.113850 0.371409
vt 0.491495 0.367974
vt 0.483241 0.356419
vt 0.496922 0.376313
vt 0.786207 0.953732
vt 0.804266 0.952129
vt 0.401449 0.615932
vt 0.150695 0.549032
vt 0.124205 0.536809
vt 0.169007 0.550576
vt 0.193538 0.538514
vt 0.907201 0.105654
vt 0.094857 0.968353
vt 0.378175 0.070279
vt 0.362730 0.067463
vt 0.380858 0.054765
vt 0.824695 0.235227
vt 0.258283 0.438040
vt 0.247233 0.418055
vt 0.239325 0.413780
vt 0.247499 0.409032
vt 0.708152 0.261578
vt 0.704502 0.240179
vt 0.304401 0.561426
vt 0.343208 0.565285
vt 0.314737 0.466128
vt 0.316314 0.455581
vt 0.327138 0.464313
vt 0.321692 0.448257
vt 0.309915 0.442545
vt 0.306232 0.425740
vt 0.311233 0.255741
vt 0.317443 0.266543
vt 0.370773 0.025147
vt 0.376514 0.034909
vt 0.586180 0.206653
vt 0.585329 0.222908
vt 0.577257 0.202757
vt 0.603590 0.231163
vt 0.595003 0.208437
vt 0.351072 0.579312
vt 0.335884 0.582322
vt 0.345330 0.586731
vt 0.940537 0.175475
vt 0.931033 0.165891
vt 0.741433 0.980228
vt 0.772469 0.295219
vt 0.770690 0.301218
vt 0.573662 0.456930
vt 0.589774 0.437111
vt 0.592175 0.449345
vt 0.659782 0.841109
vt 0.670153 0.844090
vt 0.670694 0.856794
vt 0.677568 0.855996
vt 0.660535 0.040749
vt 0.651341 0.041000
vt 0.657484 0.031969
vt 0.632449 0.919808
vt 0.636021 0.914753
vt 0.223806 0.429386
vt 0.400271 0.823436
vt 0.396814 0.816766
vt 0.068662 0.439451
vt 0.076589 0.432472
vt 0.295325 0.620048
vt 0.059960 0.830181
vt 0.386083 0.818991
vt 0.292075 0.589212
vt 0.301762 0.588964
vt 0.308027 0.582106
vt 0.737577 0.361513
vt 0.729014 0.374852
vt 0.580776 0.037212
vt 0.581153 0.031308
vt 0.573314 0.041805
vt 0.573679 0.047611
vt 0.560364 0.058696
vt 0.625363 0.202922
vt 0.624908 0.189987
vt 0.656657 0.198896
vt 0.656793 0.780887
vt 0.636007 0.775518
vt 0.652519 0.773023
vt 0.156621 0.961316
vt 0.135942 0.973536
vt 0.101037 0.963352
vt 0.732233 0.413795
vt 0.724657 0.439867
vt 0.709659 0.435534
vt 0.703477 0.440796
vt 0.696655 0.426156
vt 0.767926 0.743820
vt 0.727702 0.742574
vt 0.717275 0.741587
vt 0.772529 0.230664
vt 0.748379 0.229104
vt 0.756221 0.221725
vt 0.695820 0.441366
vt 0.691109 0.450721
vt 0.690227 0.436828
vt 0.688804 0.429826
vt 0.916556 0.168030
vt 0.587005 0.083523
vt 0.603413 0.074500
vt 0.570025 0.071074
vt 0.577079 0.055650
vt 0.579913 0.062405
vt 0.599734 0.012284
vt 0.102445 0.976110
vt 0.552816 0.307858
vt 0.559230 0.289136
vt 0.930001 0.583879
vt 0.663733 0.484816
vt 0.657264 0.485679
vt 0.660695 0.480617
vt 0.679603 0.482523
vt 0.225380 0.980957
vt 0.206099 0.960841
vt 0.184553 0.967422
vt 0.179157 0.958053
vt 0.178983 0.944016
vt 0.633520 0.874027
vt 0.268182 0.094101
vt 0.549222 0.206245
vt 0.545333 0.186392
vt 0.553824 0.189128
vt 0.942189 0.826265
vt 0.948280 0.809964
vt 0.554292 0.850629
vt 0.559919 0.850121
vt 0.708198 0.647066
vt 0.569166 0.201814
vt 0.564054 0.194410
vt 0.755653 0.783265
vt 0.738242 0.790456
vt 0.774118 0.334928
vt 0.774484 0.329258
vt 0.767070 0.323627
vt 0.290399 0.780622
vt 0.283605 0.768429
vt 0.290110 0.766325
vt 0.288498 0.758570
vt 0.711324 0.624398
vt 0.716194 0.642438
vt 0.726822 0.619684
vt 0.771796 0.797520
vt 0.686348 0.288820
vt 0.696505 0.284586
vt 0.763093 0.095124
vt 0.769719 0.084140
vt 0.733238 0.575880
vt 0.723018 0.566023
vt 0.471163 0.178021
vt 0.472813 0.167495
vt 0.464616 0.187942
vt 0.453467 0.170226
vt 0.447840 0.116477
vt 0.438900 0.116537
vt 0.701390 0.945075
vt 0.707862 0.939712
vt 0.921361 0.758344
vt 0.034646 0.020088
vt 0.045736 0.022290
vt 0.032109 0.028767
vt 0.550450 0.549562
vt 0.535495 0.602637
vt 0.202046 0.931937
vt 0.196707 0.961569
vt 0.456051 0.123141
vt 0.450184 0.140197
vt 0.443203 0.130240
vt 0.579368 0.727620
vt 0.581729 0.722337
vt 0.591140 0.731026
vt 0.586791 0.734061
vt 0.710683 0.598431
vt 0.721892 0.575648
vt 0.279557 0.757706
vt 0.154147 0.909894
vt 0.831296 0.695209
vt 0.826007 0.673509
vt 0.832570 0.681640
vt 0.451707 0.584616
vt 0.439722 0.599806
vt 0.456726 0.602338
vt 0.458985 0.584622
vt 0.460596 0.603935
vt 0.595657 0.092143
vt 0.637889 0.129182
vt 0.614170 0.119020
vt 0.904145 0.037889
vt 0.905606 0.025117
vt 0.570233 0.706134
vt 0.815685 0.679491
vt 0.828211 0.681372
vt 0.837843 0.690995
vt 0.940601 0.020395
vt 0.950366 0.017051
vt 0.962864 0.024939
vt 0.435447 0.906904
vt 0.422483 0.914103
vt 0.426172 0.899265
vt 0.569895 0.693562
vt 0.580130 0.684299
vt 0.579317 0.699743
vt 0.550770 0.685607
vt 0.560990 0.683166
vt 0.577727 0.098463
vt 0.436586 0.677627
vt 0.430441 0.669187
vt 0.449368 0.642507
vt 0.139233 0.925660
vt 0.122625 0.921820
vt 0.552354 0.700191
vt 0.526600 0.704264
vt 0.530551 0.694294
vt 0.937425 0.013198
vt 0.453178 0.619412
vt 0.449052 0.624353
vt 0.471880 0.628344
vt 0.526834 0.290110
vt 0.536710 0.299736
vt 0.548682 0.292477
vt 0.842554 0.431587
vt 0.450516 0.610683
vt 0.476820 0.619792
vt 0.465524 0.618382
vt 0.464758 0.609973
vt 0.731477 0.394319
vt 0.546188 0.323928
vt 0.540431 0.309108
vt 0.543920 0.311168
vt 0.536364 0.315454
vt 0.944396 0.792772
vt 0.582105 0.923569
vt 0.430921 0.913071
vt 0.960354 0.512687
vt 0.044950 0.273824
vt 0.054871 0.289890
vt 0.185425 0.552759
vt 0.203065 0.563195
vt 0.932639 0.705169
vt 0.908503 0.692078
vt 0.951231 0.527235
vt 0.748522 0.402128
vt 0.747536 0.412415
vt 0.737425 0.392909
vt 0.549295 0.838187
vt 0.806475 0.141990
vt 0.804928 0.125569
vt 0.818630 0.115690
vt 0.803191 0.110293
vt 0.628429 0.384704
vt 0.592828 0.374362
vt 0.363441 0.734509
vt 0.440580 0.247675
vt 0.828457 0.102983
vt 0.844317 0.105383
vt 0.830761 0.095389
vt 0.839902 0.094926
vt 0.177072 0.665918
vt 0.863621 0.451874
vt 0.868909 0.441315
vt 0.743231 0.705112
vt 0.730810 0.703894
vt 0.827184 0.047622
vt 0.836367 0.057672
vt 0.855524 0.049881
vt 0.548979 0.216985
vt 0.558335 0.203773
vt 0.624178 0.431614
vt 0.607681 0.407589
vt 0.621608 0.449140
vt 0.159433 0.311527
vt 0.170294 0.296599
vt 0.474654 0.236850
vt 0.844080 0.046058
vt 0.850694 0.042370
vt 0.853165 0.055295
vt 0.579059 0.434283
vt 0.269963 0.614750
vt 0.822666 0.104388
vt 0.935146 0.843158
vt 0.478564 0.194315
vt 0.473141 0.222074
vt 0.472374 0.208508
vt 0.477070 0.209732
vt 0.841906 0.052993
vt 0.861562 0.907010
vt 0.028057 0.530785
vt 0.036629 0.524629
vt 0.683516 0.398161
vt 0.685997 0.378297
vt 0.696294 0.385680
vt 0.680142 0.391726
vt 0.932071 0.868114
vt 0.933914 0.883659
vt 0.042976 0.114333
vt 0.052015 0.115866
vt 0.058511 0.127422
vt 0.479497 0.254409
vt 0.481816 0.277000
vt 0.372341 0.499318
vt 0.381968 0.530172
vt 0.383104 0.512532
vt 0.734548 0.690208
vt 0.083581 0.128204
vt 0.059818 0.129801
vt 0.067606 0.123953
vt 0.060694 0.109104
vt 0.067060 0.105573
vt 0.933023 0.892421
vt 0.937739 0.876308
vt 0.090421 0.550441
vt 0.093860 0.513581
vt 0.329757 0.763253
vt 0.035442 0.328111
vt 0.053100 0.308670
vt 0.073364 0.090688
vt 0.115088 0.108720
vt 0.115758 0.131381
vt 0.796556 0.650464
vt 0.805774 0.644029
vt 0.801801 0.664386
vt 0.634422 0.705158
vt 0.458539 0.072897
vt 0.419766 0.829966
vt 0.838729 0.715918
vt 0.773750 0.912819
vt 0.511034 0.206238
vt 0.732456 0.484148
vt 0.807805 0.395274
vt 0.801268 0.392787
vt 0.798445 0.378860
vt 0.290440 0.016424
vt 0.299347 0.021086
vt 0.310801 0.028030
vt 0.295247 0.400868
vt 0.329835 0.431679
vt 0.782348 0.377604
vt 0.566243 0.431051
vt 0.516927 0.345709
vt 0.517711 0.338464
vt 0.525764 0.351414
vt 0.588187 0.500672
vt 0.585498 0.493478
vt 0.605858 0.518300
vt 0.486936 0.510377
vt 0.468703 0.492725
vt 0.491436 0.520922
vt 0.481702 0.516425
vt 0.848886 0.399236
vt 0.842706 0.396316
vt 0.829446 0.405937
vt 0.830025 0.397195
vt 0.809649 0.906150
vt 0.793197 0.896757
vt 0.800889 0.895167
vt 0.799668 0.878453
vt 0.804138 0.862805
vt 0.610684 0.517971
vt 0.420053 0.055088
vt 0.419329 0.041344
vt 0.301373 0.859307
vt 0.324971 0.857155
vt 0.810276 0.896908
vt 0.816493 0.898287
vt 0.819955 0.912240
vt 0.478103 0.492024
vt 0.812749 0.890576
vt 0.853664 0.635781
vt 0.835742 0.657063
vt 0.491671 0.497324
vt 0.975129 0.735713
vt 0.823663 0.904266
vt 0.318854 0.420161
vt 0.287740 0.380756
vt 0.307769 0.396770
vt 0.799320 0.223887
vt 0.807211 0.238542
vt 0.792403 0.223975
vt 0.069528 0.282658
vt 0.655712 0.099940
vt 0.670157 0.077558
vt 0.655801 0.128709
vt 0.677593 0.879308
vt 0.688980 0.889370
vt 0.711452 0.877970
vt 0.696216 0.887888
vt 0.307311 0.348523
vt 0.292865 0.339034
vt 0.306009 0.334341
vt 0.294723 0.365208
vt 0.505335 0.178000
vt 0.506009 0.170164
vt 0.515438 0.174570
vt 0.470449 0.054838
vt 0.474623 0.044821
vt 0.472158 0.063241
vt 0.727175 0.207821
vt 0.727953 0.217718
vt 0.709474 0.215412
vt 0.693339 0.229489
vt 0.696471 0.216112
vt 0.177045 0.262227
vt 0.682810 0.897784
vt 0.694555 0.896720
vt 0.700565 0.903574
vt 0.056358 0.530822
vt 0.058526 0.516859
vt 0.067642 0.546363
vt 0.647347 0.434109
vt 0.752428 0.013951
vt 0.766150 0.013337
vt 0.756016 0.021926
vt 0.894379 0.132953
vt 0.447198 0.190215
vt 0.848436 0.062272
vt 0.764920 0.028142
vt 0.731596 0.204944
vt 0.735901 0.195179
vt 0.978259 0.711347
vt 0.978986 0.698498
vt 0.868735 0.858322
vt 0.878165 0.852807
vt 0.396521 0.424375
vt 0.410802 0.423292
vt 0.410471 0.401938
vt 0.520785 0.357357
vt 0.876921 0.478038
vt 0.882656 0.473975
vt 0.750411 0.947178
vt 0.179564 0.917173
vt 0.180277 0.887572
vt 0.414664 0.422019
vt 0.424434 0.421030
vt 0.511097 0.252245
vt 0.507329 0.239663
vt 0.784677 0.503710
vt 0.774833 0.496983
vt 0.779488 0.354243
vt 0.774428 0.344240
vt 0.442091 0.355693
vt 0.700390 0.853076
vt 0.645038 0.429115
vt 0.637744 0.433415
vt 0.760203 0.485428
vt 0.745360 0.489273
vt 0.750635 0.481769
vt 0.761683 0.477788
vt 0.776081 0.479518
vt 0.776575 0.485104
vt 0.784532 0.359289
vt 0.941238 0.616829
vt 0.934139 0.615788
vt 0.448538 0.180452
vt 0.441992 0.163567
vt 0.416692 0.344354
vt 0.460830 0.367273
vt 0.789592 0.479001
vt 0.510558 0.265619
vt 0.443704 0.185014
vt 0.434271 0.167789
vt 0.355597 0.804871
vt 0.345375 0.793065
vt 0.157353 0.021085
vt 0.165854 0.024192
vt 0.171705 0.028224
vt 0.828430 0.759153
vt 0.835421 0.759170
vt 0.148738 0.254811
vt 0.165042 0.260287
vt 0.139224 0.258342
vt 0.659446 0.076210
vt 0.473232 0.394169
vt 0.460207 0.377231
vt 0.465577 0.378291
vt 0.518792 0.284071
vt 0.524034 0.285927
vt 0.522662 0.275565
vt 0.509485 0.046164
vt 0.515355 0.049697
vt 0.143594 0.041020
vt 0.123411 0.088615
vt 0.131129 0.061433
vt 0.968402 0.673725
vt 0.962669 0.683458
vt 0.038644 0.907336
vt 0.063780 0.886499
vt 0.035582 0.916520
vt 0.388315 0.627702
vt 0.827846 0.482061
vt 0.833140 0.492347
vt 0.850793 0.490853
vt 0.861872 0.499118
vt 0.895745 0.182757
vt 0.156688 0.056124
vt 0.169740 0.050955
vt 0.174696 0.071044
vt 0.188504 0.047600
vt 0.427256 0.027845
vt 0.424938 0.037130
vt 0.415422 0.030019
vt 0.581996 0.787378
vt 0.368781 0.628177
vt 0.360529 0.635116
vt 0.362506 0.644084
vt 0.662022 0.034578
vt 0.829351 0.491175
vt 0.833100 0.497749
vt 0.513721 0.292411
vt 0.519316 0.293294
vt 0.930461 0.210527
vt 0.938330 0.202747
vt 0.910135 0.210778
vt 0.403081 0.660778
vt 0.398201 0.645460
vt 0.419038 0.655919
vt 0.380076 0.652599
vt 0.487118 0.393461
vt 0.931887 0.193586
vt 0.950534 0.195218
vt 0.211198 0.776938
vt 0.012916 0.788570
vt 0.016796 0.780223
vt 0.250047 0.628829
vt 0.236241 0.617180
vt 0.320718 0.579979
vt 0.748172 0.858226
vt 0.305318 0.211046
vt 0.874109 0.159026
vt 0.664586 0.610026
vt 0.672998 0.623694
vt 0.296770 0.544611
vt 0.263816 0.535249
vt 0.229560 0.672726
vt 0.854206 0.497260
vt 0.832745 0.512593
vt 0.081885 0.950292
vt 0.281574 0.933821
vt 0.296596 0.907846
vt 0.283465 0.905658
vt 0.283175 0.888430
vt 0.658776 0.373563
vt 0.370353 0.656502
vt 0.343214 0.682244
vt 0.369840 0.677517
vt 0.476090 0.518023
vt 0.470678 0.510576
vt 0.468301 0.516464
vt 0.120644 0.297810
vt 0.143786 0.327353
vt 0.294451 0.884313
vt 0.284321 0.869060
vt 0.299164 0.870572
vt 0.483397 0.338362
vt 0.660917 0.607109
vt 0.908596 0.963689
vt 0.910846 0.949693
vt 0.955245 0.040172
vt 0.935466 0.035295
vt 0.588979 0.920700
vt 0.587608 0.932529
vt 0.855493 0.644399
vt 0.774270 0.063986
vt 0.765006 0.079276
vt 0.779823 0.074125
vt 0.666794 0.873706
vt 0.614483 0.611366
vt 0.607316 0.648794
vt 0.617791 0.650253
vt 0.851257 0.309685
vt 0.856820 0.293045
vt 0.864517 0.308669
vt 0.598079 0.911588
vt 0.598774 0.899564
vt 0.172750 0.505875
vt 0.191840 0.502462
vt 0.972862 0.841304
vt 0.970536 0.872204
vt 0.968318 0.858357
vt 0.576241 0.176855
vt 0.583451 0.199594
vt 0.145526 0.504571
vt 0.138103 0.507604
vt 0.708845 0.096818
vt 0.729242 0.100308
vt 0.750433 0.095612
vt 0.730136 0.502187
vt 0.715684 0.526277
vt 0.713362 0.512929
vt 0.686004 0.532472
vt 0.711770 0.537539
vt 0.692610 0.553262
vt 0.789548 0.743834
vt 0.251703 0.459143
vt 0.720703 0.874331
vt 0.745841 0.140792
vt 0.725100 0.130247
vt 0.739251 0.117363
vt 0.755499 0.541067
vt 0.765917 0.532193
vt 0.769673 0.548507
vt 0.788403 0.520706
vt 0.699899 0.363904
vt 0.697213 0.371756
vt 0.690478 0.370713
vt 0.541605 0.148950
vt 0.569156 0.138206
vt 0.561375 0.098495
vt 0.553163 0.083551
vt 0.817893 0.800926
vt 0.815338 0.771224
vt 0.814006 0.760801
vt 0.698867 0.380354
vt 0.560859 0.086390
vt 0.553352 0.072698
vt 0.563690 0.078659
vt 0.718871 0.453139
vt 0.332101 0.710595
vt 0.754648 0.138263
vt 0.749061 0.131770
vt 0.741498 0.130629
vt 0.812465 0.784643
vt 0.822352 0.760949
vt 0.328001 0.720126
vt 0.304850 0.710196
vt 0.299773 0.705311
vt 0.746999 0.149747
vt 0.030009 0.910858
vt 0.035621 0.895018
vt 0.211942 0.411615
vt 0.828340 0.379680
vt 0.813492 0.387579
vt 0.497459 0.639118
vt 0.982123 0.580548
vt 0.769499 0.188328
vt 0.936573 0.740507
vt 0.931295 0.733361
vt 0.807398 0.448609
vt 0.795079 0.438017
vt 0.808073 0.424008
vt 0.260278 0.680963
vt 0.983090 0.497023
vt 0.214663 0.388126
vt 0.133669 0.469828
vt 0.897851 0.746432
vt 0.764770 0.799781
vt 0.772431 0.818410
vt 0.292926 0.947828
vt 0.284840 0.919726
vt 0.535214 0.542830
vt 0.530860 0.547316
vt 0.023900 0.933156
vt 0.669646 0.355727
vt 0.853715 0.981844
vt 0.862440 0.991380
vt 0.849849 0.989120
vt 0.849968 0.973163
vt 0.857476 0.962431
vt 0.837912 0.209118
vt 0.889588 0.330031
vt 0.901328 0.319515
vt 0.541300 0.531452
vt 0.880050 0.691007
vt 0.890478 0.680243
vt 0.827151 0.248565
vt 0.826871 0.263105
vt 0.832128 0.258510
vt 0.221034 0.422568
vt 0.217239 0.413784
vt 0.240820 0.423359
vt 0.234793 0.426625
vt 0.126229 0.556228
vt 0.143871 0.560299
vt 0.033965 0.230827
vt 0.827101 0.301937
vt 0.754585 0.285051
vt 0.750100 0.278217
vt 0.264788 0.381226
vt 0.275921 0.360069
vt 0.077830 0.206314
vt 0.098691 0.236358
vt 0.092146 0.246994
vt 0.905678 0.245071
vt 0.887969 0.233701
vt 0.811739 0.018147
vt 0.810279 0.032709
vt 0.296350 0.502873
vt 0.290902 0.497365
vt 0.734559 0.012758
vt 0.723153 0.008878
vt 0.707593 0.012492
vt 0.711598 0.015696
vt 0.703966 0.019759
vt 0.748159 0.214230
vt 0.738081 0.221273
vt 0.203186 0.531331
vt 0.208209 0.523620
vt 0.192119 0.516812
vt 0.081788 0.508162
vt 0.066423 0.510319
vt 0.073467 0.504650
vt 0.030323 0.040195
vt 0.026601 0.029766
vt 0.465814 0.589380
vt 0.269351 0.830443
vt 0.841008 0.924533
vt 0.828797 0.927318
vt 0.857133 0.942763
vt 0.841467 0.939339
vt 0.037886 0.039891
vt 0.822855 0.312320
vt 0.870141 0.377426
vt 0.864491 0.395916
vt 0.830891 0.946736
vt 0.670244 0.291897
vt 0.879725 0.375360
vt 0.227878 0.343665
vt 0.193920 0.308039
vt 0.740454 0.217014
vt 0.646436 0.908210
vt 0.640271 0.894092
vt 0.658936 0.901878
vt 0.636487 0.399022
vt 0.643758 0.398648
vt 0.578925 0.028069
vt 0.568805 0.015656
vt 0.581485 0.010665
vt 0.242463 0.469105
vt 0.235703 0.445379
vt 0.248971 0.446993
vt 0.243913 0.456250
vt 0.189603 0.359387
vt 0.845543 0.245961
vt 0.838152 0.251185
vt 0.087865 0.961741
vt 0.138122 0.782792
vt 0.134503 0.777379
vt 0.151218 0.779108
vt 0.596777 0.527669
vt 0.237755 0.458943
vt 0.207007 0.471176
vt 0.226275 0.458254
vt 0.222460 0.466398
vt 0.169847 0.636013
vt 0.117142 0.784296
vt 0.271036 0.874260
vt 0.260675 0.874968
vt 0.258803 0.867721
vt 0.252490 0.870033
vt 0.241332 0.874071
vt 0.845400 0.746972
vt 0.826916 0.744102
vt 0.845832 0.250586
vt 0.861829 0.238994
vt 0.133908 0.757235
vt 0.146216 0.754721
vt 0.181996 0.475022
vt 0.167807 0.470115
vt 0.166109 0.459178
vt 0.161033 0.461068
vt 0.973424 0.544228
vt 0.983548 0.545693
vt 0.977958 0.542381
vt 0.972692 0.537847
vt 0.984444 0.528252
vt 0.988772 0.509900
vt 0.162870 0.906716
vt 0.862730 0.746854
vt 0.872163 0.745118
vt 0.270985 0.683667
vt 0.279308 0.694895
vt 0.267383 0.694656
vt 0.254296 0.688979
vt 0.235622 0.682687
vt 0.456404 0.152636
vt 0.466848 0.140750
vt 0.458408 0.140118
vt 0.377961 0.813140
vt 0.635326 0.021447
vt 0.619778 0.022122
vt 0.399002 0.676832
vt 0.377819 0.660220
vt 0.396419 0.641449
vt 0.812997 0.404165
vt 0.803878 0.415788
vt 0.625283 0.029360
vt 0.884610 0.409554
vt 0.951021 0.981713
vt 0.686833 0.485466
vt 0.691090 0.481295
vt 0.357100 0.662096
vt 0.371298 0.662678
vt 0.760525 0.772281
vt 0.833678 0.391914
vt 0.473747 0.305970
vt 0.946131 0.760987
vt 0.928871 0.757602
vt 0.799062 0.891547
vt 0.883631 0.923801
vt 0.894258 0.918953
vt 0.893053 0.929239
vt 0.900726 0.923925
vt 0.236809 0.941224
vt 0.912601 0.492111
vt 0.926355 0.500269
vt 0.927090 0.492854
vt 0.836941 0.156483
vt 0.847151 0.153628
vt 0.365079 0.672825
vt 0.367556 0.662223
vt 0.853622 0.927698
vt 0.852836 0.906438
vt 0.856633 0.914240
vt 0.298280 0.913477
vt 0.228912 0.897293
vt 0.225239 0.887292
vt 0.757185 0.441450
vt 0.779055 0.755241
vt 0.775560 0.760328
vt 0.766913 0.755616
vt 0.332353 0.923444
vt 0.322753 0.918912
vt 0.344745 0.922745
vt 0.263917 0.800504
vt 0.852911 0.222383
vt 0.334300 0.082018
vt 0.327824 0.074318
vt 0.350889 0.504973
vt 0.343171 0.498191
vt 0.359572 0.495833
vt 0.344165 0.511940
vt 0.332451 0.524819
vt 0.335390 0.515478
vt 0.048788 0.876491
vt 0.030320 0.867838
vt 0.069366 0.859709
vt 0.087056 0.839005
vt 0.363025 0.774571
vt 0.463850 0.077486
vt 0.471063 0.077296
vt 0.334689 0.045434
vt 0.347353 0.043023
vt 0.346934 0.028848
vt 0.400716 0.534307
vt 0.142873 0.465700
vt 0.140122 0.450798
vt 0.152768 0.456768
vt 0.187590 0.868009
vt 0.177409 0.858909
vt 0.171096 0.866697
vt 0.682525 0.433077
vt 0.455343 0.144704
vt 0.659694 0.826021
vt 0.673285 0.827907
vt 0.650539 0.828278
vt 0.839476 0.760015
vt 0.848648 0.764873
vt 0.874907 0.876299
vt 0.865578 0.880175
vt 0.388308 0.538096
vt 0.390737 0.565959
vt 0.176576 0.800327
vt 0.444865 0.144259
vt 0.440709 0.142652
vt 0.653858 0.838546
vt 0.385016 0.553535
vt 0.372949 0.541743
vt 0.347840 0.553499
vt 0.345556 0.541177
vt 0.459151 0.442854
vt 0.472146 0.455909
vt 0.474581 0.438029
vt 0.612780 0.841039
vt 0.620410 0.847225
vt 0.613448 0.862086
vt 0.283928 0.618384
vt 0.289520 0.629212
vt 0.482920 0.440359
vt 0.496402 0.458360
vt 0.485336 0.458042
vt 0.485889 0.446347
vt 0.813844 0.124325
vt 0.302345 0.647835
vt 0.287910 0.666391
vt 0.297242 0.638236
vt 0.162864 0.015563
vt 0.821358 0.769475
vt 0.845807 0.018082
vt 0.852778 0.016889
vt 0.871518 0.100499
vt 0.870829 0.107233
vt 0.677516 0.264603
vt 0.729148 0.290230
vt 0.340508 0.611303
vt 0.333816 0.602706
vt 0.344861 0.599370
vt 0.842874 0.192446
vt 0.124526 0.980944
vt 0.109448 0.973603
vt 0.608946 0.011490
vt 0.106510 0.768271
vt 0.102926 0.757513
vt 0.117061 0.774968
vt 0.110728 0.779416
vt 0.446178 0.701402
vt 0.454480 0.677826
vt 0.121221 0.269070
vt 0.112301 0.277431
vt 0.127448 0.252741
vt 0.133282 0.258327
vt 0.862187 0.017004
vt 0.582902 0.830500
vt 0.352947 0.615175
vt 0.347340 0.632808
vt 0.340829 0.617794
vt 0.836937 0.013214
vt 0.323898 0.924120
vt 0.318403 0.927069
vt 0.588138 0.819895
vt 0.584716 0.814139
vt 0.605516 0.806193
vt 0.604269 0.814832
vt 0.393553 0.094014
vt 0.399272 0.084338
vt 0.889790 0.670471
vt 0.901000 0.681223
vt 0.894985 0.655215
vt 0.426470 0.113845
vt 0.601711 0.821225
vt 0.589472 0.823782
vt 0.588326 0.830665
vt 0.231237 0.097278
vt 0.401328 0.106275
vt 0.402964 0.095791
vt 0.412168 0.104080
vt 0.075034 0.016638
vt 0.091050 0.017748
vt 0.882079 0.497786
vt 0.892584 0.503574
vt 0.905314 0.495530
vt 0.608339 0.832947
vt 0.243168 0.058252
vt 0.237295 0.082669
vt 0.716083 0.044316
vt 0.875018 0.054900
vt 0.861192 0.038330
vt 0.882293 0.041347
vt 0.453335 0.521050
vt 0.454732 0.509531
vt 0.556103 0.219405
vt 0.434122 0.180957
vt 0.232181 0.135851
vt 0.222548 0.130888
vt 0.236123 0.120304
vt 0.894433 0.028040
vt 0.714884 0.505307
vt 0.240222 0.092693
vt 0.703024 0.048007
vt 0.145524 0.584070
vt 0.136241 0.602138
vt 0.161946 0.611640
vt 0.240136 0.755779
vt 0.861717 0.325471
vt 0.842751 0.315325
vt 0.442417 0.749255
vt 0.427061 0.740778
vt 0.083244 0.757554
vt 0.215314 0.752472
vt 0.224318 0.753555
vt 0.228700 0.751896
vt 0.769991 0.501145
vt 0.478603 0.297574
vt 0.906975 0.284530
vt 0.895750 0.285472
vt 0.105292 0.774941
vt 0.430551 0.734194
vt 0.440521 0.732136
vt 0.441495 0.743606
vt 0.460456 0.161504
vt 0.686648 0.792175
vt 0.097092 0.114746
vt 0.078674 0.105632
vt 0.077081 0.116677
vt 0.607899 0.826031
vt 0.723195 0.090374
vt 0.740480 0.089889
vt 0.437219 0.312002
vt 0.424401 0.319616
vt 0.589991 0.392713
vt 0.570814 0.371479
vt 0.435773 0.324938
vt 0.456666 0.323795
vt 0.501660 0.595942
vt 0.505733 0.599173
vt 0.500726 0.608388
vt 0.505945 0.610399
vt 0.624490 0.666653
vt 0.641187 0.656987
vt 0.636688 0.672929
vt 0.617298 0.661238
vt 0.607146 0.669015
vt 0.267523 0.561955
vt 0.193874 0.384123
vt 0.201278 0.371284
vt 0.300290 0.430275
vt 0.290446 0.452720
vt 0.291057 0.418224
vt 0.407603 0.329180
vt 0.532698 0.396446
vt 0.535038 0.380903
vt 0.544764 0.405013
vt 0.540239 0.416995
vt 0.246694 0.504301
vt 0.247788 0.524364
vt 0.250058 0.510697
vt 0.206409 0.380520
vt 0.208852 0.353888
vt 0.647327 0.679767
vt 0.455020 0.341003
vt 0.772805 0.666812
vt 0.783080 0.661089
vt 0.791448 0.837169
vt 0.782765 0.826816
vt 0.250918 0.176101
vt 0.242485 0.167283
vt 0.250312 0.170520
vt 0.249263 0.152466
vt 0.638348 0.740248
vt 0.119540 0.574239
vt 0.585090 0.349404
vt 0.560229 0.164470
vt 0.563546 0.153448
vt 0.905156 0.771119
vt 0.872568 0.451281
vt 0.869396 0.446164
vt 0.241949 0.504324
vt 0.237050 0.520042
vt 0.239807 0.513227
vt 0.538225 0.673035
vt 0.543478 0.689651
vt 0.835770 0.853470
vt 0.319530 0.713303
vt 0.180709 0.607381
vt 0.162546 0.616999
vt 0.712956 0.023757
vt 0.113185 0.506981
vt 0.101724 0.529725
vt 0.851270 0.107252
vt 0.852800 0.116497
vt 0.716271 0.710797
vt 0.561773 0.870253
vt 0.207538 0.571993
vt 0.216152 0.577600
vt 0.199946 0.596604
vt 0.325478 0.702346
vt 0.343593 0.699829
vt 0.930543 0.014009
vt 0.932250 0.025276
vt 0.394533 0.913916
vt 0.695910 0.520023
vt 0.708707 0.511631
vt 0.847386 0.096923
vt 0.843783 0.085804
vt 0.844651 0.080617
vt 0.098434 0.506593
vt 0.681160 0.522573
vt 0.685606 0.803878
vt 0.663583 0.808413
vt 0.663582 0.818595
vt 0.104427 0.021439
vt 0.109093 0.032868
vt 0.088239 0.034652
vt 0.915362 0.923574
vt 0.724503 0.780760
vt 0.887063 0.486360
vt 0.892680 0.484923
vt 0.912268 0.779586
vt 0.946330 0.958561
vt 0.371574 0.196690
vt 0.375671 0.175182
vt 0.381166 0.189268
vt 0.388719 0.176636
vt 0.602245 0.795737
vt 0.616460 0.778931
vt 0.593103 0.783169
vt 0.138281 0.267489
vt 0.132583 0.266249
vt 0.195963 0.137694
vt 0.192650 0.157642
vt 0.591965 0.786683
vt 0.402615 0.294209
vt 0.499290 0.688479
vt 0.499773 0.695363
vt 0.489907 0.690102
vt 0.501573 0.674630
vt 0.118070 0.286631
vt 0.752054 0.875742
vt 0.903841 0.160512
vt 0.898156 0.168944
vt 0.117741 0.896132
vt 0.107055 0.918446
vt 0.102597 0.892550
vt 0.209996 0.138555
vt 0.229348 0.122452
vt 0.236141 0.980922
vt 0.447246 0.048777
vt 0.436859 0.052543
vt 0.226221 0.505608
vt 0.743689 0.016678
vt 0.881124 0.332029
vt 0.873160 0.352396
vt 0.745261 0.645882
vt 0.740808 0.632026
vt 0.733975 0.654420
vt 0.364360 0.539526
vt 0.349097 0.529886
vt 0.364580 0.524982
vt 0.233889 0.510470
vt 0.644298 0.013321
vt 0.648233 0.020035
vt 0.651730 0.010133
vt 0.670622 0.018627
vt 0.669824 0.567159
vt 0.095462 0.475150
vt 0.095608 0.469374
vt 0.529307 0.271116
vt 0.692518 0.903294
vt 0.707995 0.911668
vt 0.678471 0.295577
vt 0.681650 0.277864
vt 0.808396 0.863547
vt 0.797174 0.862096
vt 0.539705 0.284334
vt 0.259085 0.175160
vt 0.266211 0.178675
vt 0.163952 0.861100
vt 0.570616 0.361826
vt 0.551562 0.013098
vt 0.553557 0.035379
vt 0.811527 0.480514
vt 0.806563 0.483755
vt 0.511272 0.288166
vt 0.169730 0.233096
vt 0.796424 0.479002
vt 0.805110 0.477165
vt 0.531040 0.593639
vt 0.195188 0.805431
vt 0.208288 0.812651
vt 0.369268 0.464732
vt 0.388665 0.463286
vt 0.345531 0.465556
vt 0.781651 0.305882
vt 0.782184 0.291694
vt 0.541868 0.012273
vt 0.067467 0.975551
vt 0.385058 0.428127
vt 0.340982 0.505525
vt 0.331921 0.510125
vt 0.338238 0.500069
vt 0.545712 0.077331
vt 0.399090 0.753884
vt 0.404196 0.763957
vt 0.410125 0.759214
vt 0.833147 0.248160
vt 0.825327 0.242236
vt 0.132629 0.249953
vt 0.123358 0.238234
vt 0.468230 0.114846
vt 0.289290 0.300956
vt 0.301319 0.298992
vt 0.298101 0.313530
vt 0.398565 0.430976
vt 0.418367 0.425875
vt 0.148844 0.622419
vt 0.820303 0.011403
vt 0.819400 0.016364
vt 0.434357 0.422312
vt 0.439147 0.440405
vt 0.435736 0.420159
vt 0.531474 0.293459
vt 0.539275 0.291719
vt 0.666021 0.010262
vt 0.673697 0.010917
vt 0.674204 0.016456
vt 0.585566 0.030799
vt 0.584563 0.026334
vt 0.586989 0.013283
vt 0.667540 0.365748
vt 0.159905 0.578126
vt 0.471984 0.575698
vt 0.896181 0.939474
vt 0.885933 0.932850
vt 0.879649 0.947619
vt 0.613738 0.035706
vt 0.110482 0.217708
vt 0.108287 0.195474
vt 0.127583 0.199294
vt 0.092797 0.165567
vt 0.105154 0.180554
vt 0.083926 0.181468
vt 0.428902 0.406134
vt 0.536142 0.632770
vt 0.530132 0.659550
vt 0.536398 0.657246
vt 0.630159 0.484219
vt 0.647147 0.488271
vt 0.629428 0.491513
vt 0.934752 0.039306
vt 0.873452 0.332341
vt 0.877466 0.340429
vt 0.864297 0.348320
vt 0.859568 0.330978
vt 0.663674 0.411144
vt 0.218053 0.277171
vt 0.195961 0.280795
vt 0.224375 0.258603
vt 0.204014 0.265474
vt 0.652855 0.503179
vt 0.478332 0.564476
vt 0.472622 0.567236
vt 0.851611 0.918020
vt 0.182371 0.271901
vt 0.194131 0.270860
vt 0.223542 0.269773
vt 0.680643 0.011006
vt 0.697068 0.012039
vt 0.682025 0.015817
vt 0.733154 0.968819
vt 0.944977 0.068482
vt 0.936416 0.087411
vt 0.249971 0.530275
vt 0.731716 0.241821
vt 0.726395 0.245392
vt 0.720182 0.242612
vt 0.871833 0.908615
vt 0.253509 0.545141
vt 0.247806 0.537763
vt 0.292601 0.762531
vt 0.928041 0.907239
vt 0.771959 0.217913
vt 0.777259 0.223910
vt 0.158817 0.220135
vt 0.145112 0.221771
vt 0.147341 0.230808
vt 0.257988 0.539684
vt 0.713308 0.079752
vt 0.129725 0.763788
vt 0.493422 0.597392
vt 0.485145 0.593262
vt 0.846515 0.305157
vt 0.167266 0.960674
vt 0.174190 0.946155
vt 0.173660 0.957711
vt 0.268670 0.600291
vt 0.546797 0.045129
vt 0.331851 0.054947
vt 0.326492 0.061610
vt 0.557742 0.513297
vt 0.731297 0.543151
vt 0.733544 0.571321
vt 0.795708 0.453741
vt 0.792737 0.448125
vt 0.823218 0.217977
vt 0.574388 0.798518
vt 0.577279 0.810758
vt 0.663213 0.768272
vt 0.732490 0.533292
vt 0.725477 0.531543
vt 0.737864 0.516559
vt 0.549255 0.112526
vt 0.540790 0.125444
vt 0.540385 0.106948
vt 0.514859 0.104265
vt 0.525069 0.098926
vt 0.159248 0.471102
vt 0.164364 0.473989
vt 0.678704 0.619094
vt 0.657353 0.766574
vt 0.775696 0.027692
vt 0.553155 0.352537
vt 0.769170 0.572130
vt 0.784571 0.590304
vt 0.069512 0.194528
vt 0.723177 0.757946
vt 0.723200 0.754263
vt 0.739568 0.757208
vt 0.065899 0.199653
vt 0.799598 0.042224
vt 0.806609 0.048497
vt 0.815446 0.575564
vt 0.820490 0.589383
vt 0.778821 0.552972
vt 0.802615 0.554667
vt 0.798554 0.569586
vt 0.833349 0.369759
vt 0.559395 0.123688
vt 0.808584 0.040846
vt 0.821254 0.050888
vt 0.273212 0.185704
vt 0.274588 0.849669
vt 0.284803 0.840972
vt 0.551641 0.102606
vt 0.552503 0.118117
vt 0.257310 0.836456
vt 0.565313 0.110366
vt 0.557825 0.109494
vt 0.166293 0.777420
vt 0.413212 0.315382
vt 0.417453 0.328076
vt 0.847393 0.512801
vt 0.403817 0.088503
vt 0.398114 0.089136
vt 0.039334 0.344698
vt 0.041001 0.334604
vt 0.042450 0.352947
vt 0.050141 0.344101
vt 0.050038 0.362697
vt 0.617742 0.047728
vt 0.796850 0.686776
vt 0.848735 0.695897
vt 0.356016 0.512695
vt 0.366194 0.499319
vt 0.882024 0.604149
vt 0.855429 0.686993
vt 0.845252 0.690034
vt 0.372178 0.503911
vt 0.109800 0.022891
vt 0.738525 0.052855
vt 0.731998 0.066042
vt 0.742482 0.041704
vt 0.217314 0.218314
vt 0.580052 0.821038
vt 0.579903 0.449231
vt 0.744453 0.955645
vt 0.877366 0.923056
vt 0.579507 0.456167
vt 0.454725 0.756025
vt 0.443237 0.760699
vt 0.446049 0.754506
vt 0.904170 0.614530
vt 0.504055 0.646015
vt 0.504668 0.662030
vt 0.500675 0.653994
vt 0.493892 0.675085
vt 0.435432 0.541528
vt 0.419646 0.541192
vt 0.904088 0.887981
vt 0.438413 0.551251
vt 0.524206 0.018128
vt 0.527349 0.026629
vt 0.491781 0.409210
vt 0.868357 0.945835
vt 0.056781 0.444878
vt 0.071594 0.431575
vt 0.462098 0.493309
vt 0.512853 0.020673
vt 0.030173 0.970310
vt 0.441695 0.062449
vt 0.367541 0.751041
vt 0.812936 0.795534
vt 0.546830 0.502146
vt 0.515808 0.027884
vt 0.684066 0.832296
vt 0.465220 0.600890
vt 0.757611 0.560851
vt 0.769065 0.552230
vt 0.770226 0.564517
vt 0.534437 0.403087
vt 0.539619 0.408891
vt 0.674948 0.821161
vt 0.337753 0.452658
vt 0.782774 0.563165
vt 0.074628 0.392695
vt 0.695107 0.560481
vt 0.702764 0.577827
vt 0.876989 0.370062
vt 0.807407 0.383860
vt 0.299036 0.662781
vt 0.788990 0.540224
vt 0.920289 0.602821
vt 0.923402 0.610813
vt 0.270141 0.119102
vt 0.258586 0.116590
vt 0.272290 0.106335
vt 0.253766 0.122626
vt 0.062486 0.138673
vt 0.074514 0.138802
vt 0.107230 0.168407
vt 0.096304 0.153543
vt 0.102936 0.146173
vt 0.921654 0.622308
vt 0.941434 0.622960
vt 0.464089 0.320536
vt 0.766049 0.952326
vt 0.803619 0.406668
vt 0.795194 0.416900
vt 0.780364 0.419235
vt 0.787784 0.407214
vt 0.345604 0.878057
vt 0.480751 0.692000
vt 0.496289 0.660055
vt 0.158357 0.032072
vt 0.608381 0.192991
vt 0.587647 0.182600
vt 0.488984 0.665147
vt 0.146607 0.034601
vt 0.149246 0.023846
vt 0.042397 0.161595
vt 0.610171 0.179345
vt 0.906694 0.607187
vt 0.288505 0.699793
vt 0.295894 0.698705
vt 0.906564 0.929099
vt 0.049951 0.091636
vt 0.036487 0.092590
vt 0.041139 0.086836
vt 0.894906 0.590616
vt 0.900751 0.602909
vt 0.827757 0.670076
vt 0.114072 0.186728
vt 0.120523 0.195510
vt 0.598809 0.722779
vt 0.088634 0.326179
vt 0.101860 0.507036
vt 0.030107 0.085417
vt 0.620072 0.843215
vt 0.656645 0.181735
vt 0.676284 0.156393
vt 0.649495 0.836023
vt 0.138324 0.181954
vt 0.130018 0.187743
vt 0.119498 0.181209
vt 0.833479 0.339421
vt 0.638228 0.850074
vt 0.651208 0.846232
vt 0.265550 0.441854
vt 0.132412 0.199146
vt 0.132723 0.189353
vt 0.916016 0.655207
vt 0.903105 0.629895
vt 0.900193 0.645382
vt 0.682320 0.560429
vt 0.687384 0.582475
vt 0.676737 0.586023
vt 0.637169 0.046014
vt 0.637692 0.596289
vt 0.755899 0.110348
vt 0.635378 0.908151
vt 0.621564 0.492315
vt 0.616627 0.486711
vt 0.623917 0.485266
vt 0.340044 0.595626
vt 0.574794 0.604385
vt 0.600165 0.615152
vt 0.110390 0.181331
vt 0.114367 0.176920
vt 0.544466 0.710854
vt 0.775622 0.577460
vt 0.100011 0.273064
vt 0.097625 0.263721
vt 0.298438 0.538472
vt 0.287513 0.542147
vt 0.542769 0.643975
vt 0.540377 0.664918
vt 0.930461 0.158339
vt 0.954971 0.145476
vt 0.943260 0.157323
vt 0.095351 0.224598
vt 0.106632 0.221134
vt 0.107059 0.231580
vt 0.086626 0.216072
vt 0.747962 0.112829
vt 0.546231 0.684835
vt 0.032692 0.282590
vt 0.669659 0.909592
vt 0.095040 0.205911
vt 0.116965 0.222847
vt 0.563186 0.331778
vt 0.669961 0.922634
vt 0.776159 0.289806
vt 0.351994 0.728350
vt 0.365934 0.740296
vt 0.352352 0.738141
vt 0.346704 0.730078
vt 0.598000 0.828032
vt 0.090367 0.262246
vt 0.383744 0.276373
vt 0.390089 0.272497
vt 0.232472 0.417114
vt 0.149738 0.216440
vt 0.854221 0.184076
vt 0.378812 0.600619
vt 0.914417 0.957069
vt 0.928646 0.968143
vt 0.906487 0.953606
vt 0.798435 0.118683
vt 0.796507 0.132595
vt 0.725542 0.970644
vt 0.948180 0.187588
vt 0.148306 0.071900
vt 0.157674 0.063697
vt 0.170379 0.080961
vt 0.137817 0.060995
vt 0.151219 0.060993
vt 0.787698 0.428432
vt 0.800820 0.423438
vt 0.420210 0.303835
vt 0.114551 0.066158
vt 0.128629 0.060267
vt 0.107271 0.112279
vt 0.111657 0.093502
vt 0.170343 0.018888
vt 0.178723 0.015182
vt 0.198923 0.014053
vt 0.515094 0.325649
vt 0.510594 0.302957
vt 0.429426 0.555122
vt 0.120399 0.985344
vt 0.111891 0.983676
vt 0.887428 0.422711
vt 0.872948 0.420932
vt 0.879843 0.416186
vt 0.887833 0.414205
vt 0.093659 0.124144
vt 0.103643 0.118821
vt 0.588388 0.006475
vt 0.551506 0.332774
vt 0.435384 0.148892
vt 0.175509 0.404250
vt 0.881847 0.343787
vt 0.553712 0.734188
vt 0.448335 0.441741
vt 0.863729 0.352735
vt 0.887681 0.748926
vt 0.889475 0.738104
vt 0.965466 0.817189
vt 0.968561 0.824410
vt 0.958981 0.823836
vt 0.053382 0.569126
vt 0.034693 0.566440
vt 0.152808 0.467198
vt 0.156167 0.455863
vt 0.794955 0.072440
vt 0.471264 0.157954
vt 0.468287 0.163602
vt 0.267799 0.963488
vt 0.258082 0.954759
vt 0.204024 0.313589
vt 0.193267 0.349160
vt 0.582985 0.395394
vt 0.734317 0.043911
vt 0.824794 0.289703
vt 0.282760 0.944163
vt 0.078446 0.267093
vt 0.831831 0.289887
vt 0.604062 0.060311
vt 0.253362 0.823905
vt 0.284764 0.913314
vt 0.876875 0.668376
vt 0.706451 0.903010
vt 0.722437 0.903163
vt 0.121715 0.341780
vt 0.770862 0.131646
vt 0.053581 0.414227
vt 0.050813 0.389861
vt 0.060477 0.389657
vt 0.714169 0.910264
vt 0.964539 0.482918
vt 0.730843 0.630393
vt 0.722131 0.645859
vt 0.738589 0.625099
vt 0.339447 0.336400
vt 0.330477 0.314849
vt 0.234024 0.274221
vt 0.169382 0.331966
vt 0.707625 0.041615
vt 0.592066 0.790923
vt 0.186791 0.984599
vt 0.138174 0.987239
vt 0.579181 0.198453
vt 0.636528 0.012034
vt 0.145924 0.986858
vt 0.940944 0.869592
vt 0.594436 0.857472
vt 0.739632 0.254932
vt 0.733476 0.249024
vt 0.820518 0.453102
vt 0.814472 0.453750
vt 0.543096 0.356028
vt 0.957321 0.952539
vt 0.077199 0.462501
vt 0.087240 0.474783
vt 0.942246 0.949887
vt 0.925766 0.932033
vt 0.091959 0.636639
vt 0.481309 0.313727
vt 0.481769 0.302185
vt 0.478783 0.309931
vt 0.076731 0.627610
vt 0.903071 0.488932
vt 0.910488 0.257811
vt 0.917887 0.204044
vt 0.912366 0.202973
vt 0.862855 0.027348
vt 0.178228 0.926993
vt 0.170202 0.939963
vt 0.167506 0.943301
vt 0.431492 0.851469
vt 0.437156 0.860423
vt 0.744717 0.262383
vt 0.750096 0.260662
vt 0.746393 0.254704
vt 0.932393 0.248204
vt 0.433418 0.895351
vt 0.809709 0.321027
vt 0.817506 0.325617
vt 0.839621 0.983258
vt 0.818273 0.975879
vt 0.846798 0.982003
vt 0.301857 0.457489
vt 0.495041 0.559527
vt 0.983348 0.684646
vt 0.303939 0.467870
vt 0.981924 0.693188
vt 0.814692 0.724718
vt 0.209188 0.115395
vt 0.201186 0.084307
vt 0.978265 0.632325
vt 0.483308 0.539645
vt 0.472587 0.102197
vt 0.473259 0.113816
vt 0.469853 0.106220
vt 0.961487 0.658465
vt 0.952858 0.663492
vt 0.739298 0.848316
vt 0.124436 0.871136
vt 0.585416 0.511287
vt 0.740311 0.865557
vt 0.325189 0.758851
vt 0.942845 0.661658
vt 0.161099 0.869724
vt 0.853639 0.150238
vt 0.351482 0.595911
vt 0.841962 0.186465
vt 0.097624 0.018263
vt 0.889228 0.756780
vt 0.559539 0.522561
vt 0.621689 0.033144
vt 0.616698 0.032154
vt 0.177161 0.103040
vt 0.158174 0.096520
vt 0.032024 0.187252
vt 0.028891 0.186257
vt 0.034162 0.202843
vt 0.034777 0.191758
vt 0.037562 0.195890
vt 0.280467 0.114337
vt 0.276243 0.103042
vt 0.309359 0.928676
vt 0.227127 0.540418
vt 0.216286 0.536839
vt 0.224033 0.534271
vt 0.886973 0.918806
vt 0.882363 0.907371
vt 0.879261 0.896544
vt 0.843647 0.136093
vt 0.842351 0.127091
vt 0.009413 0.820619
vt 0.892908 0.079265
vt 0.956088 0.617171
vt 0.875093 0.862088
vt 0.872056 0.876773
vt 0.585483 0.898284
vt 0.391833 0.360421
vt 0.401279 0.379080
vt 0.071464 0.187796
vt 0.052155 0.949120
vt 0.408859 0.368154
vt 0.682881 0.312575
vt 0.562052 0.433901
vt 0.043087 0.581217
vt 0.359443 0.213145
vt 0.381834 0.218280
vt 0.376205 0.209720
vt 0.729105 0.455689
vt 0.683572 0.421383
vt 0.334852 0.876508
vt 0.804481 0.972562
vt 0.814677 0.979432
vt 0.363398 0.196041
vt 0.719709 0.303921
vt 0.757365 0.894195
vt 0.503876 0.630277
vt 0.336539 0.558683
vt 0.325028 0.580982
vt 0.324818 0.554225
vt 0.329088 0.549425
vt 0.338312 0.540097
vt 0.786160 0.891856
vt 0.793856 0.887837
vt 0.711222 0.301296
vt 0.031114 0.112780
vt 0.332972 0.531750
vt 0.427306 0.039551
vt 0.598234 0.629043
vt 0.593584 0.646125
vt 0.610572 0.632948
vt 0.606522 0.645414
vt 0.422964 0.051034
vt 0.031305 0.890964
vt 0.021373 0.883964
vt 0.861422 0.420355
vt 0.878815 0.988758
vt 0.463697 0.103841
vt 0.468442 0.099815
vt 0.462910 0.115175
vt 0.675363 0.956456
vt 0.459191 0.104956
vt 0.238273 0.177593
vt 0.526549 0.586701
vt 0.523796 0.573203
vt 0.485297 0.295985
vt 0.765916 0.222473
vt 0.656991 0.495123
vt 0.751811 0.297729
vt 0.933607 0.950777
vt 0.908982 0.616416
vt 0.913261 0.611539
vt 0.918124 0.859486
vt 0.923952 0.844731
vt 0.666201 0.045249
vt 0.670979 0.045914
vt 0.822648 0.738296
vt 0.053206 0.369211
vt 0.928391 0.849032
vt 0.935269 0.852531
vt 0.722732 0.584442
vt 0.776824 0.920446
vt 0.807518 0.854033
vt 0.871151 0.431159
vt 0.878743 0.908696
vt 0.805473 0.086332
vt 0.379945 0.233263
vt 0.359412 0.919367
vt 0.355178 0.922822
vt 0.887423 0.018572
vt 0.899841 0.017674
vt 0.818791 0.946571
vt 0.129657 0.477572
vt 0.888398 0.854728
vt 0.448935 0.749851
vt 0.752470 0.529146
vt 0.726502 0.526231
vt 0.723121 0.743484
vt 0.752477 0.755523
vt 0.742162 0.756414
vt 0.737619 0.530826
vt 0.431706 0.759967
vt 0.719620 0.023357
vt 0.384992 0.823904
vt 0.564206 0.914863
vt 0.492195 0.356223
vt 0.508302 0.061595
vt 0.212060 0.234812
vt 0.604772 0.491230
vt 0.503510 0.087669
vt 0.956495 0.931223
vt 0.945303 0.934756
vt 0.956987 0.926956
vt 0.511567 0.101694
vt 0.503404 0.104827
vt 0.504865 0.097750
vt 0.452824 0.434695
vt 0.357423 0.769027
vt 0.469489 0.085148
vt 0.489143 0.713645
vt 0.485497 0.720032
vt 0.987703 0.523997
vt 0.980570 0.516468
vt 0.989832 0.516784
vt 0.865489 0.213282
vt 0.535034 0.103582
vt 0.535943 0.100006
vt 0.793247 0.484948
vt 0.838007 0.219277
vt 0.850282 0.218544
vt 0.527866 0.091380
vt 0.759595 0.032309
vt 0.654208 0.642306
vt 0.954658 0.628714
vt 0.105012 0.185629
vt 0.102001 0.186739
vt 0.459729 0.531437
vt 0.449526 0.519474
vt 0.085406 0.213584
vt 0.566655 0.122869
vt 0.924197 0.024809
vt 0.967568 0.696297
vt 0.193305 0.507694
vt 0.832887 0.737548
vt 0.817429 0.731669
vt 0.457623 0.353004
vt 0.313202 0.500600
vt 0.334366 0.503678
vt 0.525601 0.065261
vt 0.830661 0.722328
vt 0.664826 0.271581
vt 0.735948 0.276610
vt 0.424811 0.839310
vt 0.603212 0.907242
vt 0.937218 0.122172
vt 0.941624 0.095949
vt 0.933464 0.103135
vt 0.942856 0.106053
vt 0.724613 0.394238
vt 0.907633 0.275501
vt 0.893685 0.279921
vt 0.889449 0.276638
vt 0.256952 0.382440
vt 0.148610 0.391364
vt 0.174016 0.392966
vt 0.957678 0.474869
vt 0.947002 0.472290
vt 0.674260 0.868534
vt 0.238187 0.408604
vt 0.412839 0.764290
vt 0.081782 0.614252
vt 0.077150 0.598786
vt 0.748856 0.292495
vt 0.743850 0.023474
vt 0.339135 0.130362
vt 0.284230 0.610003
vt 0.855714 0.263857
vt 0.852113 0.277609
vt 0.685991 0.480344
vt 0.227038 0.362857
vt 0.212848 0.368908
vt 0.408476 0.627181
vt 0.284608 0.381732
vt 0.124518 0.045490
vt 0.728355 0.068751
vt 0.561073 0.788273
vt 0.575344 0.787584
vt 0.540427 0.643353
vt 0.893834 0.581793
vt 0.348371 0.696093
vt 0.350718 0.645622
vt 0.755396 0.104124
vt 0.694801 0.757245
vt 0.361059 0.297414
vt 0.767860 0.891393
vt 0.046614 0.512310
vt 0.324675 0.910671
vt 0.036968 0.516088
vt 0.804370 0.196636
vt 0.028655 0.519399
vt 0.642888 0.911797
vt 0.241985 0.332178
vt 0.777353 0.509736
vt 0.783529 0.520036
vt 0.784124 0.538077
vt 0.778218 0.529531
vt 0.955591 0.769549
vt 0.773786 0.513645
vt 0.679912 0.672451
vt 0.683583 0.666461
vt 0.334841 0.546220
vt 0.768250 0.521713
vt 0.775169 0.525823
vt 0.455373 0.657840
vt 0.424756 0.658008
vt 0.430344 0.653176
vt 0.435932 0.655664
vt 0.409797 0.643376
vt 0.038726 0.574996
vt 0.048135 0.574562
vt 0.438453 0.646053
vt 0.423924 0.651060
vt 0.425497 0.643380
vt 0.701674 0.962823
vt 0.186863 0.067803
vt 0.028894 0.564792
vt 0.030493 0.556410
vt 0.031904 0.570650
vt 0.938219 0.163002
vt 0.331988 0.595993
vt 0.687964 0.390716
vt 0.190083 0.088265
vt 0.205634 0.983931
vt 0.211708 0.985371
vt 0.803377 0.037047
vt 0.837436 0.375159
vt 0.840213 0.386305
vt 0.064631 0.286404
vt 0.074594 0.295890
vt 0.081503 0.274019
vt 0.173316 0.986675
vt 0.180418 0.986072
vt 0.611801 0.432942
vt 0.943813 0.120705
vt 0.951289 0.131593
vt 0.190783 0.862991
vt 0.267969 0.787271
vt 0.870428 0.921174
vt 0.120203 0.243104
vt 0.244113 0.783773
vt 0.783829 0.260957
vt 0.397773 0.511210
vt 0.382510 0.503727
vt 0.401322 0.505390
vt 0.780814 0.275348
vt 0.782386 0.266233
vt 0.293776 0.758249
vt 0.299921 0.759141
vt 0.477140 0.457683
vt 0.716414 0.802275
vt 0.973643 0.642702
vt 0.523242 0.556376
vt 0.984035 0.972992
vt 0.984866 0.957508
vt 0.986914 0.967485
vt 0.892848 0.453920
vt 0.881120 0.452635
vt 0.815246 0.026062
vt 0.777580 0.958541
vt 0.839621 0.424443
vt 0.583693 0.809601
vt 0.507966 0.227238
vt 0.903118 0.029618
vt 0.113932 0.128012
vt 0.101658 0.137564
vt 0.194559 0.579272
vt 0.746806 0.480013
vt 0.080857 0.145186
vt 0.163999 0.555800
vt 0.302492 0.239422
vt 0.751954 0.522072
vt 0.130201 0.930130
vt 0.442653 0.691610
vt 0.450887 0.685531
vt 0.435252 0.041228
vt 0.510273 0.050448
vt 0.464436 0.688595
vt 0.900456 0.986380
vt 0.672387 0.060176
vt 0.469397 0.023559
vt 0.472387 0.033579
vt 0.010105 0.804914
vt 0.455413 0.394024
vt 0.681179 0.066770
vt 0.269699 0.021054
vt 0.525995 0.641383
vt 0.009370 0.839606
vt 0.882053 0.637954
vt 0.869551 0.642904
vt 0.856345 0.649607
vt 0.528003 0.669356
vt 0.527109 0.649124
vt 0.531277 0.647373
vt 0.417300 0.185334
vt 0.393414 0.176084
vt 0.403780 0.181750
vt 0.330469 0.452996
vt 0.783138 0.704791
vt 0.917348 0.821163
vt 0.912739 0.827273
vt 0.460526 0.613535
vt 0.458423 0.626107
vt 0.457344 0.631200
vt 0.975755 0.575692
vt 0.120750 0.890781
vt 0.108190 0.881568
vt 0.242670 0.123846
vt 0.559102 0.882009
vt 0.558214 0.894063
vt 0.232765 0.131866
vt 0.355130 0.508136
vt 0.274651 0.090937
vt 0.855244 0.835545
vt 0.816850 0.627970
vt 0.811574 0.640976
vt 0.394397 0.678423
vt 0.643910 0.444804
vt 0.882593 0.957588
vt 0.874117 0.946989
vt 0.940231 0.238024
vt 0.937083 0.218189
vt 0.924290 0.216224
vt 0.176006 0.776161
vt 0.720669 0.539787
vt 0.472097 0.146175
vt 0.827191 0.694939
vt 0.101677 0.512219
vt 0.623605 0.180073
vt 0.541912 0.197086
vt 0.532988 0.193947
vt 0.230965 0.019179
vt 0.239474 0.014582
vt 0.520045 0.209500
vt 0.526213 0.196109
vt 0.528253 0.208033
vt 0.957929 0.502095
vt 0.451614 0.362513
vt 0.337408 0.063148
vt 0.507821 0.198923
vt 0.926735 0.251724
vt 0.931775 0.261224
vt 0.070418 0.040361
vt 0.081685 0.024241
vt 0.731480 0.866589
vt 0.332570 0.041332
vt 0.976950 0.702778
vt 0.406747 0.464178
vt 0.583633 0.824045
vt 0.448650 0.512658
vt 0.058785 0.363190
vt 0.968932 0.612568
vt 0.966860 0.619303
vt 0.777453 0.317356
vt 0.056874 0.509111
vt 0.286576 0.678874
vt 0.606728 0.626948
vt 0.047808 0.397221
vt 0.378322 0.762787
vt 0.385842 0.763473
vt 0.154452 0.577794
vt 0.844903 0.379121
vt 0.123873 0.145107
vt 0.149453 0.108033
vt 0.816666 0.969379
vt 0.197258 0.525389
vt 0.754738 0.258388
vt 0.507647 0.074572
vt 0.575164 0.791308
vt 0.215193 0.449134
vt 0.226750 0.450770
vt 0.712261 0.743618
vt 0.560088 0.585659
vt 0.936781 0.941753
vt 0.176756 0.939697
vt 0.230157 0.457311
vt 0.433072 0.131673
vt 0.184336 0.935832
vt 0.910362 0.758724
vt 0.952000 0.939872
vt 0.638474 0.265281
vt 0.187279 0.942936
vt 0.116747 0.932290
vt 0.788306 0.475094
vt 0.060907 0.449960
vt 0.192666 0.963530
vt 0.685690 0.272670
vt 0.083779 0.026559
vt 0.622999 0.887901
vt 0.808719 0.968567
vt 0.804898 0.957495
vt 0.798796 0.964666
vt 0.771097 0.889570
vt 0.779796 0.885169
vt 0.574690 0.718478
vt 0.368232 0.493620
vt 0.042998 0.362140
vt 0.910008 0.167256
vt 0.906104 0.167033
vt 0.842278 0.788930
vt 0.217240 0.581835
vt 0.303682 0.418401
vt 0.299574 0.420051
vt 0.842211 0.666362
vt 0.376805 0.024234
vt 0.653053 0.483374
vt 0.652546 0.479751
vt 0.904890 0.092403
vt 0.077367 0.214426
vt 0.539629 0.798535
vt 0.538828 0.804210
vt 0.468024 0.749390
vt 0.460402 0.754657
vt 0.572962 0.921524
vt 0.563071 0.922698
vt 0.959867 0.015017
vt 0.968750 0.015421
vt 0.573072 0.926501
vt 0.850073 0.071511
vt 0.216681 0.445156
vt 0.091405 0.344764
vt 0.858492 0.759250
vt 0.088169 0.338605
vt 0.103697 0.359293
vt 0.848209 0.760335
vt 0.603391 0.659135
vt 0.876585 0.118736
vt 0.778372 0.281711
vt 0.787785 0.281489
vt 0.791200 0.925424
vt 0.639595 0.483708
vt 0.798383 0.885533
vt 0.310168 0.330539
vt 0.931856 0.472611
vt 0.939266 0.469451
vt 0.870674 0.500367
vt 0.808179 0.331606
vt 0.169915 0.660448
vt 0.175547 0.655504
vt 0.428137 0.128137
vt 0.193557 0.905541
vt 0.488110 0.701427
vt 0.508132 0.288369
vt 0.580022 0.330797
vt 0.841124 0.272252
vt 0.376672 0.538077
vt 0.423653 0.667515
vt 0.386308 0.544442
vt 0.434701 0.187973
vt 0.890107 0.849943
vt 0.924118 0.887762
vt 0.925276 0.870786
vt 0.931856 0.900881
vt 0.930317 0.880866
vt 0.273863 0.866819
vt 0.045631 0.279730
vt 0.035438 0.275986
vt 0.800265 0.126355
vt 0.169608 0.016354
vt 0.600295 0.939311
vt 0.593598 0.932016
vt 0.112128 0.289019
vt 0.623701 0.662302
vt 0.904961 0.013601
vt 0.917300 0.014661
vt 0.366400 0.919793
vt 0.779480 0.424292
vt 0.458613 0.112626
vt 0.564192 0.806577
vt 0.404114 0.763793
vt 0.737077 0.073478
vt 0.429246 0.363646
vt 0.658328 0.581047
vt 0.646705 0.145388
vt 0.063294 0.367296
vt 0.939185 0.736251
vt 0.307677 0.643372
vt 0.115369 0.147274
vt 0.704415 0.108092
vt 0.804091 0.222949
vt 0.545467 0.034207
vt 0.732599 0.054130
vt 0.151198 0.015880
vt 0.155509 0.016908
vt 0.462990 0.640863
vt 0.279251 0.416345
vt 0.981173 0.944916
vt 0.469079 0.731136
vt 0.349276 0.870142
vt 0.349507 0.865299
vt 0.350272 0.658313
vt 0.362588 0.882905
vt 0.183275 0.064280
vt 0.352560 0.883696
vt 0.601192 0.633462
vt 0.969526 0.926162
vt 0.975947 0.931927
vt 0.991062 0.491068
vt 0.225057 0.472075
vt 0.237643 0.473244
vt 0.971755 0.479296
vt 0.553260 0.451938
vt 0.530787 0.066103
vt 0.579445 0.672838
vt 0.572670 0.686878
vt 0.591427 0.453894
vt 0.687278 0.899990
vt 0.402339 0.288346
vt 0.970094 0.922280
vt 0.322717 0.254730
vt 0.323921 0.262657
vt 0.263920 0.137813
vt 0.126564 0.591599
vt 0.119793 0.588834
vt 0.109652 0.611451
vt 0.932835 0.096085
vt 0.947304 0.985878
vt 0.541237 0.293384
vt 0.111067 0.236343
vt 0.855817 0.356441
vt 0.582297 0.500619
vt 0.568036 0.679264
vt 0.670388 0.611033
vt 0.574408 0.678877
vt 0.149096 0.572101
vt 0.154452 0.577794
vt 0.145278 0.568710
vt 0.577466 0.899468
vt 0.568077 0.676401
vt 0.709397 0.620631
vt 0.538826 0.031060
vt 0.679433 0.587051
vt 0.790167 0.342100
vt 0.909173 0.190949
vt 0.856499 0.873873
vt 0.542600 0.508817
vt 0.541743 0.519613
vt 0.099291 0.242840
vt 0.337463 0.467070
vt 0.684539 0.036707
vt 0.594352 0.596447
vt 0.149254 0.119873
vt 0.168365 0.178695
vt 0.176361 0.184777
vt 0.502152 0.586399
vt 0.405334 0.458793
vt 0.422044 0.134246
vt 0.099100 0.478854
vt 0.676632 0.763117
vt 0.313756 0.020529
vt 0.306644 0.022302
vt 0.242699 0.425975
vt 0.131389 0.208390
vt 0.881949 0.916660
vt 0.774718 0.475413
vt 0.529834 0.372701
vt 0.976415 0.978211
vt 0.970725 0.981116
vt 0.717716 0.363501
vt 0.129834 0.425229
vt 0.057002 0.542754
vt 0.648560 0.770367
vt 0.433648 0.886176
vt 0.201084 0.138811
vt 0.205644 0.129610
vt 0.750791 0.143438
vt 0.866031 0.508276
vt 0.874014 0.506052
vt 0.335972 0.658746
vt 0.050952 0.416505
vt 0.680646 0.490993
vt 0.960278 0.779104
vt 0.196837 0.079720
vt 0.796484 0.572972
vt 0.045611 0.102594
vt 0.055744 0.013978
vt 0.848994 0.183336
vt 0.131582 0.604221
vt 0.411721 0.804732
vt 0.807430 0.570983
vt 0.707464 0.394696
vt 0.453587 0.347177
vt 0.217678 0.020054
vt 0.296088 0.570612
vt 0.525845 0.714170
vt 0.041239 0.107030
vt 0.302227 0.667991
vt 0.432875 0.666417
vt 0.755293 0.289515
vt 0.033868 0.775001
vt 0.425715 0.178942
vt 0.297022 0.581919
vt 0.562548 0.702746
vt 0.294480 0.593459
vt 0.235005 0.675108
vt 0.949924 0.174912
vt 0.241323 0.655643
vt 0.158115 0.555681
vt 0.147408 0.558045
vt 0.814788 0.485351
vt 0.380971 0.787445
vt 0.158678 0.552588
vt 0.552379 0.704261
vt 0.663533 0.675164
vt 0.679912 0.672451
vt 0.696399 0.670402
vt 0.129396 0.985802
vt 0.509695 0.218469
vt 0.049101 0.372976
vt 0.805099 0.491387
vt 0.029951 0.121679
vt 0.204787 0.475336
vt 0.306715 0.309264
vt 0.445516 0.608584
vt 0.100191 0.523761
vt 0.277169 0.016350
vt 0.890472 0.431539
vt 0.613127 0.032118
vt 0.377168 0.299339
vt 0.898238 0.825200
vt 0.831336 0.930271
vt 0.259100 0.469795
vt 0.935564 0.968617
vt 0.506813 0.204274
vt 0.937061 0.964975
vt 0.718538 0.402642
vt 0.289310 0.703375
vt 0.885839 0.378829
vt 0.982771 0.702805
vt 0.920786 0.627636
vt 0.900465 0.174539
vt 0.250825 0.440379
vt 0.211739 0.015276
vt 0.374866 0.200295
vt 0.303185 0.306861
vt 0.559428 0.459002
vt 0.552186 0.461554
vt 0.555319 0.464140
vt 0.297538 0.499905
vt 0.147820 0.759268
vt 0.778208 0.502748
vt 0.227571 0.446220
vt 0.556401 0.011335
vt 0.172735 0.265691
vt 0.484076 0.726599
vt 0.937105 0.972008
vt 0.869889 0.475477
vt 0.014118 0.897426
vt 0.446962 0.060473
vt 0.885751 0.393622
vt 0.117097 0.627849
vt 0.293626 0.540507
vt 0.746175 0.723785
vt 0.802623 0.016718
vt 0.758597 0.254960
vt 0.346493 0.638749
vt 0.106839 0.015772
vt 0.550998 0.040444
vt 0.202062 0.985769
vt 0.701154 0.011023
vt 0.076255 0.472553
vt 0.917725 0.840622
vt 0.229378 0.681601
vt 0.405131 0.744099
vt 0.399090 0.753884
vt 0.392054 0.763863
vt 0.052034 0.429520
vt 0.884418 0.848348
vt 0.473235 0.071219
vt 0.951983 0.165360
vt 0.952548 0.161942
vt 0.953400 0.157586

usemtl mtl_boulder41_0
f 1/1 2/2 5/3
f 2/4 5/5 3/6
f 2/7 3/8 5/9
f 2/10 8/11 5/12
f 5/13 3/14 4/15
f 5/16 4/17 3/18
f 6/19 4/20 3/21
f 6/22 3/23 4/24
f 1/1 7/25 2/2
f 8/26 1/1 5/3
f 7/25 8/26 2/2
f 9/27 10/28 11/29
f 12/30 13/31 14/32
f 15/33 16/34 17/35
f 18/36 19/37 20/38
f 21/39 22/40 23/41
f 24/42 25/43 26/44
f 27/45 28/46 29/47
f 30/48 31/49 32/50
f 33/51 34/52 35/53
f 36/54 37/55 38/56
f 39/57 40/58 41/59
f 42/60 43/61 44/62
f 45/63 46/64 47/65
f 48/66 49/67 50/68
f 51/69 52/70 53/71
f 54/72 55/73 56/74
f 57/75 58/76 59/77
f 60/78 61/79 62/80
f 63/81 64/82 65/83
f 66/84 67/85 68/86
f 69/87 70/88 71/89
f 72/90 73/91 74/92
f 75/93 76/94 77/95
f 78/96 79/97 80/98
f 81/99 82/100 83/101
f 84/102 85/103 86/104
f 87/105 88/106 89/107
f 90/108 91/109 92/110
f 93/111 94/112 95/113
f 96/114 97/115 98/116
f 99/117 100/118 101/119
f 102/120 103/121 104/122
f 105/123 106/124 107/125
f 108/126 109/127 110/128
f 111/129 112/130 113/131
f 4615/132 114/133 115/134
f 116/135 117/136 118/137
f 119/138 120/139 121/140
f 122/141 123/142 124/143
f 63/81 65/83 125/144
f 126/145 127/146 128/147
f 129/148 130/149 131/150
f 132/151 133/152 134/153
f 135/154 136/155 137/156
f 138/157 139/158 140/159
f 141/160 142/161 143/162
f 144/163 145/164 146/165
f 147/166 148/167 149/168
f 38/56 150/169 36/54
f 151/170 78/96 80/98
f 152/171 153/172 154/173
f 155/174 156/175 157/176
f 4463/177 158/178 159/179
f 160/180 161/181 162/182
f 163/183 790/184 4768/185
f 164/186 165/187 166/188
f 167/189 168/190 169/191
f 170/192 171/193 172/194
f 173/195 132/151 134/153
f 174/196 175/197 176/198
f 177/199 178/200 179/201
f 180/202 181/203 182/204
f 183/205 184/206 185/207
f 186/208 187/209 188/210
f 189/211 190/212 191/213
f 192/214 193/215 194/216
f 195/217 196/218 197/219
f 198/220 199/221 200/222
f 201/223 202/224 203/225
f 204/226 205/227 206/228
f 207/229 208/230 209/231
f 210/232 211/233 212/234
f 213/235 214/236 215/237
f 216/238 217/239 218/240
f 17/35 16/34 219/241
f 220/242 221/243 222/244
f 223/245 224/246 225/247
f 129/148 226/248 227/249
f 228/250 229/251 230/252
f 231/253 232/254 233/255
f 234/256 235/257 236/258
f 237/259 238/260 239/261
f 240/262 241/263 2841/264
f 242/265 243/266 244/267
f 245/268 246/269 247/270
f 248/271 249/272 250/273
f 251/274 252/275 253/276
f 254/277 255/278 256/279
f 257/280 258/281 259/282
f 260/283 261/284 262/285
f 263/286 264/287 265/288
f 266/289 267/290 268/291
f 269/292 270/293 271/294
f 272/295 262/285 273/296
f 262/285 261/284 273/296
f 274/297 275/298 276/299
f 277/300 278/301 279/302
f 280/303 281/304 282/305
f 283/306 284/307 285/308
f 286/309 147/166 287/310
f 288/311 289/312 290/313
f 291/314 292/315 293/316
f 294/317 295/318 296/319
f 199/221 297/320 298/321
f 299/322 300/323 301/324
f 302/325 303/326 304/327
f 305/328 306/329 307/330
f 308/331 309/332 310/333
f 311/334 312/335 313/336
f 314/337 315/338 316/339
f 317/340 318/341 319/342
f 320/343 321/344 322/345
f 323/346 324/347 325/348
f 326/349 327/350 140/159
f 328/351 329/352 330/353
f 331/354 332/355 333/356
f 334/357 335/358 336/359
f 337/360 338/361 339/362
f 340/363 341/364 342/365
f 343/366 344/367 345/368
f 346/369 347/370 348/371
f 349/372 350/373 234/256
f 351/374 352/375 353/376
f 354/377 355/378 356/379
f 357/380 358/381 359/382
f 360/383 361/384 362/385
f 251/274 363/386 364/387
f 365/388 366/389 367/390
f 368/391 369/392 346/369
f 370/393 371/394 372/395
f 373/396 374/397 375/398
f 376/399 377/400 378/401
f 379/402 380/403 381/404
f 382/405 383/406 384/407
f 298/321 297/320 385/408
f 386/409 387/410 388/411
f 389/412 390/413 2689/414
f 391/415 392/416 393/417
f 213/235 394/418 214/236
f 137/156 395/419 396/420
f 397/421 398/422 399/423
f 400/424 401/425 402/426
f 403/427 404/428 405/429
f 3038/430 406/431 407/432
f 408/433 4561/434 4734/435
f 409/436 213/235 215/237
f 410/437 411/438 3814/439
f 412/440 413/441 414/442
f 415/443 259/282 416/444
f 417/445 418/446 419/447
f 3365/448 420/449 421/450
f 323/346 325/348 422/451
f 423/452 424/453 425/454
f 426/455 427/456 428/457
f 429/458 430/459 431/460
f 172/194 171/193 432/461
f 173/195 433/462 132/151
f 434/463 435/464 436/465
f 437/466 438/467 439/468
f 47/65 440/469 441/470
f 442/471 443/472 135/154
f 35/53 444/473 445/474
f 446/475 447/476 448/477
f 4164/478 4163/479 449/480
f 450/481 451/482 1034/483
f 452/484 453/485 454/486
f 455/487 456/488 457/489
f 458/490 116/135 459/491
f 460/492 461/493 411/438
f 165/187 462/494 166/188
f 463/495 464/496 82/100
f 465/497 466/498 467/499
f 468/500 469/501 470/502
f 471/503 472/504 473/505
f 474/506 440/469 47/65
f 1218/507 475/508 476/509
f 477/510 478/511 479/512
f 480/513 481/514 482/515
f 481/514 483/516 484/517
f 485/518 486/519 3740/520
f 487/521 488/522 489/523
f 490/524 491/525 492/526
f 493/527 494/528 495/529
f 496/530 497/531 498/532
f 499/533 500/534 462/494
f 501/535 502/536 503/537
f 504/538 505/539 506/540
f 1778/541 507/542 508/543
f 509/544 510/545 4678/546
f 511/547 512/548 513/549
f 514/550 515/551 516/552
f 517/553 518/554 519/555
f 520/556 521/557 295/318
f 522/558 523/559 524/560
f 525/561 526/562 527/563
f 528/564 529/565 530/566
f 69/87 531/567 532/568
f 533/569 534/570 535/571
f 536/572 537/573 538/574
f 539/575 540/576 541/577
f 540/576 542/578 543/579
f 544/580 194/216 24/42
f 545/581 546/582 547/583
f 548/584 549/585 550/586
f 548/584 551/587 549/585
f 552/588 553/589 554/590
f 555/591 556/592 557/593
f 558/594 521/557 520/556
f 559/595 560/596 561/597
f 4173/598 3301/599 562/600
f 392/416 563/601 564/602
f 565/603 3690/604 3692/605
f 566/606 567/607 568/608
f 512/548 569/609 513/549
f 570/610 571/611 314/337
f 572/612 573/613 574/614
f 575/615 576/616 577/617
f 578/618 579/619 580/620
f 10/28 581/621 582/622
f 583/623 584/624 447/476
f 585/625 381/404 586/626
f 338/361 587/627 588/628
f 589/629 590/630 591/631
f 592/632 593/633 594/634
f 595/635 596/636 344/367
f 597/637 598/638 599/639
f 600/640 601/641 602/642
f 603/643 604/644 605/645
f 606/646 607/647 608/648
f 609/649 610/650 611/651
f 612/652 613/653 614/654
f 990/655 615/656 616/657
f 617/658 618/659 350/373
f 619/660 620/661 621/662
f 4694/663 622/664 623/665
f 624/666 625/667 626/668
f 627/669 628/670 629/671
f 630/672 631/673 632/674
f 630/672 77/95 631/673
f 4385/675 633/676 4383/677
f 227/249 226/248 634/678
f 635/679 636/680 637/681
f 638/682 639/683 640/684
f 641/685 642/686 643/687
f 420/449 644/688 645/689
f 646/690 647/691 648/692
f 649/693 650/694 651/695
f 652/696 653/697 654/698
f 655/699 656/700 657/701
f 658/702 104/122 659/703
f 660/704 661/705 662/706
f 663/707 664/708 665/709
f 666/710 667/711 668/712
f 669/713 670/714 671/715
f 672/716 37/55 36/54
f 78/96 151/170 673/717
f 632/674 631/673 674/718
f 675/719 676/720 677/721
f 678/722 679/723 680/724
f 3231/725 3230/726 681/727
f 3665/728 682/729 683/730
f 684/731 685/732 686/733
f 687/734 688/735 689/736
f 690/737 691/738 692/739
f 693/740 694/741 695/742
f 696/743 675/719 677/721
f 697/744 698/745 699/746
f 700/747 266/289 701/748
f 702/749 703/750 704/751
f 705/752 706/753 707/754
f 708/755 707/754 709/756
f 710/757 576/616 575/615
f 711/758 712/759 713/760
f 714/761 715/762 178/200
f 108/126 110/128 716/763
f 717/764 718/765 719/766
f 720/767 721/768 722/769
f 723/770 724/771 725/772
f 726/773 727/774 728/775
f 729/776 730/777 731/778
f 732/779 733/780 734/781
f 735/782 736/783 737/784
f 736/783 735/782 738/785
f 3934/786 739/787 740/788
f 741/789 4298/790 742/791
f 743/792 744/793 745/794
f 746/795 747/796 748/797
f 749/798 750/799 751/800
f 752/801 383/406 382/405
f 753/802 754/803 4780/804
f 755/805 756/806 757/807
f 758/808 759/809 760/810
f 738/811 761/812 762/813
f 4460/814 763/815 4259/816
f 764/817 534/570 533/569
f 765/818 766/819 767/820
f 768/821 769/822 770/823
f 771/824 772/825 773/826
f 772/825 525/561 774/827
f 775/828 776/829 307/330
f 777/830 778/831 779/832
f 780/833 781/834 782/835
f 783/836 784/837 785/838
f 105/123 786/839 106/124
f 1672/840 787/841 788/842
f 789/843 790/844 791/845
f 792/846 257/280 793/847
f 794/848 795/849 796/850
f 797/851 798/852 367/390
f 799/853 800/854 801/855
f 802/856 803/857 804/858
f 805/859 806/860 807/861
f 263/286 265/288 808/862
f 809/863 810/864 811/865
f 307/330 776/829 812/866
f 813/867 814/868 815/869
f 816/870 731/778 817/871
f 818/872 819/873 747/796
f 819/873 820/874 821/875
f 822/876 823/877 824/878
f 825/879 826/880 827/881
f 828/882 829/883 830/884
f 686/733 685/732 831/885
f 832/886 833/887 834/888
f 835/889 299/322 301/324
f 836/890 837/891 838/892
f 839/893 840/894 841/895
f 842/896 843/897 844/898
f 845/899 147/166 846/900
f 847/901 848/902 849/903
f 850/904 851/905 852/906
f 853/907 854/908 855/909
f 856/910 857/911 602/642
f 858/912 859/913 860/914
f 861/915 4736/916 862/917
f 656/700 175/197 863/918
f 864/919 865/920 866/921
f 850/904 867/922 851/905
f 868/923 869/924 870/925
f 871/926 872/927 873/928
f 874/929 875/930 876/931
f 877/932 878/933 879/934
f 45/63 878/933 880/935
f 881/936 882/937 438/467
f 883/938 884/939 885/940
f 886/941 875/930 887/942
f 450/481 888/943 451/482
f 889/944 890/945 891/946
f 892/947 893/948 894/949
f 4780/804 754/803 895/950
f 896/951 897/952 898/953
f 899/954 900/955 901/956
f 902/957 903/958 904/959
f 905/960 906/961 907/962
f 908/963 909/964 910/965
f 911/966 912/967 913/968
f 225/247 224/246 914/969
f 915/970 916/971 917/972
f 4712/973 450/481 1034/483
f 918/974 919/975 920/976
f 921/977 922/978 712/759
f 923/979 924/980 925/981
f 926/982 927/983 928/984
f 929/985 930/986 931/987
f 932/988 933/989 546/582
f 934/990 433/462 935/991
f 936/992 937/993 938/994
f 939/995 940/996 941/997
f 329/352 942/998 943/999
f 177/199 944/1000 945/1001
f 338/361 946/1002 587/627
f 772/825 774/827 773/826
f 675/719 947/1003 676/720
f 948/1004 949/1005 950/1006
f 951/1007 952/1008 953/1009
f 934/1010 954/1011 4150/1012
f 955/1013 956/1014 957/1015
f 958/1016 959/1017 960/1018
f 961/1019 962/1020 963/1021
f 964/1022 965/1023 966/1024
f 967/1025 968/1026 966/1024
f 969/1027 971/1028 970/1029
f 424/453 971/1030 972/1031
f 973/1032 974/1033 975/1034
f 976/1035 2417/1036 977/1037
f 978/1038 979/1039 980/1040
f 981/1041 982/1042 983/1043
f 611/651 610/650 614/654
f 611/651 984/1044 985/1045
f 986/1046 4266/1047 987/1048
f 988/1049 989/1050 990/1051
f 991/1052 992/1053 993/1054
f 994/1055 995/1056 3920/1057
f 996/1058 824/878 997/1059
f 998/1060 999/1061 1000/1062
f 1001/1063 1002/1064 1003/1065
f 4037/1066 1004/1067 4783/1068
f 646/690 1005/1069 647/691
f 1006/1070 1007/1071 991/1052
f 1008/1072 1009/1073 1010/1074
f 1011/1075 1012/1076 1013/1077
f 1014/1078 1015/1079 1016/1080
f 445/474 444/473 1017/1081
f 1018/1082 1019/1083 1020/1084
f 121/140 1021/1085 1022/1086
f 1023/1087 1024/1088 1025/1089
f 1026/1090 1027/1091 1028/1092
f 263/286 808/862 1029/1093
f 1030/1094 1031/1095 1032/1096
f 1033/1097 1034/1098 1035/1099
f 1036/1100 1037/1101 1038/1102
f 1039/1103 1040/1104 1041/1105
f 1042/1106 1043/1107 257/280
f 1044/1108 353/376 1045/1109
f 377/400 12/30 378/401
f 989/1050 1046/1110 1047/1111
f 388/411 1048/1112 1049/1113
f 1050/1114 1051/1115 1052/1116
f 1053/1117 1054/1118 124/143
f 1055/1119 1056/1120 1057/1121
f 720/767 1058/1122 1059/1123
f 1060/1124 1061/1125 1062/1126
f 530/566 529/565 1063/1127
f 1064/1128 1065/1129 1066/1130
f 1067/1131 1068/1132 1069/1133
f 1070/1134 1071/1135 1072/1136
f 1073/1137 1074/1138 104/122
f 1075/1139 1076/1140 1077/1141
f 1078/1142 899/954 1079/1143
f 359/1144 1080/1145 1081/1146
f 1082/1147 3934/786 740/788
f 1083/1148 1084/1149 1085/1150
f 1086/1151 1087/1152 1088/1153
f 1089/1154 1090/1155 1091/1156
f 1089/1154 1092/1157 1093/1158
f 1094/1159 1095/1160 1096/1161
f 3084/1162 1097/1163 1098/1164
f 1099/1165 987/1048 1100/1166
f 1101/1167 1102/1168 1103/1169
f 365/388 367/390 798/852
f 1091/1156 365/388 212/234
f 1104/1170 1105/1171 1106/1172
f 885/940 884/939 1107/1173
f 1108/1174 1109/1175 1110/1176
f 1111/1177 168/190 1112/1178
f 1113/1179 1114/1180 585/625
f 1115/1181 1116/1182 1095/1160
f 686/733 831/885 1117/1183
f 1118/1184 1119/1185 1120/1186
f 1121/1187 496/530 1122/1188
f 204/226 1123/1189 1124/1190
f 1125/1191 1126/1192 1127/1193
f 1128/1194 1129/1195 1130/1196
f 516/552 1131/1197 1132/1198
f 516/552 1133/1199 1131/1197
f 3075/1200 1134/1201 3076/1202
f 1135/1203 1136/1204 1137/1205
f 1138/1206 1139/1207 1140/1208
f 164/186 1141/1209 165/187
f 57/75 59/77 1142/1210
f 1132/1198 1131/1197 1143/1211
f 1024/1088 403/427 405/429
f 1144/1212 1145/1213 1146/1214
f 1147/1215 1148/1216 1149/1217
f 1150/1218 1151/1219 417/445
f 1152/1220 1153/1221 1154/1222
f 1155/1223 1156/1224 1154/1222
f 1157/1225 1158/1226 1159/1227
f 1160/1228 1161/1229 1162/1230
f 1163/1231 1164/1232 1165/1233
f 1166/1234 1167/1235 1168/1236
f 1169/1237 1170/1238 1171/1239
f 1172/1240 1171/1239 1173/1241
f 1174/1242 1175/1243 1176/1244
f 3447/1245 1177/1246 628/670
f 1062/1126 1061/1125 1178/1247
f 1179/1248 1180/1249 1181/1250
f 1182/1251 845/899 1183/1252
f 1184/1253 307/330 1182/1251
f 1185/1254 1186/1255 1124/1190
f 1187/1256 1188/1257 1189/1258
f 1190/1259 1191/1260 1192/1261
f 1193/1262 1192/1261 1191/1260
f 1194/1263 1195/1264 1196/1265
f 1197/1266 1198/1267 1199/1268
f 4344/1269 1200/1270 4163/479
f 1201/1271 1038/1102 1138/1206
f 745/794 1202/1272 743/792
f 1203/1273 1204/1274 1205/1275
f 1206/1276 1207/1277 1208/1278
f 1209/1279 1210/1280 1211/1281
f 4694/663 4438/1282 1212/1283
f 1213/1284 1214/1285 1215/1286
f 4755/1287 1216/1288 261/284
f 1217/1289 26/44 4083/1290
f 477/510 1218/1291 478/511
f 1219/1292 842/896 844/898
f 1220/1293 4338/1294 1221/1295
f 1158/1226 1222/1296 1159/1227
f 1223/1297 1224/1298 1225/1299
f 1226/1300 768/821 1227/1301
f 620/661 1228/1302 621/662
f 1229/1303 623/665 1230/1304
f 38/56 1231/1305 1232/1306
f 1233/1307 1234/1308 1235/1309
f 1236/1310 1237/1311 1238/1312
f 1239/1313 1240/1314 1241/1315
f 1242/1316 1243/1317 74/92
f 1244/1318 96/114 1245/1319
f 1246/1320 1247/1321 1248/1322
f 1249/1323 1250/1324 1251/1325
f 929/985 1252/1326 930/986
f 1253/1327 1254/1328 1255/1329
f 1256/1330 1257/1331 1258/1332
f 1259/1333 1260/1334 578/618
f 1245/1319 1261/1335 1244/1318
f 1262/1336 1263/1337 1264/1338
f 1265/1339 1266/1340 1105/1171
f 1267/1341 1268/1342 1269/1343
f 1270/1344 1271/1345 999/1061
f 1272/1346 1273/1347 1274/1348
f 607/647 1275/1349 608/648
f 1276/1350 186/208 743/792
f 1277/1351 1278/1352 564/602
f 1279/1353 1280/1354 1281/1355
f 678/722 680/724 1282/1356
f 1283/1357 835/889 301/324
f 1284/1358 1285/1359 1286/1360
f 1287/1361 1288/1362 425/454
f 1289/1363 1290/1364 1291/1365
f 1292/1366 1293/1367 1004/1067
f 1294/1368 1295/1369 1296/1370
f 1297/1371 1298/1372 1299/1373
f 142/161 1300/1374 143/162
f 1301/1375 1302/1376 1303/1377
f 1304/1378 1305/1379 1306/1380
f 1307/1381 1308/1382 1309/1383
f 1310/1384 1311/1385 1312/1386
f 446/475 583/623 447/476
f 1313/1387 1314/1388 1315/1389
f 1316/1390 1317/1391 980/1040
f 1318/1392 997/1059 1319/1393
f 1320/1394 1271/1345 1270/1344
f 1321/1395 164/186 1322/1396
f 1250/1324 1323/1397 1324/1398
f 1306/1380 1325/1399 1326/1400
f 1327/1401 1328/1402 1329/1403
f 1330/1404 1331/1405 1332/1406
f 1333/1407 1334/1408 1331/1405
f 1335/1409 1336/1410 1337/1411
f 1338/1412 1339/1413 230/252
f 1340/1414 1341/1415 1342/1416
f 1343/1417 100/118 1344/1418
f 1345/1419 415/443 833/887
f 1346/1420 415/443 1345/1419
f 491/525 490/524 1347/1421
f 1348/1422 1291/1365 491/525
f 1349/1423 1350/1424 1351/1425
f 1352/1426 1353/1427 1354/1428
f 1355/1429 1356/1430 1357/1431
f 1358/1432 1359/1433 1360/1434
f 1361/1435 540/576 539/575
f 1362/1436 1363/1437 1364/1438
f 1365/1439 1366/1440 1367/1441
f 1368/1442 1369/1443 1365/1439
f 1370/1444 1371/1445 1372/1446
f 1327/1401 1329/1403 1373/1447
f 1374/1448 1375/1449 1333/1407
f 1376/1450 1377/1451 1378/1452
f 1379/1453 1356/1430 1355/1429
f 593/633 1380/1454 594/634
f 174/196 1297/1371 1299/1373
f 1381/1455 1382/1456 1383/1457
f 1384/1458 1385/1459 1386/1460
f 324/347 1387/1461 1388/1462
f 1389/1463 1160/1228 1162/1230
f 1390/1464 1391/1465 1392/1466
f 1393/1467 39/57 441/470
f 611/651 1394/1468 1395/1469
f 1396/1470 500/534 1397/1471
f 788/842 1398/1472 1399/1473
f 982/1042 1400/1474 1401/1475
f 1402/1476 1400/1474 1403/1477
f 1067/1131 1069/1133 1404/1478
f 1405/1479 357/380 1406/1480
f 1407/1481 4687/1482 817/1483
f 1408/1484 3038/1485 4778/1486
f 165/187 1409/1487 462/494
f 165/187 1141/1209 1410/1488
f 1411/1489 607/647 606/646
f 1412/1490 717/764 719/766
f 1413/1491 1414/1492 1415/1493
f 1416/1494 1417/1495 1418/1496
f 1419/1497 1420/1498 1421/1499
f 1422/1500 4570/1501 1423/1502
f 1424/1503 1036/1100 4487/1504
f 1425/1505 1426/1506 1427/1507
f 1428/1508 1429/1509 1430/1510
f 1431/1511 2796/1512 1420/1498
f 1432/1513 1433/1514 1434/1515
f 1435/1516 1436/1517 1437/1518
f 1438/1519 232/254 231/253
f 1439/1520 1440/1521 976/1035
f 1441/1522 1442/1523 1443/1524
f 1444/1525 1445/1526 1446/1527
f 1447/1528 1448/1529 411/438
f 1427/1507 1449/1530 1425/1505
f 1450/1531 1451/1532 1452/1533
f 1453/1534 1454/1535 1455/1536
f 1456/1537 1457/1538 1458/1539
f 1459/1540 1460/1541 1461/1542
f 255/278 413/441 412/440
f 1462/1543 355/378 354/377
f 1463/1544 4734/435 4123/1545
f 1020/1084 1019/1083 1464/1546
f 1465/1547 1466/1548 1467/1549
f 1468/1550 784/837 1469/1551
f 1470/1552 1471/1553 226/248
f 1472/1554 1473/1555 1471/1553
f 1474/1556 1475/1557 269/292
f 1476/1558 1477/1559 1478/1560
f 578/618 1260/1334 1479/1561
f 30/48 1480/1562 31/49
f 1481/1563 1482/1564 1483/1565
f 1484/1566 1441/1522 1443/1524
f 1485/1567 1486/1568 195/217
f 249/272 723/770 725/772
f 1226/1300 1487/1569 1488/1570
f 397/421 399/423 1489/1571
f 1490/1572 1491/1573 1492/1574
f 1493/1575 1494/1576 1495/1577
f 1496/1578 1497/1579 1498/1580
f 386/409 1499/1581 387/410
f 268/291 1500/1582 1501/1583
f 1127/1193 1126/1192 1502/1584
f 1202/1272 1204/1274 1503/1585
f 1276/1350 1504/1586 1505/1587
f 980/1040 1317/1391 1506/1588
f 1507/1589 1508/1590 1509/1591
f 1510/1592 1511/1593 1512/1594
f 1513/1595 1514/1596 1515/1597
f 89/107 1516/1598 1517/1599
f 1518/1600 1517/1599 1519/1601
f 1520/1602 1521/1603 1522/1604
f 66/84 1523/1605 1524/1606
f 1525/1607 1526/1608 1527/1609
f 1241/1315 1528/1610 1529/1611
f 1530/1612 1531/1613 1532/1614
f 1533/1615 1434/1515 1433/1514
f 1534/1616 1535/1617 1536/1618
f 1537/1619 1538/1620 1539/1621
f 1540/1622 1541/1623 1542/1624
f 626/668 1543/1625 1544/1626
f 1545/1627 1546/1628 1547/1629
f 1548/1630 1547/1629 1549/1631
f 855/909 1550/1632 853/907
f 1551/1633 1552/1634 1553/1635
f 1539/1621 1554/1636 1555/1637
f 1556/1638 1557/1639 1558/1640
f 1559/1641 1560/1642 1561/1643
f 1562/1644 1563/1645 1503/1585
f 1564/1646 1565/1647 1566/1648
f 1567/1649 1241/1315 1236/1310
f 1568/1650 537/573 536/572
f 3301/599 1569/1651 562/600
f 64/82 1570/1652 1571/1653
f 1572/1654 766/819 765/818
f 1573/1655 1574/1656 1183/1252
f 1148/1216 1575/1657 1573/1655
f 1576/1658 335/358 1071/1135
f 335/358 1577/1659 1578/1660
f 1185/1254 1124/1190 1579/1661
f 1580/1662 1581/1663 1582/1664
f 1583/1665 1556/1638 1558/1640
f 1584/1666 1585/1667 1586/1668
f 1587/1669 1588/1670 1589/1671
f 1197/1672 1590/1673 1198/1674
f 1591/1675 1592/1676 1593/1677
f 1594/1678 1595/1679 1104/1170
f 563/601 1277/1351 564/602
f 1120/1186 1119/1185 689/736
f 807/861 806/860 1596/1680
f 1597/1681 1598/1682 999/1061
f 1599/1683 1600/1684 1601/1685
f 1602/1686 1603/1687 1601/1685
f 1604/1688 1605/1689 1606/1690
f 1607/1691 1608/1692 1609/1693
f 1610/1694 1611/1695 1612/1696
f 81/99 463/495 82/100
f 1613/1697 805/859 807/861
f 1614/1698 1615/1699 1616/1700
f 1617/1701 1618/1702 1619/1703
f 1023/1087 1025/1089 1041/1105
f 1620/1704 1155/1223 1621/1705
f 1622/1706 1623/1707 1624/1708
f 827/881 1625/1709 1626/1710
f 1627/1711 1628/1712 1616/1700
f 1629/1713 1139/1207 1630/1714
f 1631/1715 115/134 1632/1716
f 1633/1717 1510/1592 1634/1718
f 1635/1719 1636/1720 1637/1721
f 1638/1722 1639/1723 1640/1724
f 1641/1725 2937/1726 1642/1727
f 1643/1728 1644/1729 1645/1730
f 1646/1731 1647/1732 335/358
f 1648/1733 1649/1734 4423/1735
f 1648/1733 4423/1735 4348/1736
f 1304/1378 1306/1380 1326/1400
f 388/411 1650/1737 1048/1112
f 1651/1738 1652/1739 1653/1740
f 1654/1741 1655/1742 1656/1743
f 1657/1744 1658/1745 1659/1746
f 1660/1747 1661/1748 1662/1749
f 1663/1750 1265/1339 274/297
f 1664/1751 275/298 274/297
f 629/671 628/670 1177/1246
f 1665/1752 429/458 151/170
f 335/358 1576/1658 336/359
f 1666/1753 1667/1754 1668/1755
f 35/53 1515/1597 444/473
f 1669/1756 1670/1757 1671/1758
f 1672/1759 1673/1760 1674/1761
f 1163/1231 1675/1762 1164/1232
f 317/340 1676/1763 318/341
f 1677/1764 1678/1765 1679/1766
f 1492/1574 1680/1767 1681/1768
f 862/917 4736/916 1682/1769
f 1209/1279 1683/1770 1684/1771
f 1063/1127 1210/1280 1209/1279
f 1685/1772 1686/1773 1687/1774
f 1064/1128 1688/1775 1065/1129
f 1689/1776 334/357 336/359
f 315/338 1530/1612 1532/1614
f 630/672 1690/1777 77/95
f 1448/1529 458/490 459/491
f 1691/1778 1110/1176 1692/1779
f 1100/1166 987/1048 1693/1780
f 1694/1781 1695/1782 1696/1783
f 179/201 1697/1784 1698/1785
f 1699/1786 1700/1787 920/976
f 676/720 524/560 677/721
f 1701/1788 1702/1789 1703/1790
f 1704/1791 878/933 877/932
f 1705/1792 3498/1793 1706/1794
f 455/487 457/489 1707/1795
f 1708/1796 959/1017 1709/1797
f 1710/1798 1711/1799 499/533
f 1712/1800 1713/1801 1714/1802
f 806/860 205/227 1596/1680
f 1051/1115 1715/1803 1052/1116
f 1716/1804 1715/1803 1717/1805
f 713/760 712/759 1718/1806
f 1719/1807 1720/1808 880/935
f 1721/1809 1722/1810 1723/1811
f 1724/1812 672/716 1722/1810
f 976/1035 1725/1813 2417/1036
f 1726/1814 1727/1815 1705/1792
f 368/391 346/369 1728/1816
f 1729/1817 1730/1818 1731/1819
f 1732/1820 1413/1491 1733/1821
f 1734/1822 1735/1823 1736/1824
f 1172/1240 1737/1825 1171/1239
f 1486/1568 1738/1826 195/217
f 1729/1817 1739/1827 1730/1818
f 1739/1827 1729/1817 1740/1828
f 1741/1829 1742/1830 1743/1831
f 1744/1832 1742/1830 1741/1829
f 1745/1833 1736/1824 1746/1834
f 1746/1835 1747/1836 1748/1837
f 1749/1838 771/824 1750/1839
f 1751/1840 412/440 414/442
f 1752/1841 1753/1842 1754/1843
f 517/553 1754/1843 518/554
f 1755/1844 4439/1845 936/992
f 1756/1846 1755/1844 1757/1847
f 392/416 564/602 393/417
f 1758/1848 1759/1849 1760/1850
f 1761/1851 745/794 744/793
f 1762/1852 1763/1853 1764/1854
f 1765/1855 1766/1856 1767/1857
f 1768/1858 1323/1397 1769/1859
f 1770/1860 783/836 785/838
f 1771/1861 1772/1862 1773/1863
f 1774/1864 224/246 223/245
f 1775/1865 1776/1866 1777/1867
f 1778/1868 1779/1869 643/687
f 1780/1870 3747/1871 643/687
f 1781/1872 1782/1873 1749/1838
f 465/497 1783/1874 1784/1875
f 3718/1876 1785/1877 1786/1878
f 1191/1260 1190/1259 1787/1879
f 1788/1880 824/878 1789/1881
f 823/877 1789/1881 824/878
f 592/632 1790/1882 1791/1883
f 950/1006 949/1005 1792/1884
f 1793/1885 1794/1886 372/395
f 502/536 4154/1887 1795/1888
f 1248/1322 1796/1889 1246/1320
f 1797/1890 1767/1857 1798/1891
f 1799/1892 1800/1893 1801/1894
f 693/740 1083/1148 694/741
f 1802/1895 1803/1896 1804/1897
f 1802/1895 1804/1897 1805/1898
f 1102/1168 1806/1899 1103/1169
f 1806/1899 388/411 1807/1900
f 1808/1901 1809/1902 1810/1903
f 1809/1902 1811/1904 1810/1903
f 992/1053 1812/1905 1813/1906
f 1814/1907 1815/1908 1006/1070
f 1355/1429 1816/1909 592/632
f 1817/1910 1355/1429 1818/1911
f 1819/1912 1820/1913 1821/1914
f 1821/1915 1822/1916 1823/1917
f 1824/1918 917/972 1825/1919
f 1826/1920 872/927 871/926
f 62/80 925/981 1827/1921
f 1828/1922 1829/1923 1830/1924
f 1831/1925 1832/1926 1833/1927
f 685/732 684/731 1834/1928
f 1835/1929 1836/1930 241/263
f 1835/1929 241/263 1837/1931
f 1826/1920 1825/1932 872/927
f 4712/973 1838/1933 450/481
f 1839/1934 1840/1935 1841/1936
f 1842/1937 1208/1278 1207/1277
f 3601/1938 1843/1939 648/692
f 1815/1908 1844/1940 1128/1194
f 4619/1941 1845/1942 1846/1943
f 308/331 1847/1944 1296/1370
f 1848/1945 1849/1946 1850/1947
f 1851/1948 985/1045 1852/1949
f 1685/1772 1853/1950 1854/1951
f 1855/1952 1856/1953 1857/1954
f 1150/1955 3139/1956 305/328
f 305/328 3139/1956 1858/1957
f 1859/1958 730/777 729/776
f 1860/1959 1861/1960 1862/1961
f 108/126 1863/1962 1864/1963
f 1863/1964 4619/1941 1846/1943
f 1865/1965 1866/1966 1867/1967
f 1868/1968 1869/1969 1870/1970
f 1871/1971 1872/1972 1659/1746
f 1873/1973 1874/1974 1875/1975
f 1748/1837 1747/1836 1876/1976
f 1748/1837 1876/1976 181/203
f 1877/1977 1878/1978 1879/1979
f 1880/1980 1843/1939 1881/1981
f 741/789 742/791 1882/1982
f 1883/1983 1884/1984 1885/1985
f 1886/1986 1887/1987 1888/1988
f 1889/1989 4733/1990 1890/1991
f 1891/1992 4528/1993 754/803
f 757/807 756/806 1892/1994
f 1893/1995 4248/1996 1736/1824
f 1894/1997 1895/1998 1896/1999
f 1897/2000 763/815 4460/814
f 1898/2001 4750/2002 1899/2003
f 270/293 1900/2004 271/294
f 1901/2005 1902/2006 1903/2007
f 358/381 357/380 1405/1479
f 1904/2008 1082/2009 1864/1963
f 1905/2010 1906/2011 1907/2012
f 1908/2013 1906/2011 521/557
f 1909/2014 932/988 546/582
f 1910/2015 238/260 1911/2016
f 1199/1268 1821/1915 1823/1917
f 1912/2017 1913/2018 1914/2019
f 697/744 1915/2020 1916/2021
f 922/978 1917/2022 712/759
f 1850/1947 1849/1946 1918/2023
f 1919/2024 1920/2025 1921/2026
f 1922/2027 1414/1492 1923/2028
f 1924/2029 1416/1494 1418/1496
f 1925/2030 1926/2031 1927/2032
f 1928/2033 1929/2034 1930/2035
f 1931/2036 1932/2037 1933/2038
f 1934/2039 1935/2040 413/441
f 1936/2041 4741/2042 1937/2043
f 1262/1336 1264/1338 1938/2044
f 1850/1947 1454/2045 1939/2046
f 1940/2047 1941/2048 1850/1947
f 1932/2037 1931/2036 242/265
f 1749/1838 1782/1873 771/824
f 1385/1459 1942/2049 1943/2050
f 1944/2051 1945/2052 1946/2053
f 371/394 370/393 1947/2054
f 1948/2055 370/393 1949/2056
f 1950/2057 896/951 898/953
f 4147/2058 1408/1484 4778/1486
f 1951/2059 1952/2060 1953/2061
f 274/297 1954/2062 1663/1750
f 623/665 1955/2063 1230/1304
f 1617/1701 1619/1703 1956/2064
f 1957/2065 1958/2066 1959/2067
f 1960/2068 1961/2069 1962/2070
f 1963/2071 1964/2072 1965/2073
f 2430/2074 222/244 221/243
f 1966/2075 1967/2076 1968/2077
f 1639/1723 1641/2078 1640/1724
f 1969/2079 1970/2080 155/174
f 1110/1176 1693/1780 1692/1779
f 1971/2081 1972/2082 1973/2083
f 1974/2084 1975/2085 1976/2086
f 1977/2087 524/560 676/720
f 1977/2087 676/720 947/1003
f 1978/2088 513/549 1979/2089
f 569/609 1979/2089 513/549
f 1980/2090 1981/2091 1982/2092
f 1863/1962 1904/2008 1864/1963
f 1983/2093 1984/2094 1985/2095
f 1986/2096 1987/2097 1988/2098
f 1114/1180 1989/2099 585/625
f 1990/2100 1991/2101 3016/2102
f 1992/2103 1993/2104 1995/2105
f 3647/2106 1994/2107 1995/2108
f 1158/1226 1157/1225 1996/2109
f 1353/1427 1997/2110 1354/1428
f 802/856 371/394 1947/2054
f 1959/2067 1958/2066 1998/2111
f 200/222 1999/2112 198/220
f 575/615 713/760 1718/1806
f 2000/2113 3744/2114 1084/1149
f 2001/2115 975/1034 2002/2116
f 2003/2117 84/102 86/104
f 337/360 339/362 1885/1985
f 1514/1596 1476/1558 2004/2118
f 2005/2119 2006/2120 1476/1558
f 2007/2121 2008/2122 2009/2123
f 2010/2124 2011/2125 2012/2126
f 2013/2127 2014/2128 2015/2129
f 2016/2130 2017/2131 2018/2132
f 2019/2133 2020/2134 2021/2135
f 2022/2136 54/72 56/74
f 1012/1076 386/409 1013/1077
f 2023/2137 2024/2138 1986/2096
f 886/941 876/931 875/930
f 2025/2139 871/926 873/928
f 2026/2140 280/303 282/305
f 2027/2141 2028/2142 1261/1335
f 2029/2143 780/833 2030/2144
f 2031/2145 2032/2146 2033/2147
f 1189/1258 1188/1257 2034/2148
f 2035/2149 2036/2150 2037/2151
f 2038/2152 2039/2153 2040/2154
f 2039/2153 439/468 2040/2154
f 2041/2155 840/894 839/893
f 2042/2156 1493/1575 1495/1577
f 2043/2157 577/617 2044/2158
f 2045/2159 577/617 198/220
f 2019/2133 2031/2145 2033/2147
f 2019/2133 2033/2147 2046/2160
f 2047/2161 917/972 916/971
f 2048/2162 2049/2163 2050/2164
f 2051/2165 2052/2166 2053/2167
f 1859/1958 2054/2168 730/777
f 2055/2169 701/748 266/289
f 4751/2170 2055/2169 2056/2171
f 665/709 2057/2172 1471/1553
f 1473/1555 2058/2173 1471/1553
f 2059/2174 2022/2136 2060/2175
f 2061/2176 2062/2177 2063/2178
f 2064/2179 2065/2180 2066/2181
f 2067/2182 2068/2183 2069/2184
f 2070/2185 2071/2186 1069/1133
f 3276/2187 1340/1414 2072/2188
f 2073/2189 385/408 297/320
f 2043/2157 198/220 577/617
f 2061/2176 2074/2190 2062/2177
f 2075/2191 2076/2192 2077/2193
f 229/251 2078/2194 230/252
f 2078/2195 2079/2196 2080/2197
f 2081/2198 2082/2199 2083/2200
f 2084/2201 2085/2202 2082/2199
f 2086/2203 4462/2204 2087/2205
f 2088/2206 2089/2207 4462/2204
f 1309/1383 2090/2208 2556/2209
f 2091/2210 2092/2211 2093/2212
f 1541/1623 2094/2213 939/995
f 626/668 2095/2214 624/666
f 2096/2215 115/134 2097/2216
f 115/134 2098/2217 2099/2218
f 740/788 739/787 312/335
f 49/67 2100/2219 50/68
f 2101/2220 1799/1892 1801/1894
f 1017/1081 2102/2221 445/474
f 2103/2222 2104/2223 2105/2224
f 2106/2225 2107/2226 2108/2227
f 1822/1916 2109/2228 1823/1917
f 1974/2084 2110/2229 1975/2085
f 2111/2230 765/818 1571/1653
f 2112/2231 2113/2232 2114/2233
f 1083/1148 2000/2113 1084/1149
f 2102/2221 1017/1081 2115/2234
f 2116/2235 2117/2236 1307/1381
f 2118/2237 1706/1794 2119/2238
f 2120/2239 2121/2240 2122/2241
f 2123/2242 2124/2243 1256/1330
f 1858/1957 4458/2244 2125/2245
f 2126/2246 2127/2247 2128/2248
f 2129/2249 2132/2250 2130/2251
f 2131/2252 2132/2253 936/992
f 2133/2254 1378/1452 1377/1451
f 2134/2255 733/780 2135/2256
f 581/621 2124/2243 2123/2242
f 2136/2257 2137/2258 2138/2259
f 1903/2007 2139/2260 270/293
f 1669/1756 2140/2261 270/293
f 2141/2262 2142/2263 1874/1974
f 2143/2264 1966/2075 2144/2265
f 1183/1252 845/899 846/900
f 2145/2266 844/898 2146/2267
f 56/74 55/73 1581/1663
f 2147/2268 1185/1254 1579/1661
f 2148/2269 2149/2270 2150/2271
f 1190/1259 3718/1876 1787/1879
f 1660/1747 2151/2272 2152/2273
f 2153/2274 2154/2275 2155/2276
f 661/705 2156/2277 2157/2278
f 2158/2279 2159/2280 331/354
f 744/793 2160/2281 2161/2282
f 2150/2271 1055/1119 2162/2283
f 2163/2284 846/900 147/166
f 2163/2284 147/166 149/168
f 2164/2285 4154/1887 1793/1885
f 2165/2286 3233/2287 2166/2288
f 2167/2289 2151/2272 2168/2290
f 2169/2291 2167/2289 2168/2290
f 2003/2117 2170/2292 202/224
f 2171/2293 2172/2294 2173/2295
f 2174/2296 2175/2297 2176/2298
f 2128/2248 778/831 2126/2246
f 1316/1390 980/1040 2177/2299
f 687/734 2178/2300 2179/2301
f 2180/2302 2181/2303 2182/2304
f 998/1060 1000/1062 2183/2305
f 779/832 778/831 2184/2306
f 2185/2307 2186/2308 2187/2309
f 1956/2064 2188/2310 1028/1092
f 1028/1092 1027/1091 2189/2311
f 2151/2272 2190/2312 2152/2273
f 2190/2312 2191/2313 2192/2314
f 2193/2315 892/947 1866/1966
f 2194/2316 2193/2315 1866/1966
f 1211/1281 2195/2317 2196/2318
f 2197/2319 2198/2320 2199/2321
f 2200/2322 2201/2323 1737/1825
f 2201/2323 1143/1211 1737/1825
f 2156/2277 661/705 659/703
f 2202/2324 1121/1187 1122/1188
f 2203/2325 2204/2326 2205/2327
f 2205/2327 2204/2326 2206/2328
f 1887/1987 471/503 1888/1988
f 4084/2329 2207/2330 2208/2331
f 2209/2332 2210/2333 2190/2312
f 2211/2334 2154/2275 2209/2332
f 2212/2335 2213/2336 2214/2337
f 360/383 362/385 2213/2336
f 1321/1395 1141/1209 164/186
f 2097/2216 1630/1714 2096/2215
f 2215/2338 2216/2339 2217/2340
f 2218/2341 2219/2342 2220/2343
f 2221/2344 2222/2345 2223/2346
f 2222/2345 2224/2347 2223/2346
f 593/633 2225/2348 2073/2189
f 344/367 343/366 2226/2349
f 2227/2350 994/1055 3920/1057
f 2228/2351 2227/2350 1007/2352
f 523/559 522/558 2229/2353
f 2230/2354 2231/2355 653/697
f 1582/1664 292/315 1580/1662
f 2217/2340 2232/2356 2233/2357
f 794/848 796/850 1001/1063
f 796/850 1002/1064 1001/1063
f 2234/2358 1073/1137 4698/2359
f 2235/2360 3850/2361 2236/2362
f 2237/2363 1430/1510 1429/1509
f 1851/1948 2238/2364 2239/2365
f 1929/2034 2240/2366 23/41
f 2241/2367 2203/2325 2242/2368
f 2243/2369 2244/2370 2245/2371
f 2246/2372 2245/2371 2244/2370
f 2247/2373 2248/2374 2249/2375
f 2216/2339 2232/2356 2217/2340
f 985/1045 1851/1948 2239/2365
f 1395/1469 1394/1468 2250/2376
f 2251/2377 3402/2378 2252/2379
f 837/891 2253/2380 2254/2381
f 2255/2382 1868/1968 2256/2383
f 2257/2384 1869/1969 1868/1968
f 2258/2385 2259/2386 748/797
f 2260/2387 2258/2385 748/797
f 504/538 2261/2388 1366/1440
f 2082/2199 2081/2198 2262/2389
f 2263/2390 2264/2391 2265/2392
f 2266/2393 2267/2394 2268/2395
f 225/247 2269/2396 911/966
f 2255/2382 2257/2384 1868/1968
f 2270/2397 2271/2398 2272/2399
f 2273/2400 2274/2401 2275/2402
f 1927/2032 2253/2380 837/891
f 2242/2368 1927/2032 2241/2367
f 1368/1442 2276/2403 1369/1443
f 163/183 4750/2002 1898/2001
f 1667/1754 1666/1753 4688/2404
f 185/207 2277/2405 706/753
f 2278/2406 2279/2407 2280/2408
f 2281/2409 2282/2410 2283/2411
f 238/260 2284/2412 2285/2413
f 2286/2414 2287/2415 908/963
f 944/1000 2288/2416 2289/2417
f 2290/2418 2291/2419 2292/2420
f 2293/2421 2294/2422 2295/2423
f 2296/2424 2297/2425 2298/2426
f 997/1059 824/878 2299/2427
f 2299/2427 2300/2428 2301/2429
f 2302/2430 1641/2078 1639/1723
f 1619/1703 2302/2430 1639/1723
f 2303/2431 2304/2432 2305/2433
f 2306/2434 2307/2435 2308/2436
f 2309/2437 2310/2438 93/111
f 2290/2418 2292/2420 2310/2438
f 1804/1897 2311/2439 847/901
f 1804/1897 847/901 1805/1898
f 2312/2440 2313/2441 1623/1707
f 1056/1120 2313/2441 1057/1121
f 2275/2402 2314/2442 2315/2443
f 2316/2444 2317/2445 2307/2435
f 588/628 2318/2446 2319/2447
f 2320/2448 220/242 2321/2449
f 2322/2450 1688/1775 2323/2451
f 2324/2452 1517/1599 1518/1600
f 1029/1093 2325/2453 263/286
f 261/284 2326/2454 2327/2455
f 1440/1521 1439/1520 2328/2456
f 1467/1549 2077/2193 2329/2457
f 1181/1250 2330/2458 1179/1248
f 2331/2459 2332/2460 2333/2461
f 91/109 2334/2462 2335/2463
f 2336/2464 1285/1359 2337/2465
f 2338/2466 2339/2467 2340/2468
f 2341/2469 2342/2470 2343/2471
f 2344/2472 531/567 750/799
f 750/799 2345/2473 2344/2472
f 4755/1287 4083/1290 1216/1288
f 2346/2474 2347/2475 1032/1096
f 637/681 2348/2476 2349/2477
f 2350/2478 867/922 850/904
f 2351/2479 2352/2480 600/640
f 1577/1659 2353/2481 1578/1660
f 2155/2276 2141/2262 2354/2482
f 1966/2075 1968/2077 2354/2482
f 2337/2465 2335/2463 2355/2483
f 1288/1362 423/452 425/454
f 2356/2484 2606/2485 2357/2486
f 2358/2487 2359/2488 2360/2489
f 2361/2490 2362/2491 343/366
f 343/366 126/145 2226/2349
f 1122/1188 496/530 2340/2468
f 2339/2467 2363/2492 2340/2468
f 2364/2493 2365/2494 2366/2495
f 2367/2496 1157/1225 2368/2497
f 2369/2498 2352/2480 2351/2479
f 2370/2499 1550/1632 2371/2500
f 2372/2501 2373/2502 2374/2503
f 2372/2501 2374/2503 2375/2504
f 1458/1539 2376/2505 2377/2506
f 2378/2507 2379/2508 2380/2509
f 2364/2493 2381/2510 2365/2494
f 1974/2084 1976/2086 2382/2511
f 2383/2512 2384/2513 2385/2514
f 1643/1728 1645/1730 2383/2512
f 1146/1214 1145/1213 2386/2515
f 2386/2515 1145/1213 2387/2516
f 2388/2517 2389/2518 2390/2519
f 2391/2520 2392/2521 2393/2522
f 1030/1094 1032/1096 2347/2475
f 2394/2523 825/879 827/881
f 2395/2524 1293/1367 1292/1366
f 1648/1733 2396/2525 1649/1734
f 399/423 398/422 2397/2526
f 2398/2527 2399/2528 2400/2529
f 2336/2464 2401/2530 2402/2531
f 2403/2532 565/603 3692/605
f 2404/2533 2405/2534 2406/2535
f 2407/2536 2408/2537 2409/2538
f 531/567 69/87 2410/2539
f 69/87 71/89 2411/2540
f 234/256 2090/2208 1309/1383
f 2855/2541 1725/1813 2412/2542
f 2286/2414 908/963 2413/2543
f 2414/2544 2415/2545 2416/2546
f 461/493 674/718 3814/439
f 411/438 461/493 3814/439
f 2417/2547 2418/2548 977/2549
f 1726/1814 2419/2550 2412/2551
f 4305/2552 2420/2553 2421/2554
f 2406/2535 2422/2555 2404/2533
f 1579/1661 1124/1190 2423/2556
f 1582/1664 293/316 292/315
f 369/392 2424/2557 346/369
f 2410/2539 69/87 2411/2540
f 2425/2558 2426/2559 4759/2560
f 2427/2561 2428/2562 2429/2563
f 2430/2564 2431/2565 2432/2566
f 2433/2567 2434/2568 2435/2569
f 2436/2570 2437/2571 2438/2572
f 1657/1744 2439/2573 2440/2574
f 1359/1433 576/616 710/757
f 2441/2575 2442/2576 2443/2577
f 2444/2578 1963/2071 2445/2579
f 2431/2565 2430/2564 2446/2580
f 2426/2559 970/1029 971/1028
f 2427/2561 1946/2053 1945/2052
f 2066/2181 2065/2180 2447/2581
f 2447/2581 1097/1163 2448/2582
f 2449/2583 2450/2584 2451/2585
f 2450/2584 2452/2586 2451/2585
f 1735/1823 1893/1995 1736/1824
f 2453/2587 1893/1995 1735/1823
f 1942/2049 2454/2588 1943/2050
f 2427/2561 2455/2589 1946/2053
f 2370/2499 2456/2590 1550/1632
f 2457/2591 152/171 2456/2590
f 2458/2592 2459/2593 2460/2594
f 2461/2595 2462/2596 1087/1152
f 2463/2597 2464/2598 1777/1867
f 342/365 341/364 2465/2599
f 2466/2600 2467/2601 192/214
f 2468/2602 2469/2603 2470/2604
f 1902/2006 2139/2260 1903/2007
f 889/944 891/946 2139/2260
f 2397/2526 398/422 2471/2605
f 1817/1910 2472/2606 572/612
f 2473/2607 2474/2608 112/130
f 2475/2609 112/130 2476/2610
f 2477/2611 488/522 609/649
f 2172/2294 2478/2612 2173/2295
f 2495/2613 2479/2614 2480/2615
f 2109/2228 1822/1916 2481/2616
f 799/853 3232/2617 800/854
f 3233/2287 3232/2617 2482/2618
f 2483/2619 2484/2620 2485/2621
f 2486/2622 2487/2623 2488/2624
f 1476/1558 2489/2625 1477/1559
f 1476/1558 2490/2626 2489/2625
f 2491/2627 2492/2628 2493/2629
f 2494/2630 2493/2629 1311/1385
f 2479/2631 2495/2632 2496/2633
f 2497/2634 2498/2635 216/238
f 549/585 1003/1065 550/586
f 2499/2636 495/529 2500/2637
f 2501/2638 1014/1078 1016/1080
f 2501/2638 1016/1080 2502/2639
f 2503/2640 1632/1716 2504/2641
f 2878/2642 4169/2643 2505/2644
f 1105/1171 1104/1170 1595/1679
f 1105/1171 1595/1679 2506/2645
f 2507/2646 1310/1384 1312/1386
f 2257/2384 2508/2647 1869/1969
f 2509/2648 353/376 2510/2649
f 2115/2234 1017/1081 2511/2650
f 218/240 217/239 2512/2651
f 182/204 2513/2652 180/202
f 153/172 2514/2653 4169/2643
f 2514/2653 153/172 2515/2654
f 2516/2655 4236/2656 2517/2657
f 2516/2655 2518/2658 1548/1630
f 2519/2659 695/742 1085/1150
f 1088/1153 2328/2456 2520/2660
f 2521/2661 180/202 2513/2652
f 2522/2662 2523/2663 2524/2664
f 950/1006 384/407 948/1004
f 2525/2665 2526/2666 2527/2667
f 2528/2668 2529/2669 1606/1690
f 2530/2670 2531/2671 2528/2668
f 2532/2672 429/458 2331/2459
f 2533/2673 2532/2672 2331/2459
f 2202/2324 2534/2674 1121/1187
f 709/756 206/228 205/227
f 2226/2349 2535/2675 952/1008
f 953/1009 952/1008 2535/2675
f 2536/2676 2537/2677 2538/2678
f 2539/2679 1940/2047 2540/2680
f 469/501 2541/2681 470/502
f 2542/2682 402/426 401/425
f 510/545 509/544 643/687
f 2543/2683 2544/2684 452/484
f 2545/2685 1076/1140 1075/1139
f 2546/2686 347/370 346/369
f 2547/2687 2537/2677 2548/2688
f 2549/2689 2547/2687 2550/2690
f 2551/2691 469/501 468/500
f 1303/1377 2552/2692 1301/1375
f 203/225 202/224 699/746
f 1915/2020 2553/2693 2554/2694
f 1983/2093 2555/2695 1984/2094
f 552/588 672/716 1724/1812
f 1373/1447 1371/2696 1370/2697
f 2092/2211 2556/2698 3929/2699
f 4570/1501 4587/2700 1423/1502
f 2557/2701 1919/2024 2558/2702
f 699/746 698/745 2559/2703
f 653/697 2231/2355 654/698
f 2560/2704 545/581 1253/1327
f 664/708 1460/1541 1459/1540
f 2562/2705 2561/2706 1094/2707
f 2562/2708 1094/1159 1881/1981
f 1221/1295 2563/2709 2564/2710
f 119/138 2565/2711 120/139
f 2566/2712 2558/2702 2567/2713
f 2408/2537 2567/2713 2568/2714
f 2483/2619 2569/2715 2570/2716
f 2571/2717 2572/2718 2573/2719
f 663/707 1460/1541 664/708
f 2574/2720 1461/1542 2575/2721
f 2576/2722 2577/2723 2578/2724
f 1199/1268 2579/2725 2578/2724
f 2008/2122 2007/2121 1269/1343
f 2580/2726 1267/1341 2581/2727
f 1287/2728 2582/2729 2583/2730
f 1384/1458 2583/2730 2584/2731
f 2563/2709 2585/2732 2564/2710
f 1197/1266 2586/2733 2587/2734
f 2588/2735 2589/2736 2590/2737
f 1801/1894 1800/1893 1014/1078
f 1608/1692 2591/2738 2529/2669
f 2591/2738 1606/1690 2529/2669
f 2592/2739 2593/2740 2594/2741
f 2595/2742 2596/2743 2597/2744
f 2598/2745 2599/2746 2600/2747
f 2315/2443 2314/2442 2601/2748
f 969/1027 970/1029 2584/2731
f 969/1027 2584/2731 2602/2749
f 2603/2750 788/842 787/841
f 2603/2750 1398/1472 788/842
f 1255/1329 1254/1328 2604/2751
f 2605/2752 2606/2753 2607/2754
f 2608/2755 1581/1663 2609/2756
f 2610/2757 2609/2756 2611/2758
f 2084/2201 2612/2759 2085/2202
f 1481/1563 1483/1565 2613/2760
f 2614/2761 2615/2762 1583/1665
f 2616/2763 1586/1668 1585/1667
f 2617/2764 122/141 2618/2765
f 2323/2451 1688/1775 2619/2766
f 2620/2767 2621/2768 2622/2769
f 2623/2770 2624/2771 829/883
f 2625/2772 1092/1157 1089/1154
f 1760/1850 2626/2773 1758/1848
f 2627/2774 272/295 2628/2775
f 194/216 25/43 24/42
f 2248/2374 2629/2776 2630/2777
f 2609/2756 2631/2778 2611/2758
f 2632/2779 2633/2780 2634/2781
f 2635/2782 2636/2783 2637/2784
f 2638/2785 2639/2786 2640/2787
f 1482/1564 2640/2787 1483/1565
f 2641/2788 2642/2789 857/911
f 2641/2788 855/909 854/908
f 2643/2790 2644/2791 2645/2792
f 290/313 289/312 2646/2793
f 2647/2794 2648/2795 2649/2796
f 986/1046 2650/2797 4266/1047
f 943/999 1223/1297 2651/2798
f 2652/2799 2653/2800 2654/2801
f 615/656 2655/2802 616/657
f 2650/2797 1010/1074 2656/2803
f 2657/2804 2658/2805 2659/2806
f 147/166 286/309 148/167
f 2660/2807 2661/2808 2662/2809
f 2453/2587 2663/2810 1893/1995
f 2664/2811 2665/2812 2666/2813
f 264/287 2667/2814 2668/2815
f 831/885 2620/2767 2622/2769
f 2620/2767 831/885 830/884
f 2669/2816 443/472 442/471
f 1137/1205 2670/2817 2671/2818
f 2658/2805 2672/2819 2659/2806
f 2673/2820 2615/2762 2614/2761
f 2674/2821 2675/2822 2664/2811
f 2327/2455 2676/2823 2677/2824
f 2678/2825 2219/2342 2218/2341
f 2297/2425 2304/2432 2298/2426
f 2679/2826 764/817 533/569
f 3301/599 2679/2826 1569/1651
f 2680/2827 2681/2828 2682/2829
f 2424/2557 2683/2830 2411/2540
f 3005/2831 3004/2832 2684/2833
f 2685/2834 2684/2833 2686/2835
f 2687/2836 2688/2837 733/780
f 2052/2166 2688/2837 2053/2167
f 2689/2838 1372/1446 2690/2839
f 3576/2840 1372/1446 2689/2838
f 2691/2841 2692/2842 1277/1351
f 2692/2842 689/736 1119/1185
f 1502/1584 2436/2570 87/105
f 1502/1584 2693/2843 2436/2570
f 2694/2844 2695/2845 2453/2587
f 2191/2313 2696/2846 2697/2847
f 2178/2300 146/165 145/164
f 2178/2300 2692/2842 2691/2841
f 1178/1247 2698/2848 1062/1126
f 2533/2673 2331/2459 2333/2461
f 1437/1518 1436/1517 1433/1514
f 1437/1518 1433/1514 1432/1513
f 670/714 645/689 671/715
f 2699/2849 3365/448 421/450
f 2700/2850 2157/2278 2156/2277
f 2701/2851 1074/1138 2702/2852
f 2703/2853 52/70 901/956
f 2393/2522 884/939 883/938
f 2704/2854 2572/2718 2483/2619
f 2705/2855 2706/2856 2707/2857
f 2708/2858 2709/2859 2009/2123
f 2012/2126 2011/2125 2709/2859
f 2710/2860 2617/2764 2618/2765
f 1688/1775 2711/2861 2619/2766
f 4539/2862 2712/2863 2713/2864
f 2714/2865 2715/2866 2716/2867
f 2032/2146 55/73 54/72
f 2032/2146 2717/2868 2718/2869
f 2766/2870 2234/2358 4698/2359
f 332/355 331/354 2719/2871
f 2720/2872 2721/2873 2722/2874
f 2723/2875 2724/2876 279/302
f 1491/1573 1771/1861 1773/1863
f 1492/1574 1491/1573 1680/1767
f 2725/2877 2726/2878 2711/2861
f 2727/2879 2726/2878 2725/2877
f 2728/2880 797/851 2729/2881
f 2730/2882 391/415 393/417
f 2731/2883 2732/2884 1594/1678
f 884/939 1283/1357 1107/1173
f 1697/1784 179/201 4573/2885
f 2733/2886 2734/2887 715/762
f 2735/2888 2736/2889 2737/2890
f 2737/2890 2736/2889 2738/2891
f 2149/2270 2148/2269 188/210
f 2739/2892 2740/2893 2741/2894
f 460/492 630/672 632/674
f 630/672 2742/2895 2743/2896
f 2744/2897 2593/2740 2592/2739
f 1491/1573 1773/1863 2592/2739
f 2745/2898 1138/1206 1140/1208
f 2088/2206 2746/2899 2089/2207
f 2747/2900 2748/2901 898/953
f 1860/1959 1862/1961 1859/1958
f 1872/1972 2749/2902 1853/1950
f 1872/1972 1871/1971 2749/2902
f 1650/1737 2750/2903 1048/1112
f 1722/1810 150/169 1723/1811
f 2746/2899 2751/2904 2089/2207
f 2089/2207 1250/1324 1249/1323
f 2169/2291 2168/2290 2752/2905
f 2753/2906 2754/2907 1854/1951
f 771/824 244/267 2755/2908
f 2475/2609 2756/2909 112/130
f 2757/2910 2758/2911 1204/1274
f 2759/2912 2760/2913 2761/2914
f 2762/2915 2763/2916 2764/2917
f 712/759 2442/2576 1718/1806
f 2765/2918 2766/2919 2767/2920
f 1668/1755 2765/2918 1666/1753
f 2768/2921 2769/2922 721/768
f 553/589 2770/2923 554/590
f 2771/2924 2772/2925 49/67
f 2773/2926 2774/2927 2775/2928
f 269/292 4746/2929 378/2930
f 2776/2931 352/375 269/292
f 1545/1627 2518/2658 1520/1602
f 1545/1627 1520/1602 1546/1628
f 1954/2062 274/297 2777/2932
f 274/297 2778/2933 2779/2934
f 2780/2935 4054/2936 2781/2937
f 2774/2927 2781/2937 2782/2938
f 2729/2881 797/851 367/390
f 2681/2828 2680/2827 2783/2939
f 1761/1851 2784/2940 2785/2941
f 2786/2942 2787/2943 2788/2944
f 1659/1746 1658/1745 1871/1971
f 2144/2265 2141/2262 1874/1974
f 1411/1489 2789/2945 607/647
f 2790/2946 3365/448 2699/2849
f 488/522 2791/2947 2792/2948
f 609/649 488/522 610/650
f 91/109 2793/2949 92/110
f 2793/2949 1284/1358 1286/1360
f 2794/2950 2795/2951 2796/2952
f 2797/2953 2794/2950 2796/2952
f 3331/2954 1191/1260 2798/2955
f 2799/2956 2800/2957 2801/2958
f 2243/2369 1551/1633 2244/2370
f 1551/1633 60/78 2802/2959
f 1616/1700 1615/1699 2803/2960
f 265/288 1713/1801 1712/1800
f 2804/2961 2805/2962 2806/2963
f 2805/2962 2536/2676 2538/2678
f 374/397 2807/2964 2808/2965
f 1998/2111 802/856 1959/2067
f 4163/479 1200/1270 2809/2966
f 2384/2513 2810/2967 2385/2514
f 1536/1618 1535/1617 2811/2968
f 1539/1621 1538/1620 1554/1636
f 2721/2873 1395/1469 2812/2969
f 2813/2970 2804/2961 2806/2963
f 1435/1516 1437/1518 2814/2971
f 2213/2336 2815/2972 2214/2337
f 2816/2973 1750/1839 2817/2974
f 2818/2975 679/723 678/722
f 2819/2976 2820/2977 2821/2978
f 2821/2978 2820/2977 2822/2979
f 1535/1617 2823/2980 2824/2981
f 2823/2980 2825/2982 2824/2981
f 2826/2983 260/283 262/285
f 262/285 272/295 2627/2774
f 920/976 2827/2984 2828/2985
f 2529/2669 2528/2668 2531/2671
f 2651/2798 1223/1297 1225/1299
f 770/823 2829/2986 2830/2987
f 2831/2988 1451/1532 540/576
f 1363/1437 1362/1436 2832/2989
f 738/811 2833/2990 2834/2991
f 2835/2992 2836/2993 2037/2151
f 517/553 2837/2994 2838/2995
f 1906/2011 1908/2013 1907/2012
f 1004/1067 2839/2996 2840/2997
f 491/525 1347/1421 1348/1422
f 2841/2998 966/1024 965/1023
f 2842/2999 2843/3000 2844/3001
f 2146/2267 2845/3002 846/900
f 809/863 811/865 2846/3003
f 2847/3004 556/592 555/591
f 2847/3004 2848/3005 556/592
f 2837/2994 517/553 519/555
f 2849/3006 2850/3007 2851/3008
f 2852/3009 2853/3010 2854/3011
f 2852/3009 2855/3012 2412/2551
f 1538/1620 1537/1619 2856/3013
f 2856/3013 1537/1619 2857/3014
f 1397/1471 738/785 1396/1470
f 2834/3015 1396/1470 738/785
f 1983/2093 2858/3016 1498/1580
f 1497/1579 1058/1122 1498/1580
f 2279/2407 859/913 2859/3017
f 2860/3018 2283/2411 2861/3019
f 2862/3020 2863/3021 2324/2452
f 2864/3022 2865/3023 2866/3024
f 302/325 2867/3025 1761/1851
f 2868/3026 2869/3027 1763/1853
f 428/457 2870/3028 2871/3029
f 2871/3029 426/455 428/457
f 2872/3030 1726/1814 1705/1792
f 1726/1814 2872/3030 2419/2550
f 890/945 2873/3031 891/946
f 2859/3017 2874/3032 2875/3033
f 2876/3034 2877/3035 4576/3036
f 2878/3037 2879/3038 2880/3039
f 2881/3040 2882/3041 2883/3042
f 2884/3043 2885/3044 2881/3040
f 302/325 2886/3045 2867/3025
f 2786/2942 2761/2914 2787/2943
f 2887/3046 323/346 2888/3047
f 1125/1191 1127/1193 2889/3048
f 893/948 2860/3018 2873/3031
f 2860/3018 2861/3019 2874/3032
f 2890/3049 2891/3050 1983/2093
f 2890/3049 1983/2093 1498/1580
f 2884/3043 2881/3040 2892/3051
f 2118/2237 3179/3052 2893/3053
f 2876/3034 1631/3054 2877/3035
f 2879/3038 2503/2640 2504/2641
f 1127/1193 2894/3055 2895/3056
f 1812/1905 2896/3057 1813/1906
f 2760/2913 2759/2912 1204/1274
f 1203/1273 2760/2913 1204/1274
f 1810/1903 1811/1904 2897/3058
f 2791/2947 2898/3059 2899/3060
f 2188/2310 1956/2064 2900/3061
f 404/428 403/427 1638/1722
f 2866/3024 2894/3055 2901/3062
f 2902/3063 2903/3064 2904/3065
f 48/66 2771/2924 49/67
f 2473/2607 243/266 2905/3066
f 2906/3067 2907/3068 2908/3069
f 1776/1866 1775/1865 2909/3070
f 2910/3071 2079/2196 2078/2195
f 131/150 130/149 2808/2965
f 1449/1530 2911/3072 1425/1505
f 2879/3038 2878/3037 4575/3073
f 94/112 2912/3074 95/113
f 1694/1781 971/1030 424/453
f 2913/3075 2586/2733 2576/2722
f 2564/2710 2585/2732 2914/3076
f 2696/2846 2191/2313 2915/3077
f 2191/2313 2916/3078 2915/3077
f 1113/1179 585/625 2917/3079
f 447/476 2917/3079 2918/3080
f 2919/3081 423/452 2355/2483
f 95/113 2912/3074 423/452
f 2920/3082 2921/3083 2922/3084
f 2387/2516 1935/2040 2386/2515
f 1034/483 451/482 2923/3085
f 2385/2514 451/482 888/943
f 2924/3086 2925/3087 950/1006
f 766/819 2926/3088 2927/3089
f 2928/3090 1295/1369 1298/1372
f 1295/1369 2929/3091 1298/1372
f 4054/2936 1082/1147 740/788
f 2930/3092 358/381 1405/1479
f 2014/2128 1528/1610 1526/1608
f 292/315 291/314 2931/3093
f 2926/3088 2932/3094 2933/3095
f 2934/3096 1572/1654 2935/3097
f 4348/1736 631/673 1648/1733
f 631/673 77/95 1289/1363
f 2937/1726 2936/3098 1642/1727
f 2937/3099 1617/1701 2938/3100
f 2939/3101 1671/1758 2940/3102
f 352/375 1474/1556 269/292
f 2941/3103 2942/3104 64/82
f 2943/3105 2195/2317 2198/2320
f 2944/3106 1428/1508 2804/2961
f 2944/3106 2804/2961 2945/3107
f 2946/3108 1883/1983 2947/3109
f 1845/1942 4359/3110 1882/1982
f 1378/1452 2133/2254 2948/3111
f 2948/3111 1349/1423 2949/3112
f 2013/2127 2015/2129 3577/3113
f 1969/2079 155/174 157/176
f 1544/1626 1543/1625 2941/3103
f 2950/3114 2951/3115 2952/3116
f 715/762 2953/3117 2733/2886
f 742/791 1884/1984 1883/1983
f 2954/3118 1873/1973 1875/1975
f 2155/2276 2154/2275 2954/3118
f 625/667 2951/3115 2950/3114
f 1207/1277 2951/3115 625/667
f 706/753 264/287 2668/2815
f 265/288 264/287 1713/1801
f 2926/3088 2955/3119 2932/3094
f 1572/1654 2932/3094 2955/3119
f 2956/3120 1957/2065 1948/2055
f 1960/2068 1962/2070 2956/3120
f 735/3121 761/812 738/811
f 2957/3122 2958/3123 2959/3124
f 2941/3103 2960/3125 2942/3104
f 2941/3103 1543/1625 2950/3114
f 2621/2768 2635/2782 2622/2769
f 2026/2140 282/305 2961/3126
f 2962/3127 230/252 2078/2194
f 2963/3128 230/252 2962/3127
f 113/131 2964/3129 111/129
f 2965/3130 2966/3131 2967/3132
f 170/192 2968/3133 2969/3134
f 1793/1885 4154/1887 502/536
f 1896/1999 1895/1998 2970/3135
f 1896/1999 2971/3136 2972/3137
f 157/3138 987/3139 1237/1311
f 1238/1312 1237/1311 987/3139
f 113/131 864/919 2964/3129
f 49/67 2775/2928 2100/2219
f 408/433 2973/3140 4561/434
f 1892/1994 2974/3141 2975/3142
f 1514/1596 2004/2118 2976/3143
f 2976/3143 2939/3101 2940/3102
f 2977/3144 2978/3145 2979/3146
f 2980/3147 2981/3148 2979/3146
f 501/535 2982/3149 502/536
f 2983/3150 1793/1885 502/536
f 2984/3151 1336/1410 2985/3152
f 133/152 799/853 801/855
f 518/554 1754/1843 1753/1842
f 106/124 786/839 4183/3153
f 2986/3154 1221/1295 119/138
f 119/138 1221/1295 2987/3155
f 2988/3156 8/26 2285/2413
f 2989/3157 2413/2543 2990/3158
f 1510/1592 1633/1717 2991/3159
f 2992/3160 2993/3161 2991/3159
f 2994/3162 1083/1148 693/740
f 1083/1148 2115/2234 2000/2113
f 2995/3163 1754/1843 558/594
f 2995/3163 1752/1841 1754/1843
f 2923/3085 4344/1269 1034/483
f 2996/3164 1035/1099 1034/1098
f 2280/2408 1927/2032 2997/3165
f 837/891 836/890 1927/2032
f 2998/3166 979/1039 981/1041
f 196/218 284/307 283/306
f 2237/2363 2238/2364 2999/3167
f 1848/1945 4733/1990 3000/3168
f 3001/3169 254/277 3002/3170
f 256/279 1751/1840 3003/3171
f 2668/2815 3004/3172 3005/3173
f 185/207 3006/3174 183/205
f 2485/2621 2484/2620 3007/3175
f 2716/2867 3008/3176 2714/2865
f 1781/1872 3003/3171 1751/1840
f 1781/1872 3009/3177 1782/1873
f 177/199 945/1001 178/200
f 178/200 3010/3178 714/761
f 4766/3179 2444/3180 3011/3181
f 1775/1865 1808/1901 2909/3070
f 2420/2553 3012/3182 3013/3183
f 775/828 2422/2555 3014/3184
f 3039/3185 2068/2183 3015/3186
f 3016/3187 3017/3188 3039/3185
f 3018/3189 1039/1103 3019/3190
f 1025/1089 3020/3191 3021/3192
f 3022/3193 3023/3194 3024/3195
f 3025/3196 283/306 3026/3197
f 2407/2536 2409/2538 287/310
f 2422/2555 3027/3198 3014/3184
f 3028/3199 295/318 294/317
f 294/317 2049/2163 3029/3200
f 3030/3201 2136/2257 2138/2259
f 3031/3202 3030/3201 1410/1488
f 3032/3203 3022/3193 3024/3195
f 3033/3204 3034/3205 3022/3193
f 3014/3184 3027/3198 287/310
f 775/828 3014/3184 776/829
f 3039/3185 3015/3186 406/3206
f 2747/2900 898/953 897/952
f 953/1009 593/633 592/632
f 948/1004 953/1009 949/1005
f 3035/3207 1117/1183 3033/3204
f 684/731 3035/3207 3032/3203
f 2240/2366 1929/2034 1928/2033
f 3036/3208 2282/2410 3037/3209
f 3039/3185 406/3206 3038/3210
f 380/403 1990/2100 3039/3211
f 2635/2782 2637/2784 2622/2769
f 3040/3212 3033/3204 1117/1183
f 3008/3176 2716/2867 3041/3213
f 3007/3175 3042/3214 3043/3215
f 3044/3216 3045/3217 1953/2061
f 1953/2061 2777/2932 3046/3218
f 1971/2081 1973/2083 3047/3219
f 2914/3076 2913/3075 2576/2722
f 2637/2784 2634/2781 2633/2780
f 3034/3205 3033/3204 3040/3212
f 1097/1163 2447/2581 1098/1164
f 3039/3185 3017/3188 2068/2183
f 2486/2622 2488/2624 1465/1547
f 3007/3175 3043/3215 974/1033
f 878/933 3048/3220 3049/3221
f 1763/1853 1762/1852 3050/3222
f 3051/3223 514/550 3052/3224
f 3053/3225 724/771 3054/3226
f 3055/3227 3056/3228 3057/3229
f 3055/3227 3058/3230 3056/3228
f 1455/1536 1454/1535 2536/2676
f 2539/3231 3059/3232 3060/3233
f 3050/3222 3048/3220 878/933
f 3050/3222 878/933 45/63
f 3061/3234 1796/1889 1249/3235
f 1768/3236 1766/1856 1765/1855
f 3062/3237 3063/3238 3064/3239
f 2012/2126 3065/3240 3066/3241
f 1333/1407 1331/1405 1330/1404
f 3067/3242 1374/1448 1333/1407
f 492/526 3068/3243 490/524
f 3069/3244 3054/3226 3070/3245
f 2089/2207 1249/1323 4462/2204
f 1248/1322 1249/3235 1796/1889
f 1336/1410 3071/3246 3072/3247
f 1336/1410 2984/3151 3073/3248
f 1102/1168 386/409 388/411
f 1102/1168 388/411 1806/1899
f 1980/2090 1982/2092 313/336
f 311/334 313/336 3074/3249
f 3075/3250 3076/3251 3077/3252
f 1156/1224 1155/1223 1620/1704
f 2698/2848 409/436 1062/1126
f 215/237 3078/3253 409/436
f 2835/2992 761/812 1527/1609
f 3079/3254 2836/2993 2835/2992
f 2960/3125 3080/3255 2942/3104
f 3080/3255 125/144 65/83
f 1156/1224 1135/1203 1154/1222
f 3077/3252 3076/3251 3081/3256
f 200/222 3082/3257 1999/2112
f 577/617 2045/2159 3083/3258
f 3084/3259 3016/2102 1989/2099
f 1095/1160 3085/3260 1115/1181
f 667/711 666/710 828/882
f 1481/1563 3086/3261 3087/3262
f 3088/3263 2329/2457 3089/3264
f 3090/3265 2329/2457 2077/2193
f 3091/3266 4766/3179 3011/3181
f 3092/3267 3091/3268 1964/2072
f 1315/1389 1314/1388 144/163
f 3093/3269 392/416 391/415
f 557/593 3094/3270 1988/2098
f 1987/2097 3095/3271 1988/2098
f 3090/3265 3096/3272 2329/2457
f 3096/3272 3090/3265 3097/3273
f 4693/3274 3109/3275 1852/1949
f 1886/1986 3098/3276 3099/3277
f 2817/2974 436/465 2816/2973
f 3100/3278 1750/1839 3101/3279
f 2306/2434 2308/2436 3102/3280
f 2294/2422 2296/2424 2295/2423
f 1133/1199 3103/3281 1131/1197
f 251/274 511/547 363/386
f 310/333 3104/3282 308/331
f 308/331 3105/3283 1847/1944
f 3106/3284 3107/3285 3108/3286
f 3109/3287 3110/3288 3111/3289
f 1783/1874 3112/3290 1784/1875
f 436/465 3100/3278 3101/3279
f 3113/3291 3114/3292 1286/1360
f 1286/1360 1285/1359 649/693
f 2035/2149 2037/2151 2836/2993
f 3115/3293 3116/3294 2836/2993
f 3117/3295 3102/3280 1566/1648
f 2296/2424 2294/2422 3118/3296
f 3119/3297 3111/3289 3110/3288
f 3120/3298 4693/3274 1852/1949
f 3121/3299 3122/3300 3115/3293
f 758/808 760/810 3079/3254
f 1322/1396 3123/3301 1323/1397
f 3124/3302 786/839 105/123
f 3125/3303 3126/3304 3127/3305
f 3128/3306 4633/3307 2377/2506
f 1350/1424 3129/3308 3130/3309
f 3131/3310 1391/1465 3129/3308
f 3132/3311 744/793 2161/2282
f 3048/3220 1764/1854 3132/3311
f 2294/2422 618/659 3118/3296
f 3133/3312 3134/3313 3135/3314
f 3136/3315 486/519 485/518
f 3137/3316 3136/3315 3138/3317
f 417/445 3139/3318 1150/1218
f 2175/2297 3140/3319 2186/2308
f 2358/2487 3141/3320 905/960
f 3142/3321 3143/3322 2287/2415
f 1096/1161 3144/3323 1094/1159
f 1877/1977 3144/3323 3145/3324
f 3146/3325 3147/3326 38/56
f 3148/3327 38/56 1235/1309
f 1404/1478 2440/2574 2439/2573
f 3149/3328 2437/2571 2436/2570
f 3150/3329 2208/2331 3151/3330
f 3152/3331 1965/2073 3153/3332
f 3154/3333 346/369 2424/2557
f 2546/2686 346/369 1093/1158
f 3155/3334 3156/3335 3157/3336
f 3158/3337 1029/1093 2394/2523
f 3159/3338 3160/3339 3161/3340
f 597/637 599/639 3159/3341
f 3162/3342 3163/3343 2438/2572
f 3149/3328 3164/3344 3162/3342
f 1055/1119 1057/1121 820/874
f 2741/2894 3165/3345 2739/2892
f 3166/3346 3167/3347 1887/1987
f 1809/1902 3168/3348 3169/3349
f 3170/3350 211/233 2730/3351
f 1758/1848 2626/2773 3171/3352
f 3172/3353 3173/3354 3174/3355
f 3175/3356 3164/3344 3149/3328
f 3135/3314 2293/2421 3133/3312
f 3133/3312 2293/2421 3176/3357
f 3177/3358 3813/3359 2730/3351
f 2730/3351 211/233 210/232
f 2391/2520 835/889 2392/2521
f 2392/2521 835/889 1283/1357
f 168/190 1692/1779 3178/3360
f 1692/1779 1693/1780 1970/2080
f 3179/3361 2116/3362 1325/1399
f 2118/2237 2119/2238 3179/3052
f 1214/1285 43/61 42/60
f 3180/3363 1857/1954 3181/3364
f 3182/3365 2710/2860 2618/2765
f 2754/2907 2710/2860 3182/3365
f 248/271 1738/1826 249/272
f 3183/3366 1132/1198 1143/1211
f 1598/1682 1597/1681 3184/3367
f 1598/1682 3184/3367 2147/2268
f 369/392 2683/2830 2424/2557
f 369/392 3185/3368 2683/2830
f 2589/2736 1602/1686 1601/1685
f 3186/3369 3187/3370 2589/2736
f 2710/2860 1661/1748 3188/3371
f 3189/3372 1195/1264 1194/1263
f 1215/1286 1641/1725 1642/1727
f 1215/1286 1967/2076 3190/3373
f 3191/3374 3153/3332 3192/3375
f 3151/3330 3167/3347 3166/3346
f 1780/1870 643/687 642/686
f 37/55 3193/3376 669/713
f 3194/3377 9/27 11/29
f 3195/3378 3196/3379 3197/3380
f 1299/1373 201/223 203/225
f 3198/3381 1299/1373 203/225
f 3199/3382 3164/3344 3175/3356
f 1406/1480 3200/3383 3201/3384
f 3202/3385 3203/3386 3017/3188
f 3204/3387 2069/2184 3203/3386
f 3205/3388 1376/1450 1378/1452
f 1354/1428 1378/1452 3206/3389
f 3197/3380 582/622 581/621
f 3207/3390 3208/3391 3209/3392
f 2304/2432 2218/2341 2298/2426
f 3210/3393 990/655 2690/2839
f 1517/1599 87/105 89/107
f 1502/1584 87/105 1517/1599
f 1586/1668 3211/3394 1584/1666
f 2659/2806 2672/2819 1586/1668
f 3212/3395 1899/2003 97/115
f 1369/1443 3213/3396 1365/1439
f 4576/3036 3216/3397 3214/3398
f 2911/3072 3215/3399 3216/3400
f 2246/2372 62/80 1827/1921
f 1829/1923 2246/2372 1830/1924
f 3036/3208 3217/3401 1928/2033
f 2256/2383 1868/1968 1870/1970
f 757/807 1891/1992 754/803
f 753/802 757/807 754/803
f 1447/1528 411/438 3215/3399
f 3215/3399 411/438 410/437
f 2652/2799 3218/3402 3219/3403
f 2830/2987 3220/3404 770/823
f 514/550 3051/3223 515/551
f 3221/3405 1830/1924 2246/2372
f 3222/3406 2616/2763 1585/1667
f 3223/3407 2588/2735 3224/3408
f 3225/3409 438/467 3226/3410
f 3225/3409 3226/3410 3227/3411
f 1427/1507 3228/3412 1449/1530
f 1427/1507 2457/2591 3229/3413
f 2200/2322 1737/1825 1172/1240
f 195/217 284/307 196/218
f 3230/3414 1732/1820 1733/1821
f 1732/1820 3230/3414 3231/3415
f 372/395 2164/2285 1793/1885
f 3232/3416 3233/3417 3234/3418
f 2195/2317 2199/2321 2198/2320
f 1063/1127 529/565 1210/1280
f 2549/2689 2550/2690 3235/3419
f 3236/3420 2549/2689 3235/3419
f 1746/1834 1736/1824 1894/3421
f 1736/1824 3237/3422 1894/3421
f 20/38 3238/3423 3239/3424
f 3240/3425 2400/2529 396/420
f 3241/3426 3242/3427 3243/3428
f 3244/3429 3245/3430 3246/3431
f 271/294 1900/2004 4646/3432
f 3247/3433 377/400 376/399
f 250/273 249/272 725/772
f 725/772 724/771 3248/3434
f 2721/2873 2812/2969 2722/2874
f 2945/3107 2804/2961 2813/2970
f 19/37 3249/3435 3250/3436
f 3251/3437 18/36 2399/2528
f 3252/3438 3253/3439 3254/3440
f 3255/3441 471/503 473/505
f 3256/3442 2476/2610 3257/3443
f 3258/3444 1383/1457 2230/2354
f 3259/3445 1419/1497 3260/3446
f 3261/3447 777/830 3262/3448
f 1457/1538 3263/3449 3264/3450
f 4083/1290 4082/3451 1217/1289
f 112/130 111/129 2476/2610
f 2476/2610 3265/3452 3257/3443
f 3261/3447 3262/3448 3266/3453
f 3266/3453 3267/3454 3268/3455
f 1081/1146 3269/3456 359/1144
f 3270/3457 357/380 359/382
f 398/422 3271/3458 3272/3459
f 3249/3435 19/37 3273/3460
f 3274/3461 26/44 1217/1289
f 3264/3450 1217/1289 3275/3462
f 523/559 918/974 1700/1787
f 1700/1787 918/974 920/976
f 359/382 3269/3463 3270/3457
f 1340/3464 3276/3465 2070/2185
f 1824/1918 1825/1919 1247/1321
f 1826/1920 1838/1933 1825/1932
f 1357/1431 1356/1430 3277/3466
f 3249/3435 3272/3459 3271/3458
f 3278/3467 1233/1307 3279/3468
f 3146/3325 3279/3468 3147/3326
f 3280/3469 1773/1863 1772/1862
f 1773/1863 2744/2897 2592/2739
f 3281/3470 3282/3471 469/501
f 258/281 416/444 259/282
f 702/749 1812/1905 3283/3472
f 3920/1057 995/1056 3921/3473
f 594/634 1380/1454 1379/1453
f 1380/1454 3284/3474 1379/1453
f 441/470 39/57 41/59
f 2868/3026 441/470 41/59
f 3285/3475 1408/1484 4147/2058
f 586/626 381/404 3286/3476
f 3287/3477 3288/3478 3289/3479
f 1966/2075 3290/3480 1967/2076
f 1694/1781 3291/3481 971/1030
f 4759/2560 2426/2559 971/1028
f 3280/3469 3292/3482 1770/1860
f 2744/2897 1773/1863 3280/3469
f 2251/2377 2252/2379 3293/3483
f 2254/2381 1407/1481 4292/3484
f 621/662 1228/1302 1936/2041
f 621/662 162/182 161/181
f 2214/2337 3294/3485 2212/2335
f 1142/1210 59/77 3295/3486
f 941/3487 1611/1695 1610/1694
f 3194/3377 3296/3488 1611/1695
f 454/3489 843/897 3297/3490
f 3297/3491 2544/2684 2543/2683
f 3298/3492 1383/1457 1382/1456
f 654/698 2231/2355 2559/2703
f 3299/3493 3300/3494 3301/3495
f 537/573 3302/3496 3303/3497
f 2057/2172 545/581 1471/1553
f 545/581 2057/2172 1253/1327
f 901/956 52/70 51/69
f 3304/3498 2362/2491 2361/2490
f 4259/816 3305/3499 3300/3500
f 3299/3493 1568/1650 3300/3494
f 1149/1217 1148/1216 1573/1655
f 454/3489 453/3501 843/897
f 1926/2031 3306/3502 1927/2032
f 3307/3503 2203/2325 3306/3502
f 3308/3504 3309/3505 883/938
f 2040/2154 904/959 3310/3506
f 3311/3507 3312/3508 2595/2742
f 2706/2856 3313/3509 3314/3510
f 1924/2029 3315/3511 1416/1494
f 3316/3512 2661/2808 1924/2029
f 1822/1916 2479/2631 2496/2633
f 1821/1915 1820/3513 1822/1916
f 881/936 3317/3514 882/937
f 3317/3514 2390/2519 2391/2520
f 1595/1679 3318/3515 3319/3516
f 2506/2645 1595/1679 3319/3516
f 3320/3517 3321/3518 2484/2620
f 3321/3518 3056/3228 3058/3230
f 2998/3166 2177/2299 980/1040
f 2998/3166 980/1040 979/1039
f 3322/3519 208/230 207/229
f 1976/2086 3323/3520 3324/3521
f 1760/1850 2625/2772 2626/2773
f 3325/3522 3326/3523 1281/1355
f 1541/1623 3327/3524 3328/3525
f 1541/1623 3328/3525 1542/1624
f 226/248 1471/1553 545/581
f 226/248 545/581 547/583
f 2844/3001 4383/677 2842/2999
f 3071/3246 1338/1412 3072/3247
f 1194/1263 1196/1265 3329/3526
f 3330/3527 3329/3526 1197/1672
f 3702/3528 1621/1705 3331/3529
f 3332/3530 3333/3531 3334/3532
f 3335/3533 2779/2934 3336/3534
f 3336/3534 2010/2124 2012/2126
f 2606/2753 2605/2752 1255/1329
f 545/581 2560/2704 546/582
f 3331/2954 1193/1262 1191/1260
f 3331/3529 1621/1705 3332/3530
f 2191/2313 3337/3535 3338/3536
f 3339/3537 1589/1671 1588/1670
f 3340/3538 3341/3539 682/3540
f 3342/3541 4381/3542 2844/3001
f 2862/3020 2324/2452 1518/1600
f 3343/3543 1130/1196 1129/1195
f 961/1019 963/1021 3344/3544
f 960/1018 959/1017 1708/1796
f 2634/2781 3345/3545 3346/3546
f 3347/3547 2266/2393 3348/3548
f 920/976 919/975 2827/2984
f 1916/2021 1915/2020 2554/2694
f 3342/3541 2844/3001 3349/3549
f 3349/3549 2844/3001 2843/3000
f 467/499 466/498 435/464
f 834/888 2389/2518 3350/3550
f 3351/3551 791/845 3352/3552
f 1040/1104 1026/1090 1028/1092
f 2266/2393 3353/3553 3348/3548
f 3353/3553 2266/2393 2268/2395
f 2827/2984 1608/1692 2828/2985
f 3354/3554 2554/2694 2172/2294
f 1388/1462 109/127 324/347
f 109/127 2930/3092 1405/1479
f 3342/3541 1835/1929 682/729
f 683/730 682/729 1835/1929
f 791/845 3355/3555 789/843
f 163/183 4768/185 4750/2002
f 1273/1347 781/834 3356/3556
f 639/683 638/682 3357/3557
f 3062/3237 3358/3558 3063/3238
f 3358/3558 3336/3534 2012/2126
f 3359/3559 3360/3560 3361/3561
f 630/672 2743/2896 1690/1777
f 176/198 3362/3562 1295/1369
f 3363/3563 176/198 175/197
f 2373/2502 2372/2501 1561/1643
f 3364/3564 420/3565 3365/3566
f 3366/3567 3247/3433 376/399
f 3367/3568 3368/3569 3369/3570
f 3292/3482 3280/3469 1772/1862
f 3370/3571 1273/1347 3356/3556
f 899/954 1078/1142 67/85
f 899/954 3371/3572 3372/3573
f 2770/2923 3373/3574 672/716
f 3193/3376 37/55 672/716
f 3374/3575 3375/3576 1008/1072
f 2649/2796 2648/2795 3376/3577
f 3014/3184 287/310 3377/3578
f 147/166 3377/3578 287/310
f 3378/3579 3369/3570 3366/3567
f 3379/3580 3380/3581 3381/3582
f 3382/3583 1756/1846 1757/1847
f 1214/1285 1213/1284 43/61
f 1806/1899 1807/1900 3383/3584
f 3374/3575 1806/1899 3375/3576
f 3384/3585 3385/3586 3386/3587
f 958/1016 3387/3588 3388/3589
f 3379/3580 1492/1574 3380/3581
f 837/891 3389/3590 3390/3591
f 1521/1603 3391/3592 3392/3593
f 2039/2153 3372/3573 3391/3592
f 1010/1074 1009/1073 616/3594
f 1010/1074 616/3594 2655/3595
f 1461/1542 2466/2600 192/214
f 1456/1537 3263/3449 1457/1538
f 3389/3596 3393/3597 3394/3598
f 3393/3597 3395/3599 3394/3598
f 3396/3600 3397/3601 3690/604
f 3398/3602 3396/3600 3399/3603
f 1805/1898 847/901 2350/2478
f 870/925 869/924 636/680
f 2115/2234 2511/2650 2000/2113
f 2000/2113 1044/1108 1045/1109
f 2627/2774 2826/2983 262/285
f 3294/3485 3295/3486 2212/2335
f 2582/3604 1287/1361 425/454
f 972/1031 971/1030 4764/3605
f 3400/3606 2023/2137 3094/3270
f 1985/2095 2024/2138 2023/2137
f 3401/3607 3389/3590 837/891
f 837/891 2254/2381 3402/3608
f 3403/3609 1343/3610 1344/3611
f 3290/3480 3404/3612 3405/3613
f 1168/1236 1167/1235 3406/3614
f 3407/3615 3408/3616 1673/1760
f 1322/1396 1323/1397 1250/1324
f 2751/2904 3409/3617 2089/2207
f 187/209 186/208 3410/3618
f 719/766 718/765 3411/3619
f 3412/3620 3201/3384 3413/3621
f 3172/3353 3175/3356 3414/3622
f 254/277 3001/3169 3415/3623
f 3289/3479 3416/3624 1024/1088
f 641/685 2544/2684 3297/3491
f 1232/1306 1235/1309 38/56
f 186/208 3417/3625 718/765
f 3417/3625 186/208 1276/1350
f 4661/3626 1027/1091 791/845
f 1937/2043 4088/3627 1264/1338
f 1919/2024 3418/3628 1920/2025
f 2540/2680 3059/3629 2539/2679
f 3164/3344 3199/3382 3419/3630
f 3413/3621 3201/3384 3420/3631
f 2374/2503 2761/2914 605/645
f 3266/3453 3262/3448 3267/3454
f 3421/3632 1437/1518 2326/2454
f 2814/2971 1437/1518 3421/3632
f 402/426 2542/2682 3422/3633
f 3019/3190 1039/1103 3021/3192
f 2233/2357 1236/1310 2217/2340
f 2219/2342 1236/1310 3423/3634
f 633/3635 966/1024 4709/3636
f 966/1024 2079/2196 967/1025
f 3424/3637 3024/3195 3023/3194
f 684/731 3032/3203 3024/3195
f 1787/1879 3718/1876 1786/1878
f 1787/1879 2800/2957 2799/2956
f 3425/3638 3426/3639 3427/3640
f 3426/3639 3428/3641 3427/3640
f 326/349 3429/3642 2124/2243
f 2120/2239 2122/2241 2124/2243
f 3430/3643 3431/3644 2221/2344
f 3430/3643 591/631 3432/3645
f 3433/3646 1731/1819 2527/2667
f 1731/1819 3433/3646 3434/3647
f 3435/3648 3419/3630 3436/3649
f 3435/3648 3200/3383 3419/3630
f 3437/3650 3345/3545 2634/2781
f 3438/3651 3439/3652 2636/2783
f 3440/3653 1611/1695 3296/3488
f 1611/1695 1840/1935 1612/1696
f 3441/3654 1259/1333 3442/3655
f 2122/2241 2121/2240 1259/1333
f 271/294 4746/2929 269/292
f 271/294 4646/3432 4746/2929
f 245/268 3443/3656 246/269
f 2072/2188 1340/1414 1342/1416
f 2347/2475 2346/2474 2325/2453
f 4716/3657 3444/3658 4507/3659
f 2847/3004 555/591 2121/2240
f 139/158 2121/2240 2120/2239
f 4716/3657 4755/1287 3444/3658
f 261/284 3444/3658 4755/1287
f 3445/3660 3446/3661 1175/1243
f 3447/3662 3445/3660 1175/1243
f 736/783 738/785 1397/1471
f 3448/3663 1711/1799 169/191
f 1271/1345 2301/2429 999/1061
f 999/1061 2301/2429 2300/2428
f 19/37 3250/3436 20/38
f 1720/1808 1719/1807 2443/2577
f 2625/2772 3449/3664 1092/1157
f 2546/2686 2545/2685 1075/1139
f 185/207 184/206 2277/2405
f 658/702 3450/3665 3451/3666
f 3452/3667 2986/3668 3894/3669
f 3453/3670 3454/3671 3455/3672
f 3456/3673 3457/3674 479/512
f 3458/3675 2750/2903 3459/3676
f 1769/1859 105/123 3460/3677
f 3461/3678 1766/1856 3460/3679
f 3462/3680 3463/3681 102/120
f 3861/3682 3463/3681 183/205
f 2922/3084 243/266 2920/3082
f 1935/2040 1931/2036 1933/2038
f 1892/1994 3464/3683 2974/3141
f 756/806 3464/3683 1892/1994
f 3465/3684 3466/3685 3467/3686
f 3466/3685 1494/1576 1493/1575
f 363/386 513/549 1978/2088
f 363/386 511/547 513/549
f 3468/3687 3095/3271 1987/2097
f 3469/3688 3468/3687 3470/3689
f 2781/2937 740/788 3471/3690
f 2781/2937 4054/2936 740/788
f 3472/3691 1168/1236 3406/3614
f 2850/3007 2849/3006 3408/3616
f 1679/1766 3473/3692 3474/3693
f 334/357 3475/3694 335/358
f 2377/2506 4633/3307 4632/3695
f 1458/1539 2377/2506 3476/3696
f 3477/3697 1481/1563 2613/2760
f 28/46 3478/3698 29/47
f 3479/3699 2974/3141 3464/3683
f 3480/3700 2323/2451 2619/2766
f 1108/1174 3481/3701 1109/1175
f 1108/1174 1480/1562 3481/3701
f 3472/3691 2036/2150 3482/3702
f 2036/2150 3116/3294 3483/3703
f 925/981 924/980 2735/2888
f 3484/3704 1678/1765 1677/1764
f 3485/3705 2619/2766 3486/3706
f 2619/2766 3487/3707 3488/3708
f 1445/1526 1444/1525 2638/2785
f 3087/3262 1441/1522 1484/1566
f 349/372 234/256 3489/3709
f 3490/3710 3489/3709 3491/3711
f 2647/2794 1101/1167 2648/2795
f 1480/1562 1011/1075 3481/3701
f 2369/2498 3492/3712 3493/3713
f 61/79 3494/3714 319/342
f 3495/3715 1873/1973 2954/3118
f 3496/3716 2749/2902 1871/1971
f 3497/3717 3490/3710 3491/3711
f 1706/3718 3498/3719 3499/3720
f 1487/1569 1489/1571 1488/1570
f 2927/3089 3500/3721 2925/3087
f 2369/2498 3493/3713 3494/3714
f 1552/1634 2371/2500 1553/1635
f 3501/3722 3502/3723 2144/2265
f 3501/3722 2144/2265 3503/3724
f 3126/3304 3125/3303 3128/3725
f 3504/3726 3264/3450 3275/3462
f 2059/2174 54/72 2022/2136
f 2032/2146 54/72 2033/2147
f 624/666 1207/1277 625/667
f 3505/3727 3506/3728 1207/1277
f 530/566 3507/3729 3508/3730
f 1060/1124 3508/3730 1061/1125
f 2926/3088 752/801 382/405
f 382/405 2925/3087 3500/3721
f 2709/2859 1607/1691 1609/1693
f 3509/3731 921/977 1609/1693
f 1606/1690 1605/1689 2528/2668
f 2528/2668 3510/3732 2530/2670
f 3508/3730 3507/3729 1061/1125
f 1684/1771 1178/1247 1061/1125
f 2726/2878 2727/2879 1687/1774
f 3511/3733 3512/3734 3513/3735
f 2526/2666 2525/2665 1730/1818
f 3514/3736 1077/1141 1076/1140
f 1609/1693 711/758 2709/2859
f 3065/3240 711/758 3066/3241
f 3515/3737 3516/3738 553/589
f 2789/2945 3517/3739 607/647
f 3518/3740 4302/3741 989/1050
f 3519/3742 3383/3584 3520/3743
f 1388/1462 1387/1461 3521/3744
f 2887/3046 3522/3745 323/346
f 1124/1190 2363/2492 2423/2556
f 1124/1190 1123/1189 2363/2492
f 3523/3746 3524/3747 3525/3748
f 3525/3748 3526/3749 3523/3746
f 1842/1937 1207/1277 3506/3728
f 3445/3750 3447/1245 628/670
f 1645/1730 3527/3751 602/642
f 602/642 857/911 2642/2789
f 769/822 1488/1570 399/423
f 1488/1570 1489/1571 399/423
f 3528/3752 3529/3753 3530/3754
f 3528/3752 3511/3733 3513/3735
f 4208/3755 624/666 2095/2214
f 3506/3756 3505/3757 3446/3661
f 3531/3758 3532/3759 1744/1832
f 1744/1832 3533/3760 3534/3761
f 3535/3762 662/706 3536/3763
f 2159/2280 2158/2279 296/319
f 3537/3764 3538/3765 3307/3503
f 3539/3766 448/477 3537/3764
f 993/1054 1814/1907 1006/1070
f 991/1052 993/1054 1006/1070
f 496/530 3540/3767 497/531
f 1907/2012 1908/2013 2838/2995
f 3541/3768 3542/3769 1744/1832
f 3543/3770 600/640 602/642
f 1626/1710 1625/1709 3544/3771
f 1616/1700 1628/1712 1614/1698
f 3545/3772 3546/3773 3547/3774
f 3540/3767 3545/3772 3547/3774
f 240/262 4546/3775 1909/3776
f 240/262 2841/264 4546/3775
f 1965/2073 1964/2072 3548/3777
f 3549/3778 3550/3779 3430/3643
f 3551/3780 3492/3712 2351/2479
f 3492/3712 2369/2498 2351/2479
f 826/880 825/879 808/862
f 826/880 3552/3781 3553/3782
f 3545/3772 3535/3762 3546/3773
f 660/704 496/530 1121/1187
f 190/212 1152/1220 191/213
f 748/797 3554/3783 2260/2387
f 3555/3784 3556/3785 627/669
f 3555/3784 627/669 3557/3786
f 3204/3387 3558/3787 3559/3788
f 753/802 755/805 757/807
f 2250/2376 2944/3106 3560/3789
f 3560/3789 2944/3106 2945/3107
f 3561/3790 1188/1257 3122/3300
f 1188/1257 1163/1231 1165/1233
f 1209/1279 1211/1281 79/97
f 1211/1281 2196/2318 3555/3784
f 3155/3334 907/962 3156/3335
f 3127/3305 1031/1095 3158/3337
f 3512/3734 3511/3733 1657/1744
f 3528/3752 3530/3754 3511/3733
f 2628/2775 272/295 25/43
f 25/43 272/295 273/296
f 3562/3791 1788/1880 3563/3792
f 1626/1710 3544/3771 3564/3793
f 3557/3786 3565/3794 80/98
f 80/98 79/97 3557/3786
f 2103/2222 2105/2224 2107/2226
f 3566/3795 1849/1946 3241/3426
f 1912/2017 1975/2085 2110/2229
f 1912/2017 1914/2019 1975/2085
f 3553/3782 3544/3771 1625/1709
f 3567/3796 1627/1711 3544/3771
f 747/796 3568/3797 748/797
f 3554/3783 748/797 3568/3797
f 1307/1381 1309/1383 2556/2209
f 2556/2698 2092/2211 2091/2210
f 3569/3798 16/34 3570/3799
f 3571/3800 3570/3799 16/34
f 1614/1698 3552/3781 265/288
f 3553/3782 3552/3781 1614/1698
f 761/812 735/3121 2959/3124
f 735/782 737/784 2959/3801
f 832/886 881/936 833/887
f 3572/3802 833/887 3573/3803
f 2455/2589 2427/2561 2429/2563
f 3574/3804 716/763 3575/3805
f 1327/1401 1373/1447 3576/3806
f 2689/414 390/413 3576/3806
f 2017/2131 3577/3807 2015/3808
f 2017/2131 2957/3809 2018/2132
f 1886/1986 3099/3277 3111/3289
f 2105/2224 2104/2223 3578/3810
f 2650/2797 2656/2803 4266/1047
f 1236/1310 3579/3811 3423/3634
f 2517/2657 4173/598 562/600
f 3580/3812 1569/1651 3581/3813
f 2253/2380 813/867 815/869
f 2203/2325 2205/2327 2242/2368
f 3111/3289 3099/3277 2104/2223
f 3109/3287 3111/3289 3106/3284
f 390/413 389/412 3582/3814
f 3520/3743 3518/3740 3519/3742
f 3583/3815 3584/3816 3585/3817
f 3584/3816 2454/2588 1946/2053
f 813/867 2206/2328 814/868
f 814/868 3285/3475 4687/1482
f 3586/3818 1167/1235 2037/2151
f 2820/2977 2834/3015 2822/2979
f 336/359 2765/2918 1668/1755
f 336/359 1668/1755 3587/3819
f 2194/2316 912/967 911/966
f 911/966 2257/2384 2255/2382
f 2988/3156 2285/2413 3588/3820
f 2981/3148 3589/3821 3590/3822
f 3591/3823 1578/1660 2353/2481
f 3541/3768 1744/1832 3534/3761
f 3592/3824 1701/1788 1703/1790
f 3593/3825 3592/3824 1703/1790
f 3594/3826 2272/2399 2271/2398
f 3595/3827 2270/2397 2272/2399
f 911/966 2255/2382 2194/2316
f 2194/2316 2255/2382 2193/2315
f 238/260 241/263 1911/2016
f 8/26 1837/1931 241/263
f 1295/1369 3596/3828 2929/3091
f 3596/3828 3597/3829 2929/3091
f 3598/3830 3599/3831 2303/2431
f 2303/2431 2307/2435 2317/2445
f 3600/3832 3601/3833 3602/3834
f 3602/3834 4181/3835 1006/1070
f 3603/3836 3604/3837 3605/3838
f 3606/3839 3603/3836 3607/3840
f 1194/1263 3608/3841 3189/3372
f 1660/1747 2152/2273 3608/3841
f 3598/3830 3595/3827 2272/2399
f 2317/2445 3598/3830 2303/2431
f 734/781 733/780 2134/2255
f 3609/3842 3370/3571 3610/3843
f 14/32 3611/3844 3612/3845
f 14/32 3613/3846 3611/3844
f 3614/3847 2315/2443 2316/2444
f 3117/3295 2306/2434 3102/3280
f 2433/2567 2320/3848 2321/3849
f 3615/3850 946/1002 4356/3851
f 1819/1912 3616/3852 1820/1913
f 3617/3853 3618/3854 1819/1912
f 3619/3855 3292/3482 1772/1862
f 3370/3571 3620/3856 3610/3843
f 2570/2716 2569/2715 14/32
f 14/32 2569/2715 3613/3846
f 3604/3837 1600/1684 3605/3838
f 3621/3857 2102/2221 2115/2234
f 2308/2436 2307/2435 3622/3858
f 3622/3858 2307/2435 2303/2431
f 3292/3482 3619/3855 783/836
f 3292/3482 783/836 1770/1860
f 2320/3848 2433/2567 3615/3850
f 587/627 2318/2446 588/628
f 1511/1593 1510/1592 2991/3159
f 3623/3859 3624/3860 1476/1558
f 3625/3861 1173/1241 1171/1239
f 1171/1239 1170/1238 3626/3862
f 2813/2970 2806/2963 2547/2687
f 2538/2678 2806/2963 2805/2962
f 3627/3863 3628/3864 3629/3865
f 3629/3865 1788/1880 3630/3866
f 1085/1150 1084/1149 3631/3867
f 1085/1150 3631/3867 2519/2659
f 3632/3868 3315/3511 2661/2808
f 2661/2808 3315/3511 1924/2029
f 1298/1372 3633/3869 2003/2117
f 201/223 1299/1373 1298/1372
f 3235/3419 2550/2690 3634/3870
f 3635/3871 3259/3445 3260/3446
f 3636/3872 933/989 932/988
f 226/248 547/583 634/678
f 3073/3248 3071/3246 1336/1410
f 1339/1413 1338/1412 3071/3246
f 622/664 4694/663 1212/1283
f 2936/3873 2937/3099 3637/3874
f 2479/2614 3638/3875 2480/2615
f 3617/3853 3639/3876 3640/3877
f 158/178 3641/3878 159/179
f 159/179 3642/3879 2118/2237
f 2693/2843 3149/3328 2436/2570
f 1125/1191 3173/3354 1126/1192
f 663/707 2574/2720 2575/2721
f 1831/1925 3643/3880 1832/1926
f 1239/1313 292/315 2931/3093
f 1580/1662 292/315 2630/2777
f 133/152 3073/3248 2984/3151
f 134/153 133/152 2984/3151
f 1341/1415 1340/1414 3269/3456
f 4232/3881 3270/3457 3269/3463
f 3644/3882 15/33 17/35
f 43/61 3382/3583 3645/3883
f 190/212 1153/1221 1152/1220
f 3646/3884 3334/3532 3333/3531
f 527/563 2229/2353 522/558
f 1977/2087 522/558 524/560
f 1993/2104 3647/3885 1995/2105
f 1416/1494 3648/3886 1417/1495
f 2199/2321 528/564 2197/2319
f 3649/3887 3650/3888 749/798
f 3651/3889 2940/3102 352/375
f 2940/3102 1474/1556 352/375
f 3652/3890 449/480 2810/2967
f 2809/2966 1200/1270 2810/2967
f 3653/3891 3654/3892 3655/3893
f 2210/2333 44/62 2190/2312
f 4232/3881 2070/2185 3656/3894
f 3657/3895 3656/3894 1068/1132
f 3658/3896 3659/3897 427/456
f 3658/3898 4615/132 115/134
f 1920/2025 1940/2047 1921/2026
f 3660/3899 3661/3900 3245/3430
f 3662/3901 2933/3095 2935/3097
f 2935/3097 2933/3095 2934/3096
f 2190/2312 3653/3891 2191/2313
f 2190/2312 3654/3892 3653/3891
f 3663/3902 2197/2319 3662/3901
f 3664/3903 3663/3902 2111/2230
f 3665/3904 3340/3538 682/3540
f 2984/3151 2985/3152 3648/3886
f 830/884 2468/2602 3643/3880
f 831/885 2468/2602 830/884
f 3660/3899 3245/3430 3244/3429
f 3666/3905 1921/2026 3244/3429
f 3667/3906 570/610 3668/3907
f 3473/3692 3669/3908 3474/3693
f 931/987 3670/3909 3671/3910
f 1910/2015 1911/2016 3672/3911
f 3428/3641 2082/2199 3673/3912
f 2082/2199 3428/3641 2084/2201
f 1919/2024 1921/2026 3666/3905
f 289/312 288/311 3666/3905
f 2685/2834 1532/1614 1531/1613
f 362/385 361/384 3674/3913
f 1964/2072 3675/3914 3548/3777
f 3676/3915 1964/2072 2430/2074
f 966/1024 968/1026 964/1022
f 3677/3916 547/583 3636/3872
f 1366/1440 2261/2388 1367/1441
f 3678/3917 162/182 1263/1337
f 3258/3444 1381/1455 1383/1457
f 3258/3444 3265/3452 2965/3130
f 462/494 500/534 166/188
f 2603/2750 2819/2976 1398/1472
f 750/799 531/567 751/800
f 482/515 531/567 480/513
f 3666/3905 2567/2713 1919/2024
f 2558/2702 1919/2024 2567/2713
f 3379/3580 3389/3596 1492/1574
f 841/895 1490/1572 1492/1574
f 3679/3918 3680/3919 3681/3920
f 3681/3920 3680/3919 3682/3921
f 561/597 3683/3922 1743/1831
f 2048/3923 561/597 3161/3924
f 3684/3925 1376/1450 3685/3926
f 3684/3925 3131/3310 3129/3308
f 804/858 3232/3416 3234/3418
f 803/857 3232/3416 804/858
f 852/906 851/905 3686/3927
f 3687/3928 852/906 1789/1881
f 3688/3929 3161/3924 561/597
f 3161/3924 3688/3929 3159/3341
f 2315/2443 2601/2748 2599/2746
f 2599/2746 2611/2758 3689/3930
f 3690/3931 3397/3932 3691/3933
f 3690/3931 3691/3933 3692/3934
f 3205/3388 3693/3935 1376/1450
f 3523/3746 3526/3749 1376/1450
f 3694/3936 249/272 1738/1826
f 1509/1591 1508/1590 249/272
f 2424/2557 2682/2829 3695/3937
f 2424/2557 3696/3938 3154/3333
f 2669/2816 2671/2818 443/472
f 136/155 2654/2801 2653/2800
f 1984/2094 2555/2695 3697/3939
f 3698/3940 3699/3941 2555/2695
f 852/906 3700/3942 1789/1881
f 3563/3792 1626/1710 3701/3943
f 327/350 138/157 140/159
f 3702/3944 138/157 1134/1201
f 916/971 3703/3945 3704/3946
f 520/556 295/318 3028/3199
f 2144/2265 1874/1974 3503/3724
f 1871/1971 1874/1974 3496/3716
f 3355/3555 1897/2000 4460/814
f 3351/3551 257/280 792/846
f 1052/1116 1715/1803 1716/1804
f 3705/3947 2495/2613 2480/2615
f 3381/3582 3380/3581 3366/3567
f 862/917 1682/1769 4646/3432
f 3075/3250 3077/3252 3706/3948
f 3075/1200 3702/3944 1134/1201
f 2679/2826 3707/3949 764/817
f 792/846 793/847 3708/3950
f 3709/3951 1512/1594 1511/1593
f 3710/3952 3709/3951 3711/3953
f 3712/3954 2619/2766 3713/3955
f 3714/3956 3712/3954 3713/3955
f 3639/3876 3705/3947 3715/3957
f 3638/3875 3639/3876 3715/3957
f 3410/3618 3716/3958 3717/3959
f 3717/3959 3718/3960 3719/3961
f 2409/2538 3720/3962 286/309
f 287/310 2409/2538 286/309
f 817/871 3721/3963 816/870
f 3721/3963 896/951 3722/3964
f 984/1044 1852/1949 985/1045
f 3138/3317 3723/3965 3137/3316
f 494/528 2500/2637 495/529
f 494/528 3724/3966 3725/3967
f 3726/3968 3354/3554 3727/3969
f 3509/3731 922/978 921/977
f 3026/3197 3728/3970 3025/3196
f 3729/3971 3625/3861 193/215
f 3730/3972 3137/3316 3723/3965
f 614/654 984/1044 611/651
f 3184/3367 1597/1681 1186/1255
f 3731/3973 3732/3974 1597/1681
f 3470/3689 3733/3975 1480/1562
f 3733/3975 1011/1075 1480/1562
f 2318/2446 2435/2569 2319/2447
f 2929/3091 3597/3829 3734/3976
f 507/542 3735/3977 1559/1641
f 2375/2504 3736/3978 2372/2501
f 4597/3979 4084/2329 3737/3980
f 3136/3315 3738/3981 486/519
f 2377/2506 3504/3726 3128/3306
f 3275/3462 3128/3306 3504/3726
f 1375/1449 3739/3982 1334/1408
f 1333/1407 1375/1449 1334/1408
f 1559/1641 3735/3977 1560/1642
f 669/713 671/715 3747/1871
f 3740/3983 486/3984 3737/3980
f 486/3984 4597/3979 3737/3980
f 2146/2267 809/863 2846/3003
f 2145/2266 2146/2267 3741/3985
f 3742/3986 1480/1562 1691/1778
f 1692/1779 3743/3987 1691/1778
f 1084/3988 1086/1151 3631/3989
f 3744/3990 2002/2116 1084/3988
f 3745/3991 678/722 2732/2884
f 1283/1357 2732/2884 3746/3992
f 996/1058 822/876 824/878
f 1654/1741 1656/1743 996/1058
f 2114/2233 1487/1569 1226/1300
f 2114/2233 1226/1300 1227/1301
f 507/542 3747/3993 3735/3977
f 3747/1871 671/715 3735/3994
f 974/1033 1467/1549 3748/3995
f 1467/1549 2329/2457 3088/3263
f 3452/3667 3749/3996 2986/3668
f 3454/3671 3750/3997 3455/3672
f 3053/3225 514/550 516/552
f 516/552 1132/1198 3248/3434
f 1850/1947 1918/2023 1940/2047
f 1940/2047 1918/2023 3660/3899
f 3749/3996 1220/3998 2986/3668
f 2986/3154 1220/1293 1221/1295
f 2761/2914 3267/3454 3751/3999
f 2786/2942 3267/3454 2761/2914
f 974/1033 2459/2593 975/1034
f 2461/2595 975/1034 2462/2596
f 883/938 885/940 1951/2059
f 3308/3504 883/938 1951/2059
f 554/590 672/716 552/588
f 2770/2923 672/716 554/590
f 1863/1962 3752/4000 4619/4001
f 716/763 3753/4002 108/126
f 899/954 3754/4003 900/955
f 3308/3504 1951/2059 3755/4004
f 3526/3749 3525/3748 1391/1465
f 3756/4005 3757/4006 1652/1739
f 3758/4007 1673/1760 2849/3006
f 3408/3616 2849/3006 1673/1760
f 3181/3364 1214/1285 42/60
f 2154/2275 2210/2333 2209/2332
f 3045/3217 1951/2059 1953/2061
f 2703/2853 1951/2059 3045/3217
f 619/660 621/662 161/181
f 2130/2251 956/1014 2129/2249
f 3759/4008 782/835 3760/4009
f 3056/3228 3761/4010 3057/3229
f 301/324 2818/2975 678/722
f 3745/3991 301/324 678/722
f 3685/3926 1376/1450 3526/3749
f 3131/3310 3526/3749 1391/1465
f 2616/2763 2659/2806 1586/1668
f 2616/2763 2657/2804 2659/2806
f 3088/3263 3762/4011 2460/2594
f 3763/4012 976/1035 1440/1521
f 1757/1847 1755/1844 936/992
f 936/992 938/994 3764/4013
f 3321/3518 2030/2144 3056/3228
f 2030/2144 3761/4010 3056/3228
f 3327/3524 941/997 1610/4014
f 2095/2214 3765/4015 4208/3755
f 3763/4012 3766/4016 3767/4017
f 617/658 3768/4018 618/659
f 2908/3069 2907/3068 3769/4019
f 3769/4019 3730/3972 3770/4020
f 2395/2524 1291/1365 1293/1367
f 1289/1363 1291/1365 2396/2525
f 3718/3960 3771/4021 3719/3961
f 3719/3961 4421/4022 3772/4023
f 2907/3068 1810/1903 3769/4019
f 2909/3070 1808/1901 1810/1903
f 592/632 949/1005 953/1009
f 949/1005 592/632 1791/1883
f 1563/1645 1562/1644 3773/4024
f 1563/1645 3774/4025 3775/4026
f 3776/4027 3198/3381 203/225
f 1382/1456 655/699 657/701
f 2662/2809 219/241 3777/4028
f 2696/2846 219/241 2662/2809
f 3090/3265 231/253 3097/3273
f 3763/4012 3097/3273 3766/4016
f 267/290 1500/1582 268/291
f 2865/3023 1500/1582 3778/4029
f 3427/3640 3779/4030 3780/4031
f 3779/4030 3781/4032 1243/1317
f 3782/4033 1505/1587 1504/1586
f 606/646 608/648 1504/1586
f 3783/4034 3784/4035 3785/4036
f 3786/4037 3787/4038 3788/4039
f 3768/4018 3789/4040 618/659
f 3766/4016 3097/3273 3789/4040
f 2915/3077 2916/3078 219/241
f 219/241 2696/2846 2915/3077
f 475/508 3790/4041 476/509
f 3791/4042 3792/4043 3641/3878
f 3097/3273 231/253 3789/4040
f 231/253 618/659 3789/4040
f 1423/4044 3793/4045 3794/4046
f 2405/2534 2408/2537 2407/2536
f 3795/4047 2870/3028 428/457
f 4576/3036 3214/3398 2876/3034
f 3796/4048 3797/4049 3798/4050
f 3796/4048 1346/1420 3799/4051
f 311/334 3074/3249 3800/4052
f 866/921 865/920 3800/4052
f 3801/4053 1272/1346 3802/4054
f 3803/4055 3804/4056 1332/1406
f 3793/4045 2408/2537 3794/4046
f 3805/4057 2567/2713 2408/2537
f 700/747 3806/4058 266/289
f 3778/4029 1500/1582 3807/4059
f 2348/2476 850/904 2349/2477
f 850/904 852/906 3687/3928
f 2533/2673 2333/2461 673/717
f 2533/2673 673/717 2532/2672
f 3808/4060 3437/3650 2634/2781
f 281/304 3439/3652 282/305
f 3809/4061 1333/1407 1330/1404
f 3810/4062 3804/4056 3811/4063
f 4136/4064 4776/4065 1624/1708
f 3772/4023 4421/4022 3812/4066
f 391/415 2730/2882 3813/4067
f 551/587 3813/4067 549/585
f 3437/3650 73/91 72/90
f 3808/4060 281/304 3437/3650
f 3814/4068 431/460 430/459
f 431/460 3814/4068 3815/4069
f 1624/1708 2313/2441 3812/4066
f 1623/1707 2313/2441 1624/1708
f 2152/2273 2190/2312 2192/2314
f 3816/4070 3617/3853 1590/1673
f 59/77 58/76 1978/2088
f 363/386 1978/2088 364/387
f 1866/1966 892/947 894/949
f 2993/3161 2992/3160 1866/1966
f 2011/2125 3817/4071 3818/4072
f 3819/4073 2709/2859 2011/2125
f 1623/1707 190/212 2312/2440
f 1623/1707 3646/3884 190/212
f 361/384 1532/1614 2685/2834
f 315/338 1532/1614 316/339
f 1026/1090 1040/1104 791/845
f 1027/1091 1026/1090 791/845
f 2961/3126 28/46 3820/4074
f 28/46 2624/2771 3478/3698
f 2152/2273 3821/4075 3608/3841
f 3821/4075 2152/2273 3822/4076
f 2821/2978 2822/2979 3823/4077
f 1398/1472 2819/2976 2821/2978
f 504/538 501/535 505/539
f 2082/2199 3824/4078 3673/3912
f 3825/4079 2779/2934 200/222
f 3825/4079 3046/3218 3826/4080
f 3739/3982 3827/4081 1334/1408
f 3828/4082 3829/4083 1389/1463
f 3608/3841 3821/4075 3189/3372
f 3830/4084 3822/4076 3816/4070
f 3674/3913 361/384 1533/1615
f 3674/3913 1533/1615 1433/1514
f 877/932 879/934 3831/4085
f 1702/1789 1701/1788 3831/4085
f 771/824 773/826 1750/1839
f 679/723 947/1003 680/724
f 990/1051 616/3594 988/1049
f 1009/1073 3832/4086 616/3594
f 1815/1908 1128/1194 3833/4087
f 2562/2705 3834/4088 2561/2706
f 3835/4089 881/936 438/467
f 833/887 881/936 3573/3803
f 1655/1742 635/679 1656/1743
f 1334/1408 3827/4081 1655/1742
f 3836/4090 3837/4091 3838/4092
f 1787/1879 1786/1878 3838/4092
f 2073/2189 297/320 3284/3474
f 198/220 297/320 199/221
f 1750/1839 679/723 2817/2974
f 1750/1839 773/826 679/723
f 3495/3715 2954/3118 3839/4093
f 2154/2275 2211/2334 2954/3118
f 2150/2271 2149/2270 3717/3959
f 187/209 3410/3618 3717/3959
f 603/643 3840/4094 604/644
f 2184/2306 603/643 779/832
f 870/925 1655/1742 3827/4081
f 3828/4082 1389/1463 1162/1230
f 3841/4095 102/120 3842/4096
f 3462/3680 102/120 3841/4095
f 1499/1581 1723/1811 387/410
f 1723/1811 3458/3675 3459/3676
f 419/447 2187/2309 2186/2308
f 603/643 2187/2309 3840/4094
f 1150/1955 305/328 3843/4097
f 1184/1253 305/328 307/330
f 166/188 786/839 3124/3302
f 786/839 2603/2750 787/841
f 1362/1436 3844/4098 3845/4099
f 3245/3430 3243/3428 3242/3427
f 3404/4100 100/118 3846/4101
f 3287/3477 3404/4100 3846/4101
f 3709/3951 35/53 3711/3953
f 35/53 1513/1595 1515/1597
f 343/366 2362/2491 126/145
f 126/145 3847/4102 127/146
f 1806/1899 1047/1111 3375/3576
f 1009/1073 1047/1111 1046/1110
f 599/639 2025/2139 3848/4103
f 2025/2139 599/639 3849/4104
f 3861/3682 4698/2359 1073/1137
f 2765/2918 2767/2920 3850/4105
f 3851/4106 1362/1436 3852/4107
f 3241/3426 3853/4108 3242/3427
f 3854/4109 3855/4110 3856/4111
f 1422/1500 3857/4112 3858/4113
f 3402/2378 3859/4114 3401/4115
f 3401/3607 837/891 3402/3608
f 3860/4116 3187/3370 3186/3369
f 1555/1637 1554/1636 1534/1616
f 183/205 3850/2361 3861/3682
f 2767/2920 3861/4117 3850/4105
f 39/57 3635/3871 3260/3446
f 1393/1467 3634/3870 39/57
f 2094/2213 1541/1623 1540/1622
f 3081/3256 2094/2213 3862/4118
f 341/364 3863/4119 2465/2599
f 341/364 2319/2447 3863/4119
f 542/578 3864/4120 543/579
f 543/579 3865/4121 1634/1718
f 3322/3519 3866/4122 208/230
f 1914/2019 1976/2086 1975/2085
f 2668/2815 2667/2814 3004/3172
f 3867/4123 4740/4124 2665/4125
f 3868/4126 1914/2019 1913/2018
f 3322/3519 1914/2019 3868/4126
f 3869/4127 3870/4128 1224/1298
f 329/352 1542/1624 942/998
f 3871/4129 1637/1721 3872/4130
f 3873/4131 3874/4132 3875/4133
f 3876/4134 3281/3470 469/501
f 3876/4134 469/501 2551/2691
f 39/57 3260/3446 40/58
f 3260/3446 3855/4110 3877/4135
f 225/247 911/966 3872/4130
f 1637/1721 225/247 3872/4130
f 1544/1626 3878/4136 3328/3525
f 3879/4137 1544/1626 2941/3103
f 1597/1681 3732/3974 3880/4138
f 807/861 1596/1680 3732/3974
f 3868/4126 1913/2018 3866/4122
f 3868/4126 3866/4122 3322/3519
f 3881/4139 961/1019 3882/4140
f 3344/3544 1409/1487 961/1019
f 3883/4141 3854/4109 3856/4111
f 3855/4110 3884/4142 3877/4135
f 3192/3375 1635/1719 472/504
f 1636/1720 1635/1719 223/245
f 1596/1680 205/227 204/226
f 3880/4138 3732/3974 1596/1680
f 963/1021 3885/4143 3344/3544
f 462/494 1710/1798 499/533
f 67/85 1078/1142 68/86
f 1523/1605 3449/3664 2625/2772
f 304/327 3886/4144 3261/3447
f 3884/4142 3887/4145 3886/4144
f 3888/4146 3376/3577 986/1046
f 3481/3701 3888/4146 1109/1175
f 3889/4147 2270/2397 3595/3827
f 2316/2444 3890/4148 2317/2445
f 1341/1415 3269/3456 1081/1146
f 1341/1415 1081/1146 2773/2926
f 3891/4149 1635/1719 3192/3375
f 3153/3332 3891/4149 3192/3375
f 3547/3774 3546/3773 3892/4150
f 3893/4151 3546/3773 3535/3762
f 3894/4152 2986/3154 3895/4153
f 3896/4154 3897/4155 3898/4156
f 3899/4157 1202/1272 1504/1586
f 743/792 1202/1272 3899/4157
f 890/945 889/944 3900/4158
f 2490/2626 890/945 3900/4158
f 2610/2757 2608/2755 2609/2756
f 2314/2442 2610/2757 2611/2758
f 1915/2020 202/224 2553/2693
f 202/224 2478/2612 2553/2693
f 999/1061 2300/2428 1597/1681
f 1597/1681 3627/3863 3731/3973
f 3901/4159 2279/2407 2875/3033
f 2875/3033 2279/2407 2859/3017
f 3714/3956 3713/3955 3902/4160
f 3452/3667 3894/3669 3903/4161
f 2206/2328 3286/3476 814/868
f 586/626 3286/3476 2206/2328
f 2257/2384 2269/2396 3904/4162
f 2269/2396 2257/2384 911/966
f 1629/1713 1321/1395 1322/1396
f 1322/1396 3409/3617 2751/2904
f 2274/2401 2314/2442 2275/2402
f 2274/2401 2610/2757 2314/2442
f 1928/2033 1930/2035 3905/4163
f 2283/2411 3906/4164 2875/3033
f 3907/4165 3714/3956 3902/4160
f 2975/3142 2974/3141 3714/3956
f 3908/4166 3670/3909 2606/2485
f 3908/4166 2606/2485 2356/2484
f 3909/4167 2669/2816 3910/4168
f 3911/4169 1135/1203 1137/1205
f 3187/3370 1602/1686 2589/2736
f 1602/1686 3187/3370 3860/4116
f 3912/4170 996/1058 997/1059
f 1654/1741 996/1058 3912/4170
f 2933/3095 3649/3887 749/798
f 2933/3095 752/801 2926/3088
f 3908/4166 2356/2484 929/985
f 3908/4166 3671/3910 3670/3909
f 874/929 876/931 3849/4104
f 3532/3759 3913/4171 1643/1728
f 3914/4172 715/762 2734/2887
f 178/200 715/762 179/201
f 3915/4173 3093/3269 391/415
f 1315/1389 548/584 1313/1387
f 3916/4174 1243/1317 1242/1316
f 3425/3638 3427/3640 3780/4031
f 3917/4175 3914/4172 2734/2887
f 3917/4176 4650/4177 3918/4178
f 2508/2647 3904/4162 3919/4179
f 3904/4162 2508/2647 2257/2384
f 2232/2356 2271/2398 2233/2357
f 2216/2339 2271/2398 2232/2356
f 3920/4180 3921/4181 3922/4182
f 3692/3934 3691/3933 3923/4183
f 3924/4184 756/806 755/805
f 1516/1598 89/107 3925/4185
f 2085/2202 2083/2200 2082/2199
f 432/461 171/193 3926/4186
f 2092/2211 3929/2699 1371/2696
f 1372/1446 1371/1445 3176/3357
f 493/527 1003/1065 1002/1064
f 2840/2997 1348/1422 493/527
f 2271/2398 2247/2373 2233/2357
f 2270/2397 2598/2745 2271/2398
f 1501/1583 2064/2179 268/291
f 3927/4187 3925/4185 3924/4184
f 432/461 2085/2202 2612/2759
f 432/461 3926/4186 2085/2202
f 179/201 3914/4172 4573/2885
f 179/201 715/762 3914/4172
f 508/543 1779/4188 1778/541
f 1150/1218 3928/4189 1151/1219
f 2419/2550 2853/3010 2852/3009
f 2419/2550 2852/3009 2412/2551
f 2090/2208 234/256 236/258
f 236/258 1371/1445 3929/4190
f 536/572 538/574 3930/4191
f 74/92 1243/1317 3781/4032
f 2747/2900 3932/4192 3931/4193
f 2067/2182 2069/2184 3932/4194
f 4677/4195 1779/4188 3928/4189
f 510/545 4677/4196 4678/546
f 915/970 1797/1890 1798/1891
f 3703/3945 3933/4197 3704/3946
f 1049/1113 1048/1112 1329/1403
f 1048/1112 2750/2903 2093/2212
f 3934/4198 1082/2009 1904/2008
f 1980/2090 739/787 3934/786
f 192/214 3263/3449 1456/1537
f 3263/3449 3935/4199 3274/3461
f 1147/1215 3936/4200 3843/4097
f 3928/4189 3936/4201 4677/4195
f 2069/2184 753/802 4780/804
f 3932/4192 1018/1082 3931/4193
f 3937/4202 1679/1766 3474/3693
f 2738/2891 2736/2889 928/984
f 2902/3063 2904/3065 1844/1940
f 1129/1195 2904/3065 3938/4203
f 3252/3438 3254/3440 3939/4204
f 3939/4204 3940/4205 3941/4206
f 3396/3600 2336/2464 3399/3603
f 2355/2483 423/452 3399/3603
f 4590/4207 3615/3850 3942/4208
f 591/631 3430/3643 2320/2448
f 3668/3907 570/610 3943/4209
f 3474/3693 570/610 3937/4202
f 560/596 559/595 1071/1135
f 1646/1731 560/596 1647/1732
f 3008/3176 974/1033 3944/4210
f 3041/3213 974/1033 3008/3176
f 3940/4205 3873/4131 3945/4211
f 3254/3440 3940/4205 3939/4204
f 2340/2468 496/530 498/532
f 1187/1256 1163/1231 1188/1257
f 1862/1961 3946/4212 1022/1086
f 2054/2168 2688/2837 2052/2166
f 570/610 314/337 569/609
f 569/609 512/548 570/610
f 3947/4213 1363/1437 3948/4214
f 1537/1619 1363/1437 2857/3014
f 3351/3551 3949/4215 3355/3555
f 791/845 3351/3551 3355/3555
f 939/995 2094/2213 940/996
f 2094/2213 3081/3256 940/996
f 2838/2995 2837/2994 2851/3008
f 2851/3008 2837/2994 2849/3006
f 3282/3471 3950/4216 469/501
f 3282/3471 3002/3170 3950/4216
f 365/388 3154/3333 366/389
f 1091/1156 1090/1155 365/388
f 2440/2574 1404/1478 3951/4217
f 3501/3722 3951/4217 3502/3723
f 3254/3440 3873/4131 3940/4205
f 3873/4131 3952/4218 3874/4132
f 567/607 1286/1360 3114/3292
f 3953/4219 567/607 3954/4220
f 3955/4221 3956/4222 3957/4223
f 3958/4224 3956/4222 3955/4221
f 535/571 534/570 3227/3411
f 3225/3409 3227/3411 3572/3802
f 3959/4225 2977/3144 3960/4226
f 3961/4227 3962/4228 3963/4229
f 3964/4230 3114/3292 3965/4231
f 567/607 3114/3292 3954/4220
f 2535/2675 593/633 953/1009
f 2535/2675 2225/2348 593/633
f 2304/2432 3966/4232 2218/2341
f 2303/2431 3599/3831 2304/2432
f 685/732 1834/1928 2468/2602
f 831/885 685/732 2468/2602
f 3083/3258 575/615 577/617
f 3082/3257 3358/3558 3062/3237
f 3967/4233 563/601 392/416
f 3093/3269 3967/4233 392/416
f 1377/1451 3129/3308 1350/1424
f 2133/2254 1377/1451 1350/1424
f 808/862 825/879 1029/1093
f 2394/2523 1029/1093 825/879
f 1024/1088 3416/3624 3968/4234
f 3969/4235 3970/4236 3971/4237
f 3031/3202 1410/1488 1141/1209
f 2098/2217 1176/1244 3972/4238
f 3973/4239 703/750 702/749
f 3921/4181 3923/4183 3974/4240
f 3416/3624 3971/4237 3968/4234
f 3971/4237 255/278 254/277
f 2269/2396 914/969 3904/4162
f 225/247 914/969 2269/2396
f 712/759 2762/2915 2764/2917
f 277/300 279/302 712/759
f 906/961 3975/4241 907/962
f 905/960 3141/3320 906/961
f 3283/3472 3922/4182 702/749
f 3974/4240 3922/4182 3921/4181
f 3976/4242 2724/2876 3977/4243
f 2724/2876 3976/4242 2762/2915
f 702/749 3978/4244 3923/4183
f 702/749 3922/4182 3978/4244
f 906/961 3979/4245 3980/4246
f 2380/2509 2379/2508 3980/4246
f 3981/4247 2523/2663 180/202
f 3230/726 1748/1837 2523/2663
f 3977/4243 3982/4248 3976/4242
f 2763/2916 2762/2915 3976/4242
f 568/608 567/607 3953/4219
f 3904/4162 3983/4249 3919/4179
f 2452/2586 100/118 1343/1417
f 3984/4250 322/345 3985/4251
f 2027/2141 3779/4030 3427/3640
f 3986/4252 2027/2141 3427/3640
f 7/25 3987/4253 8/26
f 1994/2107 3988/4254 3989/4255
f 2987/3155 2914/3076 2565/2711
f 2987/3155 2565/2711 119/138
f 914/969 3990/4256 3904/4162
f 3991/4257 3983/4249 3904/4162
f 2281/2409 3037/3209 2282/2410
f 893/948 892/947 3992/4258
f 2183/2305 2717/2868 2032/2146
f 3760/4009 782/835 2032/2146
f 3961/4227 3787/4038 3786/4037
f 3784/4035 3993/4259 3994/4260
f 2577/2723 1199/1268 2578/2724
f 2576/2722 2586/2733 2577/2723
f 568/608 3953/4219 3991/4257
f 568/608 3990/4256 566/606
f 1016/1080 1015/1079 3995/4261
f 1016/1080 3995/4261 2854/3011
f 959/1017 578/618 580/620
f 3442/3655 1259/1333 578/618
f 120/139 2565/2711 1353/1427
f 3996/4262 1353/1427 1352/1426
f 2586/2733 1199/1268 2577/2723
f 1197/1266 1199/1268 2586/2733
f 3997/4263 1417/1495 3665/3904
f 3997/4264 3665/728 683/730
f 2417/1036 1725/1813 2855/2541
f 2417/2547 2854/3011 3995/4261
f 3494/3714 3493/3713 319/342
f 3998/4265 317/340 319/342
f 1855/1952 1857/1954 3180/3363
f 2155/2276 2354/2482 2153/2274
f 45/63 3999/4266 46/64
f 4000/4267 2443/2577 2442/2576
f 3475/3694 1577/1659 335/358
f 1676/1763 3475/3694 4001/4268
f 1802/1895 4002/4269 4003/4270
f 3994/4260 3993/4259 4004/4271
f 415/443 416/444 2551/2691
f 4005/4272 415/443 2552/2692
f 1706/3718 3499/3720 2117/2236
f 2117/2236 2116/2235 1706/3718
f 3475/3694 3484/3704 4001/4268
f 318/341 1676/1763 4001/4268
f 2336/2464 3396/3600 2401/2530
f 565/603 3396/3600 3690/604
f 319/342 4006/4273 61/79
f 318/341 4001/4268 4007/4274
f 3247/3433 3368/3569 377/400
f 377/400 4008/4275 12/30
f 4009/4276 4003/4270 4010/4277
f 4003/4270 3994/4260 4004/4271
f 581/621 2123/2242 3384/3585
f 3197/3380 581/621 3384/3585
f 3539/3766 4011/4278 448/477
f 4012/4279 2507/2646 4013/4280
f 4014/4281 4015/4282 4016/4283
f 2643/2790 3720/3962 2644/2791
f 116/135 3229/3413 2457/2591
f 116/135 1552/1634 117/136
f 2929/3091 3734/3976 3633/3869
f 1298/1372 2929/3091 3633/3869
f 744/793 743/792 4017/4284
f 186/208 4017/4284 743/792
f 726/773 728/775 1316/1390
f 495/529 2499/2636 550/586
f 286/309 2657/2804 4018/4285
f 286/309 3720/3962 2643/2790
f 2829/2986 395/419 3219/3403
f 399/423 4019/4286 769/822
f 4020/4287 459/491 118/137
f 459/491 116/135 118/137
f 1451/1532 3252/3438 3939/4204
f 542/578 3939/4204 3864/4120
f 1423/1502 3857/4112 1422/1500
f 4021/4288 4310/4289 4022/4290
f 1316/1390 1313/1387 726/773
f 1313/1387 1316/1390 2177/2299
f 2478/2612 609/649 2173/2295
f 609/649 278/301 277/300
f 4009/4276 3994/4260 4003/4270
f 3783/4034 3785/4036 1161/1229
f 3512/3734 1657/1744 1659/1746
f 3512/3734 4023/4291 3513/3735
f 3871/4129 3872/4130 3865/4121
f 3940/4205 3945/4211 3941/4206
f 2258/2385 3909/4167 3910/4168
f 2258/2385 3910/4168 2259/2386
f 809/863 4024/4292 810/864
f 4024/4292 4025/4293 810/864
f 1802/1895 3961/4227 1803/1896
f 1802/1895 4026/4294 4027/4295
f 2118/2237 4028/4296 1706/1794
f 3642/3879 2892/3051 2118/2237
f 3864/4120 4029/4297 543/579
f 3939/4204 3941/4206 3864/4120
f 3524/3747 2364/2493 3525/3748
f 4030/4298 4031/4299 2364/2493
f 122/141 4032/4300 123/142
f 3608/3841 1194/1263 4033/4301
f 1632/1716 115/134 2096/2215
f 1630/1714 1139/1207 2096/2215
f 811/865 810/864 455/487
f 4034/4302 455/487 4035/4303
f 4036/4304 4037/4305 4038/4306
f 2680/2827 2729/2881 2783/2939
f 4338/1294 2563/2709 1221/1295
f 1053/1117 3329/3526 1054/1118
f 4039/4307 4040/4308 4041/4309
f 4042/4310 4040/4308 4039/4307
f 4043/4311 4019/4286 2471/2605
f 2471/2605 3251/3437 4043/4311
f 455/487 1707/1795 4035/4303
f 159/179 3641/3878 4044/4312
f 4045/4313 2585/2732 2563/2709
f 4338/1294 4045/4313 2563/2709
f 283/306 285/308 3729/3971
f 3729/3971 285/308 3625/3861
f 3361/3561 3360/3560 2245/2371
f 4046/4314 1829/1923 1828/1922
f 4042/4310 4047/4315 4040/4308
f 3783/4034 1161/1229 4048/4316
f 342/365 2465/2599 4049/4317
f 2465/2599 3863/4119 1777/1867
f 2477/2611 85/103 488/522
f 85/103 489/523 488/522
f 4050/4318 77/95 76/94
f 1289/1363 77/95 1290/1364
f 2454/2588 1942/2049 1946/2053
f 1944/2051 1946/2053 1942/2049
f 4048/4316 1161/1229 1160/1228
f 1652/1739 3757/4006 1160/1228
f 3564/3793 3544/3771 1627/1711
f 1613/1697 3958/4224 805/859
f 4051/4319 1594/1678 1104/1170
f 1107/1173 1283/1357 3746/3992
f 3027/3198 2407/2536 287/310
f 2407/2536 2406/2535 2405/2534
f 2593/2740 3314/3510 3313/3509
f 2572/2718 2705/2855 2483/2619
f 4052/4320 4053/4321 4054/4322
f 1080/4323 359/382 358/381
f 4055/4324 2351/2479 600/640
f 600/640 3542/3769 4055/4324
f 4056/4325 1974/2084 2382/2511
f 4056/4325 4031/4299 4030/4298
f 2609/2756 1581/1663 1580/1662
f 4057/4326 4058/4327 2631/2778
f 2744/2897 4059/4328 3314/3510
f 2744/2897 3314/3510 2593/2740
f 3543/3770 3542/3769 600/640
f 3531/3758 3913/4171 3532/3759
f 4060/4329 868/923 870/925
f 3828/4082 4060/4329 870/925
f 2382/2511 1976/2086 3324/3521
f 4031/4299 2381/2510 2364/2493
f 1580/1662 4058/4327 4057/4326
f 2629/2776 1580/1662 2630/2777
f 347/370 4061/4330 348/371
f 1730/1818 4061/4330 2526/2666
f 592/632 1816/1909 1790/1882
f 574/614 1816/1909 572/612
f 87/105 2436/2570 2322/2450
f 2436/2570 2438/2572 4062/4331
f 4063/4332 4064/4333 1898/2001
f 4065/4334 4063/4332 3212/3395
f 2891/3050 2555/2695 1983/2093
f 3698/3940 2555/2695 2891/3050
f 1730/1818 1739/1827 1728/1816
f 4061/4330 1730/1818 1728/1816
f 1898/2001 4064/4333 163/183
f 1262/1336 1938/2044 163/183
f 2322/2450 1065/1129 1688/1775
f 4062/4331 2438/2572 1065/1129
f 1791/1883 1790/1882 573/613
f 573/613 4066/4335 4067/4336
f 3447/3662 1175/1243 1174/1242
f 2098/2217 115/134 114/133
f 1200/1270 2385/2514 2810/2967
f 451/482 2385/2514 2923/3085
f 794/848 1001/1063 4068/4337
f 3177/3358 2728/2880 4068/4338
f 16/34 3777/4028 219/241
f 3777/4028 16/34 3569/3798
f 4069/4339 4070/4340 4071/4341
f 4069/4339 4072/4342 4073/4343
f 1571/1653 3870/4128 64/82
f 3878/4136 1544/1626 3879/4137
f 4074/4344 4075/4345 3288/3478
f 4075/4345 4074/4344 3969/4235
f 4076/4346 2599/2746 2598/2745
f 2599/2746 4076/4346 3889/4147
f 1228/1302 4741/2042 1936/2041
f 1229/1303 4694/663 623/665
f 3142/3321 4077/4347 4078/4348
f 4079/4349 2285/2413 4080/4350
f 1031/1095 3127/3305 4081/4351
f 1031/1095 4082/4352 4083/4353
f 3808/4060 2634/2781 2636/2783
f 2636/2783 2634/2781 2637/2784
f 797/851 210/232 798/852
f 797/851 2728/2880 3177/3358
f 1454/1535 2539/3231 3060/3233
f 1941/2048 1454/2045 1850/1947
f 2287/2415 2286/2414 3142/3321
f 4079/4349 4080/4350 2989/3157
f 1809/1902 2207/4354 4084/4355
f 1809/1902 4084/4355 3168/3348
f 1031/1095 4083/4353 1032/1096
f 4083/4353 2346/2474 1032/1096
f 1894/1997 1896/1999 1747/1836
f 1746/1835 1894/1997 1747/1836
f 2337/2465 1284/1358 2793/2949
f 2337/2465 1285/1359 1284/1358
f 163/183 1938/2044 790/184
f 1264/1338 4088/3627 1938/2044
f 1747/1836 1896/1999 1876/1976
f 1876/1976 1896/1999 2972/3137
f 3925/4185 4085/4356 1516/1598
f 1501/1583 3927/4187 2064/2179
f 2790/2946 2699/2849 2770/2923
f 3517/4357 2789/4358 3516/3738
f 1937/4359 4086/4360 4087/4361
f 4088/4362 1937/4359 4087/4361
f 3963/4229 1803/1896 3961/4227
f 4089/4363 3590/3822 4090/4364
f 1500/1582 1519/1601 1501/1583
f 3927/4187 1501/1583 1519/1601
f 2705/2855 2707/2857 2483/2619
f 2597/2744 2484/2620 2483/2619
f 2790/4365 2789/2945 1411/1489
f 2789/4358 2790/2946 3516/3738
f 1603/1687 1599/1683 1601/1685
f 33/51 35/53 445/474
f 2008/2122 1606/1690 2591/2738
f 1607/1691 2709/2859 2708/2858
f 2784/2940 3268/3455 2788/2944
f 2784/2940 2886/3045 3268/3455
f 2208/2331 3152/3331 3151/3330
f 3167/3347 3151/3330 3152/3331
f 2906/3067 487/521 4091/4366
f 2791/2947 2906/3067 2908/3069
f 1411/1489 606/646 1563/1645
f 1563/1645 606/646 1503/1585
f 1165/1233 4092/4367 3116/3294
f 3122/3300 3116/3294 3115/3293
f 1887/1987 3167/3347 471/503
f 3167/3347 3191/3374 3192/3375
f 1408/1484 380/403 3038/1485
f 3038/1485 380/403 3039/3211
f 2044/2158 577/617 1358/1432
f 3277/3466 1356/1430 1358/1432
f 4093/4368 1772/1862 1771/1861
f 734/781 3370/3571 3609/3842
f 3707/3949 3797/4049 3796/4048
f 4259/816 4094/4369 3305/3499
f 1726/1814 2412/2551 3490/4370
f 2412/2542 4095/4371 3490/3710
f 3797/4049 3707/3949 4094/4369
f 3708/3950 4096/4372 3797/4049
f 2254/2381 2252/4373 3402/3608
f 4292/3484 2252/4373 2254/2381
f 2221/2344 3431/3644 2222/2345
f 3431/3644 2309/2437 2222/2345
f 289/312 3244/3429 4014/4281
f 3666/3905 3244/3429 289/312
f 763/815 4094/4369 4259/816
f 763/815 1897/2000 4094/4369
f 1349/1423 1351/1425 2949/3112
f 3802/4054 3810/4062 3811/4063
f 2253/2380 4097/4374 2254/2381
f 1407/1481 2254/2381 4097/4374
f 2979/3146 3590/3822 4089/4363
f 2981/3148 3590/3822 2979/3146
f 793/847 4096/4372 3708/3950
f 259/282 793/847 257/280
f 1475/1557 270/293 269/292
f 1670/1757 1669/1756 270/293
f 4410/4375 4403/4376 4098/4377
f 4099/4378 4100/4379 801/855
f 1876/1976 3959/4225 181/203
f 2978/3145 1876/1976 2972/3137
f 4101/4380 3465/3684 3467/3686
f 3395/3599 4102/4381 3394/3598
f 1169/1237 1737/1825 57/75
f 1737/1825 1169/1237 1171/1239
f 3220/3404 1225/1299 2112/2231
f 4103/4382 2113/2232 2112/2231
f 638/682 3802/4054 3357/3557
f 638/682 3809/4061 3802/4054
f 2041/2155 3394/3598 4102/4381
f 3467/3686 3466/3685 1493/1575
f 2822/4383 4104/4384 1167/1235
f 1166/1234 2822/4383 1167/1235
f 3076/1202 327/350 326/349
f 941/3487 940/4385 4105/4386
f 4106/4387 1273/1347 4107/4388
f 4106/4387 1274/1348 1273/1347
f 338/361 588/628 339/362
f 4108/4389 588/628 3597/3829
f 2399/2528 3239/3424 2400/2529
f 3239/3424 3592/3824 2400/2529
f 734/781 2134/2255 3370/3571
f 4107/4388 1273/1347 3370/3571
f 580/620 579/619 32/50
f 167/189 32/50 168/190
f 4109/4390 2260/2387 1152/1220
f 3909/4167 4109/4390 1137/1205
f 3317/3514 4110/4391 882/937
f 904/959 903/958 2391/2520
f 4111/4392 941/3487 4105/4386
f 4111/4392 1611/1695 941/3487
f 1974/2084 4112/4393 1972/2082
f 1974/2084 1972/2082 2579/2725
f 749/798 3650/3888 750/799
f 3650/3888 2345/2473 750/799
f 882/937 4113/4394 438/467
f 4113/4394 882/937 4110/4391
f 1205/1275 4114/4395 1203/1273
f 2785/2941 2784/2940 1203/1273
f 1709/1797 32/50 1711/1799
f 1711/1799 4115/4396 1709/1797
f 3194/3377 11/29 3296/3488
f 4116/4397 3440/3653 3296/3488
f 2156/2277 2701/2851 2700/2850
f 2156/2277 659/703 104/122
f 3307/3503 3306/3502 1926/2031
f 4117/4398 3537/3764 3307/3503
f 1932/2037 242/265 1782/1873
f 3009/3177 414/442 1782/1873
f 3054/3226 724/771 4118/4399
f 728/775 727/774 4119/4400
f 2688/2837 1354/1428 4120/4401
f 4120/4401 1354/1428 3206/3389
f 4121/4402 3271/3458 398/422
f 4121/4402 398/422 397/421
f 895/950 754/803 4528/1993
f 4122/4403 4123/4404 4124/4405
f 771/824 242/265 244/267
f 1782/1873 242/265 771/824
f 2298/2426 2218/2341 2690/2839
f 2295/2423 2690/2839 1372/1446
f 727/774 4125/4406 4119/4400
f 2499/2636 2500/2637 727/774
f 4126/4407 1694/1781 2310/2438
f 424/453 2310/2438 1694/1781
f 3412/3620 3172/3353 422/451
f 3412/3620 3175/3356 3172/3353
f 2825/2982 4127/4408 4128/4409
f 3710/3952 1512/1594 3709/3951
f 2481/2616 1913/2018 2109/2228
f 1913/2018 216/238 218/240
f 2130/2251 619/660 956/1014
f 936/992 4439/1845 2131/2252
f 539/575 4129/4410 4127/4408
f 539/575 541/577 4129/4410
f 442/471 135/154 1703/1790
f 3593/3825 1703/1790 396/420
f 4130/4411 4131/4412 2074/2190
f 2075/2191 1466/1548 2076/2192
f 1272/1346 998/1060 782/835
f 3801/4053 4132/4413 1272/1346
f 2135/2256 4133/4414 2134/2255
f 4133/4414 2948/3111 2949/3112
f 3532/3759 874/929 3849/4104
f 598/638 1743/1831 1742/1830
f 2684/2833 3004/2832 2686/2835
f 4740/4124 3867/4123 3004/2832
f 747/796 819/873 3568/3797
f 191/213 4134/4415 3568/3797
f 3206/3389 2948/3111 4133/4414
f 3206/3389 1378/1452 2948/3111
f 4135/4416 3688/3929 561/597
f 598/638 597/637 4135/4416
f 4136/4417 1190/1259 1192/1261
f 1193/1262 4136/4417 1192/1261
f 717/4418 3515/3737 2769/2922
f 3515/3737 553/589 2769/2922
f 3801/4053 3811/4063 4132/4413
f 3802/4054 3811/4063 3801/4053
f 3030/3201 2138/2259 1410/1488
f 3882/4140 961/1019 1409/1487
f 4137/4419 2549/2689 3236/3420
f 4137/4419 2812/2969 2549/2689
f 4138/4420 3716/3958 3410/3618
f 3718/1876 4138/4421 1785/1877
f 2968/3133 1794/1886 4139/4422
f 4139/4422 2983/3150 2968/3133
f 601/641 600/640 4140/4423
f 2371/2500 1550/1632 4140/4423
f 4141/4424 2580/2726 275/298
f 3818/4072 4142/4425 2007/2121
f 4143/4426 1640/1724 1641/2078
f 3404/4100 3287/3477 3405/4427
f 4112/4393 1974/2084 4056/4325
f 4112/4393 4056/4325 4030/4298
f 3336/3534 276/299 2010/2124
f 2779/2934 2778/2933 3336/3534
f 2463/2597 4144/4428 2464/2598
f 2435/2569 2434/2568 4144/4428
f 3000/3168 4733/1990 1889/1989
f 1889/1989 3241/3426 3000/3168
f 1060/1124 1062/1126 71/89
f 1062/1126 409/436 3078/3253
f 4145/4429 161/181 160/180
f 160/180 162/182 3678/3917
f 127/146 298/321 128/147
f 3825/4079 298/321 3046/3218
f 3344/3544 3885/4143 1710/1798
f 4115/4396 1708/1796 1709/1797
f 3038/430 407/432 4146/4430
f 896/951 4147/4431 4146/4430
f 160/180 3678/3917 4148/4432
f 504/538 506/540 4149/4433
f 291/314 1526/1608 2931/3093
f 1526/1608 758/808 3079/3254
f 3956/4222 1616/1700 3957/4223
f 1627/1711 1616/1700 3956/4222
f 3184/3367 1186/1255 1185/1254
f 2147/2268 3184/3367 1185/1254
f 4150/1012 1795/1888 4154/1887
f 4150/4434 433/462 934/990
f 1524/1606 1760/1850 3326/3523
f 1546/1628 1524/1606 3326/3523
f 302/325 1763/1853 2869/3027
f 40/58 302/325 41/59
f 2218/2341 2220/2343 4151/4435
f 3423/3634 4152/4436 4153/4437
f 2281/2409 2283/2411 2860/3018
f 2281/2409 3992/4258 3037/3209
f 4154/4438 3233/2287 2165/2286
f 4154/4438 433/462 4150/4434
f 4155/4439 221/243 220/242
f 221/243 3676/3915 2430/2074
f 2943/3105 2952/3116 2951/3115
f 3556/3785 1206/1276 627/669
f 4156/4440 1548/1630 1549/1631
f 1549/1631 1547/1629 3325/3522
f 3171/3352 1089/1154 1091/1156
f 4157/4441 4158/4442 212/234
f 1206/1276 4159/4443 627/669
f 627/669 4159/4443 1842/1937
f 4160/4444 4161/4445 1496/1578
f 3837/4091 2768/2921 4162/4446
f 4163/4447 4164/4448 1036/1100
f 1036/1100 1038/1102 1201/1271
f 1550/1632 855/909 856/910
f 1550/1632 601/641 4140/4423
f 4165/4449 4166/4450 1268/1342
f 4167/4451 4141/4424 275/298
f 1279/1353 4168/4452 1280/1354
f 4156/4440 1549/1631 3325/3522
f 2768/2921 720/767 4162/4446
f 720/767 2768/2921 721/768
f 2880/3039 1038/1102 1037/1101
f 2878/3037 2880/3039 4169/4453
f 1535/1617 1554/1636 2823/2980
f 1554/1636 1535/1617 1534/1616
f 1969/2079 157/176 3577/3807
f 157/3138 1237/1311 1529/1611
f 4162/4446 720/767 1059/1123
f 1059/1123 1058/1122 1497/1579
f 2389/2518 4170/4454 835/889
f 2389/2518 4171/4455 4170/4454
f 4172/4456 3301/3495 4173/4457
f 3299/3493 3301/3495 4174/4458
f 2712/2863 4539/2862 4175/4459
f 3612/3845 3611/3844 2715/2866
f 2683/2830 2410/2539 2411/2540
f 3185/3368 1740/1828 2683/2830
f 4176/4460 1094/2707 700/747
f 1095/1160 1094/1159 4176/4461
f 1497/1579 4161/4445 1059/1123
f 4161/4445 1497/1579 1496/1578
f 1525/1607 1527/1609 2958/3123
f 1525/1607 2958/3123 2957/3122
f 353/376 352/375 2776/2931
f 4177/4462 4175/4459 4539/2862
f 1095/1160 4176/4461 2055/4463
f 2055/4463 3085/3260 1095/1160
f 1302/1376 834/888 1303/1377
f 834/888 4171/4455 2389/2518
f 2139/2260 4178/4464 862/917
f 270/293 2139/2260 1900/2004
f 2056/2171 266/289 2066/2181
f 2055/2169 266/289 2056/2171
f 851/905 4179/4465 3686/3927
f 4179/4465 849/903 4180/4466
f 4181/4467 647/691 1005/1069
f 4181/3835 3602/3834 3601/3833
f 2574/2720 2466/2600 1461/1542
f 3643/3880 2468/2602 2470/2604
f 1097/1163 4182/4468 2448/2582
f 4751/2170 4182/4468 1097/1163
f 2239/2365 2238/2364 2237/2363
f 2250/2376 2237/2363 1429/1509
f 584/624 1877/1977 1879/1979
f 1843/1939 1880/1980 648/692
f 1448/1529 460/492 411/438
f 460/492 2742/2895 630/672
f 644/688 3735/3994 671/715
f 645/689 644/688 671/715
f 1526/1608 1525/1607 2014/2128
f 1525/1607 2015/2129 2014/2128
f 106/4469 4183/4470 4184/4471
f 1674/1761 1673/1760 3758/4007
f 2491/2627 4185/4472 2492/2628
f 4185/4472 1877/1977 4186/4473
f 1131/1197 251/274 4187/4474
f 511/547 251/274 1131/1197
f 1012/1076 2024/2138 386/409
f 4188/4475 1499/1581 386/409
f 1528/1610 2013/2127 1529/1611
f 1528/1610 2014/2128 2013/2127
f 4189/4476 3012/3182 775/828
f 3012/3182 2420/2553 775/828
f 2201/2323 3183/3366 1143/1211
f 1738/1826 248/271 4190/4477
f 584/624 4186/4473 1877/1977
f 4185/4472 4186/4473 2492/2628
f 2897/3058 1811/1904 3137/3316
f 3137/3316 3730/3972 2897/3058
f 1674/4478 787/841 1672/840
f 1674/1761 3758/4007 4183/4470
f 4186/4473 584/624 4191/4479
f 583/623 4191/4479 584/624
f 1012/1076 4192/4480 2024/2138
f 4192/4480 3733/3975 3470/3689
f 481/514 480/513 4193/4481
f 1729/1817 1731/1819 3434/3647
f 1066/1130 4194/4482 1064/1128
f 4194/4482 4023/4291 2727/2879
f 1738/1826 3183/3366 2201/2323
f 2200/2322 1738/1826 2201/2323
f 3733/3975 1012/1076 1011/1075
f 4192/4480 1012/1076 3733/3975
f 2527/2667 2526/2666 596/636
f 345/368 4195/4483 343/366
f 2157/2278 331/354 2159/2280
f 662/706 2159/2280 296/319
f 3672/3911 4196/4484 931/987
f 1909/2014 2605/2752 4196/4485
f 1102/1168 1013/1077 386/409
f 1013/1077 1102/1168 1101/1167
f 494/528 1347/1421 490/524
f 490/524 3724/3966 494/528
f 2926/3088 766/819 2955/3119
f 1572/1654 2955/3119 766/819
f 2560/2704 2605/2752 546/582
f 2605/2752 1909/2014 546/582
f 302/325 304/327 2886/3045
f 3268/3455 2886/3045 3266/3453
f 1182/1251 4197/4486 1184/1253
f 3843/4097 305/328 1184/1253
f 3807/4059 1500/1582 267/290
f 3806/4058 267/290 266/289
f 3231/725 681/727 2522/2662
f 2522/2662 2524/2664 2497/2634
f 2553/2693 2478/2612 2172/2294
f 2554/2694 2553/2693 2172/2294
f 3411/3619 718/765 3417/3625
f 1275/1349 4198/4487 4199/4488
f 848/902 4200/4489 849/903
f 909/964 4071/4341 4201/4490
f 1947/2054 370/393 1957/2065
f 1948/2055 1957/2065 370/393
f 4202/4491 1717/4492 2522/2662
f 4203/4493 4204/4494 4205/4495
f 3775/4026 3774/4025 3365/3566
f 3365/3566 2790/4365 3775/4026
f 4206/4496 4207/4497 1714/1802
f 4206/4496 3955/4221 3957/4223
f 1839/1934 3505/3757 4208/4498
f 1839/1934 4208/4498 1840/1935
f 4209/4499 4210/4500 4211/4501
f 4210/4500 3338/3536 1051/1115
f 2967/3132 656/700 655/699
f 864/919 866/921 2964/3129
f 4687/1482 3285/3475 4147/2058
f 3721/3963 4147/4431 896/951
f 2918/3080 2204/2326 2203/2325
f 3307/3503 3538/3765 2203/2325
f 3425/3638 4212/4502 3426/3639
f 2084/2201 4213/4503 4214/4504
f 866/921 310/333 175/197
f 310/333 309/332 175/197
f 1514/1596 3623/3859 1476/1558
f 3623/3859 1511/1593 3624/3860
f 751/800 531/567 4215/4505
f 383/406 752/801 4216/4506
f 962/1020 958/1016 960/1018
f 3384/3585 3386/3587 962/1020
f 2192/2314 3822/4076 2152/2273
f 1050/1114 4209/4499 4211/4501
f 4215/4505 481/514 484/517
f 4216/4506 4215/4505 383/406
f 2558/2702 2794/2950 2557/2701
f 2795/2951 2794/2950 2558/2702
f 3905/4163 1930/2035 1925/2030
f 1930/2035 1926/2031 1925/2030
f 1306/1380 3179/3361 1325/1399
f 1305/1379 4470/4507 1306/1380
f 1511/1593 3623/3859 1514/1596
f 1514/1596 1513/1595 1511/1593
f 1683/1770 1209/1279 4217/4508
f 4217/4508 1209/1279 79/97
f 2493/2629 2494/2630 2491/2627
f 4218/4509 1005/1069 646/690
f 1590/1673 1819/1912 1821/1914
f 1590/1673 3617/3853 1819/1912
f 1724/1812 1722/1810 3698/3940
f 3698/3940 1722/1810 3699/3941
f 4219/4510 1481/1563 4220/4511
f 3086/3261 1481/1563 4219/4510
f 2457/2591 1427/1507 4221/4512
f 1426/1506 4221/4512 1427/1507
f 326/349 2124/2243 9/27
f 4105/4386 9/27 3194/3377
f 2077/2193 4222/4513 4223/4514
f 2076/2192 2061/2176 2077/2193
f 218/240 2512/2651 4224/4515
f 4224/4515 2512/2651 3788/4039
f 154/173 853/907 1550/1632
f 154/173 153/172 853/907
f 669/713 4225/4516 37/55
f 37/55 1231/1305 38/56
f 3870/4128 3879/4137 64/82
f 3879/4137 2941/3103 64/82
f 4222/4513 1566/1648 4226/4517
f 4223/4514 4222/4513 4226/4517
f 652/696 523/559 653/697
f 523/559 2229/2353 653/697
f 2498/2635 2521/2661 2513/2652
f 2497/2634 2524/2664 2498/2635
f 4139/4422 1794/1886 1793/1885
f 4139/4422 1793/1885 2983/3150
f 918/974 523/559 652/696
f 697/744 4227/4518 918/974
f 4030/4298 2364/2493 3524/3747
f 1157/1225 3524/3747 2368/2497
f 2289/2417 946/1002 338/361
f 178/200 945/1001 4228/4519
f 335/358 1578/1660 1646/1731
f 1578/1660 3591/3823 3534/3761
f 205/227 708/755 709/756
f 1714/1802 1713/1801 705/752
f 468/500 470/502 465/497
f 2552/2692 468/500 1301/1375
f 2922/3084 2921/3083 2771/2924
f 354/377 356/379 2771/2924
f 1741/1829 1743/1831 3683/3922
f 1646/1731 3533/3760 560/596
f 2511/2650 2509/2648 2510/2649
f 2511/2650 2510/2649 2000/2113
f 2773/2926 2775/2928 49/67
f 2773/2926 49/67 2772/2925
f 4403/4376 803/857 4098/4377
f 3232/2617 803/4520 800/854
f 1478/1560 2140/2261 1669/1756
f 2976/3143 2004/2118 2939/3101
f 4229/4521 4230/4522 2182/2304
f 4231/4523 2341/2469 4230/4522
f 1340/1414 4232/4524 3269/3456
f 1340/3464 2070/2185 4232/3881
f 4233/4525 865/920 864/919
f 2775/2928 2774/2927 2782/2938
f 1301/1375 468/500 465/497
f 1301/1375 465/497 467/499
f 3510/3732 2528/2668 1605/1689
f 1604/1688 3510/3732 1605/1689
f 2006/2120 2005/2119 2993/3161
f 2006/2120 894/949 893/948
f 1176/1244 1175/1243 4234/4526
f 3972/4238 1176/1244 4234/4526
f 2264/2391 4172/4456 4173/4457
f 1278/1352 4235/4527 4236/4528
f 3680/3919 3679/3918 4237/4529
f 4231/4523 4230/4522 4229/4521
f 1665/1752 151/170 80/98
f 2870/3028 80/98 3565/3794
f 4238/4530 2530/2670 1699/1786
f 696/743 677/721 2530/2670
f 1317/1391 4119/4400 723/770
f 4239/4531 1317/1391 1508/1590
f 991/1052 2227/4532 3283/3472
f 2227/4532 991/1052 1007/1071
f 2709/2859 3065/3240 2012/2126
f 711/758 3065/3240 2709/2859
f 4240/4533 4241/4534 4242/4535
f 4243/4536 2618/2765 4244/4537
f 4245/4538 4246/4539 3023/3194
f 979/1039 4245/4538 981/1041
f 3020/3191 400/424 3021/3192
f 3020/3191 1025/1089 1024/1088
f 4247/4540 2828/2985 2531/2671
f 2531/2671 2530/2670 4238/4530
f 3523/3746 3693/3935 3524/3747
f 3693/3935 3523/3746 1376/1450
f 1736/1824 4248/1996 3237/3422
f 1895/1998 4248/4541 2970/3135
f 3023/3194 981/1041 4245/4538
f 3023/3194 982/1042 981/1041
f 3750/3997 3454/3671 122/141
f 122/141 4249/4542 2618/2765
f 3020/3191 1024/1088 400/424
f 1024/1088 3968/4234 3415/3623
f 3028/3199 294/317 3029/3200
f 4250/4543 3160/3339 3159/3338
f 2438/2572 3163/3343 1066/1130
f 1066/1130 1065/1129 2438/2572
f 4251/4544 4252/4545 456/488
f 4253/4546 2588/2735 4254/4547
f 3713/3955 3454/3671 3453/3670
f 4244/4537 2618/2765 4249/4542
f 3704/3946 4255/4548 4250/4543
f 3029/3200 4250/4543 4255/4548
f 669/713 1780/1870 4225/4516
f 1780/1870 669/713 3747/1871
f 4256/4549 1233/1307 4257/4550
f 2145/2266 1219/1292 844/898
f 4258/4551 1956/2064 1028/1092
f 1956/2064 4258/4551 1617/1701
f 4252/4545 3223/3407 690/737
f 2588/2735 3223/3407 4254/4547
f 4222/4513 1564/1646 1566/1648
f 2077/2193 2061/2176 4222/4513
f 1826/1920 886/941 887/942
f 450/481 1838/1933 1826/1920
f 1568/1650 4259/4552 3300/3494
f 1568/1650 536/572 4259/4552
f 1626/1710 3700/3942 4179/4465
f 3700/3942 1626/1710 3563/3792
f 4260/4553 4261/4554 4184/4471
f 4262/4555 4260/4553 3758/4007
f 4036/4304 394/418 4037/4305
f 1292/1366 394/4556 2396/2525
f 721/768 553/589 722/769
f 721/768 2769/2922 553/589
f 518/554 4263/4557 519/555
f 1753/1842 4260/4553 518/554
f 3628/3864 1788/1880 3629/3865
f 4264/4558 824/878 1788/1880
f 456/488 4252/4545 690/737
f 456/488 690/737 457/489
f 4265/4559 2145/2266 3741/3985
f 1233/4560 2145/2266 4265/4559
f 987/3139 4266/4561 1238/1312
f 1236/1310 1238/1312 3579/3811
f 4267/4562 274/297 2779/2934
f 3825/4079 4267/4562 2779/2934
f 450/481 887/942 888/943
f 1826/1920 887/942 450/481
f 3793/4045 4268/4563 2408/2537
f 2795/2951 2558/2702 4268/4563
f 200/222 2779/2934 3335/3533
f 3082/3257 200/222 3335/3533
f 168/190 32/50 3743/3987
f 168/190 3743/3987 1692/1779
f 3457/3674 4256/4549 4257/4550
f 4256/4549 3457/3674 3456/3673
f 1282/1356 680/724 4269/4564
f 1592/1676 675/719 696/743
f 1365/1439 1367/1441 1368/1442
f 1367/1441 4270/4565 1368/1442
f 4264/4558 3628/3864 3627/3863
f 4264/4558 1788/1880 3628/3864
f 4104/4384 2833/2990 2037/2151
f 2037/2151 1167/1235 4104/4384
f 3954/4220 4271/4566 4272/4567
f 4271/4566 3964/4230 1310/1384
f 3457/3674 4257/4550 477/510
f 3457/3674 477/510 479/512
f 2639/2786 4273/4568 2640/2787
f 4274/4569 1444/1525 1446/1527
f 2161/2282 2160/2281 4275/4570
f 818/872 4276/4571 819/873
f 3390/3591 3389/3590 4736/916
f 4736/916 4277/4572 3390/3591
f 929/985 2356/2484 1252/1326
f 1252/1326 2378/2507 2360/2489
f 4274/4569 1949/2056 170/192
f 2639/2786 4274/4569 4273/4568
f 2069/2184 4780/804 3932/4194
f 3559/3788 2069/2184 3204/3387
f 4123/4404 4278/4573 4124/4405
f 3946/4212 121/140 1022/1086
f 260/283 3421/3632 261/284
f 3421/3632 2326/2454 261/284
f 4279/4574 2956/3120 4280/4575
f 4279/4574 4280/4575 1949/2056
f 818/872 4275/4570 4276/4571
f 3165/3345 820/874 2739/2892
f 3845/4099 1450/1531 1452/1533
f 4281/4576 3845/4099 2831/2988
f 4282/4577 2179/2301 2998/3166
f 983/1043 2998/3166 981/1041
f 2612/2759 2084/2201 4214/4504
f 3477/3697 2612/2759 4214/4504
f 615/656 4151/4435 2655/2802
f 2655/2802 4153/4437 4152/4436
f 3648/3886 1416/1494 2984/3151
f 134/153 2984/3151 1416/1494
f 3817/4071 2010/2124 276/299
f 2010/2124 3817/4071 2011/2125
f 1361/1435 4281/4576 540/576
f 4281/4576 2831/2988 540/576
f 4214/4504 4213/4503 27/45
f 27/45 3820/4074 28/46
f 2468/2602 1834/1928 2469/2603
f 193/215 4283/4578 3729/3971
f 4284/4579 1955/2063 623/665
f 622/664 4284/4579 623/665
f 2759/2912 2761/2914 2374/2503
f 2373/2502 2757/2910 2374/2503
f 1467/1549 3088/3263 3748/3995
f 3748/3995 3088/3263 2460/2594
f 1757/1847 936/992 3764/4013
f 3382/3583 1757/1847 3645/3883
f 4213/4503 3426/3639 4212/4502
f 27/45 4213/4503 4285/4580
f 1571/1653 4286/4581 2113/2232
f 1224/1298 3870/4128 1571/1653
f 3400/3606 1498/1580 2858/3016
f 3400/3606 1985/2095 2023/2137
f 3222/3406 148/167 2616/2763
f 4018/4285 2657/2804 2616/2763
f 1395/1469 2250/2376 3560/3789
f 2945/3107 1395/1469 3560/3789
f 924/980 318/341 4007/4274
f 3484/3704 2735/2888 924/980
f 2113/2232 4286/4581 2114/2233
f 1487/1569 2114/2233 4286/4581
f 4287/4582 1582/1664 1581/1663
f 4287/4582 293/316 1582/1664
f 2012/2126 3066/3241 3063/3238
f 3063/3238 3358/3558 2012/2126
f 2424/2557 2411/2540 2682/2829
f 215/237 2411/2540 3078/3253
f 4288/4583 4289/4584 1174/1242
f 4289/4585 4290/4586 3565/3794
f 3551/3780 2353/2481 3492/3712
f 3998/4265 3492/3712 317/340
f 255/278 1934/2039 413/441
f 1146/1214 1934/2039 255/278
f 3353/3553 2268/2395 4291/4587
f 1118/1184 3353/3553 4291/4587
f 1176/1244 2098/2217 1174/1242
f 4288/4583 1174/1242 2098/2217
f 1923/2028 2697/2847 1922/2027
f 3339/3537 1923/2028 1589/1671
f 1087/1152 2462/2596 2459/2593
f 2462/2596 975/1034 2459/2593
f 1533/1615 2685/2834 2686/2835
f 361/384 2685/2834 1533/1615
f 1388/1462 110/128 109/127
f 3575/3805 3583/3815 3585/3817
f 63/81 3664/3903 2111/2230
f 1570/1652 2111/2230 1571/1653
f 817/871 731/778 3293/3483
f 4292/4588 3293/3483 2252/2379
f 1121/1187 661/705 660/704
f 2534/2674 661/705 1121/1187
f 2638/2785 4293/4589 1445/1526
f 2638/2785 2640/2787 1482/1564
f 3918/4178 2429/2563 4294/4590
f 3585/3817 3574/3804 3575/3805
f 730/777 2051/2165 731/778
f 731/778 3466/3685 3293/3483
f 1451/1532 1450/1531 4295/4591
f 3853/4108 3851/4106 4296/4592
f 378/401 4175/4459 4177/4462
f 378/2930 4177/4593 269/292
f 1685/1772 1872/1972 1853/1950
f 1659/1746 1872/1972 1685/1772
f 2674/4594 2676/2823 2675/4595
f 1437/1518 1432/1513 2326/2454
f 2139/2260 862/917 1900/2004
f 1900/2004 862/917 4646/3432
f 2107/2226 2106/2225 3853/4108
f 3853/4108 2106/2225 4297/4596
f 2734/2887 742/791 4298/790
f 4650/4177 4298/4597 3918/4178
f 4299/4598 1155/1223 1154/1222
f 1155/1223 4299/4598 1621/1705
f 2650/2797 1008/1072 1010/1074
f 3374/3575 1008/1072 3376/3577
f 1140/1208 4300/4599 2745/2898
f 1140/1208 1322/1396 4300/4599
f 3252/3438 1451/1532 4295/4591
f 4295/4591 3253/3439 3252/3438
f 2514/2653 2515/2654 1426/1506
f 1426/1506 4301/4600 2505/2644
f 4302/4601 2689/2838 2690/2839
f 3518/3740 2689/414 4302/3741
f 2174/2296 2176/2298 2125/4602
f 3013/3183 2421/2554 2420/2553
f 1654/1741 3912/4170 4303/4603
f 4303/4603 1318/1392 1332/1406
f 1502/1584 1517/1599 2324/2452
f 2324/2452 1127/1193 1502/1584
f 2146/2267 844/898 2845/3002
f 843/897 2845/3002 844/898
f 2404/2533 4304/4604 4305/2552
f 2127/2247 4305/4605 2128/2248
f 3519/3742 3518/3740 989/1050
f 3519/3742 989/1050 1047/1111
f 502/536 1795/1888 503/537
f 4306/4606 4307/4607 4308/4608
f 4309/4609 4022/4610 4310/4611
f 4309/4609 4310/4611 4305/4605
f 4311/4612 3767/4017 617/658
f 3767/4017 3766/4016 617/658
f 106/124 4312/4613 107/125
f 4312/4614 3461/3678 3460/3679
f 3289/3479 3288/3478 4075/4345
f 4075/4345 3969/4235 3289/3479
f 3719/3961 2150/2271 3717/3959
f 1056/1120 1055/1119 2150/2271
f 4313/4615 4315/4616 2602/2749
f 4313/4617 4314/4618 4315/4619
f 485/518 3120/3298 1852/1949
f 3138/3317 1852/1949 3723/3965
f 1092/1157 4316/4620 1093/1158
f 3449/3664 4316/4620 1092/1157
f 4317/4621 1422/1500 3858/4113
f 4318/4622 777/830 3883/4141
f 2804/2961 1428/1508 2805/2962
f 1455/1536 2536/2676 2805/2962
f 3828/4082 870/925 3827/4081
f 3827/4081 3829/4083 3828/4082
f 3740/520 3120/3298 485/518
f 3111/3289 3119/3297 4319/4623
f 1078/1142 4320/4624 4321/4625
f 3449/3664 2545/2685 4316/4620
f 3858/4113 2127/2247 2126/2246
f 4318/4622 4322/4626 777/830
f 943/999 3218/3402 2652/2799
f 330/353 1136/1204 4323/4627
f 2615/2762 4014/4281 4016/4283
f 2615/2762 1556/1638 1583/1665
f 3604/3837 1601/1685 1600/1684
f 4324/4628 2589/2736 1601/1685
f 3113/3291 4325/4629 3965/4231
f 3114/3292 3113/3291 3965/4231
f 1931/2036 2920/3082 243/266
f 242/265 1931/2036 243/266
f 2246/2372 2244/2370 62/80
f 2802/2959 60/78 62/80
f 2671/2818 2670/2817 2654/2801
f 2671/2818 2654/2801 136/155
f 1585/1667 1584/1666 2589/2736
f 1584/1666 3211/3394 2589/2736
f 4040/4308 4047/4315 3783/4034
f 4047/4315 3784/4035 3783/4034
f 3592/3824 3238/3423 877/932
f 3239/3424 3238/3423 3592/3824
f 2338/2466 2340/2468 1187/1256
f 1163/1231 1187/1256 2340/2468
f 2142/2263 2141/2262 2155/2276
f 2954/3118 1875/1975 2155/2276
f 3787/4038 4326/4630 4327/4631
f 4027/4295 4026/4294 3787/4038
f 1651/1738 1653/1740 3739/3982
f 1653/1740 3827/4081 3739/3982
f 3840/4094 2187/2309 419/447
f 419/447 418/446 3840/4094
f 782/835 2183/2305 2032/2146
f 998/1060 2183/2305 782/835
f 1807/1900 388/411 3582/3814
f 3383/3584 1807/1900 3520/3743
f 3788/4039 3787/4038 4327/4631
f 209/231 4327/4631 4047/4315
f 2360/2489 2378/2507 2380/2509
f 2360/2489 2380/2509 3980/4246
f 4328/4632 3558/3787 3204/3387
f 2064/2179 4329/4633 2065/2180
f 4047/4315 207/229 209/231
f 4330/4634 207/229 4047/4315
f 2168/2290 2151/2272 1660/1747
f 1662/1749 2168/2290 1660/1747
f 302/325 40/58 303/326
f 40/58 3260/3446 4331/4635
f 3077/3252 3081/3256 4323/4627
f 4323/4627 328/351 330/353
f 1375/1449 1651/1738 3739/3982
f 1390/1464 1392/1466 1375/1449
f 2164/2285 3233/3417 4154/1887
f 3233/3417 2164/2285 3234/3418
f 428/457 4332/4636 3795/4047
f 428/457 427/456 4332/4636
f 1210/1280 529/565 2199/2321
f 529/565 528/564 2199/2321
f 2700/2850 331/354 2157/2278
f 2719/2871 331/354 2702/2852
f 1977/2087 527/563 522/558
f 773/826 774/827 1977/2087
f 447/476 584/624 1879/1979
f 447/476 1879/1979 2917/3079
f 3923/4183 3691/3933 3973/4239
f 3923/4183 3973/4239 702/749
f 4202/4491 2495/2632 1717/4492
f 1716/1804 1717/1805 2495/2613
f 2548/2688 1419/1497 3259/3445
f 2547/2687 2548/2688 3259/3445
f 3389/3596 841/895 1492/1574
f 841/895 3389/3596 839/893
f 1775/1865 3011/3181 2444/3180
f 1777/1867 2464/2598 1775/1865
f 1114/1180 1116/1182 4333/4637
f 3145/3324 3144/3323 1096/1161
f 2522/2662 1717/4492 3231/725
f 4334/4638 3231/3415 1717/1805
f 1808/1901 2207/4354 1809/1902
f 2444/3180 1808/1901 1775/1865
f 2278/2406 2280/2408 2997/3165
f 836/890 4335/4639 4336/4640
f 2296/2424 4337/4641 2297/2425
f 4337/4641 2296/2424 3118/3296
f 3231/3415 1589/1671 1732/1820
f 1732/1820 1589/1671 1923/2028
f 4338/4642 4339/4643 124/143
f 3750/3997 122/141 124/143
f 4261/4554 106/4469 4184/4471
f 4261/4554 4312/4614 106/4469
f 778/831 2176/2298 4340/4644
f 2185/2307 4340/4644 2186/2308
f 4341/4645 836/890 4336/4640
f 862/917 4178/4464 861/915
f 2447/2581 4328/4632 3204/3387
f 2447/2581 3202/3385 1098/1164
f 3354/3554 2172/2294 4342/4646
f 3354/3554 4342/4646 3727/3969
f 3318/3515 1591/1675 3319/3516
f 1591/1675 1593/1677 4343/4647
f 1034/1098 4344/4648 2996/3164
f 1138/1206 4344/4648 1201/1271
f 4328/4632 2065/2180 4329/4633
f 2065/2180 4328/4632 2447/2581
f 860/914 4341/4645 4178/4464
f 4178/4464 4341/4645 4336/4640
f 458/490 1448/1529 1447/1528
f 3228/3412 1427/1507 4345/4649
f 2996/3164 4344/4648 1138/1206
f 2745/2898 2996/3164 1138/1206
f 2175/2297 4340/4644 2176/2298
f 2175/2297 2186/2308 4340/4644
f 3505/3727 1207/1277 624/666
f 3505/3727 624/666 4208/3755
f 861/915 4178/4464 4336/4640
f 861/915 4336/4640 4335/4639
f 3319/3516 1591/1675 4343/4647
f 4166/4450 3319/3516 1268/1342
f 2418/2548 2417/2547 3995/4261
f 1015/1079 2418/2548 3995/4261
f 4203/4493 4205/4495 2481/2616
f 2481/2616 4205/4495 1913/2018
f 1181/1250 4346/4650 213/235
f 4346/4650 394/418 213/235
f 3081/3256 3076/3251 940/996
f 4105/4386 940/4385 3076/1202
f 398/422 3272/3459 2471/2605
f 2471/2605 3273/3460 3251/3437
f 1998/2111 1958/2066 1962/2070
f 4098/4377 1998/2111 2807/2964
f 550/586 1003/1065 495/529
f 1003/1065 493/527 495/529
f 674/4651 3815/4069 3814/4068
f 1180/1249 4347/4652 4348/4653
f 2370/2499 2457/2591 2456/2590
f 116/135 2457/2591 2370/2499
f 2771/2924 48/66 2905/3066
f 2473/2607 2905/3066 4349/4654
f 1468/1550 3321/3518 3320/3517
f 1468/1550 1469/1551 3321/3518
f 1752/1841 4312/4614 4261/4554
f 1752/1841 3461/3678 4312/4614
f 3105/3283 2946/3108 1294/1368
f 1294/1368 2946/3108 2947/3109
f 4350/4655 4351/4656 2516/2655
f 4352/4657 3581/3813 142/161
f 4167/4451 1267/1341 4141/4424
f 4141/4424 1267/1341 2580/2726
f 2483/2619 2707/2857 2597/2744
f 2595/2742 2597/2744 2707/2857
f 2042/2156 1495/1577 1771/1861
f 841/895 2042/2156 1490/1572
f 2288/2416 946/1002 2289/2417
f 4356/3851 946/1002 2288/2416
f 2597/2744 3320/3517 2484/2620
f 2597/2744 4353/4658 3320/3517
f 570/610 512/548 928/984
f 926/982 928/984 512/548
f 1495/1577 4354/4659 4355/4660
f 1771/1861 1495/1577 4093/4368
f 2288/4661 2292/2420 4356/4662
f 2292/2420 4126/4407 2310/2438
f 1213/1284 3382/3583 43/61
f 3382/3583 1213/1284 1756/1846
f 3497/3717 3491/3711 1309/1383
f 1308/1382 3499/3720 1309/1383
f 1885/1985 4108/4389 1295/1369
f 1295/1369 1294/1368 2947/3109
f 830/884 1831/1925 828/882
f 3643/3880 1831/1925 830/884
f 515/551 3051/3223 4357/4663
f 2738/2891 928/984 927/983
f 4059/4328 3311/3507 2595/2742
f 4358/4664 2595/2742 2707/2857
f 3373/3574 2770/2923 2699/2849
f 3373/3574 2699/2849 645/689
f 4619/1941 4359/3110 1845/1942
f 3753/4002 4298/4597 4359/4665
f 1181/1250 213/235 409/436
f 2698/2848 1181/1250 409/436
f 132/151 4360/4666 4361/4667
f 132/151 799/853 133/152
f 1295/1369 4108/4389 3596/3828
f 4108/4389 3597/3829 3596/3828
f 3351/3551 792/846 3949/4215
f 1897/2000 792/846 3708/3950
f 3581/3813 4351/4656 4350/4655
f 3580/3812 3581/3813 4350/4655
f 1969/2079 1112/1178 1970/2080
f 1112/1178 168/190 3178/3360
f 3500/3721 2927/3089 2926/3088
f 3500/3721 2926/3088 382/405
f 3274/3461 24/42 26/44
f 3935/4199 24/42 3274/3461
f 594/634 1379/1453 1355/1429
f 1355/1429 592/632 594/634
f 1594/1678 1282/1356 4269/4564
f 4269/4564 4362/4668 1594/1678
f 3587/3819 1668/1755 1530/1612
f 1668/1755 1667/1754 1530/1612
f 822/876 637/681 2349/2477
f 1656/1743 822/876 996/1058
f 1118/1184 4291/4587 1119/1185
f 4291/4587 2268/2395 1119/1185
f 777/830 779/832 3751/3999
f 605/645 2761/2914 3751/3999
f 3077/3252 4323/4627 4363/4669
f 3706/3948 3077/3252 4363/4669
f 204/226 206/228 1123/1189
f 4364/4670 206/228 709/756
f 4245/4538 979/1039 283/306
f 4245/4538 283/306 4246/4539
f 251/274 364/387 252/275
f 57/75 252/275 58/76
f 2165/2286 433/462 4154/4438
f 433/462 4360/4666 132/151
f 4020/4287 118/137 3360/3560
f 3360/3560 2243/2369 2245/2371
f 364/387 58/76 252/275
f 58/76 364/387 1978/2088
f 3839/4093 2167/2289 4365/4671
f 2167/2289 3839/4093 2151/2272
f 781/834 1272/1346 782/835
f 1273/1347 1272/1346 781/834
f 143/162 4366/4672 1521/1603
f 4367/4673 439/468 143/162
f 2943/3105 2951/3115 2196/2318
f 2195/2317 2943/3105 2196/2318
f 3950/4216 3002/3170 2541/2681
f 469/501 3950/4216 2541/2681
f 3619/3855 3610/3843 783/836
f 3619/3855 3609/3842 3610/3843
f 1048/1112 2093/2212 1329/1403
f 1329/1403 2093/2212 1373/1447
f 3418/3628 3059/3629 2540/2680
f 1431/4674 2797/2953 2796/2952
f 4368/4675 3356/3556 784/837
f 3610/3843 3620/3856 4369/4676
f 3414/3622 3149/3328 4370/4677
f 3149/3328 3414/3622 3175/3356
f 2487/2623 3043/3215 3042/3214
f 3321/3518 3058/3230 4371/4678
f 930/986 1252/1326 4372/4679
f 4077/4347 930/986 4078/4348
f 3910/4168 2669/2816 442/471
f 4373/4680 2259/2386 3910/4168
f 4341/4645 2278/2406 2997/3165
f 4341/4645 860/914 859/913
f 917/4681 872/927 1825/1932
f 917/4681 2047/4682 872/927
f 1195/1264 1590/1673 1196/1265
f 1590/1673 1195/1264 3816/4070
f 2100/2219 2775/2928 113/131
f 50/68 2100/2219 113/131
f 4227/4518 3726/3968 2827/2984
f 2827/2984 3726/3968 3727/3969
f 166/188 2603/2750 786/839
f 166/188 2819/2976 2603/2750
f 4371/4678 3058/3230 2487/2623
f 2487/2623 3058/3230 3055/3227
f 3790/4041 455/487 4034/4302
f 4374/4683 476/509 3790/4041
f 3830/4084 3816/4070 3189/3372
f 3816/4070 1195/1264 3189/3372
f 914/969 4375/4684 3990/4256
f 90/108 4375/4684 914/969
f 4374/4683 3790/4041 4034/4302
f 4035/4303 3792/4043 4034/4302
f 4376/4685 1068/1132 3200/3383
f 1406/1480 4376/4685 3200/3383
f 500/534 1396/1470 2819/2976
f 166/188 500/534 2819/2976
f 3473/3692 3475/3694 334/357
f 3475/3694 1678/1765 3484/3704
f 3022/3193 982/1042 3023/3194
f 3034/3205 982/1042 3022/3193
f 1404/1478 2439/2573 4377/4686
f 3163/3343 3529/3753 3528/3752
f 2398/2527 4378/4687 2399/2528
f 395/419 3240/3425 396/420
f 3883/4141 777/830 3261/3447
f 3261/3447 3886/4144 3887/4145
f 2721/2873 2720/2872 2723/2875
f 609/649 611/651 278/301
f 3920/4180 3283/3472 2227/4532
f 3920/4180 3922/4182 3283/3472
f 694/741 1085/1150 695/742
f 1083/1148 1085/1150 694/741
f 2684/2833 4688/2404 4689/4688
f 2668/2815 3005/3173 3006/3174
f 875/930 1643/1728 888/943
f 887/942 875/930 888/943
f 255/278 3971/4237 1146/1214
f 3971/4237 3970/4236 1146/1214
f 2273/2400 2022/2136 4379/4689
f 2060/2175 2022/2136 2273/2400
f 4290/4586 426/455 2871/3029
f 2098/2217 114/133 4288/4583
f 4319/4623 3740/3983 3737/3980
f 3740/3983 4319/4623 3119/3297
f 2202/2324 709/756 2534/2674
f 707/754 3450/3665 709/756
f 2755/2908 772/825 771/824
f 772/825 2475/2609 525/561
f 978/1038 4380/4690 979/1039
f 1506/1588 1317/1391 4239/4531
f 3709/3951 1511/1593 1513/1595
f 35/53 3709/3951 1513/1595
f 2750/2903 1304/1378 1326/1400
f 479/512 478/511 1304/1378
f 1338/1412 4381/4691 3072/3247
f 2844/3001 4381/3542 4383/677
f 81/99 1841/1936 1840/1935
f 4234/4526 4382/4692 81/99
f 3788/4039 182/204 181/203
f 2512/2651 182/204 3788/4039
f 3872/4130 1634/1718 3865/4121
f 3872/4130 911/966 913/968
f 1338/1412 230/252 2963/3128
f 4383/4693 4381/4691 1338/1412
f 82/100 3030/3201 3031/3202
f 3207/3390 3209/3392 82/100
f 3545/3772 3540/3767 496/530
f 496/530 660/704 3545/3772
f 1467/1549 2075/2191 2077/2193
f 1467/1549 1466/1548 2075/2191
f 4384/4694 2225/2348 2535/2675
f 128/147 298/321 2225/2348
f 2963/3128 4385/4695 4383/4693
f 1338/1412 2963/3128 4383/4693
f 1690/1777 75/93 77/95
f 2743/2896 4386/4696 1690/1777
f 3625/3861 194/216 193/215
f 3625/3861 1171/1239 3626/3862
f 4387/4697 2029/2143 1469/1551
f 3356/3556 781/834 4387/4697
f 4388/4698 1888/1988 4389/4699
f 3255/3441 4390/4700 4391/4701
f 4384/4694 128/147 2225/2348
f 126/145 128/147 4384/4694
f 3387/3588 958/1016 3386/3587
f 958/1016 962/1020 3386/3587
f 4020/4287 3360/3560 3359/3559
f 1690/1777 4386/4696 3359/3559
f 1469/1551 2029/2143 2030/2144
f 2030/2144 3321/3518 1469/1551
f 961/1019 3881/4139 962/1020
f 3384/3585 962/1020 2137/2258
f 613/653 3730/3972 614/654
f 614/654 3730/3972 3723/3965
f 633/3635 4385/4702 2079/2196
f 2079/2196 966/1024 633/3635
f 4392/4703 4388/4698 4389/4699
f 4389/4699 3255/3441 4391/4701
f 1599/1683 4393/4704 1600/1684
f 1599/1683 1603/1687 4394/4705
f 4240/4533 4242/4535 4243/4536
f 3488/3708 3487/3707 4395/4706
f 4295/4591 4396/4707 3253/3439
f 4396/4707 4389/4699 4397/4708
f 4271/4566 3954/4220 3964/4230
f 3954/4220 3114/3292 3964/4230
f 3522/3745 2887/3046 4398/4709
f 2889/3048 1127/1193 2895/3056
f 2711/2861 3487/3707 2619/2766
f 3487/3707 4240/4533 4395/4706
f 3143/3322 4072/4342 4069/4339
f 2358/2487 4372/4679 2359/2488
f 3919/4179 4271/4566 4012/4279
f 3919/4179 3983/4249 4271/4566
f 4399/4710 4400/4711 4401/4712
f 3174/3355 3173/3354 4402/4713
f 1684/1771 1683/1770 1178/1247
f 673/717 1683/1770 4217/4508
f 2618/2765 4243/4536 4242/4535
f 4242/4535 3182/3365 2618/2765
f 1955/2063 4284/4579 1617/1701
f 4284/4579 2938/3100 1617/1701
f 4099/4378 4403/4714 4100/4379
f 803/4520 4403/4714 4404/4715
f 4405/4716 4406/4717 1125/1191
f 3174/3355 4402/4713 4407/4718
f 2840/2997 796/850 1004/1067
f 4782/4719 4783/1068 1004/1067
f 1004/1067 796/850 4782/4719
f 4408/4720 3158/3337 2394/2523
f 3156/3335 3127/3305 3158/3337
f 4402/4713 3173/3354 1125/1191
f 1125/1191 4407/4718 4402/4713
f 373/4721 2078/2194 4409/4722
f 4403/4714 4410/4723 4100/4379
f 4036/4304 4038/4306 4411/4724
f 795/849 4782/4719 796/850
f 1687/1774 4412/4725 1685/1772
f 4023/4291 1687/1774 2727/2879
f 111/129 4413/4726 2966/3131
f 2476/2610 111/129 3265/3452
f 4414/4727 3157/3336 4408/4720
f 3157/3336 4071/4341 3155/3334
f 425/454 424/453 972/1031
f 2582/3604 425/454 4314/4618
f 1622/1706 1624/1708 4776/4065
f 4777/4728 3331/2954 3332/4729
f 4205/4495 2497/2634 216/238
f 1913/2018 4205/4495 216/238
f 4100/4379 229/251 228/250
f 4409/4722 4100/4379 373/4721
f 1622/1706 3334/3532 1623/1707
f 3334/3532 3646/3884 1623/1707
f 1921/2026 3660/3899 3244/3429
f 1921/2026 1940/2047 3660/3899
f 4415/4730 3328/3525 3878/4136
f 4415/4730 3878/4136 3869/4127
f 4241/4534 2726/2878 1687/1774
f 2726/2878 4241/4534 2711/2861
f 4200/4489 4414/4727 849/903
f 4200/4489 4201/4490 4071/4341
f 1014/1078 1800/1893 1015/1079
f 1800/1893 2994/3162 693/740
f 4416/4731 3281/3470 3876/4134
f 2542/2682 4416/4731 4417/4732
f 2576/2722 3047/3219 2914/3076
f 2914/3076 4418/4733 4419/4734
f 3250/3436 2443/2577 1719/1807
f 3249/3435 2443/2577 3250/3436
f 390/413 1328/1402 1327/1401
f 1327/1401 3576/3806 390/413
f 416/444 4416/4731 3876/4134
f 416/444 3876/4134 2551/2691
f 1222/1296 3047/3219 4420/4735
f 2914/3076 3047/3219 4418/4733
f 4071/4341 3157/3336 4414/4727
f 4200/4489 4071/4341 4414/4727
f 3771/4736 3718/1876 1190/1259
f 4136/4417 4421/4737 1190/1259
f 1465/1547 1467/1549 974/1033
f 1465/1547 974/1033 3043/3215
f 4422/4738 742/791 1883/1983
f 4422/4738 1883/1983 2946/3108
f 3947/4213 3948/4214 4014/4281
f 3244/3429 3246/3431 4014/4281
f 4072/4342 905/960 4073/4343
f 3155/3334 905/960 907/962
f 1181/1250 1180/1249 4346/4650
f 4423/4739 1649/4740 4346/4650
f 3468/3687 3469/3688 4424/4741
f 579/619 30/48 32/50
f 4073/4343 905/960 3155/3334
f 4069/4339 4073/4343 4070/4340
f 1342/1416 356/379 355/378
f 1342/1416 355/378 1462/1543
f 3982/4248 3977/4243 440/469
f 3235/3419 3634/3870 1393/1467
f 3246/3431 3947/4213 4014/4281
f 3246/3431 1363/1437 3947/4213
f 4425/4742 3448/3663 1111/1177
f 500/534 499/533 4425/4742
f 281/304 73/91 3437/3650
f 4426/4743 1242/1316 281/304
f 4003/4270 4004/4271 1802/1895
f 3993/4259 1802/1895 4004/4271
f 1224/1298 1223/1297 3869/4127
f 942/998 4415/4730 3869/4127
f 1291/1365 1348/1422 1293/1367
f 1348/1422 2840/2997 2839/2996
f 72/90 3348/3548 3353/3553
f 3348/3548 72/90 3347/3547
f 4195/4483 2361/2490 343/366
f 1077/1141 3514/3736 4195/4483
f 4048/4316 1160/1228 3757/4006
f 4427/4744 4048/4316 3757/4006
f 736/783 1111/1177 4428/4745
f 4425/4742 1111/1177 736/783
f 2723/2875 611/651 2721/2873
f 611/651 1395/1469 2721/2873
f 2640/2787 4273/4568 172/194
f 1483/1565 2640/2787 172/194
f 1431/1511 2548/2688 2537/2677
f 3060/3233 3059/3232 2537/2677
f 1663/1750 1953/2061 4429/4746
f 1663/1750 1266/1340 1265/1339
f 1111/1177 1112/1178 4428/4745
f 737/784 736/783 4428/4745
f 3614/3847 2275/2402 2315/2443
f 2062/2177 2275/2402 2063/2178
f 3978/4244 3974/4240 3923/4183
f 3974/4240 3978/4244 3922/4182
f 4430/4747 4431/4748 4432/4749
f 1892/1994 4432/4749 757/807
f 4429/4746 1266/1340 1663/1750
f 1953/2061 1952/2060 4429/4746
f 1112/1178 1969/2079 2016/2130
f 4428/4745 1112/1178 737/784
f 680/724 675/719 4269/4564
f 680/724 947/1003 675/719
f 2093/2212 2092/2211 1373/1447
f 1371/2696 1373/1447 2092/2211
f 1952/2060 4433/4750 4434/4751
f 1952/2060 4434/4751 4429/4746
f 1166/4752 3823/4077 2822/2979
f 1398/1472 1166/4752 4435/4753
f 2231/2355 2230/2354 1383/1457
f 1383/1457 3298/3492 2231/2355
f 2690/2839 990/655 4302/4601
f 989/1050 4302/3741 990/1051
f 4372/4679 1252/1326 2359/2488
f 1252/1326 2360/2489 2359/2488
f 2765/2918 1070/1134 2766/2919
f 2765/2918 336/359 1576/1658
f 619/660 161/181 956/1014
f 161/181 4145/4429 956/1014
f 1699/1786 2530/2670 677/721
f 1699/1786 677/721 524/560
f 3497/3717 1727/4754 3490/3710
f 1727/1815 1726/1814 3490/4370
f 1647/1732 560/596 1071/1135
f 335/358 1647/1732 1071/1135
f 4436/4755 314/337 316/339
f 569/609 314/337 1979/2089
f 647/691 4181/4467 4437/4756
f 648/692 647/691 4437/4756
f 1232/1306 3297/3491 1235/1309
f 842/896 1219/1292 1235/4757
f 1740/1828 2410/2539 2683/2830
f 531/567 2410/2539 480/513
f 4438/4758 4439/4759 1755/4760
f 1755/4761 4440/4762 4438/1282
f 3643/3880 2574/2720 663/707
f 3643/3880 2470/2604 2574/2720
f 4441/4763 626/668 1544/1626
f 4441/4763 2095/2214 626/668
f 2028/2142 1244/1318 1261/1335
f 4065/4334 3212/3395 1244/1318
f 421/450 420/449 645/689
f 2699/2849 421/450 645/689
f 1277/1351 4442/4764 2691/2841
f 146/165 4442/4764 3967/4233
f 3968/4234 3971/4237 254/277
f 254/277 3415/3623 3968/4234
f 1009/1073 3375/3576 1047/1111
f 1008/1072 3375/3576 1009/1073
f 65/83 2942/3104 3080/3255
f 64/82 2942/3104 65/83
f 146/165 2691/2841 4442/4764
f 2178/2300 2691/2841 146/165
f 1041/1105 1025/1089 1039/1103
f 1039/1103 1025/1089 3021/3192
f 3113/3291 4218/4509 4325/4629
f 1286/1360 649/693 3113/3291
f 1046/1110 989/1050 988/1049
f 1046/1110 3832/4086 1009/1073
f 1374/1448 1390/1464 1375/1449
f 3130/3309 1390/1464 1374/1448
f 3855/4110 1422/1500 4317/4621
f 1419/1497 1421/1499 1422/1500
f 649/693 651/695 4218/4509
f 649/693 4218/4509 3113/3291
f 4443/4765 2900/3061 403/427
f 4443/4765 403/427 1024/1088
f 3086/3261 1441/1522 3087/3262
f 1833/1927 1832/1926 1441/1522
f 3440/3653 4116/4397 3195/3378
f 463/495 81/99 1840/1935
f 4444/4766 1742/1830 3532/3759
f 1744/1832 3532/3759 1742/1830
f 1231/1305 642/686 641/685
f 37/55 4225/4516 1231/1305
f 2193/2315 3036/3208 3037/3209
f 2255/2382 2256/2383 2193/2315
f 2900/3061 4443/4765 2188/2310
f 1024/1088 1023/1087 4443/4765
f 1851/1948 1852/1949 3109/3275
f 1851/1948 1890/4767 2238/2364
f 1723/1811 3147/3326 3458/3675
f 3147/3326 4256/4549 3456/3673
f 3571/3800 3764/4013 3570/3799
f 3571/3800 1757/1847 3764/4013
f 3140/3319 417/445 2186/2308
f 2186/2308 417/445 419/447
f 4290/4586 4445/4768 3565/3794
f 2870/3028 3565/3794 4445/4768
f 150/169 38/56 3147/3326
f 150/169 3147/3326 1723/1811
f 4090/4364 2989/3157 4446/4769
f 4447/4770 4090/4364 4446/4769
f 43/61 15/33 3644/3882
f 3655/3893 3644/3882 4448/4771
f 2180/2302 2182/2304 1581/1663
f 1581/1663 2182/2304 4287/4582
f 4052/4320 2930/3092 4053/4321
f 4053/4321 2930/3092 109/127
f 1851/1948 3109/3275 1890/4767
f 4449/4772 1889/1989 1890/1991
f 43/61 3655/3893 44/62
f 43/61 3644/3882 3655/3893
f 2977/3144 4447/4770 4450/4773
f 2977/3144 2979/3146 4089/4363
f 3109/3287 3106/3284 3108/3286
f 1890/1991 3109/3287 3108/3286
f 2453/2587 2696/2846 4451/4774
f 1922/2027 2453/2587 1735/1823
f 4290/4586 2871/3029 4445/4768
f 2870/3028 4445/4768 2871/3029
f 4452/4775 1598/1682 2147/2268
f 2183/2305 1598/1682 4452/4775
f 4447/4770 4089/4363 4090/4364
f 4447/4770 2977/3144 4089/4363
f 4453/4776 4396/4707 4295/4591
f 2107/2226 2105/2224 2108/2227
f 2890/3049 4454/4777 2891/3050
f 720/767 722/769 2890/3049
f 3521/3744 4455/4778 4456/4779
f 1385/1459 1943/2050 1386/1460
f 4250/4543 4457/4780 3704/3946
f 4457/4780 4250/4543 2047/2161
f 3962/4228 4447/4770 3963/4229
f 3963/4229 4447/4770 2990/3158
f 2174/2296 2125/4602 4458/4781
f 417/445 3140/3319 3139/3318
f 3001/3169 3002/3170 3282/3471
f 3281/3470 401/425 3282/3471
f 2105/2224 3578/3810 4392/4703
f 4396/4707 2108/2227 2105/2224
f 2047/2161 916/971 4457/4780
f 916/971 3704/3946 4457/4780
f 2153/2274 2354/2482 3180/3363
f 2153/2274 3180/3363 2154/2275
f 4447/4770 4446/4769 2990/3158
f 4446/4769 2989/3157 2990/3158
f 1386/1460 703/750 3973/4239
f 1386/1460 3521/3744 4459/4782
f 98/116 4460/4783 96/114
f 4460/4783 98/116 4750/2002
f 1615/1699 265/288 1712/1800
f 1614/1698 265/288 1615/1699
f 2633/2780 3040/3212 2637/2784
f 1117/1183 2637/2784 3040/3212
f 3212/3395 97/115 1244/1318
f 97/115 96/114 1244/1318
f 235/257 3133/3312 3176/3357
f 350/373 235/257 234/256
f 1386/1460 4459/4782 703/750
f 4456/4779 4455/4778 3522/3745
f 4461/4784 818/872 747/796
f 3831/4085 879/934 747/796
f 2087/4785 4462/4786 1248/1322
f 4462/4786 1249/3235 1248/1322
f 4463/177 2893/3053 3179/3052
f 1306/1380 4463/4787 3179/3361
f 3734/3976 2319/2447 341/364
f 3734/3976 341/364 340/363
f 4464/4788 3134/3313 3133/3312
f 350/373 3133/3312 235/257
f 1797/1890 1246/1320 1796/1889
f 1797/1890 1765/1855 1767/1857
f 4465/4789 3049/3221 2161/2282
f 879/934 4465/4789 747/796
f 1233/4560 1235/4757 1219/1292
f 1233/4560 1219/1292 2145/2266
f 263/286 2664/2811 264/287
f 2664/2811 4466/4790 264/287
f 1796/1889 3061/3234 1765/1855
f 1765/1855 1797/1890 1796/1889
f 879/934 3049/3221 4465/4789
f 3049/3221 879/934 878/933
f 1590/1673 1821/1914 1198/1674
f 1198/1267 1821/1915 1199/1268
f 714/761 3010/3178 337/360
f 2733/2886 2953/3117 1884/1984
f 2675/4595 2326/2454 1432/1513
f 2675/2822 2665/2812 2664/2811
f 2233/2357 1567/1649 1236/1310
f 2247/2373 2249/2375 2233/2357
f 478/4791 1218/507 476/509
f 1305/1379 4471/4792 4470/4507
f 237/259 239/261 930/986
f 237/259 930/986 4077/4347
f 1870/1970 4467/4793 4468/4794
f 1928/2033 3217/3401 4469/4795
f 746/795 3831/4085 747/796
f 3831/4085 746/795 1702/1789
f 3791/4042 4470/4796 4471/4797
f 478/4791 4472/4798 4471/4797
f 2342/2470 4473/4799 758/808
f 4473/4799 1189/1258 2034/2148
f 3438/3651 2624/2771 282/305
f 282/305 3439/3652 3438/3651
f 1086/1151 1084/3988 2002/2116
f 2002/2116 975/1034 2461/2595
f 1144/1212 2449/2583 1145/1213
f 4074/4344 3288/3478 101/119
f 3791/4042 4471/4797 4472/4798
f 4472/4798 3792/4043 3791/4042
f 2341/2469 4474/4800 2342/2470
f 2342/2470 4475/4801 4473/4799
f 3673/3912 3986/4252 3428/3641
f 3428/3641 3986/4252 3427/3640
f 2713/2864 2712/2863 4476/4802
f 3744/3990 2001/2115 2002/2116
f 1477/1559 4477/4803 1903/2007
f 1478/1560 1477/1559 2140/2261
f 1928/2033 4469/4795 2240/2366
f 3217/3401 4468/4794 4469/4795
f 3673/3912 1366/1440 3986/4252
f 1366/1440 2027/2141 3986/4252
f 4473/4799 4475/4801 1189/1258
f 4475/4801 2342/2470 4474/4800
f 21/39 23/41 2240/2366
f 4469/4795 21/39 2240/2366
f 123/142 1194/1263 3329/3526
f 4032/4300 1194/1263 123/142
f 3352/3552 791/845 1040/1104
f 1042/1106 3352/3552 1043/1107
f 4125/4406 4118/4399 4119/4400
f 3725/3967 3724/3966 3070/3245
f 2134/2255 640/684 4107/4388
f 3370/3571 2134/2255 4107/4388
f 2338/2466 1187/1256 1189/1258
f 4474/4800 1189/1258 4475/4801
f 4478/4804 4479/4805 226/248
f 131/150 1961/2069 4478/4804
f 3352/3552 1040/1104 3018/3189
f 3018/3189 1040/1104 1039/1103
f 2798/2955 2848/3005 2847/3004
f 138/157 2798/2955 139/158
f 478/4791 476/509 4472/4798
f 476/509 4374/4683 4472/4798
f 2894/3055 2866/3024 4480/4806
f 2896/3057 2903/3064 2902/3063
f 3882/4140 1409/1487 1410/1488
f 165/187 1410/1488 1409/1487
f 2798/2955 2847/3004 139/158
f 139/158 2847/3004 2121/2240
f 2903/3064 2896/3057 4481/4807
f 2896/3057 4482/4808 4481/4807
f 3767/4017 1725/1813 976/1035
f 3767/4017 976/1035 3763/4012
f 995/1056 4483/4809 3921/3473
f 650/694 649/693 1285/1359
f 4119/4400 4118/4399 724/771
f 724/771 723/770 4119/4400
f 4484/4810 4485/4811 4188/4475
f 3697/3939 2555/2695 3699/3941
f 1613/1697 3562/3791 4486/4812
f 1788/1880 3562/3791 3630/3866
f 4095/4371 3489/3709 3490/3710
f 3489/3709 4311/4612 349/372
f 2241/2367 1927/2032 3306/3502
f 3306/3502 2203/2325 2241/2367
f 3564/3793 3701/3943 1626/1710
f 3701/3943 3562/3791 3563/3792
f 4487/4813 153/172 4488/4814
f 4164/478 449/480 3652/3890
f 1499/1581 1721/1809 1723/1811
f 4484/4810 1721/1809 4485/4811
f 2620/2767 830/884 829/883
f 829/883 2621/2768 2620/2767
f 3701/3943 3564/3793 4489/4815
f 4489/4815 3564/3793 4486/4812
f 3702/3528 3075/3250 3706/3948
f 1621/1705 3702/3528 1620/1704
f 4430/4747 2975/3142 4431/4748
f 3907/4165 4490/4816 2973/3140
f 829/883 2624/2771 2621/2768
f 2621/2768 2624/2771 2635/2782
f 1127/1193 2324/2452 2863/3021
f 2901/3062 2894/3055 1127/1193
f 3845/4099 2832/2989 1362/1436
f 2857/3014 3845/4099 4281/4576
f 2696/2846 2662/2809 4451/4774
f 1924/2029 2694/2844 3316/3512
f 4483/4809 2403/2532 3692/605
f 2336/2464 2402/2531 1285/1359
f 4491/4817 2803/2960 1615/1699
f 1616/1700 2803/2960 3957/4223
f 79/97 1211/1281 3555/3784
f 79/97 3555/3784 3557/3786
f 4216/4506 751/800 4215/4505
f 749/798 751/800 4216/4506
f 1832/1926 1442/1523 1441/1522
f 1442/1523 4492/4818 1443/1524
f 2963/3128 2962/3127 4385/4695
f 2080/2197 2079/2196 4385/4702
f 3839/4093 2211/2334 2209/2332
f 3839/4093 2954/3118 2211/2334
f 4493/4819 913/968 912/967
f 4493/4819 912/967 1865/1965
f 4207/4497 1712/1800 1714/1802
f 3957/4223 2803/2960 4491/4817
f 2408/2537 2568/2714 2409/2538
f 2409/2538 2568/2714 3720/3962
f 1832/1926 3643/3880 663/707
f 4492/4818 1442/1523 1832/1926
f 4493/4819 1865/1965 4494/4820
f 1633/1717 2992/3160 2991/3159
f 3675/3914 3550/3779 3548/3777
f 221/243 4155/4439 3676/3915
f 2141/2262 1966/2075 2354/2482
f 1966/2075 2141/2262 2144/2265
f 599/639 598/638 3849/4104
f 3532/3759 3849/4104 4444/4766
f 1543/1625 625/667 2950/3114
f 1543/1625 626/668 625/667
f 1523/1605 1078/1142 3449/3664
f 3449/3664 1078/1142 4321/4625
f 2266/2393 2265/2392 2267/2394
f 3347/3547 538/574 2266/2393
f 4444/4766 598/638 1742/1830
f 4444/4766 3849/4104 598/638
f 1479/1561 4424/4741 30/48
f 1480/1562 30/48 4424/4741
f 3412/3620 4495/4821 3201/3384
f 324/347 4495/4821 3412/3620
f 4496/4822 1846/1943 1982/2092
f 3800/4052 3074/3249 3104/3282
f 4497/4823 96/114 536/572
f 3781/4032 536/572 4498/4824
f 2390/2519 2389/2518 835/889
f 2391/2520 2390/2519 835/889
f 564/4825 4168/4452 1279/1353
f 564/4825 1759/1849 1758/1848
f 3930/4191 4498/4824 536/572
f 74/92 3781/4032 4498/4824
f 438/467 4113/4394 902/957
f 902/957 439/468 438/467
f 4424/4741 3469/3688 1480/1562
f 3469/3688 3470/3689 1480/1562
f 393/4826 564/4825 1758/1848
f 1758/1848 3171/3352 4499/4827
f 3104/3282 1982/2092 3105/3283
f 3104/3282 3105/3283 308/331
f 74/92 3347/3547 72/90
f 3930/4191 74/92 4498/4824
f 1720/1808 4000/4267 880/935
f 4000/4267 1720/1808 2443/2577
f 4500/4828 1109/1175 1099/1165
f 3888/4146 1099/1165 1109/1175
f 654/698 698/745 697/744
f 2559/2703 698/745 654/698
f 3851/4106 3852/4107 4296/4592
f 4501/4829 3242/3427 3852/4107
f 4093/4368 3609/3842 1772/1862
f 1772/1862 3609/3842 3619/3855
f 768/821 1226/1300 1488/1570
f 1488/1570 769/822 768/821
f 3498/3719 1727/4754 3499/3720
f 3498/1793 1705/1792 1727/1815
f 3461/3678 1752/1841 2995/3163
f 3461/3678 2995/3163 1766/1856
f 3796/4048 3572/3802 534/570
f 534/570 3572/3802 3227/3411
f 1585/1667 2589/2736 2588/2735
f 2588/2735 4253/4546 1585/1667
f 3587/3819 1689/1776 336/359
f 3667/3906 3668/3907 1689/1776
f 3407/3615 4435/4830 1166/1234
f 3407/3615 1673/1760 1672/1759
f 4502/4831 859/913 858/912
f 2873/3031 4502/4831 858/912
f 4202/4491 2522/2662 2497/2634
f 2497/2634 4205/4495 4204/4494
f 3245/3430 1362/1436 1364/1438
f 4501/4829 3852/4107 1362/1436
f 4503/4832 3665/3904 1417/1495
f 3665/3904 4503/4832 2985/3152
f 811/865 455/487 3790/4041
f 475/508 811/865 3790/4041
f 1953/2061 1663/1750 1954/2062
f 1953/2061 1954/2062 2777/2932
f 1659/1746 4412/4725 3512/3734
f 1685/1772 4412/4725 1659/1746
f 1017/1081 2509/2648 2511/2650
f 2509/2648 1017/1081 444/473
f 3060/3233 2536/2676 1454/1535
f 2536/2676 3060/3233 2537/2677
f 2677/2824 4507/3659 2327/2455
f 2677/2824 2676/2823 2674/4594
f 4321/4625 4320/4624 1076/1140
f 4320/4624 51/69 3304/3498
f 4237/4529 2423/2556 3680/3919
f 2423/2556 2363/2492 2339/2467
f 3999/4266 2763/2916 46/64
f 4504/4833 2763/2916 3976/4242
f 3667/3906 1689/1776 3587/3819
f 314/337 571/611 315/338
f 4505/4834 1430/1510 4506/4835
f 4505/4834 1455/1536 2805/2962
f 2674/2821 2325/2453 4507/4836
f 4507/4836 2677/4837 2674/2821
f 4504/4833 474/506 2763/2916
f 4504/4833 3976/4242 3982/4248
f 2237/2363 2999/3167 4508/4838
f 4508/4838 1453/1534 4509/4839
f 1078/1142 1079/1143 4320/4624
f 4320/4624 901/956 51/69
f 453/3501 1573/1655 843/897
f 1573/1655 1183/1252 843/897
f 199/221 3825/4079 200/222
f 199/221 298/321 3825/4079
f 4510/4840 2237/2363 4508/4838
f 4510/4840 4508/4838 4509/4839
f 2912/3074 4511/4841 424/453
f 2912/3074 424/453 423/452
f 1334/1408 1654/1741 1331/1405
f 1334/1408 1655/1742 1654/1741
f 474/506 3982/4248 440/469
f 4504/4833 3982/4248 474/506
f 1848/1945 1850/1947 1939/2046
f 2999/3167 1453/1534 4508/4838
f 827/881 1626/1710 4179/4465
f 4180/4466 827/881 4179/4465
f 231/253 233/255 618/659
f 233/255 4512/4842 618/659
f 1679/1766 3937/4202 2736/2889
f 2736/2889 1677/1764 1679/1766
f 3451/3666 3842/4096 4513/4843
f 707/754 706/753 2277/2405
f 1939/4844 1454/1535 1453/1534
f 2999/3167 1939/4844 1453/1534
f 4514/4845 2516/2655 1280/1354
f 1278/4846 4236/2656 2516/2655
f 241/263 240/262 4515/4847
f 4515/4847 240/262 4516/4848
f 674/4651 4348/4653 4347/4652
f 674/718 631/673 4348/1736
f 1453/1534 1455/1536 4509/4839
f 4506/4835 4510/4840 4509/4839
f 2208/2331 1965/2073 3152/3331
f 1965/2073 2445/2579 1963/2071
f 4517/4849 248/271 250/273
f 4190/4477 248/271 4517/4849
f 183/205 4518/4850 184/206
f 4518/4850 183/205 3463/3681
f 1671/1758 2939/3101 1669/1756
f 2939/3101 1478/1560 1669/1756
f 4751/2170 1097/1163 3084/1162
f 1989/2099 4519/4851 3084/3259
f 1763/1853 302/325 1761/1851
f 1763/1853 1761/1851 1764/1854
f 2519/4852 3631/3989 1088/1153
f 3631/3989 1086/1151 1088/1153
f 2787/2943 2761/2914 2760/2913
f 1203/1273 2787/2943 2760/2913
f 1754/1843 1908/2013 521/557
f 521/557 558/594 1754/1843
f 1989/2099 1115/1181 4519/4851
f 1114/1180 4333/4637 1989/2099
f 3462/3680 4518/4850 3463/3681
f 3841/4095 4518/4850 3462/3680
f 2879/3038 2504/2641 2880/3039
f 2880/3039 2504/2641 1038/1102
f 3855/4110 4317/4621 3856/4111
f 3856/4111 4318/4622 3883/4141
f 2642/2789 2383/2512 1645/1730
f 1645/1730 602/642 2642/2789
f 1274/1348 3802/4054 1272/1346
f 3357/3557 3802/4054 1274/1348
f 113/131 2775/2928 864/919
f 864/919 2775/2928 4233/4525
f 1269/1343 1606/1690 2008/2122
f 4343/4647 1606/1690 1269/1343
f 4488/4814 153/172 4169/2643
f 4169/4453 2880/3039 1037/1101
f 4520/4853 3542/3769 3527/3751
f 1644/1729 3527/3751 1645/1730
f 3262/3448 777/830 3751/3999
f 3262/3448 3751/3999 3267/3454
f 4398/4709 4401/4712 2889/3048
f 4400/4711 4405/4716 4401/4712
f 3544/3771 3553/3782 3567/3796
f 3553/3782 1614/1698 3567/3796
f 2559/2703 203/225 699/746
f 3298/3492 3776/4027 203/225
f 2547/2687 3259/3445 2550/2690
f 3635/3871 2550/2690 3259/3445
f 1391/1465 1652/1739 1651/1738
f 1391/1465 3756/4005 1652/1739
f 1479/1561 1260/1334 3468/3687
f 4424/4741 1479/1561 3468/3687
f 2231/2355 3298/3492 2559/2703
f 3298/3492 203/225 2559/2703
f 2222/2345 2309/2437 93/111
f 2224/2347 2222/2345 93/111
f 4331/4635 303/326 40/58
f 4331/4635 3884/4142 3886/4144
f 1922/2027 1735/1823 1414/1492
f 1415/1493 1414/1492 1735/1823
f 1008/1072 2650/2797 3376/3577
f 3376/3577 2650/2797 986/1046
f 1312/1386 2493/2629 446/475
f 1312/1386 1311/1385 2493/2629
f 3260/3446 3877/4135 4331/4635
f 3884/4142 4331/4635 3877/4135
f 3559/3788 4521/4854 753/802
f 2069/2184 3559/3788 753/802
f 2224/2347 2919/3081 2223/2346
f 93/111 95/113 2224/2347
f 3103/3281 511/547 1131/1197
f 926/982 512/548 511/547
f 2493/2629 4191/4479 583/623
f 446/475 2493/2629 583/623
f 1413/1491 1415/1493 1733/1821
f 1734/1822 1415/1493 1735/1823
f 4278/4573 4522/4855 4124/4405
f 3898/4156 3897/4155 4522/4855
f 2214/2337 2815/2972 1435/1516
f 1436/1517 1435/1516 2815/2972
f 4523/4856 2227/2350 2228/2351
f 4523/4856 4524/4857 4218/4509
f 589/629 2309/2437 590/630
f 2310/2438 2309/2437 589/629
f 300/323 436/465 2817/2974
f 4525/4858 2818/2975 301/324
f 1436/1517 362/385 3674/3913
f 1436/1517 3674/3913 1433/1514
f 3341/3539 3342/4859 682/3540
f 3072/3247 4381/4691 3342/4859
f 3502/3723 2143/2264 2144/2265
f 4526/4860 3502/3723 320/343
f 1336/1410 3072/3247 1337/1411
f 3341/3539 3072/3247 3342/4859
f 2679/2826 3300/3500 3305/3499
f 3301/599 3300/3500 2679/2826
f 3430/3643 3432/3645 3431/3644
f 590/630 2309/2437 3431/3644
f 4218/4509 4524/4857 1005/1069
f 2228/2351 1007/2352 1005/1069
f 4111/4392 3194/3377 1611/1695
f 4105/4386 3194/3377 4111/4392
f 4025/4293 4251/4544 810/864
f 3222/3406 1585/1667 4527/4861
f 2143/2264 3290/3480 1966/2075
f 1344/3611 3290/3480 3403/3609
f 1641/2078 2302/2430 2937/3099
f 1617/1701 2937/3099 1618/1702
f 1524/1606 1523/1605 2625/2772
f 1760/1850 1524/1606 2625/2772
f 4528/4862 4123/4404 4122/4403
f 4528/1993 1891/1992 4123/1545
f 241/263 4515/4847 1911/2016
f 1911/2016 4515/4847 4516/4848
f 1619/1703 1639/1723 1638/1722
f 1956/2064 1619/1703 2900/3061
f 1904/2008 1980/4863 3934/4198
f 1904/2008 1981/4864 1980/4863
f 1891/1992 1463/1544 4123/1545
f 4431/4748 408/433 4432/4749
f 679/723 773/826 947/1003
f 773/826 1977/2087 947/1003
f 3062/3237 3064/3239 713/760
f 3066/3241 711/758 713/760
f 1619/1703 1618/1702 2302/2430
f 2937/3099 2302/2430 1618/1702
f 3569/3798 3570/3799 2661/2808
f 4529/4865 3569/3798 2661/2808
f 4530/4866 1043/1107 4417/4732
f 4416/4731 4530/4866 4417/4732
f 2413/2543 2414/2544 2416/2546
f 4531/4867 2413/2543 2416/2546
f 1285/1359 2403/2532 4483/4809
f 1285/1359 4483/4809 995/1056
f 2662/2809 3777/4028 2660/2807
f 3777/4028 3569/3798 4529/4865
f 2248/2374 2630/2777 2249/2375
f 2249/2375 1239/1313 2233/2357
f 2414/2544 908/963 2415/2545
f 908/963 2414/2544 2413/2543
f 257/280 4530/4866 258/281
f 257/280 1043/1107 4530/4866
f 562/600 1569/1651 3580/3812
f 2517/2657 562/600 3580/3812
f 4483/4809 3692/605 3921/3473
f 3692/3934 3923/4183 3921/4181
f 1633/1717 1634/1718 913/968
f 3872/4130 913/968 1634/1718
f 4532/4868 908/963 910/965
f 910/965 909/964 4201/4490
f 4350/4655 2517/2657 3580/3812
f 2516/2655 2517/2657 4350/4655
f 2295/2423 2298/2426 2690/2839
f 2295/2423 2296/2424 2298/2426
f 780/833 3759/4008 2030/2144
f 3759/4008 780/833 782/835
f 2265/2392 2264/2391 2267/2394
f 4533/4869 4236/4528 4235/4527
f 1379/1453 3284/3474 198/220
f 297/320 198/220 3284/3474
f 1588/1670 3337/3535 4534/4870
f 2697/2847 1923/2028 3339/3537
f 1233/1307 4256/4549 3279/3468
f 3279/3468 4256/4549 3147/3326
f 2873/3031 2860/3018 2874/3032
f 2874/3032 2859/3017 2873/3031
f 1379/1453 198/220 2043/2157
f 1379/1453 2043/2157 1356/1430
f 4173/598 2517/2657 4236/2656
f 4533/4869 4173/4457 4236/4528
f 4532/4868 910/965 4201/4490
f 847/901 2311/2439 848/902
f 2371/2500 4140/4423 2369/2498
f 3494/3714 2371/2500 2369/2498
f 786/839 787/841 4183/3153
f 4183/3153 787/841 1674/4478
f 1304/1378 478/511 1305/1379
f 478/511 4471/4792 1305/1379
f 3378/3579 3367/3568 3369/3570
f 2593/2740 2571/2717 2594/2741
f 1664/1751 4167/4451 275/298
f 274/297 1265/1339 1664/1751
f 1708/1796 963/1021 960/1018
f 960/1018 963/1021 962/1020
f 2686/2835 3867/4123 1533/1615
f 3004/2832 3867/4123 2686/2835
f 488/522 2792/2948 610/650
f 610/650 2792/2948 614/654
f 2541/2681 3002/3170 3003/3171
f 470/502 2541/2681 3003/3171
f 2506/2645 3319/3516 4166/4450
f 4535/4871 4167/4451 1664/1751
f 2183/2305 1000/1062 1598/1682
f 999/1061 1598/1682 1000/1062
f 384/407 3433/3646 948/1004
f 384/407 3434/3647 3433/3646
f 1707/1795 2885/3044 2884/3043
f 159/179 4044/4312 3642/3879
f 3959/4225 2978/3145 2977/3144
f 2978/3145 3959/4225 1876/1976
f 2017/2131 1969/2079 3577/3807
f 1969/2079 2017/2131 2016/2130
f 254/277 256/279 3002/3170
f 3002/3170 256/279 3003/3171
f 4044/4312 1707/1795 2884/3043
f 4044/4312 4035/4303 1707/1795
f 4127/4408 3710/3952 4128/4409
f 4127/4408 4129/4410 3710/3952
f 696/743 2530/2670 3510/3732
f 696/743 3510/3732 1592/1676
f 778/831 2128/2248 2176/2298
f 2421/4872 2125/4602 2176/2298
f 872/927 2047/4682 873/928
f 3159/3341 599/639 4536/4873
f 2824/2981 2825/2982 4128/4409
f 2811/2968 34/52 33/51
f 61/79 924/980 923/979
f 4006/4273 924/980 61/79
f 3380/3581 3378/3579 3366/3567
f 3380/3581 4537/4874 4538/4875
f 2639/2786 1444/1525 4274/4569
f 2639/2786 2638/2785 1444/1525
f 994/1055 651/695 995/1056
f 994/1055 2227/2350 4523/4856
f 541/577 1634/1718 1510/1592
f 4129/4410 541/577 1510/1592
f 1159/1227 4112/4393 4030/4298
f 1159/1227 1222/1296 4420/4735
f 4539/4876 1045/1109 353/376
f 2776/2931 4539/4876 353/376
f 2498/2635 2512/2651 217/239
f 216/238 2498/2635 217/239
f 846/900 809/863 2146/2267
f 846/900 2163/2284 4540/4877
f 4270/4565 1367/1441 2261/2388
f 4541/4878 4270/4565 2261/2388
f 3810/4062 1330/1404 3804/4056
f 1330/1404 1332/1406 3804/4056
f 2617/2764 2710/2860 4032/4300
f 2617/2764 4032/4300 122/141
f 556/592 3094/3270 557/593
f 4542/4879 4161/4445 4160/4444
f 4145/4429 160/180 4148/4432
f 4541/4878 4148/4432 4270/4565
f 4543/4880 3380/3581 4538/4875
f 4543/4880 4538/4875 3367/3568
f 26/44 1216/1288 4083/1290
f 25/43 273/296 26/44
f 4307/4607 4148/4432 4541/4878
f 506/540 505/539 4307/4607
f 4544/4881 2838/2995 2851/3008
f 2851/3008 3483/3703 4544/4881
f 2801/2958 4161/4445 4542/4879
f 4545/4882 4160/4444 556/592
f 965/1023 4546/4883 2841/2998
f 964/1022 4546/4883 965/1023
f 4307/4607 4547/4884 957/1015
f 957/1015 4148/4432 4307/4607
f 2171/2293 4548/4885 1917/2022
f 1917/2022 277/300 712/759
f 4544/4881 3483/3703 1164/1232
f 3116/3294 4092/4367 3483/3703
f 632/674 674/718 461/493
f 461/493 460/492 632/674
f 4548/4885 609/649 277/300
f 4548/4885 277/300 1917/2022
f 4142/4425 275/298 2007/2121
f 275/298 3817/4071 276/299
f 2799/2956 2801/2958 4549/4886
f 4549/4886 2801/2958 4542/4879
f 2891/3050 4550/4887 3698/3940
f 552/588 4550/4887 2891/3050
f 3079/3254 3115/3293 2836/2993
f 3079/3254 3121/3299 3115/3293
f 214/236 394/418 4036/4304
f 215/237 214/236 2680/2827
f 1971/2081 2576/2722 2578/2724
f 2576/2722 1971/2081 3047/3219
f 3120/4888 3119/3297 3110/3288
f 3740/3983 3119/3297 3120/4888
f 3015/4889 2747/2900 897/952
f 3015/4889 3932/4192 2747/2900
f 1191/1260 1787/1879 2799/2956
f 4551/4890 2799/2956 4549/4886
f 4552/4891 4342/4646 3509/3731
f 4552/4891 3509/3731 1609/1693
f 598/638 4135/4416 1743/1831
f 1743/1831 4135/4416 561/597
f 2578/2724 2579/2725 1972/2082
f 2578/2724 1972/2082 1971/2081
f 3837/4091 2801/2958 2800/2957
f 3837/4091 4162/4446 2801/2958
f 1740/1828 480/513 2410/2539
f 4193/4481 480/513 1740/1828
f 194/216 2628/2775 25/43
f 3626/3862 1170/1238 2628/2775
f 3509/3731 4342/4646 922/978
f 4342/4646 2172/2294 2171/2293
f 4516/4848 4553/4892 1911/2016
f 3672/3911 1909/3776 4196/4484
f 1848/1945 3000/3168 1849/1946
f 1849/1946 3000/3168 3241/3426
f 4168/4452 4514/4845 1280/1354
f 4168/4452 564/4825 1278/4846
f 2561/2706 1130/1196 3807/4059
f 3834/4088 1130/1196 2561/2706
f 3295/3486 2826/2983 2627/2774
f 1170/1238 2627/2774 2628/2775
f 3360/3560 118/137 2243/2369
f 118/137 4554/4893 2243/2369
f 2117/2236 3499/3720 1308/1382
f 1307/1381 2117/2236 1308/1382
f 700/747 2561/2706 3806/4058
f 2561/2706 700/747 1094/2707
f 4168/4452 1278/4846 4514/4845
f 4514/4845 1278/4846 2516/2655
f 1723/1811 3459/3676 387/410
f 387/410 3459/3676 388/411
f 2335/2463 2337/2465 91/109
f 91/109 2337/2465 2793/2949
f 4378/4687 769/822 4019/4286
f 4019/4286 2399/2528 4378/4687
f 744/793 4017/4284 2160/2281
f 188/210 2148/2269 2740/2893
f 3438/3651 2636/2783 2635/2782
f 2624/2771 3438/3651 2635/2782
f 91/109 90/108 2334/2462
f 224/246 2221/2344 2223/2346
f 4266/4561 3579/3811 1238/1312
f 4152/4436 4266/4561 2655/2802
f 3253/3439 4390/4700 3254/3440
f 3254/3440 4390/4700 3873/4131
f 4533/4869 4555/4894 2267/2394
f 2692/2842 4556/4895 4557/4896
f 4019/4286 2397/2526 2471/2605
f 4019/4286 399/423 2397/2526
f 3097/3273 3763/4012 3096/3272
f 2329/2457 3096/3272 3089/3264
f 4380/4690 4558/4897 979/1039
f 979/1039 4559/4898 283/306
f 3617/3853 1052/1116 3639/3876
f 3639/3876 1052/1116 3705/3947
f 1440/1521 2460/2594 3763/4012
f 2460/2594 1440/1521 2328/2456
f 2872/3030 4560/4899 2419/2550
f 2419/2550 4560/4899 2853/3010
f 8/26 241/263 238/260
f 2285/2413 8/26 238/260
f 2460/2594 3762/4011 3763/4012
f 3762/4011 3088/3263 3089/3264
f 3482/3702 2851/3008 2850/3007
f 3482/3702 2850/3007 3472/3691
f 1522/1604 1521/1603 3392/3593
f 1546/1628 66/84 1524/1606
f 1764/1854 1761/1851 744/793
f 3132/3311 1764/1854 744/793
f 3096/3272 3763/4012 3089/3264
f 3762/4011 3089/3264 3763/4012
f 1994/2107 3987/4253 2980/3147
f 1896/1999 2970/3135 2971/3136
f 1175/1243 3446/3661 4382/4692
f 1175/1243 4382/4692 4234/4526
f 3432/3645 590/630 3431/3644
f 590/630 3432/3645 591/631
f 656/700 863/918 657/701
f 3776/4027 657/701 3198/3381
f 1648/1733 1289/1363 2396/2525
f 1648/1733 631/673 1289/1363
f 3896/4900 4561/434 2973/3140
f 4561/4901 3896/4154 3898/4156
f 2729/2881 367/390 2783/2939
f 4562/4902 2783/2939 367/390
f 1323/1397 105/123 1769/1859
f 1323/1397 3124/3302 105/123
f 192/214 1456/1537 1461/1542
f 1459/1540 1461/1542 1456/1537
f 4563/4903 2424/2557 3695/3937
f 367/390 366/389 4562/4902
f 140/159 139/158 2120/2239
f 326/349 140/159 3429/3642
f 2857/3014 4281/4576 2856/3013
f 2856/3013 4281/4576 1361/1435
f 4564/4904 3476/3696 1253/1327
f 664/708 4564/4904 1253/1327
f 2720/2872 2724/2876 2723/2875
f 2724/2876 3236/3420 3977/4243
f 818/872 4461/4784 2161/2282
f 2161/2282 4275/4570 818/872
f 3987/4253 683/730 8/26
f 3989/4255 3997/4264 683/730
f 1985/2095 1984/2094 2024/2138
f 1984/2094 4484/4810 4188/4475
f 3657/3895 3270/3457 3656/3894
f 3270/3457 4232/3881 3656/3894
f 3542/3769 3531/3758 1744/1832
f 4520/4853 3531/3758 3542/3769
f 4420/4735 4112/4393 1159/1227
f 3047/3219 1973/2083 4420/4735
f 4499/4827 393/4826 1758/1848
f 2730/3351 393/4826 3170/3350
f 3287/3477 1640/1724 3405/4427
f 404/428 3287/3477 3289/3479
f 2485/2621 3007/3175 3613/3846
f 3041/3213 3007/3175 974/1033
f 683/730 1835/1929 1837/1931
f 683/730 1837/1931 8/26
f 44/62 3655/3893 4565/4905
f 2190/2312 44/62 3654/3892
f 1459/1540 4564/4904 664/708
f 1459/1540 1456/1537 4564/4904
f 628/670 627/669 1842/1937
f 1842/1937 3506/3728 628/670
f 169/191 168/190 1111/1177
f 3448/3663 169/191 1111/1177
f 3329/3526 1196/1265 1197/1672
f 1196/1265 1590/1673 1197/1672
f 4566/4906 4567/4907 3613/3846
f 3613/3846 3007/3175 4566/4906
f 3052/3224 3068/3243 3051/3223
f 3070/3245 3724/3966 3069/3244
f 220/242 222/244 2321/2449
f 2433/2567 2321/3849 2434/2568
f 32/50 167/189 1711/1799
f 167/189 169/191 1711/1799
f 1928/2033 3905/4163 4568/4908
f 2282/2410 3036/3208 1928/2033
f 2715/2866 3611/3844 2716/2867
f 3613/3846 4567/4907 3611/3844
f 561/597 2048/3923 559/595
f 2719/2871 1072/4909 332/355
f 712/759 2764/2917 2442/2576
f 2442/2576 3999/4266 4000/4267
f 108/126 1864/1963 109/127
f 1864/1963 4053/4321 109/127
f 2567/2713 3666/3905 288/311
f 288/311 2568/2714 2567/2713
f 4569/4910 4570/4911 2796/2952
f 4570/1501 1420/1498 2796/1512
f 1072/1136 1071/1135 559/595
f 559/595 2048/3923 1072/1136
f 2595/2742 785/838 2596/2743
f 4353/4658 1468/1550 3320/3517
f 576/616 1359/1433 1358/1432
f 576/616 1358/1432 577/617
f 3767/4017 4095/4371 1725/1813
f 4095/4371 2412/2542 1725/1813
f 1447/1528 3228/3412 4345/4649
f 1449/1530 3228/3412 1447/1528
f 710/757 2441/2575 2443/2577
f 575/615 1718/1806 710/757
f 2997/3165 1927/2032 836/890
f 4341/4645 2997/3165 836/890
f 2613/2760 432/461 2612/2759
f 3477/3697 2613/2760 2612/2759
f 673/717 2333/2461 4571/4912
f 4571/4912 1683/1770 673/717
f 1976/2086 1914/2019 4572/4913
f 1976/2086 4042/4310 4039/4307
f 2325/2453 2674/2821 263/286
f 263/286 2674/2821 2664/2811
f 4277/4572 4335/4639 3390/3591
f 838/892 4335/4639 836/890
f 1483/1565 172/194 432/461
f 1483/1565 432/461 2613/2760
f 1070/1134 1072/1136 2766/2919
f 2766/2870 1072/4909 2719/2871
f 1838/1933 2087/4914 1825/1932
f 2086/4915 2087/4914 1838/1933
f 1103/1169 1806/1899 3374/3575
f 2648/2795 3374/3575 3376/3577
f 2330/2458 4571/4912 2333/2461
f 2330/2458 2333/2461 1179/1248
f 1643/1728 874/929 3532/3759
f 875/930 874/929 1643/1728
f 4294/4590 3917/4176 3918/4178
f 1697/4916 4573/4917 2425/2558
f 4301/4600 4574/4918 4575/4919
f 4576/3036 2879/4920 4575/4921
f 4093/4368 1495/1577 4355/4660
f 4093/4368 4355/4660 3609/3842
f 142/161 3226/3410 1300/1374
f 3226/3410 438/467 437/466
f 2698/2848 2330/2458 1181/1250
f 4571/4912 2330/2458 2698/2848
f 4574/4918 4576/4922 4575/4919
f 4576/4922 2911/3072 3216/3400
f 1491/1573 4537/4874 1680/1767
f 1681/1768 1680/1767 4537/4874
f 3080/3255 2950/3114 2952/3116
f 4577/4923 3080/3255 2198/2320
f 3460/3677 105/123 107/125
f 3460/3677 107/125 4312/4613
f 2814/2971 2214/2337 1435/1516
f 3294/3485 2214/2337 260/283
f 1425/1505 4574/4918 4301/4600
f 1426/1506 1425/1505 4301/4600
f 2592/2739 4578/4924 1491/1573
f 4578/4924 2592/2739 2594/2741
f 2960/3125 2950/3114 3080/3255
f 2950/3114 2960/3125 2941/3103
f 2818/2975 2817/2974 679/723
f 2817/2974 2818/2975 4525/4858
f 93/111 2310/2438 4511/4841
f 4511/4841 2310/2438 424/453
f 4575/4919 2878/2642 4301/4600
f 4301/4600 2878/2642 2505/2644
f 3295/3486 59/77 2212/2335
f 2212/2335 59/77 2213/2336
f 1745/1833 3230/3414 1733/1821
f 1415/1493 1734/1822 1733/1821
f 1022/1086 1021/1085 4579/4925
f 121/140 120/139 1021/1085
f 4632/3695 3476/3696 2377/2506
f 2357/4926 2604/2751 1254/1328
f 1986/2096 3470/3689 1987/2097
f 3468/3687 1987/2097 3470/3689
f 3996/4262 120/139 1353/1427
f 120/139 3996/4262 4580/4927
f 95/113 423/452 2919/3081
f 2224/2347 95/113 2919/3081
f 3741/3985 2846/3003 1218/507
f 3741/3985 2146/2267 2846/3003
f 3358/3558 3335/3533 3336/3534
f 3335/3533 3358/3558 3082/3257
f 1986/2096 2024/2138 4192/4480
f 3470/3689 1986/2096 4192/4480
f 1352/1426 1354/1428 2688/2837
f 4579/4925 4581/4928 1022/1086
f 2357/4926 1254/1328 2379/4929
f 2378/2507 2357/2486 2379/2508
f 3539/3766 2507/2646 4011/4278
f 2507/2646 1312/1386 446/475
f 1218/507 4265/4559 3741/3985
f 4257/4550 1218/1291 477/510
f 2095/2214 3327/3524 3765/4015
f 3327/3524 2095/2214 4441/4763
f 481/514 3434/3647 483/516
f 4193/4481 3434/3647 481/514
f 4013/4280 3539/3766 23/41
f 3539/3766 4013/4280 2507/2646
f 2688/2837 1022/1086 4581/4928
f 1022/1086 2688/2837 2054/2168
f 384/407 484/517 483/516
f 384/407 483/516 3434/3647
f 3607/3840 4582/4930 3606/3839
f 4582/4930 3607/3840 692/739
f 3268/3455 3267/3454 2786/2942
f 2788/2944 3268/3455 2786/2942
f 1218/507 2846/3003 475/508
f 2846/3003 811/865 475/508
f 71/89 70/88 1060/1124
f 2345/2473 4583/4931 2344/2472
f 4087/4361 1027/1091 4088/4362
f 4087/4361 4086/4360 1027/1091
f 4051/4319 4584/4932 4585/4933
f 1952/2060 4585/4933 4433/4750
f 1577/1659 3475/3694 1676/1763
f 317/340 1577/1659 1676/1763
f 1400/1474 4586/4934 1401/1475
f 4586/4934 2179/2301 4282/4577
f 2021/2135 2488/2624 2019/2133
f 3055/3227 3057/3229 2019/2133
f 3746/3992 2732/2884 2731/2883
f 4585/4933 3746/3992 4051/4319
f 317/340 3492/3712 2353/2481
f 317/340 2353/2481 1577/1659
f 4570/4911 4569/4910 4587/4935
f 1423/4044 4587/4935 3793/4045
f 1400/1474 688/735 4586/4934
f 1120/1186 689/736 688/735
f 1107/1173 3746/3992 4585/4933
f 1107/1173 4585/4933 1952/2060
f 655/699 2965/3130 2967/3132
f 1381/1455 3258/3444 2965/3130
f 684/731 3025/3196 3728/3970
f 684/731 3024/3195 4588/4936
f 4589/4937 3761/4010 2031/2145
f 2031/2145 2019/2133 4589/4937
f 1400/1474 1120/1186 688/735
f 1120/1186 1400/1474 1402/1476
f 3718/3960 3716/3958 4138/4420
f 3716/3958 3718/3960 3717/3959
f 3793/4045 2795/2951 4268/4563
f 4587/4935 4569/4910 3793/4045
f 3942/4208 3615/3850 4356/3851
f 2291/2419 4590/4938 3942/4939
f 4275/4570 2160/2281 2740/2893
f 188/210 2740/2893 2160/2281
f 2348/2476 2350/2478 850/904
f 869/924 2350/2478 636/680
f 3472/3691 3408/3616 1168/1236
f 2850/3007 3408/3616 3472/3691
f 4589/4937 3057/3229 3761/4010
f 3057/3229 4589/4937 2019/2133
f 4275/4570 2740/2893 2739/2892
f 4275/4570 2739/2892 820/874
f 2292/2420 2291/2419 4356/4662
f 2291/2419 3942/4939 4356/4662
f 774/827 525/561 527/563
f 774/827 527/563 1977/2087
f 2110/2229 1823/1917 1912/2017
f 1199/1268 1823/1917 2579/2725
f 659/703 3450/3665 658/702
f 659/703 709/756 3450/3665
f 1395/1469 2945/3107 2812/2969
f 2945/3107 2813/2970 2812/2969
f 1202/1272 4114/4395 1205/1275
f 1202/1272 1205/1275 1204/1274
f 3941/4206 3945/4211 4029/4297
f 3941/4206 4029/4297 3864/4120
f 1140/1208 1139/1207 1629/1713
f 1629/1713 1322/1396 1140/1208
f 4091/4366 1777/1867 1776/1866
f 2465/2599 1777/1867 4091/4366
f 1774/1864 2221/2344 224/246
f 4591/4940 1965/2073 3548/3777
f 4171/4455 4592/4941 4170/4454
f 435/464 434/463 299/322
f 1268/1342 4343/4647 1269/1343
f 3319/3516 4343/4647 1268/1342
f 3594/3826 3599/3831 3598/3830
f 2272/2399 3594/3826 3598/3830
f 1693/1780 156/175 155/174
f 1970/2080 1693/1780 155/174
f 3587/3819 1530/1612 315/338
f 3667/3906 3587/3819 315/338
f 3086/3261 667/711 828/882
f 3086/3261 1833/1927 1441/1522
f 4440/4942 1755/1844 1756/1846
f 2936/3098 4593/4943 1213/1284
f 1278/1352 4557/4896 4235/4527
f 4555/4894 4557/4896 4556/4895
f 1163/1231 498/532 1675/1762
f 2340/2468 498/532 1163/1231
f 2481/2616 2496/2633 4203/4493
f 2496/2633 2481/2616 1822/1916
f 2774/2927 1081/1146 1080/1145
f 2773/2926 1081/1146 2774/2927
f 4594/4944 497/531 3540/3767
f 1675/1762 498/532 497/531
f 2121/2240 555/591 1259/1333
f 555/591 4595/4945 1259/1333
f 1574/1656 1182/1251 1183/1252
f 1575/1657 4197/4486 1182/1251
f 1251/1325 1250/1324 1324/1398
f 1323/1397 1768/1858 1324/1398
f 4596/4946 1384/1458 3691/3933
f 3397/3932 4596/4946 3691/3933
f 3378/3579 3380/3581 4543/4880
f 4543/4880 3367/3568 3378/3579
f 1260/1334 557/593 3468/3687
f 4595/4945 555/591 557/593
f 1768/1858 1251/1325 1324/1398
f 1768/3236 1765/1855 3061/3234
f 4597/4947 3168/3348 4084/4355
f 3168/3348 3738/3981 3136/3315
f 3973/4239 1384/1458 1386/1460
f 3973/4239 3691/3933 1384/1458
f 342/365 4049/4317 85/103
f 84/102 4598/4948 85/103
f 3896/4154 3895/4153 3897/4155
f 3895/4153 2986/3154 119/138
f 109/127 1405/1479 324/347
f 1405/1479 1406/1480 324/347
f 4279/4574 1949/2056 4274/4569
f 4279/4574 4274/4569 2956/3120
f 1520/1602 1522/1604 1546/1628
f 1546/1628 1522/1604 3392/3593
f 2663/2810 1992/2103 1893/1995
f 1893/1995 1992/2103 4248/1996
f 1506/1588 4239/4531 1485/1567
f 1485/1567 1507/1589 1486/1568
f 4455/4778 323/346 3522/3745
f 1387/1461 324/347 323/346
f 3897/4155 3895/4153 119/138
f 121/140 3897/4155 119/138
f 439/468 902/957 4599/4949
f 4599/4949 902/957 904/959
f 593/633 2073/2189 1380/1454
f 2073/2189 3284/3474 1380/1454
f 2956/3120 1948/2055 4280/4575
f 4280/4575 1948/2055 1949/2056
f 4248/1996 1992/2103 1995/2105
f 1995/2108 1994/2107 4248/4541
f 4098/4377 803/857 802/856
f 4098/4377 802/856 1998/2111
f 534/570 764/817 3796/4048
f 3707/3949 3796/4048 764/817
f 1804/1897 2416/2546 2311/2439
f 1804/1897 4531/4867 2416/2546
f 2916/3078 4448/4771 219/241
f 4448/4771 2916/3078 3655/3893
f 2619/2766 3712/3954 3486/3706
f 3485/3705 3486/3706 4600/4950
f 1353/1427 2565/2711 4419/4734
f 2565/2711 2914/3076 4419/4734
f 1959/2067 1947/2054 1957/2065
f 1947/2054 1959/2067 802/856
f 2974/3141 3712/3954 3714/3956
f 3486/3706 3712/3954 4600/4950
f 4399/4710 3174/3355 4406/4717
f 323/346 422/451 4601/4951
f 4501/4829 1362/1436 3245/3430
f 3242/3427 4501/4829 3245/3430
f 1991/2101 1990/2100 379/402
f 380/403 379/402 1990/2100
f 3899/4157 1276/1350 743/792
f 1504/1586 1276/1350 3899/4157
f 4479/4805 1445/1526 1472/1554
f 1470/1552 226/248 4479/4805
f 3485/3705 4600/4950 4602/4952
f 3464/3683 88/106 3479/3699
f 2916/3078 2191/2313 3653/3891
f 3653/3891 3655/3893 2916/3078
f 759/809 3561/3790 4603/4953
f 3561/3790 3122/3300 3121/3299
f 1445/1526 1473/1555 1472/1554
f 4604/4954 1484/1566 1445/1526
f 1276/1350 1505/1587 3417/3625
f 4199/4488 4198/4487 1505/1587
f 1941/2048 1940/2047 2539/2679
f 1941/2048 2539/2679 1454/2045
f 3485/3705 4602/4952 88/106
f 3480/3700 2619/2766 3485/3705
f 760/810 3121/3299 3079/3254
f 3561/3790 3121/3299 4603/4953
f 2678/2825 2217/2340 2219/2342
f 2219/2342 2217/2340 1236/1310
f 3480/3700 87/105 2323/2451
f 2322/2450 2323/2451 87/105
f 4450/4773 4447/4770 3962/4228
f 3788/4039 181/203 3786/4037
f 760/810 4603/4953 3121/3299
f 759/809 4603/4953 760/810
f 2811/2968 2824/2981 34/52
f 2811/2968 1535/1617 2824/2981
f 171/193 4605/4955 3926/4186
f 170/192 2969/3134 4606/4956
f 4198/4487 3417/3625 1505/1587
f 3411/3619 3417/3625 4198/4487
f 1264/1338 1936/2041 1937/2043
f 1263/1337 162/182 1264/1338
f 3905/4163 3906/4164 2283/2411
f 2283/2411 4568/4908 3905/4163
f 4605/4955 2982/3149 4607/4957
f 4605/4955 4608/4958 2982/3149
f 3197/3380 3384/3585 4609/4959
f 4609/4959 3384/3585 2137/2258
f 873/928 2047/4682 4536/4873
f 2025/2139 873/928 3848/4103
f 4558/4897 197/219 196/218
f 4559/4898 196/218 283/306
f 1936/2041 1264/1338 162/182
f 621/662 1936/2041 162/182
f 1487/1569 2927/3089 2925/3087
f 766/819 2927/3089 767/820
f 3528/3752 4194/4482 1066/1130
f 3528/3752 1066/1130 3163/3343
f 3091/3266 3011/3181 2430/2564
f 3091/3268 2430/2074 1964/2072
f 3913/4171 1644/1729 1643/1728
f 3527/3751 1644/1729 4520/4853
f 195/217 2200/2322 284/307
f 195/217 1738/1826 2200/2322
f 4286/4581 767/820 1487/1569
f 767/820 2927/3089 1487/1569
f 3513/3735 4023/4291 4194/4482
f 3528/3752 3513/3735 4194/4482
f 2914/3076 2585/2732 4610/4960
f 4045/4313 3330/4961 2585/2732
f 2118/2237 2893/3053 159/179
f 4463/177 159/179 2893/3053
f 4499/4827 3171/3352 4157/4441
f 3171/3352 4158/4442 4157/4441
f 471/503 3192/3375 472/504
f 3167/3347 3192/3375 471/503
f 3207/3390 3197/3380 4609/4959
f 464/496 3195/3378 3197/3380
f 1487/1569 2925/3087 4066/4335
f 2925/3087 2924/3086 4611/4962
f 1506/1588 4380/4690 978/1038
f 980/1040 1506/1588 978/1038
f 2626/2773 1089/1154 3171/3352
f 2626/2773 2625/2772 1089/1154
f 201/223 1298/1372 2003/2117
f 202/224 201/223 2003/2117
f 3768/4018 3766/4016 3789/4040
f 617/658 3766/4016 3768/4018
f 3220/3404 2830/2987 3219/3403
f 3219/3403 2830/2987 2829/2986
f 2191/2313 3338/3536 4210/4500
f 2191/2313 4210/4500 4209/4499
f 3126/3304 3128/3725 3275/4963
f 1031/1095 4081/4351 4082/4352
f 3603/3836 3605/3838 1801/1894
f 3607/3840 3603/3836 1801/1894
f 410/437 3814/439 430/4964
f 3215/3399 4612/4965 3216/3400
f 3657/3895 1068/1132 4376/4685
f 3657/3895 4376/4685 1406/1480
f 3205/3388 4613/4966 3693/3935
f 3693/3935 2368/2497 3524/3747
f 330/353 2670/2817 1136/1204
f 2670/2817 1137/1205 1136/1204
f 4614/4967 2590/2737 3603/3836
f 2588/2735 2590/2737 3224/3408
f 3226/3410 142/161 3227/3411
f 535/571 3227/3411 142/161
f 1068/1132 2070/2185 1069/1133
f 3656/3894 2070/2185 1068/1132
f 853/907 153/172 3652/3890
f 4487/4813 3652/3890 153/172
f 1791/1883 573/613 4067/4336
f 950/1006 1792/1884 2924/3086
f 1302/1376 4171/4455 834/888
f 1302/1376 4592/4941 4171/4455
f 3657/3895 357/380 3270/3457
f 357/380 3657/3895 1406/1480
f 114/4968 4615/4969 426/455
f 4288/4583 114/133 4290/4970
f 1036/1100 4164/4448 4487/1504
f 4487/4813 4164/478 3652/3890
f 1302/1376 467/499 4592/4941
f 1301/1375 467/499 1302/1376
f 2715/2866 4476/4802 2712/2863
f 2712/2863 4175/4459 2715/2866
f 2750/2903 479/512 1304/1378
f 479/512 2750/2903 3456/3673
f 542/578 540/576 1451/1532
f 3939/4204 542/578 1451/1532
f 832/886 3317/3514 881/936
f 832/886 834/888 3350/3550
f 358/381 4052/4320 1080/4323
f 358/381 2930/3092 4052/4320
f 3439/3652 281/304 3808/4060
f 3439/3652 3808/4060 2636/2783
f 1989/2099 4333/4637 1115/1181
f 1116/1182 1115/1181 4333/4637
f 4289/4584 3447/3662 1174/1242
f 3447/1245 4289/4585 1177/1246
f 4052/4320 4054/4322 1080/4323
f 1080/1145 4054/2936 2780/2935
f 2910/3071 967/1025 2079/2196
f 130/149 129/148 227/249
f 662/706 296/319 3536/3763
f 3536/3763 296/319 295/318
f 3969/4235 4074/4344 3970/4236
f 4616/4971 4074/4344 101/119
f 375/398 130/149 2910/3071
f 2910/3071 130/149 967/1025
f 3758/4007 2849/3006 4262/4555
f 2837/2994 4617/4972 2849/3006
f 3028/3199 3029/3200 4255/4548
f 3028/3199 4255/4548 520/556
f 2622/2769 2637/2784 1117/1183
f 2622/2769 1117/1183 831/885
f 1145/1213 1462/1543 2921/3083
f 2449/2583 247/270 1145/1213
f 4579/4925 3996/4262 1352/1426
f 4580/4927 3996/4262 4579/4925
f 2388/2517 3317/3514 832/886
f 2390/2519 3317/3514 2388/2517
f 1923/2028 1414/1492 1413/1491
f 1923/2028 1413/1491 1732/1820
f 3297/3490 843/897 842/896
f 1235/4757 3297/3490 842/896
f 1021/1085 120/139 4580/4927
f 4579/4925 1021/1085 4580/4927
f 4092/4367 1165/1233 1164/1232
f 4092/4367 1164/1232 3483/3703
f 3970/4236 4074/4344 4616/4971
f 4616/4971 101/119 1144/1212
f 4099/4378 801/855 800/854
f 800/854 803/4520 4404/4715
f 2793/2949 1286/1360 567/607
f 566/606 2793/2949 567/607
f 1693/1780 4500/4828 1100/1166
f 1100/1166 4500/4828 1099/1165
f 1826/1920 4618/4973 886/941
f 4618/4973 876/931 886/941
f 4359/4665 4619/4974 3753/4002
f 4619/4001 3752/4000 3753/4002
f 1144/1212 3970/4236 4616/4971
f 1144/1212 1146/1214 3970/4236
f 1109/1175 4500/4828 1110/1176
f 1110/1176 4500/4828 1693/1780
f 686/733 1117/1183 3035/3207
f 684/731 686/733 3035/3207
f 3299/3493 3302/3496 537/573
f 537/573 1568/1650 3299/3493
f 4512/4842 3102/3280 4337/4641
f 233/255 3102/3280 4512/4842
f 877/932 3831/4085 1701/1788
f 3592/3824 877/932 1701/1788
f 3332/3530 1621/1705 3333/3531
f 3333/3531 1621/1705 3646/3884
f 101/119 2449/2583 1144/1212
f 101/119 2450/2584 2449/2583
f 4373/4680 3910/4168 4620/4975
f 1703/1790 1702/1789 4620/4975
f 2267/2394 2264/2391 4533/4869
f 2264/2391 4173/4457 4533/4869
f 4621/4976 3102/3280 233/255
f 232/254 4621/4976 233/255
f 2657/2804 4622/4977 2645/2792
f 2657/2804 286/309 4622/4977
f 2991/3159 2993/3161 2005/2119
f 3624/3860 1511/1593 2991/3159
f 99/117 3287/3477 3846/4101
f 99/117 3846/4101 100/118
f 761/812 2958/3123 1527/1609
f 2959/3124 2958/3123 761/812
f 4172/4456 4174/4458 3301/3495
f 3302/3496 2263/2390 2265/2392
f 2799/2956 4551/4890 1191/1260
f 2848/3005 4551/4890 4549/4886
f 893/948 890/945 2006/2120
f 893/948 2873/3031 890/945
f 4623/4978 47/65 441/470
f 45/63 47/65 4623/4978
f 3287/3477 99/117 3288/3478
f 99/117 101/119 3288/3478
f 762/813 761/812 2835/2992
f 2835/2992 2037/2151 2833/2990
f 2848/3005 1191/1260 4551/4890
f 1191/1260 2848/3005 2798/2955
f 3050/3222 2868/3026 1763/1853
f 45/63 4623/4978 3050/3222
f 2657/2804 2645/2792 2658/2805
f 2645/2792 2615/2762 2673/2820
f 4325/4629 2491/2627 2494/2630
f 4325/4629 4218/4509 646/690
f 2951/3115 3556/3785 2196/2318
f 2196/2318 3556/3785 3555/3784
f 2994/3162 2115/2234 1083/1148
f 3621/3857 2115/2234 1799/1892
f 459/491 2743/2896 2742/2895
f 459/491 4020/4287 2743/2896
f 2488/2624 3055/3227 2019/2133
f 2487/2623 3055/3227 2488/2624
f 909/964 4069/4339 4071/4341
f 2287/2415 3143/3322 4069/4339
f 1800/1893 1799/1892 2994/3162
f 2994/3162 1799/1892 2115/2234
f 116/135 2370/2499 1552/1634
f 1552/1634 2370/2499 2371/2500
f 1809/1902 3169/3349 1811/1904
f 3137/3316 1811/1904 3136/3315
f 1061/1125 1063/1127 1684/1771
f 1684/1771 1063/1127 1209/1279
f 4522/4855 3897/4155 121/140
f 3946/4212 4624/4979 121/140
f 2749/2902 2169/2291 1853/1950
f 2749/2902 3496/3716 3495/3715
f 3807/4059 1130/1196 3778/4029
f 1130/1196 2865/3023 3778/4029
f 3547/3774 1907/2012 2838/2995
f 3547/3774 3892/4150 1907/2012
f 2459/2593 3748/3995 2460/2594
f 2459/2593 974/1033 3748/3995
f 2214/2337 2814/2971 260/283
f 260/283 2814/2971 3421/3632
f 2204/2326 586/626 2206/2328
f 586/626 2917/3079 585/625
f 3818/4072 2007/2121 2009/2123
f 3818/4072 3819/4073 2011/2125
f 4043/4311 3251/3437 2399/2528
f 4019/4286 4043/4311 2399/2528
f 4625/4980 381/404 1408/1484
f 1408/1484 381/404 380/403
f 2229/2353 2230/2354 653/697
f 3257/3443 2230/2354 3256/3442
f 2440/2574 3951/4217 3501/3722
f 2440/2574 1658/1745 1657/1744
f 4330/4634 3322/3519 207/229
f 4572/4913 4042/4310 1976/2086
f 3444/3658 2327/2455 4507/3659
f 2327/2455 3444/3658 261/284
f 4454/4777 552/588 2891/3050
f 2890/3049 722/769 4454/4777
f 1797/1890 915/970 1246/1320
f 915/970 917/972 1246/1320
f 3633/3869 3734/3976 340/363
f 2003/2117 3633/3869 84/102
f 4432/4749 408/433 1463/1544
f 1463/1544 408/433 4734/435
f 722/769 552/588 4454/4777
f 553/589 552/588 722/769
f 4331/4635 3886/4144 303/326
f 303/326 3886/4144 304/327
f 459/491 2742/2895 1448/1529
f 1448/1529 2742/2895 460/492
f 2537/2677 3059/3232 1431/1511
f 3418/3628 1431/4674 3059/3629
f 757/807 4432/4749 1891/1992
f 1891/1992 4432/4749 1463/1544
f 1658/1745 2440/2574 4626/4981
f 4626/4981 1871/1971 1658/1745
f 2173/2295 609/649 4548/4885
f 2171/2293 2173/2295 4548/4885
f 1359/1433 710/757 2443/2577
f 1359/1433 2443/2577 3249/3435
f 638/682 1351/1425 3809/4061
f 3809/4061 1351/1425 1333/1407
f 2440/2574 3501/3722 4626/4981
f 3501/3722 3503/3724 4626/4981
f 4627/4982 2990/3158 2413/2543
f 3963/4229 2990/3158 4627/4982
f 3046/3218 298/321 127/146
f 3046/3218 3044/3216 1953/2061
f 4628/4983 3238/3423 1719/1807
f 877/932 3238/3423 1704/1791
f 2372/2501 3736/3978 1559/1641
f 1561/1643 2372/2501 1559/1641
f 2949/3112 638/682 640/684
f 2949/3112 1351/1425 638/682
f 53/71 52/70 3044/3216
f 3847/4102 4629/4984 127/146
f 1844/1940 2904/3065 1129/1195
f 1844/1940 1129/1195 1128/1194
f 3736/3978 4630/4985 1559/1641
f 1151/1219 418/446 417/445
f 127/146 3044/3216 3046/3218
f 127/146 4629/4984 3044/3216
f 4627/4982 2413/2543 4531/4867
f 1803/1896 4531/4867 1804/1897
f 4304/4604 2420/2553 4305/2552
f 2420/2553 4304/4604 775/828
f 3953/4219 3954/4220 4272/4567
f 3991/4257 3953/4219 3983/4249
f 2260/2387 4631/4986 2258/2385
f 4109/4390 4631/4986 2260/2387
f 2470/2604 2467/2601 2466/2600
f 2574/2720 2470/2604 2466/2600
f 3975/4241 3125/3303 3127/3305
f 906/961 3980/4246 3975/4241
f 1578/1660 3534/3761 1646/1731
f 3534/3761 3533/3760 1646/1731
f 1129/1195 3938/4203 3343/3543
f 3938/4203 2866/3024 2865/3023
f 2408/2537 4268/4563 3805/4057
f 4268/4563 2558/2702 2566/2712
f 3214/3398 3659/3897 2876/3034
f 3658/3896 2876/3034 3659/3897
f 1681/1768 3380/3581 1492/1574
f 3380/3581 1681/1768 4537/4874
f 1123/1189 4364/4670 2363/2492
f 1123/1189 206/228 4364/4670
f 3980/4246 3125/3303 3975/4241
f 3980/4246 4632/4987 4633/4988
f 115/134 1631/1715 3658/3898
f 1631/3054 2876/3034 3658/3896
f 3343/3543 2865/3023 1130/1196
f 3343/3543 3938/4203 2865/3023
f 4364/4670 709/756 2202/2324
f 4364/4670 2202/2324 2363/2492
f 3659/3897 4332/4636 427/456
f 3659/3897 3214/3398 4332/4636
f 898/953 1859/1958 1950/2057
f 1859/1958 898/953 2748/2901
f 2317/2445 3595/3827 3598/3830
f 3889/4147 3595/3827 2317/2445
f 726/773 2499/2636 727/774
f 2499/2636 726/773 550/586
f 3924/4184 755/805 4329/4633
f 4329/4633 4521/4854 3559/3788
f 1449/1530 3215/3399 2911/3072
f 1447/1528 3215/3399 1449/1530
f 3019/3190 3021/3192 3422/3633
f 3019/3190 4417/4732 1043/1107
f 2387/2516 2920/3082 1935/2040
f 1931/2036 1935/2040 2920/3082
f 4482/4808 2896/3057 4634/4989
f 4482/4808 4398/4709 2889/3048
f 2256/2383 1870/1970 3036/3208
f 2256/2383 3036/3208 2193/2315
f 826/880 808/862 3552/3781
f 265/288 3552/3781 808/862
f 3019/3190 1043/1107 3018/3189
f 3352/3552 3018/3189 1043/1107
f 1829/1923 2245/2371 2246/2372
f 1829/1923 3361/3561 2245/2371
f 2569/2715 4635/4990 3613/3846
f 2569/2715 2483/2619 4635/4990
f 2746/2899 4300/4599 2751/2904
f 4300/4599 1322/1396 2751/2904
f 1186/1255 204/226 1124/1190
f 1596/1680 204/226 1186/1255
f 619/660 2131/4991 4439/4759
f 4439/4759 4438/4758 619/660
f 3816/4070 1050/1114 3617/3853
f 3617/3853 1050/1114 1052/1116
f 2906/3067 1776/1866 2907/3068
f 4091/4366 1776/1866 2906/3067
f 4635/4990 2485/2621 3613/3846
f 4635/4990 2483/2619 2485/2621
f 104/122 658/702 102/120
f 4513/4843 3842/4096 102/120
f 3283/3472 1812/1905 992/1053
f 3283/3472 992/1053 991/1052
f 1942/2049 1385/1459 1944/2051
f 4636/4992 1944/2051 1385/1459
f 1533/1615 3867/4123 1434/1515
f 3867/4123 1432/1513 1434/1515
f 2532/2672 151/170 429/458
f 2532/2672 673/717 151/170
f 2312/2440 190/212 189/211
f 2313/2441 2312/2440 1057/1121
f 143/162 1521/1603 1520/1602
f 143/162 1520/1602 141/160
f 4637/4993 4234/4526 4638/4994
f 2097/2216 4638/4994 1630/1714
f 3419/3630 4639/4995 3164/3344
f 3419/3630 3200/3383 4639/4995
f 1880/1980 1881/1981 1877/1977
f 4185/4472 1880/1980 1877/1977
f 1168/1236 3407/3615 1166/1234
f 3407/3615 1168/1236 3408/3616
f 3795/4047 3216/3397 430/459
f 4612/4965 430/4964 3216/3400
f 3972/4238 4234/4526 4637/4993
f 4638/4994 4640/4996 4637/4993
f 4641/4997 3156/3335 3158/3337
f 4641/4997 3157/3336 3156/3335
f 3933/4197 520/556 3704/3946
f 520/556 4255/4548 3704/3946
f 4307/4607 4306/4606 4547/4884
f 955/1013 957/1015 4547/4884
f 4640/4996 4642/4998 4637/4993
f 2098/2217 4642/4998 4640/4996
f 4408/4720 3157/3336 4641/4997
f 4408/4720 4641/4997 3158/3337
f 4098/4377 374/397 373/396
f 374/397 4098/4377 2807/2964
f 1945/2052 970/1029 2426/2559
f 1945/2052 1944/2051 4636/4992
f 4025/4293 4527/4861 4251/4544
f 4527/4861 1585/1667 4253/4546
f 891/946 860/914 2139/2260
f 2139/2260 860/914 4178/4464
f 4640/4996 4638/4994 2097/2216
f 2099/2218 2098/2217 4640/4996
f 3634/3870 3635/3871 39/57
f 3635/3871 3634/3870 2550/2690
f 4643/4999 4253/4546 4254/4547
f 4251/4544 4527/4861 4253/4546
f 4644/5000 4645/5001 2129/2249
f 4306/4606 955/1013 4547/4884
f 2105/2224 4392/4703 4396/4707
f 4389/4699 4396/4707 4392/4703
f 171/193 4608/4958 4605/4955
f 170/192 4606/4956 171/193
f 2579/2725 1823/1917 2110/2229
f 2579/2725 2110/2229 1974/2084
f 2478/2612 2477/2611 609/649
f 2478/2612 202/224 2170/2292
f 2106/2225 4453/4776 4295/4591
f 3844/4098 2106/2225 4295/4591
f 900/955 3754/4003 3308/3504
f 3308/3504 3310/3506 3309/3505
f 4306/4606 4308/4608 4644/5000
f 4306/4606 4644/5000 955/1013
f 564/4825 1279/1353 1759/1849
f 1759/1849 1279/1353 1281/1355
f 3918/4178 4298/4597 3574/3804
f 2429/2563 3918/4178 3574/3804
f 2108/2227 4396/4707 4453/4776
f 2108/2227 4453/4776 2106/2225
f 3230/726 1746/1835 1748/1837
f 1746/1834 3230/3414 1745/1833
f 784/837 4387/4697 1469/1551
f 3356/3556 4387/4697 784/837
f 4220/4511 4214/4504 29/47
f 27/45 29/47 4214/4504
f 132/151 4361/4667 799/853
f 2166/2288 4361/4667 4360/4666
f 3792/4043 4374/4683 4034/4302
f 4374/4683 3792/4043 4472/4798
f 4759/2560 1697/4916 2425/2558
f 971/1030 3291/3481 4759/5002
f 2093/2212 1326/1400 2091/2210
f 2093/2212 2750/2903 1326/1400
f 667/711 4220/4511 668/712
f 3478/3698 4220/4511 29/47
f 2713/2864 2001/2115 3744/3990
f 2000/2113 1045/1109 3744/2114
f 1682/5003 3366/3567 4646/5004
f 4646/5004 3366/3567 376/399
f 799/853 2482/2618 3232/2617
f 2166/2288 799/853 4361/4667
f 1694/1781 1696/1783 3291/3481
f 1696/1783 4759/5002 3291/3481
f 4296/4592 3242/3427 3853/4108
f 4296/4592 3852/4107 3242/3427
f 1682/5003 3381/3582 3366/3567
f 3381/3582 1682/5003 3379/3580
f 2605/2752 2560/2704 1255/1329
f 1253/1327 1255/1329 2560/2704
f 1694/1781 944/5005 1695/1782
f 4126/4407 944/5005 1694/1781
f 433/462 2165/2286 4360/4666
f 2165/2286 2166/2288 4360/4666
f 603/643 2184/2306 2187/2309
f 2185/2307 2187/2309 2184/2306
f 3919/4179 4012/4279 2508/2647
f 4012/4279 4013/4280 2508/2647
f 1845/1942 4422/4738 2946/3108
f 1846/1943 1845/1942 2946/3108
f 179/201 1698/1785 177/199
f 1695/5006 944/1000 177/199
f 500/534 4425/4742 1397/1471
f 736/783 1397/1471 4425/4742
f 1713/1801 706/753 705/752
f 706/753 1713/1801 264/287
f 1253/1327 3476/3696 1254/1328
f 3476/3696 2379/4929 1254/1328
f 945/1001 2289/2417 4228/4519
f 2289/2417 945/1001 944/1000
f 2425/2558 2427/2561 2426/2559
f 2426/2559 2427/2561 1945/2052
f 1973/2083 1972/2082 4112/4393
f 1973/2083 4112/4393 4420/4735
f 2575/2721 1461/1542 1460/1541
f 663/707 2575/2721 1460/1541
f 3597/3829 588/628 2319/2447
f 2319/2447 3734/3976 3597/3829
f 3415/3623 3001/3169 401/425
f 401/425 3001/3169 3282/3471
f 778/831 4647/5007 2184/2306
f 4647/5007 778/831 4340/4644
f 2711/2861 4240/4533 3487/3707
f 2711/2861 4241/4534 4240/4533
f 1808/1901 2444/3180 2207/4354
f 2207/2330 2444/2578 2445/2579
f 4442/4764 563/601 3967/4233
f 563/601 4442/4764 1277/1351
f 186/208 718/765 3410/3618
f 718/765 717/764 3410/3618
f 1859/1958 1862/1961 2054/2168
f 2054/2168 1862/1961 1022/1086
f 1602/1686 3860/4116 1534/1616
f 1602/1686 1534/1616 1603/1687
f 3093/3269 548/584 1315/1389
f 144/163 3093/3269 1315/1389
f 1020/1084 1464/1546 1861/1960
f 1862/1961 1861/1960 3946/4212
f 2184/2306 4647/5007 2185/2307
f 4647/5007 4340/4644 2185/2307
f 717/764 4138/4420 3410/3618
f 4138/4421 717/4418 1785/1877
f 4409/4722 2078/2194 229/251
f 4100/4379 4409/4722 229/251
f 415/443 2551/2691 2552/2692
f 2552/2692 2551/2691 468/500
f 1861/1960 1464/1546 3946/4212
f 4124/4405 4624/4979 3946/4212
f 4648/5008 690/737 692/739
f 4649/5009 2882/3041 2881/3040
f 2734/2887 4650/5010 3917/4175
f 4298/790 4650/5010 2734/2887
f 4590/4207 2320/3848 3615/3850
f 2320/2448 4590/4938 2291/2419
f 490/524 3068/3243 4651/5011
f 4651/5011 3068/3243 3052/3224
f 4490/4816 3452/3667 3903/4161
f 3453/3670 3749/3996 3452/3667
f 51/69 53/71 3847/4102
f 3304/3498 51/69 3847/4102
f 2735/2888 2737/2890 925/981
f 3221/3405 925/981 2737/2890
f 1660/1747 3608/3841 1661/1748
f 4033/4301 1661/1748 3608/3841
f 851/905 849/903 4179/4465
f 847/901 849/903 851/905
f 3724/3966 4651/5011 3069/3244
f 490/524 4651/5011 3724/3966
f 4293/4589 1482/1564 1481/1563
f 2638/2785 1482/1564 4293/4589
f 4161/4445 4162/4446 1059/1123
f 4162/4446 4161/4445 2801/2958
f 2581/2727 2007/2121 2580/2726
f 2007/2121 275/298 2580/2726
f 2248/2374 2599/2746 3689/3930
f 4652/5012 2629/2776 2248/2374
f 3221/3405 2737/2890 4357/4663
f 1830/1924 3221/3405 4357/4663
f 2182/2304 1579/1661 4229/4521
f 1579/1661 2423/2556 4237/4529
f 2061/2176 1565/1647 1564/1646
f 4222/4513 2061/2176 1564/1646
f 4378/4687 3240/3425 395/419
f 769/822 4378/4687 395/419
f 4653/5013 4150/1012 954/1011
f 4653/5013 4644/5000 4308/4608
f 2147/2268 1579/1661 2182/2304
f 2181/2303 2147/2268 2182/2304
f 2987/3155 2564/2710 2914/3076
f 2987/3155 1221/1295 2564/2710
f 2653/2800 137/156 136/155
f 395/419 137/156 3219/3403
f 3731/3973 807/861 3732/3974
f 807/861 3731/3973 1613/1697
f 2183/2305 4452/4775 2717/2868
f 4452/4775 2147/2268 2181/2303
f 2129/2249 956/1014 955/1013
f 4644/5000 2129/2249 955/1013
f 3727/3969 4342/4646 4552/4891
f 2827/2984 3727/3969 1608/1692
f 925/981 3221/3405 1827/1921
f 2246/2372 1827/1921 3221/3405
f 4654/5014 2181/2303 2180/2302
f 1581/1663 55/73 2180/2302
f 3958/4224 1627/1711 3956/4222
f 1613/1697 4486/4812 3958/4224
f 2197/2319 528/564 3662/3901
f 3662/3901 528/564 2933/3095
f 4655/5015 2180/2302 55/73
f 2717/2868 4654/5014 2718/2869
f 1386/1460 1943/2050 3521/3744
f 1943/2050 1388/1462 3521/3744
f 2764/2917 2763/2916 3999/4266
f 2442/2576 2764/2917 3999/4266
f 4656/5016 3958/4224 3955/4221
f 4656/5016 3955/4221 4206/4496
f 2718/2869 4655/5015 55/73
f 55/73 2032/2146 2718/2869
f 3337/3535 1588/1670 3338/3536
f 3338/3536 1588/1670 1587/1669
f 2918/3080 2917/3079 2204/2326
f 2917/3079 586/626 2204/2326
f 805/859 4656/5016 806/860
f 805/859 3958/4224 4656/5016
f 2661/2808 4657/5017 3632/3868
f 4658/5018 4659/5019 433/462
f 3576/2840 1370/1444 1372/1446
f 1373/1447 1370/2697 3576/3806
f 1180/1249 4423/4739 4346/4650
f 1180/1249 4348/4653 4423/4739
f 2090/2208 236/258 3929/4190
f 2556/2209 2090/2208 3929/4190
f 1529/1611 1237/1311 1241/1315
f 1236/1310 1241/1315 1237/1311
f 3723/3965 1852/1949 984/1044
f 614/654 3723/3965 984/1044
f 3147/3326 3456/3673 3458/3675
f 3458/3675 3456/3673 2750/2903
f 3315/3511 134/153 1416/1494
f 3632/3868 134/153 3315/3511
f 3815/4069 674/4651 4660/5020
f 3815/4069 2332/2460 2331/2459
f 2233/2357 1239/1313 1567/1649
f 1567/1649 1239/1313 1241/1315
f 4584/4932 4051/4319 1104/1170
f 4433/4750 1104/1170 4434/4751
f 1938/2044 4088/3627 4661/5021
f 4661/3626 4088/4362 1027/1091
f 4339/4643 3749/3996 3750/3997
f 4339/4643 3750/3997 124/143
f 4413/4726 111/129 2964/3129
f 2964/3129 866/921 2967/3132
f 2898/3059 4662/5022 2899/3060
f 2898/3059 3769/4019 4662/5022
f 2364/2493 4427/4744 3525/3748
f 3756/4005 4427/4744 3757/4006
f 2367/2496 1997/2110 1353/1427
f 4419/4734 1996/2109 1353/1427
f 3212/3395 1898/2001 1899/2003
f 4063/4332 1898/2001 3212/3395
f 3464/3683 89/107 88/106
f 3925/4185 89/107 3464/3683
f 2332/2460 3815/4069 4660/5020
f 4347/4652 4660/5020 674/4651
f 2982/3149 4608/4958 2969/3134
f 2969/3134 502/536 2982/3149
f 4065/4334 3213/3396 4063/4332
f 1244/1318 2028/2142 4065/4334
f 4347/4652 2332/2460 4660/5020
f 1179/1248 4347/4652 1180/1249
f 1157/1225 2367/2496 1996/2109
f 1996/2109 2367/2496 1353/1427
f 4042/4310 4330/4634 4047/4315
f 4042/4310 4572/4913 4330/4634
f 4615/4969 3658/3896 427/456
f 4615/4969 427/456 426/455
f 284/307 2200/2322 1172/1240
f 284/307 1172/1240 285/308
f 1391/1465 1651/1738 1392/1466
f 1375/1449 1392/1466 1651/1738
f 730/777 2052/2166 2051/2165
f 2054/2168 2052/2166 730/777
f 1572/1654 2934/3096 2932/3094
f 2932/3094 2934/3096 2933/3095
f 1789/1881 3700/3942 3563/3792
f 1789/1881 3563/3792 1788/1880
f 4663/5023 4040/4308 4048/4316
f 3783/4034 4048/4316 4040/4308
f 53/71 4629/4984 3847/4102
f 4629/4984 53/71 3044/3216
f 2020/2134 2074/2190 2076/2192
f 2076/2192 2074/2190 2061/2176
f 2355/2483 3399/3603 2336/2464
f 2355/2483 2336/2464 2337/2465
f 3671/3910 3908/4166 929/985
f 931/987 3671/3910 929/985
f 4586/4934 688/735 687/734
f 687/734 2179/2301 4586/4934
f 845/899 307/330 812/866
f 1182/1251 307/330 845/899
f 1382/1456 657/701 3776/4027
f 3298/3492 1382/1456 3776/4027
f 793/847 4664/5024 4096/4372
f 1346/1420 4664/5024 415/443
f 1991/2101 1989/2099 3016/2102
f 1991/2101 585/625 1989/2099
f 4665/5025 3013/3183 3012/3182
f 3012/3182 4189/4476 4665/5025
f 2364/2493 2366/2495 4427/4744
f 4663/5023 4048/4316 4427/4744
f 1207/1277 1206/1276 2951/3115
f 1206/1276 3556/3785 2951/3115
f 819/873 4276/4571 820/874
f 4276/4571 4275/4570 820/874
f 307/330 4189/4476 775/828
f 306/329 4189/4476 307/330
f 3422/3633 2542/2682 4417/4732
f 3019/3190 3422/3633 4417/4732
f 585/625 1991/2101 379/402
f 585/625 379/402 381/404
f 4427/4744 2366/2495 4663/5023
f 4663/5023 4041/4309 4040/4308
f 340/363 4598/4948 84/102
f 84/102 3633/3869 340/363
f 306/329 4665/5025 4189/4476
f 305/328 1858/1957 306/329
f 4332/4636 3214/3398 3795/4047
f 3795/4047 3214/3398 3216/3397
f 2881/3040 2885/3044 4649/5009
f 2882/3041 4649/5009 4666/5026
f 3211/3394 3186/3369 2589/2736
f 3186/3369 2614/2761 1583/1665
f 3363/3563 3362/3562 176/198
f 3363/3563 175/197 309/332
f 1707/1795 457/489 2885/3044
f 4666/5026 4649/5009 2885/3044
f 1984/2094 3697/3939 4484/4810
f 4484/4810 3697/3939 1721/1809
f 3186/3369 1583/1665 4667/5027
f 1583/1665 1558/1640 1555/1637
f 3185/3368 1739/1827 1740/1828
f 1739/1827 3185/3368 369/392
f 4648/5008 692/739 4668/5028
f 692/739 3607/3840 2501/2638
f 309/332 308/331 1296/1370
f 3362/3562 3363/3563 309/332
f 3664/3903 63/81 125/144
f 3080/3255 4577/4923 125/144
f 3791/4042 3641/3878 158/178
f 4470/4796 3791/4042 158/178
f 3860/4116 3186/3369 4667/5027
f 4667/5027 1583/1665 1555/1637
f 4529/4865 2660/2807 3777/4028
f 2660/5029 4529/5030 2661/5031
f 406/431 3015/4889 897/952
f 407/432 406/431 897/952
f 4221/4512 152/171 2457/2591
f 4221/4512 1426/1506 4669/5032
f 1210/1280 2195/2317 1211/1281
f 2195/2317 1210/1280 2199/2321
f 4668/5028 2882/3041 4670/5033
f 692/739 2501/2638 4668/5028
f 3860/4116 1555/1637 1534/1616
f 4667/5027 1555/1637 3860/4116
f 173/195 134/153 3632/3868
f 4658/5018 433/462 173/195
f 4668/5028 2501/2638 2882/3041
f 2882/3041 2501/2638 2883/3042
f 2285/2413 4077/4347 3142/3321
f 2285/2413 2284/2412 4077/4347
f 2856/3013 4671/5034 1538/1620
f 1554/1636 1538/1620 4671/5034
f 2877/3035 2879/4920 4576/3036
f 2879/4920 2877/3035 1631/3054
f 4600/4950 3479/3699 4602/4952
f 3479/3699 88/106 4602/4952
f 1151/1219 4672/5035 418/446
f 4672/5035 1151/1219 508/543
f 4673/5036 1557/1639 1556/1638
f 4014/4281 3948/4214 4015/4282
f 855/909 857/911 856/910
f 855/909 2641/2788 857/911
f 16/34 15/33 3571/3800
f 43/61 3645/3883 15/33
f 436/465 1784/1875 3100/3278
f 466/498 4674/5037 435/464
f 1557/1639 1537/1619 1539/1621
f 4015/4282 3948/4214 1557/1639
f 4675/5038 365/388 798/852
f 210/232 4675/5038 798/852
f 3928/4189 508/543 1151/1219
f 508/543 3928/4189 1779/4188
f 2129/2249 4645/5001 2132/2250
f 934/1010 4645/5001 954/1011
f 666/710 829/883 828/882
f 4676/5039 2623/2770 829/883
f 2430/2564 3011/3181 2446/2580
f 2464/2598 3011/3181 1775/1865
f 1558/1640 1539/1621 1555/1637
f 1558/1640 1557/1639 1539/1621
f 4441/4763 1544/1626 3328/3525
f 3327/3524 4441/4763 3328/3525
f 4645/5001 934/1010 2132/2250
f 2132/2253 937/993 936/992
f 466/498 1784/1875 4674/5037
f 465/497 1784/1875 466/498
f 3863/4119 2463/2597 1777/1867
f 2435/2569 4144/4428 2463/2597
f 4299/4598 1154/1222 1153/1221
f 1153/1221 190/212 3646/3884
f 3325/3522 1547/1629 3326/3523
f 1546/1628 3326/3523 1547/1629
f 3086/3261 4219/4510 667/711
f 667/711 4219/4510 4220/4511
f 2148/2269 2150/2271 2162/2283
f 2741/2894 2162/2283 1055/1119
f 2925/3087 382/405 950/1006
f 382/405 384/407 950/1006
f 3323/3520 4039/4307 4041/4309
f 1976/2086 4039/4307 3323/3520
f 4677/5040 3936/4200 1147/1215
f 4678/5041 4677/5040 1147/1215
f 2741/2894 2148/2269 2162/2283
f 2741/2894 2740/2893 2148/2269
f 2623/2770 3478/3698 2624/2771
f 2623/2770 4676/5039 3478/3698
f 3324/3521 4679/5042 2381/2510
f 2382/2511 3324/3521 2381/2510
f 4678/546 453/485 452/484
f 1149/1217 4678/5041 1147/1215
f 1058/1122 2890/3049 1498/1580
f 720/767 2890/3049 1058/1122
f 2244/2370 1551/1633 2802/2959
f 2244/2370 2802/2959 62/80
f 4679/5042 3324/3521 3323/3520
f 4679/5042 2365/2494 2381/2510
f 3515/3737 3517/4357 3516/3738
f 3517/3739 1412/1490 607/647
f 3370/3571 3356/3556 3620/3856
f 4369/4676 3620/3856 3356/3556
f 4234/4526 3031/3202 1141/1209
f 4234/4526 81/99 83/101
f 662/706 2157/2278 2159/2280
f 661/705 2157/2278 662/706
f 4464/4788 618/659 3134/3313
f 2294/2422 3134/3313 618/659
f 859/913 2278/2406 4341/4645
f 2279/2407 2278/2406 859/913
f 2365/2494 4679/5042 3323/3520
f 3323/3520 4041/4309 2365/2494
f 3413/3621 3420/3631 3199/3382
f 3436/3649 3419/3630 3199/3382
f 3449/3664 4321/4625 2545/2685
f 4321/4625 1076/1140 2545/2685
f 859/913 4502/4831 2859/3017
f 2873/3031 2859/3017 4502/4831
f 2293/2421 3135/3314 2294/2422
f 3135/3314 3134/3313 2294/2422
f 3286/3476 3285/3475 814/868
f 3286/3476 381/404 4625/4980
f 1045/5043 4539/2862 2713/2864
f 1045/5043 2713/2864 3744/3990
f 903/958 4110/4391 2391/2520
f 3317/3514 2391/2520 4110/4391
f 2312/2440 189/211 1057/1121
f 820/874 1057/1121 4680/5044
f 22/40 4013/4280 23/41
f 2508/2647 4013/4280 22/40
f 4598/4948 340/363 342/365
f 4598/4948 342/365 85/103
f 904/959 2391/2520 2393/2522
f 3310/3506 904/959 3309/3505
f 1842/1937 4159/4443 1208/1278
f 1206/1276 1208/1278 4159/4443
f 4680/5044 821/875 820/874
f 4680/5044 1057/1121 189/211
f 986/1046 1099/1165 3888/4146
f 1099/1165 986/1046 987/1048
f 1356/1430 2044/2158 1358/1432
f 1356/1430 2043/2157 2044/2158
f 3309/3505 904/959 2393/2522
f 3309/3505 2393/2522 883/938
f 4478/4804 226/248 129/148
f 131/150 4478/4804 129/148
f 3164/3344 4639/4995 4377/4686
f 3164/3344 3163/3343 3162/3342
f 4680/5044 189/211 821/875
f 821/875 189/211 819/873
f 4478/4804 1446/1527 4479/4805
f 1446/1527 1445/1526 4479/4805
f 3036/3208 1870/1970 3217/3401
f 4468/4794 3217/3401 1870/1970
f 724/771 3053/3225 3248/3434
f 3053/3225 516/552 3248/3434
f 149/168 148/167 3222/3406
f 4024/4292 4681/5045 4025/4293
f 294/317 2050/2164 2049/2163
f 333/356 332/355 2050/2164
f 4104/4384 2822/4383 2834/2991
f 2834/2991 2833/2990 4104/4384
f 1018/1082 1020/1084 3931/4193
f 2747/2900 3931/4193 2748/2901
f 4182/4468 2056/2171 2066/2181
f 4182/4468 4751/2170 2056/2171
f 551/587 391/415 3813/4067
f 3915/4173 391/415 551/587
f 2158/2279 294/317 296/319
f 333/356 2050/2164 294/317
f 1270/1344 999/1061 998/1060
f 1272/1346 4132/4413 998/1060
f 4261/4554 1753/1842 1752/1841
f 1753/1842 4261/4554 4260/4553
f 4400/4711 4399/4710 4406/4717
f 4405/4716 4400/4711 4406/4717
f 4024/4292 2163/2284 4681/5045
f 4540/4877 2163/2284 4024/4292
f 908/963 4532/4868 2415/2545
f 4682/5046 2416/2546 2415/2545
f 4132/4413 1270/1344 998/1060
f 3811/4063 1270/1344 4132/4413
f 1484/1566 1443/1524 2058/2173
f 2058/2173 665/709 1471/1553
f 2529/2669 2828/2985 1608/1692
f 2531/2671 2828/2985 2529/2669
f 2059/2174 2060/2175 2074/2190
f 2060/2175 2062/2177 2074/2190
f 1762/1852 1764/1854 3048/3220
f 3050/3222 1762/1852 3048/3220
f 636/680 4683/5047 4684/5048
f 636/680 4684/5048 637/681
f 665/709 1443/1524 4492/4818
f 1443/1524 665/709 2058/2173
f 2800/2957 3838/4092 3837/4091
f 1787/1879 3838/4092 2800/2957
f 1632/1716 2096/2215 1139/1207
f 1038/1102 1139/1207 1138/1206
f 637/681 4684/5048 2348/2476
f 4684/5048 4683/5047 2348/2476
f 2423/2556 2339/2467 3680/3919
f 2338/2466 3680/3919 2339/2467
f 2374/2503 2757/2910 2759/2912
f 2757/2910 1204/1274 2759/2912
f 1883/1983 1885/1985 2947/3109
f 2947/3109 1885/1985 1295/1369
f 2062/2177 2273/2400 2275/2402
f 2060/2175 2273/2400 2062/2177
f 2562/2705 1843/5049 1128/1194
f 1843/1939 2562/2708 1881/1981
f 4047/4315 4327/4631 3784/4035
f 4326/4630 3784/4035 4327/4631
f 2933/3095 749/798 752/801
f 752/801 749/798 4216/4506
f 1015/1079 695/742 2418/2548
f 2418/2548 695/742 977/2549
f 1160/1228 1389/1463 1652/1739
f 1652/1739 1389/1463 1653/1740
f 2504/2641 1632/1716 1038/1102
f 1139/1207 1038/1102 1632/1716
f 4544/4881 3540/3767 2838/2995
f 3540/3767 3547/3774 2838/2995
f 1653/1740 3829/4083 3827/4081
f 1389/1463 3829/4083 1653/1740
f 2520/2660 4685/5050 1088/1153
f 977/1037 1439/1520 976/1035
f 1620/1704 3706/3948 1156/1224
f 3702/3528 3706/3948 1620/1704
f 4594/4944 3540/3767 4544/4881
f 497/531 4594/4944 4686/5051
f 4687/5052 3721/3963 817/871
f 3721/3963 4687/5052 4147/4431
f 3850/4105 2235/5053 1666/1753
f 2765/2918 3850/4105 1666/1753
f 4243/4536 4244/4537 4395/4706
f 4395/4706 4240/4533 4243/4536
f 2519/4852 1088/1153 4685/5050
f 977/1037 4685/5050 2520/2660
f 4026/4294 1802/1895 3993/4259
f 3784/4035 4026/4294 3993/4259
f 2235/5053 4688/2404 1666/1753
f 4688/5054 3006/3174 4689/5055
f 896/951 1950/2057 3722/3964
f 3721/3963 3722/3964 816/870
f 4686/5051 4594/4944 4544/4881
f 1164/1232 4686/5051 4544/4881
f 1865/1965 2194/2316 1866/1966
f 912/967 2194/2316 1865/1965
f 3844/4098 4297/4596 2106/2225
f 3851/4106 3844/4098 1362/1436
f 695/742 2519/2659 977/2549
f 2519/4852 4685/5050 977/1037
f 2235/2360 3006/3174 4688/5054
f 3006/3174 2235/2360 2236/2362
f 816/870 3722/3964 729/776
f 816/870 729/776 731/778
f 267/290 3806/4058 3807/4059
f 3807/4059 3806/4058 2561/2706
f 2544/2684 509/544 452/484
f 509/544 4678/546 452/484
f 4295/4591 1450/1531 3844/4098
f 3844/4098 1450/1531 3845/4099
f 3006/3174 185/207 2668/2815
f 706/753 2668/2815 185/207
f 1950/2057 1859/1958 729/776
f 3722/3964 1950/2057 729/776
f 174/196 176/198 1297/1371
f 1297/1371 2928/3090 1298/1372
f 2572/2718 2593/2740 4690/5056
f 2572/2718 2571/2717 2593/2740
f 493/527 1002/1064 2840/2997
f 1002/1064 796/850 2840/2997
f 1204/1274 1562/1644 1503/1585
f 1562/1644 1204/1274 2758/2911
f 3839/4093 2209/2332 2151/2272
f 2151/2272 2209/2332 2190/2312
f 2644/2791 3720/3962 4014/4281
f 2568/2714 2646/2793 3720/3962
f 3841/4095 184/206 4518/4850
f 3842/4096 184/206 3841/4095
f 4062/4331 1065/1129 2322/2450
f 2436/2570 4062/4331 2322/2450
f 3773/4024 3774/4025 1563/1645
f 1562/1644 2758/2911 3773/4024
f 1452/1533 1451/1532 2831/2988
f 2831/2988 3845/4099 1452/1533
f 1857/1954 1214/1285 3181/3364
f 1857/1954 1215/1286 1214/1285
f 4406/4717 3174/3355 4407/4718
f 1125/1191 4406/4717 4407/4718
f 1292/1366 1004/1067 4037/1066
f 4037/1066 394/4556 1292/1366
f 4386/4696 4020/4287 3359/3559
f 4020/4287 4386/4696 2743/2896
f 1157/1225 1159/1227 4030/4298
f 1157/1225 4030/4298 3524/3747
f 425/454 972/1031 4314/4618
f 4314/4618 972/1031 4764/3605
f 3195/3378 4116/4397 3196/3379
f 582/622 3197/3380 3196/3379
f 4124/4405 4522/4855 4624/4979
f 4522/4855 121/140 4624/4979
f 1352/1426 2688/2837 4581/4928
f 4581/4928 4579/4925 1352/1426
f 3403/3609 320/343 322/345
f 322/345 1343/3610 3403/3609
f 1232/1306 641/685 3297/3491
f 1232/1306 1231/1305 641/685
f 350/373 4464/4788 3133/3312
f 4464/4788 350/373 618/659
f 4116/4397 582/622 3196/3379
f 11/29 10/28 582/622
f 3365/3566 3774/4025 3364/3564
f 3773/4024 2758/2911 3774/4025
f 1161/1229 3785/4036 4009/4276
f 1162/1230 1161/1229 4691/5057
f 23/41 3539/3766 3537/3764
f 23/41 3537/3764 4117/4398
f 2842/2999 633/676 2843/3000
f 2842/2999 4383/677 633/676
f 1508/1590 723/770 249/272
f 1508/1590 1317/1391 723/770
f 726/773 1313/1387 550/586
f 548/584 550/586 1313/1387
f 3512/3734 4412/4725 4023/4291
f 4023/4291 4412/4725 1687/1774
f 2852/3009 2854/3011 2855/3012
f 2417/2547 2855/3012 2854/3011
f 83/101 82/100 3031/3202
f 4234/4526 83/101 3031/3202
f 1949/2056 370/393 1794/1886
f 370/393 372/395 1794/1886
f 4055/4324 3542/3769 3541/3768
f 3591/3823 2353/2481 3551/3780
f 4213/4503 4692/5058 4285/4580
f 3820/4074 2026/2140 2961/3126
f 326/349 4105/4386 3076/1202
f 4105/4386 326/349 9/27
f 270/293 2140/2261 1903/2007
f 1477/1559 1903/2007 2140/2261
f 1073/1137 104/122 103/121
f 102/120 3463/3681 103/121
f 1949/2056 1794/1886 2968/3133
f 1949/2056 2968/3133 170/192
f 2287/2415 4069/4339 909/964
f 908/963 2287/2415 909/964
f 1073/1137 3463/3681 3861/3682
f 3463/3681 1073/1137 103/121
f 2268/2395 2692/2842 1119/1185
f 2268/2395 2267/2394 2692/2842
f 57/75 253/276 252/275
f 1131/1197 4187/4474 1143/1211
f 3142/3321 2989/3157 4080/4350
f 2285/2413 3142/3321 4080/4350
f 2042/2156 1771/1861 1490/1572
f 1490/1572 1771/1861 1491/1573
f 1087/1152 2459/2593 2458/2592
f 1088/1153 1087/1152 2458/2592
f 3669/3908 3668/3907 3943/4209
f 3669/3908 3473/3692 334/357
f 1076/1140 4320/4624 3304/3498
f 1076/1140 3304/3498 2361/2490
f 2464/2598 2446/2580 3011/3181
f 4144/4428 2446/2580 2464/2598
f 2045/2159 1999/2112 3083/3258
f 1999/2112 2045/2159 198/220
f 3026/3197 283/306 3729/3971
f 3026/3197 3729/3971 4283/4578
f 3110/3288 4693/5059 3120/4888
f 4693/5059 3110/3288 3109/3287
f 3430/3643 220/242 2320/2448
f 3430/3643 4155/4439 220/242
f 3669/3908 334/357 3668/3907
f 3668/3907 334/357 1689/1776
f 1737/1825 1143/1211 57/75
f 4187/4474 57/75 1143/1211
f 1540/1622 1542/1624 329/352
f 329/352 2094/2213 1540/1622
f 3303/3497 538/574 537/573
f 538/574 2265/2392 2266/2393
f 222/5060 2430/2564 2432/2566
f 2434/2568 2321/3849 222/5060
f 2879/3038 1631/1715 2503/2640
f 2503/2640 1631/1715 1632/1716
f 1224/1298 1571/1653 2113/2232
f 4103/4382 1224/1298 2113/2232
f 4694/5061 1228/1302 620/661
f 1229/5062 1228/1302 4694/5061
f 4517/4849 1132/1198 4190/4477
f 1132/1198 4517/4849 3248/3434
f 416/444 258/281 4416/4731
f 4530/4866 4416/4731 258/281
f 2716/2867 4566/4906 3041/3213
f 4566/4906 3007/3175 3041/3213
f 931/987 4196/4484 3670/3909
f 2605/2752 2607/2754 4196/4485
f 4190/4477 1132/1198 3183/3366
f 1738/1826 4190/4477 3183/3366
f 1224/1298 4103/4382 1225/1299
f 1225/1299 4103/4382 2112/2231
f 470/502 3003/3171 1781/1872
f 1783/1874 1781/1872 3112/3290
f 1600/1684 445/474 2102/2221
f 1600/1684 2102/2221 3621/3857
f 3516/3738 2790/2946 2770/2923
f 553/589 3516/3738 2770/2923
f 2019/2133 2046/2160 2020/2134
f 2046/2160 4131/4412 4130/4411
f 4298/4597 716/763 3574/3804
f 4298/4597 3753/4002 716/763
f 4239/4531 1507/1589 1485/1567
f 4239/4531 1508/1590 1507/1589
f 596/636 2526/2666 345/368
f 345/368 344/367 596/636
f 2020/2134 2046/2160 4130/4411
f 2020/2134 4130/4411 2074/2190
f 3537/3764 448/477 3538/3765
f 2918/3080 448/477 447/476
f 1256/1330 1258/1332 2123/2242
f 3387/3588 1258/1332 3388/3589
f 527/563 526/562 2229/2353
f 3256/3442 2230/2354 2229/2353
f 2239/2365 2237/2363 2250/2376
f 2250/2376 1394/1468 2239/2365
f 4131/4412 2046/2160 2033/2147
f 4131/4412 2059/2174 2074/2190
f 1365/1439 3213/3396 2027/2141
f 2027/2141 1366/1440 1365/1439
f 3481/3701 2647/2794 2649/2796
f 3481/3701 1011/1075 2647/2794
f 3234/3418 372/395 371/394
f 2164/2285 372/395 3234/3418
f 2755/2908 2756/2909 2475/2609
f 772/825 2755/2908 2475/2609
f 4320/4624 1079/1143 901/956
f 901/956 1079/1143 899/954
f 3384/3585 2123/2242 3385/3586
f 1258/1332 3387/3588 2123/2242
f 804/858 3234/3418 371/394
f 802/856 804/858 371/394
f 3016/3187 3084/1162 1098/1164
f 1990/2100 3016/2102 3039/3211
f 2476/2610 3256/3442 4695/5063
f 2475/2609 2476/2610 4695/5063
f 3755/4004 900/955 3308/3504
f 3755/4004 1951/2059 2703/2853
f 1252/1326 2356/2484 2378/2507
f 2356/2484 2357/2486 2378/2507
f 4436/4755 316/339 361/384
f 361/384 316/339 1532/1614
f 3582/3814 1328/1402 390/413
f 3582/3814 388/411 1328/1402
f 4102/4381 1493/1575 2041/2155
f 1493/1575 840/894 2041/2155
f 3387/3588 3386/3587 3385/3586
f 2123/2242 3387/3588 3385/3586
f 525/561 4695/5063 526/562
f 525/561 2475/2609 4695/5063
f 2053/2167 1494/1576 4696/5064
f 1494/1576 4354/4659 1495/1577
f 18/36 20/38 3239/3424
f 18/36 3239/3424 2399/2528
f 1049/1113 1329/1403 1328/1402
f 388/411 1049/1113 1328/1402
f 2858/3016 1983/2093 1985/2095
f 3400/3606 2858/3016 1985/2095
f 2703/2853 900/955 3755/4004
f 901/956 900/955 2703/2853
f 4397/4708 4389/4699 4391/4701
f 3253/3439 4396/4707 4397/4708
f 3054/3226 514/550 3053/3225
f 3054/3226 3052/3224 514/550
f 1421/1499 1420/1498 4570/1501
f 4570/1501 1422/1500 1421/1499
f 4696/5064 1494/1576 3466/3685
f 731/778 4696/5064 3466/3685
f 3253/3439 4391/4701 4390/4700
f 3253/3439 4397/4708 4391/4701
f 3586/3818 3406/3614 1167/1235
f 2036/2150 3586/3818 2037/2151
f 2547/2687 2806/2963 2538/2678
f 2547/2687 2538/2678 2537/2677
f 2383/2512 2385/2514 888/943
f 2383/2512 888/943 1643/1728
f 2036/2150 3472/3691 3406/3614
f 3586/3818 2036/2150 3406/3614
f 3394/3598 839/893 3389/3596
f 3394/3598 2041/2155 839/893
f 3525/3748 4427/4744 3756/4005
f 3525/3748 3756/4005 1391/1465
f 133/152 801/855 3073/3248
f 228/250 230/252 1339/1413
f 2313/2441 3772/4023 3812/4066
f 3719/3961 3772/4023 2313/2441
f 1376/1450 3684/3925 1377/1451
f 3129/3308 1377/1451 3684/3925
f 1318/1392 3912/4170 997/1059
f 4303/4603 3912/4170 1318/1392
f 4003/4270 4002/4269 4010/4277
f 4009/4276 4010/4277 869/924
f 3944/4210 974/1033 973/1032
f 2001/2115 973/1032 975/1034
f 1319/1393 2301/2429 1271/1345
f 1332/1406 1271/1345 1320/1394
f 164/186 3123/3301 1322/1396
f 3124/3302 164/186 166/188
f 869/924 1805/1898 2350/2478
f 4010/4277 4002/4269 869/924
f 4697/5065 3071/3246 3073/3248
f 801/855 4697/5065 3073/3248
f 1402/1476 1118/1184 1120/1186
f 1402/1476 2632/2779 1118/1184
f 1271/1345 1332/1406 1319/1393
f 1318/1392 1319/1393 1332/1406
f 2714/2865 3008/3176 3944/4210
f 3944/4210 973/1032 2001/2115
f 870/925 636/680 635/679
f 1655/1742 870/925 635/679
f 801/855 228/250 1339/1413
f 801/855 4100/4379 228/250
f 164/186 3124/3302 3123/3301
f 3123/3301 3124/3302 1323/1397
f 1841/1936 3446/3661 1839/1934
f 1839/1934 3446/3661 3505/3757
f 4520/4853 3913/4171 3531/3758
f 3913/4171 4520/4853 1644/1729
f 4070/4340 3155/3334 4071/4341
f 4073/4343 3155/3334 4070/4340
f 800/854 4404/4715 4099/4378
f 4099/4378 4404/4715 4403/4714
f 2049/2163 3160/3339 3029/3200
f 3029/3200 3160/3339 4250/4543
f 2546/2686 1075/1139 347/370
f 1075/1139 4061/4330 347/370
f 4285/4580 4692/5058 2026/2140
f 4212/4502 3425/3638 2026/2140
f 3396/3600 3398/3602 3397/3601
f 4596/4946 3397/3932 1287/2728
f 1866/1966 894/949 2993/3161
f 2006/2120 2993/3161 894/949
f 506/540 4307/4607 4541/4878
f 4149/4433 506/540 4541/4878
f 4671/5034 2823/2980 1554/1636
f 2856/3013 1361/1435 4671/5034
f 2767/2920 2766/2919 4698/5066
f 2767/2920 4698/5066 3861/4117
f 2026/2140 4692/5058 4212/4502
f 4213/4503 4212/4502 4692/5058
f 2136/2257 4609/4959 2137/2258
f 3207/3390 4609/4959 3208/3391
f 2823/2980 1361/1435 2825/2982
f 2823/2980 4671/5034 1361/1435
f 3440/3653 3195/3378 1840/1935
f 1840/1935 1611/1695 3440/3653
f 1468/1550 2596/2743 785/838
f 785/838 784/837 1468/1550
f 4343/4647 1604/1688 1606/1690
f 1593/1677 1604/1688 4343/4647
f 1424/1503 1037/1101 1036/1100
f 4487/1504 4488/5067 1424/1503
f 4670/5033 4666/5026 2885/3044
f 4666/5026 4670/5033 2882/3041
f 3548/3777 3549/3778 4591/4940
f 3549/3778 3548/3777 3550/3779
f 2596/2743 1468/1550 4353/4658
f 2596/2743 4353/4658 2597/2744
f 4233/4525 2782/2938 865/920
f 4233/4525 2775/2928 2782/2938
f 1424/1503 4488/5067 1037/1101
f 1037/1101 4488/5067 4169/4453
f 2781/2937 3471/3690 2782/2938
f 2782/2938 312/335 865/920
f 457/489 4670/5033 2885/3044
f 690/737 4648/5008 457/489
f 4155/4439 3430/3643 3550/3779
f 3550/3779 3676/3915 4155/4439
f 1419/1497 1422/1500 3855/4110
f 1419/1497 3855/4110 3260/3446
f 2782/2938 3471/3690 312/335
f 740/788 312/335 3471/3690
f 1005/1069 1007/2352 4181/4467
f 1007/1071 1006/1070 4181/3835
f 2507/2646 446/475 4011/4278
f 448/477 4011/4278 446/475
f 810/864 4251/4544 456/488
f 455/487 810/864 456/488
f 4486/4812 1627/1711 3958/4224
f 4486/4812 3564/3793 1627/1711
f 4422/4738 1882/1982 742/791
f 4422/4738 1845/1942 1882/1982
f 993/1054 1813/1906 1814/1907
f 993/1054 992/1053 1813/1906
f 2207/2330 2445/2579 2208/2331
f 2445/2579 1965/2073 2208/2331
f 1559/1641 4630/4985 507/542
f 508/543 507/542 4630/4985
f 852/906 4699/5068 3700/3942
f 4700/5069 4179/4465 3700/3942
f 82/100 464/496 3207/3390
f 464/496 3197/3380 3207/3390
f 1242/1316 74/92 73/91
f 1242/1316 73/91 281/304
f 2848/3005 4549/4886 556/592
f 556/592 4549/4886 4545/4882
f 643/687 3747/1871 1778/1868
f 507/542 1778/541 3747/3993
f 464/496 463/495 3195/3378
f 463/495 1840/1935 3195/3378
f 2234/2358 2766/2870 2719/2871
f 1073/1137 2234/2358 1074/1138
f 444/473 2976/3143 2940/3102
f 444/473 2940/3102 3651/3889
f 4699/5068 852/906 3686/3927
f 3700/3942 4699/5068 4700/5069
f 1792/1884 949/1005 1791/1883
f 1791/1883 2924/3086 1792/1884
f 473/505 472/504 3874/4132
f 3874/4132 1637/1721 3871/4129
f 1515/1597 1514/1596 2976/3143
f 1515/1597 2976/3143 444/473
f 4700/5069 4699/5068 3686/3927
f 4179/4465 4700/5069 3686/3927
f 1074/1138 2719/2871 2702/2852
f 2234/2358 2719/2871 1074/1138
f 3388/3589 959/1017 958/1016
f 3388/3589 578/618 959/1017
f 1201/1271 4344/4648 4163/4447
f 4163/4447 1036/1100 1201/1271
f 690/737 3223/3407 691/738
f 3223/3407 3224/3408 691/738
f 3249/3435 4701/5070 3277/3466
f 1358/1432 1360/1434 3277/3466
f 2122/2241 1259/1333 3441/3654
f 1256/1330 3441/3654 1257/1331
f 3891/4149 4702/5071 223/245
f 3891/4149 223/245 1635/1719
f 3081/3256 328/351 4323/4627
f 3862/4118 328/351 3081/3256
f 692/739 691/738 4582/4930
f 691/738 3606/3839 4582/4930
f 1256/1330 2122/2241 3441/3654
f 2122/2241 1256/1330 2124/2243
f 4702/5071 1774/1864 223/245
f 4703/5072 3549/3778 1774/1864
f 2924/3086 4067/4336 4611/4962
f 2924/3086 1791/1883 4067/4336
f 330/353 943/999 2670/2817
f 329/352 943/999 330/353
f 1086/1151 2461/2595 1087/1152
f 2461/2595 1086/1151 2002/2116
f 4600/4950 3712/3954 2974/3141
f 3479/3699 4600/4950 2974/3141
f 3549/3778 4703/5072 4591/4940
f 1774/1864 4702/5071 4703/5072
f 948/1004 3433/3646 2527/2667
f 595/635 344/367 951/1007
f 4509/4839 1455/1536 4506/4835
f 4506/4835 1455/1536 4505/4834
f 668/712 3478/3698 4676/5039
f 4220/4511 3478/3698 668/712
f 2670/2817 2652/2799 2654/2801
f 2670/2817 943/999 2652/2799
f 4591/4940 4703/5072 4702/5071
f 4591/4940 4702/5071 3891/4149
f 2774/2927 2780/2935 2781/2937
f 2780/2935 2774/2927 1080/1145
f 3627/3863 3629/3865 3731/3973
f 3629/3865 1613/1697 3731/3973
f 256/279 412/440 1751/1840
f 412/440 256/279 255/278
f 3443/3656 245/268 2451/2585
f 2451/2585 2452/2586 3443/3656
f 3562/3791 1613/1697 3630/3866
f 3629/3865 3630/3866 1613/1697
f 3821/4075 3830/4084 3189/3372
f 3830/4084 3821/4075 3822/4076
f 413/441 1933/2038 414/442
f 413/441 1935/2040 1933/2038
f 4639/4995 3200/3383 4704/5073
f 4639/4995 4704/5073 4377/4686
f 2384/2513 2641/2788 2810/2967
f 2641/2788 3652/3890 2810/2967
f 3277/3466 1360/1434 3249/3435
f 1360/1434 1359/1433 3249/3435
f 1015/1079 693/740 695/742
f 693/740 1015/1079 1800/1893
f 3930/4191 538/574 3347/3547
f 3930/4191 3347/3547 74/92
f 1067/1131 1404/1478 4704/5073
f 4704/5073 1404/1478 4377/4686
f 895/5074 1019/1083 1018/1082
f 1019/1083 4122/4403 1464/1546
f 672/716 670/714 3193/3376
f 670/714 669/713 3193/3376
f 2401/2530 3396/3600 565/603
f 2402/2531 2401/2530 565/603
f 4230/4522 2341/2469 293/316
f 2341/2469 2343/2471 293/316
f 2642/2789 2384/2513 2383/2512
f 2641/2788 2384/2513 2642/2789
f 1230/1304 1955/2063 4086/4360
f 2189/2311 4258/4551 1028/1092
f 3362/3562 309/332 1296/1370
f 1295/1369 3362/3562 1296/1370
f 349/372 4311/4612 617/658
f 617/658 350/373 349/372
f 1860/1959 3931/4193 1020/1084
f 1861/1960 1860/1959 1020/1084
f 2729/2881 4411/4724 2728/2880
f 4036/4304 4411/4724 2729/2881
f 1847/1944 1294/1368 1296/1370
f 3105/3283 1294/1368 1847/1944
f 1955/2063 1617/1701 4258/4551
f 1955/2063 4258/4551 2189/2311
f 2402/2531 2403/2532 1285/1359
f 565/603 2403/2532 2402/2531
f 2491/2627 648/692 4185/4472
f 4185/4472 648/692 1880/1980
f 733/780 4120/4401 2135/2256
f 733/780 2688/2837 4120/4401
f 4705/5075 3418/3628 1919/2024
f 3418/3628 2797/2953 1431/4674
f 1412/1490 719/766 607/647
f 1275/1349 607/647 719/766
f 3832/4086 988/1049 616/3594
f 3832/4086 1046/1110 988/1049
f 4191/4479 2492/2628 4186/4473
f 2493/2629 2492/2628 4191/4479
f 2133/2254 1349/1423 2948/3111
f 2133/2254 1350/1424 1349/1423
f 2078/2195 2080/2197 2962/5076
f 4385/4702 2962/5076 2080/2197
f 2534/2674 659/703 661/705
f 709/756 659/703 2534/2674
f 3391/3592 3372/3573 3371/3572
f 3391/3592 3371/3572 3392/3593
f 183/205 2236/2362 3850/2361
f 2236/2362 183/205 3006/3174
f 2124/2243 3429/3642 2120/2239
f 3429/3642 140/159 2120/2239
f 4325/4629 646/690 2491/2627
f 646/690 648/692 2491/2627
f 891/946 858/912 860/914
f 891/946 2873/3031 858/912
f 4414/4727 4408/4720 4706/5077
f 849/903 4414/4727 4180/4466
f 3022/3193 3032/3203 3033/3204
f 3035/3207 3033/3204 3032/3203
f 2557/2701 4705/5075 1919/2024
f 4705/5075 2797/2953 3418/3628
f 4707/5078 3945/4211 3873/4131
f 3945/4211 4707/5078 4029/4297
f 1523/1605 68/86 1078/1142
f 1523/1605 66/84 68/86
f 1914/2019 3322/3519 4572/4913
f 4330/4634 4572/4913 3322/3519
f 2219/2342 3423/3634 2220/2343
f 2220/2343 3423/3634 4153/4437
f 2557/2701 2797/2953 4705/5075
f 2794/2950 2797/2953 2557/2701
f 3392/3593 3371/3572 67/85
f 899/954 67/85 3371/3572
f 3021/3192 400/424 402/426
f 3021/3192 402/426 3422/3633
f 4688/2404 2684/2833 1667/1754
f 1530/1612 1667/1754 1531/1613
f 4709/3636 966/1024 2841/2998
f 1836/1930 2841/264 241/263
f 1546/1628 3392/3593 66/84
f 66/84 3392/3593 67/85
f 4344/1269 2923/3085 1200/1270
f 1200/1270 2923/3085 2385/2514
f 2872/3030 2502/2639 4560/4899
f 2502/2639 2853/3010 4560/4899
f 208/230 3788/4039 209/231
f 209/231 3788/4039 4327/4631
f 2980/3147 2971/3136 4708/5079
f 2971/3136 2980/3147 2972/3137
f 1836/1930 3349/3549 2843/3000
f 1836/1930 4709/5080 2841/264
f 2883/3042 2502/2639 2881/3040
f 2883/3042 2501/2638 2502/2639
f 1888/1988 471/503 3255/3441
f 1888/1988 3255/3441 4389/4699
f 4625/4980 1408/1484 3285/3475
f 3286/3476 4625/4980 3285/3475
f 4450/4773 3960/4226 2977/3144
f 3959/4225 3960/4226 181/203
f 2745/2898 4300/4599 2746/2899
f 2996/3164 2745/2898 1035/1099
f 4710/5081 4195/4483 2526/2666
f 4195/4483 345/368 2526/2666
f 3570/3799 4657/5017 2661/2808
f 4657/5017 4711/5082 4658/5018
f 3364/3564 2757/2910 2373/2502
f 2373/2502 420/3565 3364/3564
f 3960/4226 4450/4773 181/203
f 3962/4228 181/203 4450/4773
f 1076/1140 2361/2490 3514/3736
f 3514/3736 2361/2490 4195/4483
f 1033/1097 4712/5083 1034/1098
f 1033/1097 2746/2899 2088/2206
f 4711/5082 4657/5017 3570/3799
f 3764/4013 4711/5082 3570/3799
f 4303/4603 1332/1406 1331/1405
f 1331/1405 1654/1741 4303/4603
f 3873/4131 3875/4133 4707/5078
f 3874/4132 4713/5084 3875/4133
f 2086/2203 2088/2206 4462/2204
f 4712/5083 1033/1097 2088/2206
f 2205/2327 2206/2328 813/867
f 2205/2327 813/867 2253/2380
f 1178/1247 1683/1770 4571/4912
f 4571/4912 2698/2848 1178/1247
f 1372/1446 3176/3357 2293/2421
f 2295/2423 1372/1446 2293/2421
f 4707/5078 3871/4129 3865/4121
f 4713/5084 4707/5078 3875/4133
f 4710/5081 2526/2666 4061/4330
f 4195/4483 4710/5081 1077/1141
f 3273/3460 3272/3459 3249/3435
f 2471/2605 3272/3459 3273/3460
f 2242/2368 2205/2327 2253/2380
f 1927/2032 2242/2368 2253/2380
f 156/175 987/1048 157/176
f 1693/1780 987/1048 156/175
f 4029/4297 3865/4121 543/579
f 4707/5078 3865/4121 4029/4297
f 3638/3875 2479/2614 1820/1913
f 1820/3513 2479/2631 1822/1916
f 1077/1141 4710/5081 4061/4330
f 1075/1139 1077/1141 4061/4330
f 2086/4915 1838/1933 4712/973
f 4712/5083 2088/2206 2086/2203
f 2210/2333 42/60 44/62
f 3181/3364 42/60 2210/2333
f 1834/1928 4283/4578 2467/2601
f 684/731 3728/3970 1834/1928
f 3359/3559 75/93 1690/1777
f 75/93 3359/3559 3361/3561
f 2487/2623 3042/3214 4371/4678
f 3042/3214 3007/3175 4371/4678
f 3181/3364 2210/2333 2154/2275
f 3180/3363 3181/3364 2154/2275
f 244/267 2473/2607 2755/2908
f 243/266 2473/2607 244/267
f 1731/1819 1730/1818 2525/2665
f 1731/1819 2525/2665 2527/2667
f 4046/4314 3361/3561 1829/1923
f 75/93 3361/3561 76/94
f 144/163 146/165 3967/4233
f 144/163 3967/4233 3093/3269
f 3241/3426 2107/2226 3853/4108
f 3241/3426 2103/2222 2107/2226
f 2756/2909 2473/2607 112/130
f 2756/2909 2755/2908 2473/2607
f 4175/4459 3612/3845 2715/2866
f 3612/3845 4175/4459 378/401
f 2400/2529 3240/3425 2398/2527
f 4378/4687 2398/2527 3240/3425
f 491/525 4050/4318 492/526
f 1291/1365 1290/1364 491/525
f 587/627 3615/3850 2318/2446
f 587/627 946/1002 3615/3850
f 1107/1173 1952/2060 885/940
f 1951/2059 885/940 1952/2060
f 4593/4943 2936/3098 4440/4942
f 1212/1283 2936/3873 3637/3874
f 112/130 4714/5085 113/131
f 112/130 2474/2608 4714/5085
f 2776/2931 269/292 4177/4593
f 4177/4593 4539/4876 2776/2931
f 492/526 4050/4318 76/94
f 3361/3561 4046/4314 76/94
f 1028/1092 1041/1105 1040/1104
f 1028/1092 2188/2310 1041/1105
f 3079/3254 1527/1609 1526/1608
f 1527/1609 3079/3254 2835/2992
f 4593/4943 4440/4942 1756/1846
f 4593/4943 1756/1846 1213/1284
f 82/100 3209/3392 3030/3201
f 3209/3392 3208/3391 3030/3201
f 4050/4318 491/525 1290/1364
f 77/95 4050/4318 1290/1364
f 2911/3072 4574/4918 1425/1505
f 2911/3072 4576/4922 4574/4918
f 497/531 4686/5051 1675/1762
f 1675/1762 4686/5051 1164/1232
f 503/537 4653/5013 4308/4608
f 503/537 505/539 501/535
f 3948/4214 1537/1619 1557/1639
f 3948/4214 1363/1437 1537/1619
f 3005/2831 2684/2833 4689/4688
f 4689/5055 3006/3174 3005/3173
f 2542/2682 401/425 3281/3470
f 4416/4731 2542/2682 3281/3470
f 2371/2500 3494/3714 1553/1635
f 60/78 1551/1633 1553/1635
f 2304/2432 2297/2425 2305/2433
f 2305/2433 3622/3858 2303/2431
f 1741/1829 3533/3760 1744/1832
f 3533/3760 1741/1829 560/596
f 4160/4444 1496/1578 3094/3270
f 556/592 4160/4444 3094/3270
f 60/78 1553/1635 3494/3714
f 60/78 3494/3714 61/79
f 3856/4111 4317/4621 4318/4622
f 4317/4621 3858/4113 4318/4622
f 4542/4879 4545/4882 4549/4886
f 4545/4882 4542/4879 4160/4444
f 2540/2680 1940/2047 1920/2025
f 3418/3628 2540/2680 1920/2025
f 1795/1888 4653/5013 503/537
f 1795/1888 4150/1012 4653/5013
f 2193/2315 3037/3209 892/947
f 892/947 3037/3209 3992/4258
f 278/301 611/651 2723/2875
f 278/301 2723/2875 279/302
f 369/392 368/391 1739/1827
f 368/391 1728/1816 1739/1827
f 2297/2425 3622/3858 2305/2433
f 4715/5086 3622/3858 2297/2425
f 812/866 147/166 845/899
f 3377/3578 147/166 812/866
f 613/653 612/652 4662/5022
f 4662/5022 3769/4019 3770/4020
f 1751/1840 3009/3177 1781/1872
f 414/442 3009/3177 1751/1840
f 2696/2846 2453/2587 1922/2027
f 2696/2846 1922/2027 2697/2847
f 1998/2111 1962/2070 2807/2964
f 1961/2069 131/150 1962/2070
f 776/829 3014/3184 3377/3578
f 776/829 3377/3578 812/866
f 2692/2842 2178/2300 689/736
f 689/736 2178/2300 687/734
f 3590/3822 3589/3821 4090/4364
f 4090/4364 4079/4349 2989/3157
f 2047/4682 3159/3341 4536/4873
f 2047/2161 4250/4543 3159/3338
f 92/110 2793/2949 566/606
f 4375/4684 90/108 92/110
f 4090/4364 3588/3820 4079/4349
f 3588/3820 2285/2413 4079/4349
f 2097/2216 2099/2218 4640/4996
f 115/134 2099/2218 2097/2216
f 499/533 3448/3663 4425/4742
f 3448/3663 499/533 1711/1799
f 3520/3743 3582/3814 3518/3740
f 1807/1900 3582/3814 3520/3743
f 2346/2474 4716/5087 2325/2453
f 2325/2453 4716/5087 4507/4836
f 2812/2969 2813/2970 2549/2689
f 2549/2689 2813/2970 2547/2687
f 3535/3762 660/704 662/706
f 660/704 3535/3762 3545/3772
f 3905/4163 1925/2030 3901/4159
f 2279/2407 3901/4159 2280/2408
f 462/494 1409/1487 3344/3544
f 462/494 3344/3544 1710/1798
f 2989/3157 2286/2414 2413/2543
f 2989/3157 3142/3321 2286/2414
f 3236/3420 3235/3419 3977/4243
f 3977/4243 3235/3419 1393/1467
f 1636/1720 225/247 1637/1721
f 1636/1720 223/245 225/247
f 681/727 3230/726 2523/2663
f 2523/2663 2522/2662 681/727
f 440/469 3977/4243 1393/1467
f 1393/1467 441/470 440/469
f 2490/2626 3900/4158 2489/2625
f 3900/4158 889/944 2489/2625
f 1142/1210 1170/1238 1169/1237
f 57/75 1142/1210 1169/1237
f 4717/5088 1661/1748 2710/2860
f 2754/2907 4717/5088 2710/2860
f 2116/5089 2119/2238 1706/1794
f 3179/3052 2119/2238 2116/5089
f 4482/4808 2895/3056 4481/4807
f 4482/4808 2889/3048 2895/3056
f 4012/4279 1310/1384 2507/2646
f 4012/4279 4271/4566 1310/1384
f 3165/3345 1055/1119 820/874
f 3165/3345 2741/2894 1055/1119
f 3905/4163 3901/4159 3906/4164
f 3906/4164 3901/4159 2875/3033
f 1978/2088 360/383 2213/2336
f 59/77 1978/2088 2213/2336
f 2807/2964 1962/2070 131/150
f 2807/2964 131/150 2808/2965
f 2428/2562 4294/4590 2429/2563
f 2428/2562 3917/4176 4294/4590
f 2280/2408 1925/2030 1927/2032
f 3901/4159 1925/2030 2280/2408
f 639/683 3357/3557 4106/4387
f 1274/1348 4106/4387 3357/3557
f 2896/3057 1812/1905 4634/4989
f 4398/4709 4482/4808 4634/4989
f 3971/4237 3416/3624 3969/4235
f 3289/3479 3969/4235 3416/3624
f 2425/2558 2428/2562 2427/2561
f 2428/2562 2425/2558 4573/4917
f 324/347 1406/1480 4495/4821
f 4495/4821 1406/1480 3201/3384
f 2725/2877 2711/2861 1688/1775
f 1064/1128 2725/2877 1688/1775
f 784/837 783/836 4368/4675
f 4369/4676 3356/3556 4368/4675
f 4248/4541 1994/2107 4718/5090
f 1994/2107 2980/3147 4708/5079
f 1830/1924 3051/3223 1828/1922
f 3051/3223 1830/1924 4357/4663
f 1337/1411 3340/3538 1335/1409
f 1335/1409 3340/3538 3665/3904
f 4369/4676 4368/4675 783/836
f 783/836 3610/3843 4369/4676
f 1812/1905 4398/4709 4634/4989
f 704/751 1812/1905 702/749
f 4248/4541 4718/5090 2970/3135
f 4718/5090 1994/2107 4708/5079
f 3822/4076 1050/1114 3816/4070
f 3822/4076 2192/2314 1050/1114
f 2959/3801 2018/2132 2957/3809
f 2959/3801 737/784 2018/2132
f 2070/2185 3276/3465 2071/2186
f 2071/2186 3985/4251 322/345
f 436/465 3101/3279 2816/2973
f 2816/2973 3101/3279 1750/1839
f 2970/3135 4718/5090 4708/5079
f 4708/5079 2971/3136 2970/3135
f 3474/3693 3943/4209 570/610
f 3669/3908 3943/4209 3474/3693
f 1404/1478 1069/1133 3951/4217
f 1069/1133 321/344 4719/5091
f 4398/4709 4720/5092 4401/4712
f 4720/5092 4399/4710 4401/4712
f 3112/3290 3100/3278 1784/1875
f 3100/3278 1749/1838 1750/1839
f 3210/3393 2690/2839 2218/2341
f 2218/2341 4151/4435 615/656
f 1594/1678 4721/5093 1595/1679
f 1594/1678 4362/4668 4721/5093
f 1069/1133 4719/5091 3951/4217
f 4719/5091 321/344 320/343
f 737/784 2016/2130 2018/2132
f 1112/1178 2016/2130 737/784
f 4399/4710 4601/4951 422/451
f 4601/4951 4399/4710 4720/5092
f 2066/2181 2447/2581 2448/2582
f 4182/4468 2066/2181 2448/2582
f 3502/3723 3951/4217 320/343
f 4719/5091 320/343 3951/4217
f 4721/5093 3318/3515 1595/1679
f 4721/5093 4362/4668 3318/3515
f 1307/5094 2556/2698 2091/2210
f 1325/1399 2116/3362 1307/5094
f 4473/4799 4722/5095 759/809
f 758/808 4473/4799 759/809
f 3409/3617 1250/1324 2089/2207
f 1250/1324 3409/3617 1322/1396
f 394/418 4346/4650 1649/4740
f 1649/1734 2396/2525 394/4556
f 2071/2186 322/345 321/344
f 2071/2186 321/344 1069/1133
f 2404/2533 4305/2552 4310/4289
f 4021/4288 2404/2533 4310/4289
f 4713/5084 3871/4129 4707/5078
f 3874/4132 3871/4129 4713/5084
f 1548/1630 2518/2658 1545/1627
f 1548/1630 1545/1627 1547/1629
f 4632/3695 2379/4929 3476/3696
f 3980/4246 2379/2508 4632/4987
f 4304/4604 2404/2533 2422/2555
f 4304/4604 2422/2555 775/828
f 4723/5096 2168/2290 1662/1749
f 2752/2905 2168/2290 4723/5096
f 1628/1712 3567/3796 1614/1698
f 1627/1711 3567/3796 1628/1712
f 3884/4142 3855/4110 3854/4109
f 3884/4142 3854/4109 3887/4145
f 4264/4558 3627/3863 2300/2428
f 2300/2428 3627/3863 1597/1681
f 4724/5097 2892/3051 2881/3040
f 2881/3040 2502/2639 2872/3030
f 4511/4841 94/112 93/111
f 2912/3074 94/112 4511/4841
f 2068/2183 2067/2182 3015/3186
f 2067/2182 3932/4194 3015/3186
f 1255/1329 2604/2751 2606/2753
f 2357/4926 2606/2753 2604/2751
f 2753/2906 4725/5098 4723/5096
f 1854/1951 1853/1950 2753/2906
f 1116/1182 1096/1161 1095/1160
f 3145/3324 1096/1161 1116/1182
f 856/910 601/641 1550/1632
f 856/910 602/642 601/641
f 3553/3782 1625/1709 826/880
f 827/881 826/880 1625/1709
f 191/213 819/873 189/211
f 3568/3797 819/873 191/213
f 4726/5099 3190/3373 1967/2076
f 3290/3480 3405/3613 1967/2076
f 3174/3355 422/451 3172/3353
f 4399/4710 422/451 3174/3355
f 1853/1950 2169/2291 4725/5098
f 4725/5098 2753/2906 1853/1950
f 1215/1286 1968/2077 1967/2076
f 1857/1954 1856/1953 1215/1286
f 1864/1963 1082/2009 4053/4321
f 1082/2009 4054/4322 4053/4321
f 4134/4415 191/213 1152/1220
f 4134/4415 3554/3783 3568/3797
f 794/5100 2728/2880 4411/4724
f 794/5100 4068/4338 2728/2880
f 323/346 4455/4778 1387/1461
f 3521/3744 1387/1461 4455/4778
f 3549/3778 2221/2344 1774/1864
f 3549/3778 3430/3643 2221/2344
f 4727/5101 1968/2077 1856/1953
f 1968/2077 1215/1286 1856/1953
f 2311/2439 4682/5046 4201/4490
f 2416/2546 4682/5046 2311/2439
f 3554/3783 4134/4415 1152/1220
f 1152/1220 2260/2387 3554/3783
f 4727/5101 1856/1953 1855/1952
f 1968/2077 4727/5101 2354/2482
f 1426/1506 2505/2644 2514/2653
f 2505/2644 4169/2643 2514/2653
f 3538/3765 2918/3080 2203/2325
f 3538/3765 448/477 2918/3080
f 3143/3322 4372/4679 2358/2487
f 4078/4348 930/986 4372/4679
f 2188/2310 4443/4765 1023/1087
f 2188/2310 1023/1087 1041/1105
f 2354/2482 4727/5101 1855/1952
f 1855/1952 3180/3363 2354/2482
f 454/486 3297/3491 2543/2683
f 2543/2683 452/484 454/486
f 4728/5102 2662/2809 4729/5103
f 2661/2808 3316/3512 2662/2809
f 2358/2487 4072/4342 3143/3322
f 905/960 4072/4342 2358/2487
f 2768/2921 1785/1877 2769/2922
f 1785/1877 717/4418 2769/2922
f 643/687 2544/2684 641/685
f 643/687 509/544 2544/2684
f 2057/2172 665/709 664/708
f 2057/2172 664/708 1253/1327
f 4084/2329 3150/3329 4730/5104
f 3150/3329 4084/2329 2208/2331
f 1770/1860 785/838 2595/2742
f 3312/3508 1770/1860 2595/2742
f 3403/3609 4526/4860 320/343
f 4526/4860 2143/2264 3502/3723
f 1417/1495 3997/4263 3647/3885
f 3988/4254 3997/4264 3989/4255
f 1249/1323 1251/1325 3061/5105
f 1768/1858 3061/5105 1251/1325
f 1426/1506 2515/2654 4669/5032
f 4669/5032 152/171 4221/4512
f 3312/3508 3280/3469 1770/1860
f 3280/3469 3312/3508 3311/3507
f 3647/2106 3997/4264 3988/4254
f 1994/2107 3647/2106 3988/4254
f 3090/3265 1438/1519 231/253
f 4223/4514 232/254 1438/1519
f 4729/5103 2694/2844 4731/5106
f 2694/2844 2453/2587 4731/5106
f 152/171 2515/2654 153/172
f 4669/5032 2515/2654 152/171
f 1993/2104 1417/1495 3647/3885
f 1993/2104 1418/1496 1417/1495
f 3090/3265 4223/4514 1438/1519
f 3090/3265 2077/2193 4223/4514
f 3403/3609 2143/2264 4526/4860
f 3403/3609 3290/3480 2143/2264
f 2662/2809 3316/3512 4729/5103
f 4729/5103 3316/3512 2694/2844
f 4722/5095 3561/3790 759/809
f 1188/1257 3561/3790 4722/5095
f 4732/5107 2892/3051 4724/5097
f 2892/3051 4028/4296 2118/2237
f 2763/2916 474/506 46/64
f 46/64 474/506 47/65
f 654/698 697/744 652/696
f 652/696 697/744 918/974
f 4226/4517 1566/1648 232/254
f 232/254 4223/4514 4226/4517
f 2790/4365 1411/1489 3775/4026
f 1411/1489 1563/1645 3775/4026
f 2724/2876 2720/2872 3236/3420
f 2720/2872 4137/4419 3236/3420
f 1916/2021 4227/4518 697/744
f 2554/2694 4227/4518 1916/2021
f 3885/4143 1708/1796 4115/4396
f 1708/1796 3885/4143 963/1021
f 2892/3051 4732/5107 4028/4296
f 4732/5107 4724/5097 1705/1792
f 3484/3704 924/980 4007/4274
f 4007/4274 4001/4268 3484/3704
f 964/1022 932/988 4546/4883
f 4546/4883 932/988 1909/2014
f 4362/4668 1592/1676 1591/1675
f 4362/4668 1591/1675 3318/3515
f 1128/1194 3834/4088 2562/2705
f 1130/1196 3834/4088 1128/1194
f 3687/3928 1789/1881 823/877
f 850/904 3687/3928 2349/2477
f 4732/5107 1705/1792 4028/4296
f 4028/4296 1705/1792 1706/1794
f 1536/1618 4394/4705 1603/1687
f 1534/1616 1536/1618 1603/1687
f 2584/2731 4636/4992 1385/1459
f 2584/2731 1385/1459 1384/1458
f 4618/4973 1826/1920 871/926
f 2025/2139 4618/4973 871/926
f 2692/2842 2267/2394 4556/4895
f 2267/2394 4555/4894 4556/4895
f 3636/3872 932/988 964/1022
f 3677/3916 3636/3872 964/1022
f 4394/4705 4393/4704 1599/1683
f 33/51 445/474 4394/4705
f 3685/3926 3526/3749 3131/3310
f 3685/3926 3131/3310 3684/3925
f 3044/3216 52/70 3045/3217
f 3045/3217 52/70 2703/2853
f 4394/4705 445/474 4393/4704
f 1600/5108 4393/5109 445/5110
f 1101/1167 1011/1075 1013/1077
f 1011/1075 1101/1167 2647/2794
f 2454/2588 1388/1462 1943/2050
f 3583/3815 2454/2588 3584/3816
f 1412/5111 3515/3737 717/4418
f 1412/5111 3517/4357 3515/3737
f 2226/2349 4384/4694 2535/2675
f 2226/2349 126/145 4384/4694
f 2991/3159 2005/2119 3624/3860
f 3624/3860 2005/2119 1476/1558
f 3706/3948 4363/4669 1156/1224
f 4363/4669 4323/4627 1156/1224
f 415/443 4005/4272 833/887
f 834/888 833/887 1303/1377
f 1388/1462 3583/3815 3575/3805
f 3583/3815 1388/1462 2454/2588
f 2778/2933 274/297 276/299
f 2778/2933 276/299 3336/3534
f 551/587 548/584 3915/4173
f 3093/3269 3915/4173 548/584
f 4066/4335 573/613 1489/1571
f 1489/1571 1487/1569 4066/4335
f 1281/1355 1280/1354 3325/3522
f 4156/4440 3325/3522 1280/1354
f 3314/3510 4059/4328 2706/2856
f 2706/2856 4358/4664 2707/2857
f 3663/3902 3662/3901 2935/3097
f 2935/3097 2111/2230 3663/3902
f 1423/1502 4022/4610 3857/4112
f 4022/4290 1423/4044 3794/4046
f 3122/3300 1165/1233 3116/3294
f 1188/1257 1165/1233 3122/3300
f 2826/2983 3294/3485 260/283
f 3295/3486 3294/3485 2826/2983
f 3313/3509 2706/2856 2705/2855
f 2572/2718 4690/5056 2705/2855
f 3331/2954 2798/2955 138/157
f 3702/3944 3331/2954 138/157
f 1843/5049 3601/3833 3600/3832
f 3833/4087 1128/1194 1843/5049
f 4557/4896 4555/4894 4235/4527
f 4555/4894 4533/4869 4235/4527
f 4697/5065 1339/1413 3071/3246
f 801/855 1339/1413 4697/5065
f 843/897 1183/1252 2845/3002
f 1183/1252 846/900 2845/3002
f 1215/1286 1642/1727 1213/1284
f 1642/1727 2936/3098 1213/1284
f 1570/1652 64/82 63/81
f 2111/2230 1570/1652 63/81
f 3263/3449 3274/3461 3264/3450
f 3264/3450 3274/3461 1217/1289
f 1030/1094 2347/2475 1029/1093
f 1029/1093 2347/2475 2325/2453
f 2238/2364 4733/5112 2999/3167
f 1890/4767 4733/5112 2238/2364
f 739/787 313/336 312/335
f 313/336 739/787 1980/2090
f 1860/1959 1859/1958 2748/2901
f 3931/4193 1860/1959 2748/2901
f 4564/4904 1458/1539 3476/3696
f 1456/1537 1458/1539 4564/4904
f 2894/3055 4481/4807 2895/3056
f 4481/4807 2894/3055 4480/4806
f 3611/3844 4567/4907 2716/2867
f 2716/2867 4567/4907 4566/4906
f 948/1004 951/1007 953/1009
f 2527/2667 951/1007 948/1004
f 3798/4050 1346/1420 3796/4048
f 4664/5024 1346/1420 4096/4372
f 791/845 790/844 4661/3626
f 4661/5021 790/184 1938/2044
f 3094/3270 1496/1578 3400/3606
f 3400/3606 1496/1578 1498/1580
f 2376/2505 3504/3726 2377/2506
f 2376/2505 3264/3450 3504/3726
f 3625/3861 3626/3862 194/216
f 194/216 3626/3862 2628/2775
f 1892/1994 2975/3142 4430/4747
f 4430/4747 4432/4749 1892/1994
f 3797/4049 4096/4372 3798/4050
f 3798/4050 4096/4372 1346/1420
f 3112/3290 1749/1838 3100/3278
f 3112/3290 1781/1872 1749/1838
f 2376/2505 1457/1538 3264/3450
f 1457/1538 2376/2505 1458/1539
f 4113/4394 4110/4391 903/958
f 4113/4394 903/958 902/957
f 3866/4122 218/240 4224/4515
f 1913/2018 218/240 3866/4122
f 87/105 3480/3700 88/106
f 3480/3700 3485/3705 88/106
f 3565/3794 1177/1246 4289/4585
f 1177/1246 3565/3794 629/671
f 3903/4161 3894/3669 3896/4900
f 3896/4154 3894/4152 3895/4153
f 4595/4945 557/593 1260/1334
f 1259/1333 4595/4945 1260/1334
f 4734/5113 4561/4901 4278/4573
f 4734/5113 4278/4573 4123/4404
f 4643/4999 4254/4547 4252/4545
f 4252/4545 4254/4547 3223/3407
f 250/273 725/772 3248/3434
f 250/273 3248/3434 4517/4849
f 3225/3409 3835/4089 438/467
f 3572/3802 3573/3803 3225/3409
f 3749/3996 3455/3672 3750/3997
f 3749/3996 3453/3670 3455/3672
f 4058/4327 1580/1662 2629/2776
f 2629/2776 2631/2778 4058/4327
f 4735/5114 1886/1986 4319/4623
f 3111/3289 4319/4623 1886/1986
f 1202/1272 1503/1585 1504/1586
f 1503/1585 606/646 1504/1586
f 2631/2778 2629/2776 4652/5012
f 3689/3930 4652/5012 2248/2374
f 4421/4022 3719/3961 3771/4021
f 1190/1259 4421/4737 3771/4736
f 1161/1229 4009/4276 4691/5057
f 868/923 1162/1230 4691/5057
f 3689/3930 2611/2758 2631/2778
f 3689/3930 2631/2778 4652/5012
f 4322/4626 2126/2246 777/830
f 2126/2246 778/831 777/830
f 822/876 2349/2477 823/877
f 2349/2477 3687/3928 823/877
f 4730/5104 3166/3346 1887/1987
f 4319/4623 3737/3980 4735/5114
f 4136/4064 3812/4066 4421/4022
f 4136/4064 1624/1708 3812/4066
f 4691/5057 4009/4276 868/923
f 4009/4276 869/924 868/923
f 2735/2888 3484/3704 1677/1764
f 2736/2889 2735/2888 1677/1764
f 304/327 3266/3453 2886/3045
f 3266/3453 304/327 3261/3447
f 1886/1986 4735/5114 1887/1987
f 4735/5114 4730/5104 1887/1987
f 3910/4168 442/471 4620/4975
f 442/471 1703/1790 4620/4975
f 3858/4113 2126/2246 4322/4626
f 4322/4626 4318/4622 3858/4113
f 2048/2162 2050/2164 332/355
f 332/355 1072/4909 2048/2162
f 1162/1230 868/923 4060/4329
f 1162/1230 4060/4329 3828/4082
f 3237/5115 1895/1998 1894/1997
f 3237/5115 4248/4541 1895/1998
f 643/687 1779/1869 510/545
f 1779/1869 4677/4196 510/545
f 1266/1340 1106/1172 1105/1171
f 4434/4751 1104/1170 1106/1172
f 658/702 4513/4843 102/120
f 3451/3666 4513/4843 658/702
f 889/944 2139/2260 1902/2006
f 889/944 1902/2006 1901/2005
f 4736/5116 3389/3596 3379/3580
f 4736/5116 3379/3580 1682/5003
f 4737/5117 2032/2146 2031/2145
f 3761/4010 4737/5117 2031/2145
f 4434/4751 1106/1172 1266/1340
f 4434/4751 1266/1340 4429/4746
f 578/618 1479/1561 579/619
f 1479/1561 30/48 579/619
f 2736/2889 3937/4202 928/984
f 928/984 3937/4202 570/610
f 983/1043 4282/4577 2998/3166
f 983/1043 4586/4934 4282/4577
f 967/1025 634/678 3677/3916
f 634/678 547/583 3677/3916
f 580/620 32/50 1709/1797
f 959/1017 580/620 1709/1797
f 2433/2567 2435/2569 2318/2446
f 3615/3850 2433/2567 2318/2446
f 1137/1205 2671/2818 2669/2816
f 3909/4167 1137/1205 2669/2816
f 2791/2947 2908/3069 2898/3059
f 2908/3069 3769/4019 2898/3059
f 1519/1601 1517/1599 1516/1598
f 1519/1601 1516/1598 4085/4356
f 3048/3220 3132/3311 3049/3221
f 3049/3221 3132/3311 2161/2282
f 1152/1220 1154/1222 4109/4390
f 4109/4390 3911/4169 1137/1205
f 488/522 487/521 2791/2947
f 487/521 2906/3067 2791/2947
f 2125/2245 2421/2554 3013/3183
f 2125/2245 3013/3183 4665/5025
f 1519/1601 4085/4356 3927/4187
f 3927/4187 4085/4356 3925/4185
f 4109/4390 1154/1222 3911/4169
f 1135/1203 3911/4169 1154/1222
f 3859/4114 3402/2378 4101/4380
f 3401/4115 3859/4114 3395/3599
f 3173/3354 3172/3353 3414/3622
f 3414/3622 4370/4677 3173/3354
f 20/38 1719/1807 3238/3423
f 3250/3436 1719/1807 20/38
f 3859/4114 4101/4380 3395/3599
f 4101/4380 4102/4381 3395/3599
f 2966/3131 4413/4726 2967/3132
f 2964/3129 2967/3132 4413/4726
f 130/149 227/249 967/1025
f 967/1025 227/249 634/678
f 3402/2378 2251/2377 4101/4380
f 2251/2377 3465/3684 4101/4380
f 2866/3024 2901/3062 2864/3022
f 2864/3022 2863/3021 2862/3020
f 1401/1475 4586/4934 983/1043
f 982/1042 1401/1475 983/1043
f 866/921 175/197 656/700
f 2967/3132 866/921 656/700
f 4323/4627 1135/1203 1156/1224
f 1136/1204 1135/1203 4323/4627
f 1729/1817 4193/4481 1740/1828
f 4193/4481 1729/1817 3434/3647
f 4738/5118 2863/3021 2864/3022
f 4738/5118 1127/1193 2863/3021
f 3800/4052 3104/3282 310/333
f 866/921 3800/4052 310/333
f 2675/4595 1432/1513 2665/4125
f 1432/1513 3867/4123 2665/4125
f 3824/4078 501/535 504/538
f 4607/4957 2982/3149 501/535
f 4503/4832 4739/5119 2985/3152
f 1417/1495 4739/5119 4503/4832
f 3220/3404 2112/2231 770/823
f 2112/2231 2114/2233 1227/1301
f 2352/2480 2369/2498 4140/4423
f 600/640 2352/2480 4140/4423
f 3673/3912 3824/4078 504/538
f 3673/3912 504/538 1366/1440
f 2664/2811 2666/2813 4466/4790
f 2666/2813 2665/2812 4740/5120
f 2472/2606 1817/1910 1818/1911
f 2472/2606 3271/3458 4121/4402
f 4739/5119 3648/3886 2985/3152
f 3648/3886 4739/5119 1417/1495
f 4741/5121 1230/1304 1937/4359
f 1937/4359 1230/1304 4086/4360
f 430/459 429/458 3795/4047
f 1665/1752 3795/4047 429/458
f 2667/2814 4740/5120 3004/3172
f 2667/2814 2666/2813 4740/5120
f 3094/3270 2023/2137 1988/2098
f 1988/2098 2023/2137 1986/2096
f 2472/2606 1818/1911 3271/3458
f 1818/1911 3277/3466 4701/5070
f 212/234 365/388 4675/5038
f 212/234 4675/5038 210/232
f 3779/4030 1245/1319 3781/4032
f 4497/4823 536/572 3781/4032
f 2387/2516 2921/3083 2920/3082
f 1145/1213 2921/3083 2387/2516
f 3118/3296 4512/4842 4337/4641
f 618/659 4512/4842 3118/3296
f 429/458 431/460 2331/2459
f 3815/4069 2331/2459 431/460
f 1818/1911 4701/5070 3271/3458
f 3271/3458 4701/5070 3249/3435
f 536/572 96/114 4259/4552
f 4460/4783 4259/4552 96/114
f 1934/2039 2386/2515 1935/2040
f 1934/2039 1146/1214 2386/2515
f 2455/2589 3585/3817 3584/3816
f 1946/2053 2455/2589 3584/3816
f 4158/4442 1091/1156 212/234
f 1091/1156 4158/4442 3171/3352
f 2061/2176 2063/2178 1565/1647
f 2063/2178 2275/2402 3614/3847
f 3488/3708 3454/3671 3713/3955
f 3488/3708 3713/3955 2619/2766
f 916/971 915/970 3703/3945
f 3703/3945 915/970 1798/1891
f 1245/1319 4497/4823 3781/4032
f 4497/4823 1245/1319 96/114
f 482/515 481/514 4215/4505
f 531/567 482/515 4215/4505
f 3508/3730 2345/2473 530/566
f 2345/2473 3508/3730 4583/4931
f 1818/1911 1357/1431 3277/3466
f 1355/1429 1357/1431 1818/1911
f 4490/4816 3903/4161 2973/3140
f 2973/3140 3903/4161 3896/4900
f 530/566 2345/2473 3650/3888
f 3649/3887 530/566 3650/3888
f 3144/3323 1881/1981 1094/1159
f 3144/3323 1877/1977 1881/1981
f 1566/1648 1565/1647 3117/3295
f 3117/3295 3614/3847 2316/2444
f 2980/3147 3987/4253 7/25
f 7/25 1/1 2980/3147
f 530/566 1063/1127 3507/3729
f 1061/1125 3507/3729 1063/1127
f 3063/3238 3066/3241 3064/3239
f 3064/3239 3066/3241 713/760
f 4273/4568 170/192 172/194
f 4274/4569 170/192 4273/4568
f 1126/1192 2693/2843 1502/1584
f 3173/3354 4370/4677 1126/1192
f 435/464 4674/5037 436/465
f 1784/1875 436/465 4674/5037
f 2521/2661 2498/2635 2524/2664
f 2524/2664 2523/2663 3981/4247
f 608/648 1275/1349 4742/5122
f 3782/4033 1504/1586 608/648
f 3052/3224 3054/3226 3069/3244
f 4651/5011 3052/3224 3069/3244
f 2465/2599 4091/4366 489/523
f 489/523 4091/4366 487/521
f 2274/2401 4743/5123 2610/2757
f 2273/2400 4379/4689 2274/2401
f 90/108 2223/2346 2334/2462
f 2223/2346 2335/2463 2334/2462
f 3981/4247 180/202 2521/2661
f 2524/2664 3981/4247 2521/2661
f 4521/4854 755/805 753/802
f 4521/4854 4329/4633 755/805
f 2131/4991 2130/2251 2132/2250
f 2131/4991 619/660 2130/2251
f 2335/2463 2223/2346 2919/3081
f 2335/2463 2919/3081 2355/2483
f 1462/1543 247/270 246/269
f 247/270 1462/1543 1145/1213
f 180/202 1748/1837 181/203
f 2523/2663 1748/1837 180/202
f 4479/4805 4744/5124 1470/1552
f 4744/5124 1471/1553 1470/1552
f 2134/2255 4133/4414 640/684
f 4133/4414 2949/3112 640/684
f 4056/4325 2382/2511 4031/4299
f 4031/4299 2382/2511 2381/2510
f 4479/4805 1472/1554 4744/5124
f 1472/1554 1471/1553 4744/5124
f 23/41 4117/4398 1929/2034
f 1926/2031 4117/4398 3307/3503
f 3246/3431 1364/1438 1363/1437
f 1364/1438 3246/3431 3245/3430
f 1714/1802 705/752 708/755
f 708/755 705/752 707/754
f 2922/3084 2771/2924 2905/3066
f 243/266 2922/3084 2905/3066
f 4166/4450 4165/4449 4167/4451
f 4166/4450 4167/4451 4535/4871
f 952/1008 951/1007 344/367
f 344/367 2226/2349 952/1008
f 3351/3551 3352/3552 1042/1106
f 257/280 3351/3551 1042/1106
f 1281/1355 3326/3523 1760/1850
f 1759/1849 1281/1355 1760/1850
f 4165/4449 1268/1342 1267/1341
f 4167/4451 4165/4449 1267/1341
f 3888/4146 3481/3701 2649/2796
f 3888/4146 2649/2796 3376/3577
f 1126/1192 4370/4677 2693/2843
f 4370/4677 3149/3328 2693/2843
f 458/490 3229/3413 116/135
f 1447/1528 4345/4649 458/490
f 1001/1063 549/585 4068/4337
f 549/585 1001/1063 1003/1065
f 4063/4332 1369/1443 4064/4333
f 4063/4332 3213/3396 1369/1443
f 2007/2121 2581/2727 1269/1343
f 2581/2727 1267/1341 1269/1343
f 2516/2655 1548/1630 4156/4440
f 2516/2655 4156/4440 1280/1354
f 4036/4304 2729/2881 2680/2827
f 214/236 4036/4304 2680/2827
f 4745/5125 3353/3553 1118/1184
f 72/90 3353/3553 4745/5125
f 493/527 1348/1422 1347/1421
f 494/528 493/527 1347/1421
f 549/585 3813/4067 4068/4337
f 3813/3359 3177/3358 4068/4338
f 4345/4649 1427/1507 3229/3413
f 4345/4649 3229/3413 458/490
f 4646/5004 376/399 4746/5126
f 378/401 4746/5126 376/399
f 3083/3258 1999/2112 3082/3257
f 3083/3258 3082/3257 575/615
f 3345/3545 4745/5125 3346/3546
f 3346/3546 4745/5125 1118/1184
f 636/680 2350/2478 4683/5047
f 2350/2478 2348/2476 4683/5047
f 2512/2651 2513/2652 182/204
f 2498/2635 2513/2652 2512/2651
f 10/28 9/27 2124/2243
f 10/28 2124/2243 581/621
f 356/379 2772/2925 2771/2924
f 356/379 1342/1416 2772/2925
f 3345/3545 3437/3650 72/90
f 3345/3545 72/90 4745/5125
f 1258/1332 1257/1331 3388/3589
f 1257/1331 578/618 3388/3589
f 4623/4978 2868/3026 3050/3222
f 4623/4978 441/470 2868/3026
f 3961/4227 3786/4037 3962/4228
f 3962/4228 3786/4037 181/203
f 1342/1416 1341/1415 2772/2925
f 2772/2925 1341/1415 2773/2926
f 3082/3257 3062/3237 575/615
f 575/615 3062/3237 713/760
f 1257/1331 3442/3655 578/618
f 1257/1331 3441/3654 3442/3655
f 1035/1099 2746/2899 1033/1097
f 2745/2898 2746/2899 1035/1099
f 3076/1202 1134/1201 327/350
f 1134/1201 138/157 327/350
f 3423/3634 3579/3811 4152/4436
f 4152/4436 3579/3811 4266/4561
f 3299/3493 4174/4458 3302/3496
f 3302/3496 4174/4458 2263/2390
f 311/334 865/920 312/335
f 311/334 3800/4052 865/920
f 360/383 4436/4755 361/384
f 1978/2088 1979/2089 360/383
f 1369/1443 2276/2403 4064/4333
f 4747/5127 163/183 4064/4333
f 1734/1822 1745/1833 1733/1821
f 1734/1822 1736/1824 1745/1833
f 2999/3167 1848/5128 1939/4844
f 2999/3167 4733/5112 1848/5128
f 2682/2829 215/237 2680/2827
f 215/237 2682/2829 2411/2540
f 314/337 4436/4755 1979/2089
f 1979/2089 4436/4755 360/383
f 2276/2403 4747/5127 4064/4333
f 4748/5129 4747/5127 2276/2403
f 2648/2795 1103/1169 3374/3575
f 2648/2795 1101/1167 1103/1169
f 1699/1786 4247/4540 4238/4530
f 2531/2671 4238/4530 4247/4540
f 3874/4132 472/504 1637/1721
f 472/504 1635/1719 1637/1721
f 3107/3285 1889/1989 4449/4772
f 1889/1989 3107/3285 3241/3426
f 4351/4656 2518/2658 2516/2655
f 4351/4656 3581/3813 4352/4657
f 4211/4501 4210/4500 1051/1115
f 4211/4501 1051/1115 1050/1114
f 1699/1786 920/976 4247/4540
f 4247/4540 920/976 2828/2985
f 4115/4396 1710/1798 3885/4143
f 1711/1799 1710/1798 4115/4396
f 141/160 1520/1602 2518/2658
f 4352/4657 142/161 141/160
f 4749/5130 50/68 4714/5085
f 50/68 113/131 4714/5085
f 4025/4293 3222/3406 4527/4861
f 4025/4293 149/168 3222/3406
f 1287/2728 2583/2730 4596/4946
f 2583/2730 1384/1458 4596/4946
f 1064/1128 2727/2879 2725/2877
f 1064/1128 4194/4482 2727/2879
f 535/571 142/161 3581/3813
f 3581/3813 1569/1651 535/571
f 2029/2143 781/834 780/833
f 4387/4697 781/834 2029/2143
f 4628/4983 1704/1791 3238/3423
f 1719/1807 880/935 4628/4983
f 2602/2749 4315/4616 969/1027
f 4764/3605 4315/4619 4314/4618
f 279/302 2724/2876 2762/2915
f 279/302 2762/2915 712/759
f 149/168 4681/5045 2163/2284
f 4025/4293 4681/5045 149/168
f 880/935 1704/1791 4628/4983
f 880/935 878/933 1704/1791
f 970/1029 4636/4992 2584/2731
f 4636/4992 970/1029 1945/2052
f 2582/3604 4314/4618 4313/4617
f 2583/2730 2582/2729 4313/4615
f 1875/1975 1874/1974 2142/2263
f 1875/1975 2142/2263 2155/2276
f 3641/3878 3792/4043 4035/4303
f 3641/3878 4035/4303 4044/4312
f 4287/4582 2182/2304 4230/4522
f 4287/4582 4230/4522 293/316
f 135/154 137/156 396/420
f 135/154 396/420 1703/1790
f 1997/2110 3205/3388 1354/1428
f 1378/1452 1354/1428 3205/3388
f 806/860 1714/1802 205/227
f 205/227 1714/1802 708/755
f 1665/1752 2870/3028 3795/4047
f 1665/1752 80/98 2870/3028
f 1928/2033 4568/4908 2282/2410
f 2282/2410 4568/4908 2283/2411
f 4637/4993 4642/4998 3972/4238
f 2098/2217 3972/4238 4642/4998
f 806/860 4206/4496 1714/1802
f 4656/5016 4206/4496 806/860
f 3984/4250 3985/4251 2452/5131
f 2452/2586 3276/2187 2072/2188
f 2904/3065 4480/4806 2866/3024
f 3938/4203 2904/3065 2866/3024
f 1608/1692 3727/3969 4552/4891
f 1608/1692 4552/4891 1609/1693
f 4473/4799 2034/2148 4722/5095
f 4722/5095 2034/2148 1188/1257
f 4750/5132 789/843 3355/3555
f 3355/3555 4460/814 4750/5132
f 1500/1582 2862/3020 1518/1600
f 1518/1600 1519/1601 1500/1582
f 4260/4553 4184/4471 3758/4007
f 4183/4470 3758/4007 4184/4471
f 2422/2555 2406/2535 3027/3198
f 2406/2535 2407/2536 3027/3198
f 2197/2319 3663/3902 3664/3903
f 125/144 4577/4923 3664/3903
f 3676/3915 3675/3914 1964/2072
f 3676/3915 3550/3779 3675/3914
f 1924/2029 1418/1496 2695/2845
f 2695/2845 2694/2844 1924/2029
f 3085/3260 2055/4463 4751/5133
f 1115/1181 3085/3260 4519/4851
f 100/118 2450/2584 101/119
f 2450/2584 100/118 2452/2586
f 2197/2319 4577/4923 2198/2320
f 3664/3903 4577/4923 2197/2319
f 3557/3786 629/671 3565/3794
f 3557/3786 627/669 629/671
f 1824/1918 1247/1321 1246/1320
f 917/972 1824/1918 1246/1320
f 1089/1154 1093/1158 1090/1155
f 1090/1155 3154/3333 365/388
f 1418/1496 1992/2103 2663/2810
f 1993/2104 1992/2103 1418/1496
f 4262/4555 4617/4972 4260/4553
f 4262/4555 2849/3006 4617/4972
f 4122/4403 4124/4405 1464/1546
f 1464/1546 4124/4405 3946/4212
f 331/354 333/356 2158/2279
f 333/356 294/317 2158/2279
f 157/3138 1529/1611 3577/3113
f 2013/2127 3577/3113 1529/1611
f 1418/1496 2663/2810 2695/2845
f 2695/2845 2663/2810 2453/2587
f 3154/3333 1093/1158 346/369
f 1090/1155 1093/1158 3154/3333
f 1088/1153 2458/2592 2328/2456
f 2458/2592 2460/2594 2328/2456
f 470/502 1781/1872 1783/1874
f 470/502 1783/1874 465/497
f 1233/1307 3278/3467 1234/1308
f 1235/1309 1234/1308 3148/3327
f 2520/2660 2328/2456 1439/1520
f 977/1037 2520/2660 1439/1520
f 1113/1179 1878/1978 1114/1180
f 1878/1978 1877/1977 3145/3324
f 2952/3116 2943/3105 2198/2320
f 2198/2320 3080/3255 2952/3116
f 4440/4762 2936/3873 1212/1283
f 4438/1282 4440/4762 1212/1283
f 3161/3340 3160/3339 2049/2163
f 2048/2162 3161/3340 2049/2163
f 3145/3324 1114/1180 1878/1978
f 3145/3324 1116/1182 1114/1180
f 2744/2897 3311/3507 4059/4328
f 2744/2897 3280/3469 3311/3507
f 104/122 1074/1138 2701/2851
f 104/122 2701/2851 2156/2277
f 4706/5077 4408/4720 2394/2523
f 4414/4727 4706/5077 4180/4466
f 2734/2887 2733/2886 742/791
f 742/791 2733/2886 1884/1984
f 3206/3389 4133/4414 2135/2256
f 4120/4401 3206/3389 2135/2256
f 3146/3325 3278/3467 3279/3468
f 3148/3327 1234/1308 3278/3467
f 4180/4466 2394/2523 827/881
f 4706/5077 2394/2523 4180/4466
f 2360/2489 3980/4246 3979/4245
f 906/961 3141/3320 3979/4245
f 3278/3467 3146/3325 3148/3327
f 38/56 3148/3327 3146/3325
f 192/214 194/216 544/580
f 192/214 544/580 3263/3449
f 2731/2883 1594/1678 4051/4319
f 3746/3992 2731/2883 4051/4319
f 3141/3320 2358/2487 2360/2489
f 2360/2489 3979/4245 3141/3320
f 2777/2932 274/297 4267/4562
f 3826/4080 4267/4562 3825/4079
f 2843/3000 633/676 4709/5080
f 2843/3000 4709/5080 1836/1930
f 3851/4106 4297/4596 3844/4098
f 3851/4106 3853/4108 4297/4596
f 328/351 3862/4118 329/352
f 2094/2213 329/352 3862/4118
f 3046/3218 2777/2932 3826/4080
f 3826/4080 2777/2932 4267/4562
f 24/42 3935/4199 544/580
f 3935/4199 3263/3449 544/580
f 597/637 3159/3341 3688/3929
f 4135/4416 597/637 3688/3929
f 4752/5134 1311/1385 1310/1384
f 2494/2630 1311/1385 4752/5134
f 2137/2258 3881/4139 2138/2259
f 2137/2258 962/1020 3881/4139
f 2998/3166 2179/2301 2177/2299
f 2178/2300 145/164 2179/2301
f 1573/1655 453/3501 1149/1217
f 4678/5041 1149/1217 453/3501
f 919/975 918/974 4227/4518
f 2827/2984 919/975 4227/4518
f 420/3565 2373/2502 1561/1643
f 420/3565 1561/1643 1560/1642
f 484/517 383/406 4215/4505
f 484/517 384/407 383/406
f 1410/1488 2138/2259 3882/4140
f 2138/2259 3881/4139 3882/4140
f 145/164 144/163 1314/1388
f 145/164 1314/1388 2179/2301
f 1640/1724 3287/3477 404/428
f 404/428 1638/1722 1640/1724
f 1220/3998 3749/3996 4339/4643
f 4338/4642 1220/3998 4339/4643
f 4563/4903 3696/3938 2424/2557
f 3154/3333 3696/3938 4753/5135
f 2128/2248 2421/4872 2176/2298
f 4305/4605 2421/4872 2128/2248
f 4536/4873 599/639 3848/4103
f 3848/4103 873/928 4536/4873
f 4142/4425 3818/4072 3817/4071
f 275/298 4142/4425 3817/4071
f 4410/4375 4098/4377 373/396
f 4410/4723 373/4721 4100/4379
f 4690/5056 2593/2740 3313/3509
f 4690/5056 3313/3509 2705/2855
f 765/818 767/820 4286/4581
f 765/818 4286/4581 1571/1653
f 3105/3283 1982/2092 1846/1943
f 1846/1943 2946/3108 3105/3283
f 4448/4771 17/35 219/241
f 3644/3882 17/35 4448/4771
f 3810/4062 3809/4061 1330/1404
f 3802/4054 3809/4061 3810/4062
f 3200/3383 1067/1131 4704/5073
f 1068/1132 1067/1131 3200/3383
f 1863/1964 1846/1943 4496/4822
f 1863/1962 1981/4864 1904/2008
f 3489/3709 234/256 3491/3711
f 234/256 1309/1383 3491/3711
f 3803/4055 1270/1344 3811/4063
f 3811/4063 3804/4056 3803/4055
f 366/389 4563/4903 4562/4902
f 3696/3938 4563/4903 4753/5135
f 1576/1658 1071/1135 1070/1134
f 1576/1658 1070/1134 2765/2918
f 4299/4598 3646/3884 1621/1705
f 4299/4598 1153/1221 3646/3884
f 3203/3386 3202/3385 3204/3387
f 2447/2581 3204/3387 3202/3385
f 1885/1985 339/362 4108/4389
f 339/362 588/628 4108/4389
f 1320/1394 3803/4055 1332/1406
f 3803/4055 1320/1394 1270/1344
f 3051/3223 3068/3243 1828/1922
f 3068/3243 4046/4314 1828/1922
f 3153/3332 1965/2073 4591/4940
f 3153/3332 4591/4940 3891/4149
f 174/196 1299/1373 863/918
f 863/918 175/197 174/196
f 397/421 573/613 4121/4402
f 1489/1571 573/613 397/421
f 4002/4269 1802/1895 1805/1898
f 4002/4269 1805/1898 869/924
f 208/230 4224/4515 3788/4039
f 3866/4122 4224/4515 208/230
f 1428/1508 1430/1510 4505/4834
f 1428/1508 4505/4834 2805/2962
f 2824/2981 4128/4409 34/52
f 34/52 3711/3953 35/53
f 762/813 2835/2992 2833/2990
f 738/811 762/813 2833/2990
f 3211/3394 2614/2761 3186/3369
f 2658/2805 2614/2761 2672/2819
f 1428/1508 2944/3106 1429/1509
f 2944/3106 2250/2376 1429/1509
f 2909/3070 1810/1903 2907/3068
f 1776/1866 2909/3070 2907/3068
f 414/442 1932/2037 1782/1873
f 1933/2038 1932/2037 414/442
f 4022/4290 3794/4046 4021/4288
f 4021/4288 3794/4046 2408/2537
f 814/868 4687/1482 1407/1481
f 815/869 814/868 1407/1481
f 4523/4856 651/695 994/1055
f 4218/4509 651/695 4523/4856
f 1699/1786 524/560 1700/1787
f 524/560 523/559 1700/1787
f 2689/414 3518/3740 389/412
f 3582/3814 389/412 3518/3740
f 2290/2418 591/631 2291/2419
f 2291/2419 591/631 2320/2448
f 817/871 3293/3483 4292/4588
f 1407/1481 817/1483 4292/3484
f 650/694 1285/1359 995/1056
f 650/694 995/1056 651/695
f 2785/2941 1203/1273 4114/4395
f 1761/1851 2785/2941 745/794
f 2225/2348 385/408 2073/2189
f 298/321 385/408 2225/2348
f 4366/4672 2039/2153 1521/1603
f 1521/1603 2039/2153 3391/3592
f 2573/2719 2572/2718 4754/5136
f 377/400 3368/3569 4008/4275
f 3585/3817 2429/2563 3574/3804
f 3585/3817 2455/2589 2429/2563
f 2702/2852 331/354 2700/2850
f 2700/2850 2701/2851 2702/2852
f 2249/2375 2630/2777 1239/1313
f 1239/1313 2630/2777 292/315
f 2704/2854 4754/5136 2572/2718
f 3368/3569 4754/5136 4008/4275
f 3599/3831 3594/3826 2215/2338
f 2217/2340 2678/2825 2215/2338
f 4225/4516 642/686 1231/1305
f 1780/1870 642/686 4225/4516
f 4354/4659 732/779 734/781
f 1494/1576 732/779 4354/4659
f 2304/2432 3599/3831 3966/4232
f 3599/3831 2215/2338 2678/2825
f 3198/3381 657/701 863/918
f 863/918 1299/1373 3198/3381
f 1912/2017 1823/1917 2109/2228
f 2109/2228 1913/2018 1912/2017
f 4754/5136 2704/2854 4008/4275
f 2704/2854 2483/2619 2570/2716
f 591/631 2290/2418 589/629
f 589/629 2290/2418 2310/2438
f 2687/2836 733/780 732/779
f 2053/2167 2688/2837 2687/2836
f 3966/4232 2678/2825 2218/2341
f 3599/3831 2678/2825 3966/4232
f 515/551 4357/4663 927/983
f 1133/1199 516/552 515/551
f 4654/5014 2717/2868 2181/2303
f 2717/2868 4452/4775 2181/2303
f 4008/4275 13/31 12/30
f 2704/2854 2570/2716 4008/4275
f 2053/2167 2687/2836 732/779
f 2053/2167 732/779 1494/1576
f 4716/5087 2346/2474 4755/5137
f 4755/5137 2346/2474 4083/4353
f 3701/3943 4489/4815 3562/3791
f 4489/4815 4486/4812 3562/3791
f 2467/2601 193/215 192/214
f 2467/2601 4283/4578 193/215
f 2051/2165 2053/2167 4696/5064
f 2051/2165 4696/5064 731/778
f 2247/2373 2598/2745 2600/2747
f 2598/2745 2247/2373 2271/2398
f 2570/2716 13/31 4008/4275
f 13/31 2570/2716 14/32
f 2028/2142 3213/3396 4065/4334
f 3213/3396 2028/2142 2027/2141
f 2009/2123 2709/2859 3819/4073
f 3818/4072 2009/2123 3819/4073
f 2248/2374 2247/2373 2600/2747
f 2599/2746 2248/2374 2600/2747
f 2469/2603 1834/1928 2467/2601
f 2469/2603 2467/2601 2470/2604
f 3965/4231 4325/4629 2494/2630
f 3964/4230 3965/4231 2494/2630
f 3823/4077 1398/1472 2821/2978
f 1398/1472 3823/4077 1166/4752
f 4465/4789 2161/2282 4461/4784
f 747/796 4465/4789 4461/4784
f 3607/3840 1801/1894 1014/1078
f 3607/3840 1014/1078 2501/2638
f 4229/4521 4237/4529 4756/5138
f 4229/4521 1579/1661 4237/4529
f 3602/3834 1815/1908 3600/3832
f 3602/3834 1006/1070 1815/1908
f 1398/1472 4435/4753 1399/1473
f 788/842 1399/1473 1672/840
f 4231/4523 4756/5138 2341/2469
f 4229/4521 4756/5138 4231/4523
f 2591/2738 1608/1692 1607/1691
f 2591/2738 1607/1691 2708/2858
f 3600/3832 3833/4087 1843/5049
f 3600/3832 1815/1908 3833/4087
f 4382/4692 3446/3661 1841/1936
f 1841/1936 81/99 4382/4692
f 1399/1473 4435/4753 1672/840
f 3407/3615 1672/1759 4435/4830
f 2299/2427 4264/4558 2300/2428
f 2299/2427 824/878 4264/4558
f 2508/2647 22/40 1869/1969
f 1869/1969 4467/4793 1870/1970
f 4237/4529 3679/3918 4756/5138
f 4756/5138 3679/3918 3681/3920
f 837/891 3390/3591 838/892
f 4335/4639 838/892 3390/3591
f 2889/3048 4405/4716 1125/1191
f 2889/3048 4401/4712 4405/4716
f 2631/2778 2609/2756 4057/4326
f 4057/4326 2609/2756 1580/1662
f 3168/3348 4597/4947 3738/3981
f 486/519 3738/3981 4597/4947
f 366/389 3154/3333 4753/5135
f 366/389 4753/5135 4563/4903
f 32/50 3742/3986 3743/3987
f 3743/3987 3742/3986 1691/1778
f 4743/5123 2608/2755 2610/2757
f 2274/2401 4379/4689 4743/5123
f 2213/2336 362/385 2815/2972
f 2815/2972 362/385 1436/1517
f 32/50 31/49 3742/3986
f 31/49 1480/1562 3742/3986
f 3208/3391 2136/2257 3030/3201
f 3208/3391 4609/4959 2136/2257
f 4128/4409 3711/3953 34/52
f 3711/3953 4128/4409 3710/3952
f 4277/4572 861/915 4335/4639
f 861/915 4277/4572 4736/916
f 375/398 2910/3071 2078/2195
f 2078/2195 373/396 375/398
f 1344/3611 3404/3612 3290/3480
f 1344/1418 100/118 3404/4100
f 4379/4689 2608/2755 4743/5123
f 56/74 1581/1663 2608/2755
f 2587/2734 2586/2733 2913/3075
f 3330/4961 4610/4960 2585/2732
f 508/543 4630/4985 4672/5035
f 418/446 4672/5035 4630/4985
f 374/397 2808/2965 375/398
f 2808/2965 130/149 375/398
f 4379/4689 56/74 2608/2755
f 2022/2136 56/74 4379/4689
f 3761/4010 3759/4008 4757/5139
f 2030/2144 3759/4008 3761/4010
f 3330/4961 2587/2734 2913/3075
f 3330/4961 1197/1266 2587/2734
f 2001/2115 2713/2864 4476/4802
f 2001/2115 4476/4802 3944/4210
f 4658/5018 3632/3868 4657/5017
f 3632/3868 4658/5018 173/195
f 3415/3623 400/424 1024/1088
f 400/424 3415/3623 401/425
f 2913/3075 4610/4960 3330/4961
f 4610/4960 2913/3075 2914/3076
f 552/588 1724/1812 4550/4887
f 1724/1812 3698/3940 4550/4887
f 1695/5006 4758/5140 1696/5141
f 1696/5141 4758/5140 4759/5142
f 4540/4877 4024/4292 809/863
f 4540/4877 809/863 846/900
f 4757/5139 3759/4008 3760/4009
f 4737/5117 3761/4010 4757/5139
f 1656/1743 635/679 637/681
f 637/681 822/876 1656/1743
f 1695/5006 177/199 1698/1785
f 4758/5140 1695/5006 1698/1785
f 3760/4009 2032/2146 4737/5117
f 4757/5139 3760/4009 4737/5117
f 3107/3285 2103/2222 3241/3426
f 2104/2223 2103/2222 3107/3285
f 4516/4848 240/262 1909/3776
f 4553/4892 4516/4848 1909/3776
f 1906/2011 3536/3763 295/318
f 1906/2011 295/318 521/557
f 1767/1857 1766/1856 2995/3163
f 2995/3163 558/594 1767/1857
f 3329/3526 4045/5143 4338/4642
f 4045/5143 3329/3526 3330/3527
f 2170/2292 2477/2611 2478/2612
f 2170/2292 2003/2117 86/104
f 1905/2010 1907/2012 3892/4150
f 3536/3763 1906/2011 1905/2010
f 1565/1647 2063/2178 3614/3847
f 1565/1647 3614/3847 3117/3295
f 543/579 541/577 540/576
f 541/577 543/579 1634/1718
f 1697/1784 4758/5140 1698/1785
f 4758/5140 1697/1784 4759/5142
f 3546/3773 3893/4151 3892/4150
f 3893/4151 3535/3762 3536/3763
f 4090/4364 3589/3821 3588/3820
f 3588/3820 3589/3821 2988/3156
f 3917/4175 4573/2885 3914/4172
f 4573/4917 3917/4176 2428/2562
f 3892/4150 3536/3763 1905/2010
f 3892/4150 3893/4151 3536/3763
f 2315/2443 2599/2746 3889/4147
f 2316/2444 2315/2443 3890/4148
f 4760/5144 1010/1074 2655/3595
f 4266/1047 4760/5144 2655/3595
f 1/1 8/26 2988/3156
f 1/1 2988/3156 2980/3147
f 2040/2154 3310/3506 2038/2152
f 2039/2153 2038/2152 3372/3573
f 3445/3750 628/670 3506/3728
f 3446/3661 3445/3660 3506/3756
f 3697/3939 3699/3941 1721/1809
f 3699/3941 1722/1810 1721/1809
f 3310/3506 3372/3573 2038/2152
f 3308/3504 3754/4003 3310/3506
f 4266/1047 2656/2803 4760/5144
f 1010/1074 4760/5144 2656/2803
f 3769/4019 2897/3058 3730/3972
f 1810/1903 2897/3058 3769/4019
f 2021/2135 1465/1547 2488/2624
f 2021/2135 1466/1548 1465/1547
f 4148/4432 3678/3917 4270/4565
f 3678/3917 4748/5129 4270/4565
f 2548/2688 1420/1498 1419/1497
f 2548/2688 1431/1511 1420/1498
f 4146/4430 407/432 896/951
f 407/432 897/952 896/951
f 4654/5014 4655/5015 2718/2869
f 4655/5015 4654/5014 2180/2302
f 2021/2135 2020/2134 1466/1548
f 1466/1548 2020/2134 2076/2192
f 232/254 1566/1648 4621/4976
f 4621/4976 1566/1648 3102/3280
f 1024/1088 405/429 3289/3479
f 405/429 404/428 3289/3479
f 4380/4690 1485/1567 4558/4897
f 4380/4690 1506/1588 1485/1567
f 2104/2223 3099/3277 3578/3810
f 3578/3810 3099/3277 4761/5145
f 2981/3148 2988/3156 3589/3821
f 2980/3147 2988/3156 2981/3148
f 2573/2719 3367/3568 2571/2717
f 2571/2717 3367/3568 4762/5146
f 3099/3277 3098/3276 4761/5145
f 1888/1988 4388/4698 4761/5145
f 3142/3321 4078/4348 3143/3322
f 4372/4679 3143/3322 4078/4348
f 4724/5097 2872/3030 1705/1792
f 4724/5097 2881/3040 2872/3030
f 3770/4020 3730/3972 613/653
f 3770/4020 613/653 4662/5022
f 3098/3276 1886/1986 1888/1988
f 4761/5145 3098/3276 1888/1988
f 2101/2220 3621/3857 1799/1892
f 3621/3857 3605/3838 1600/1684
f 3796/4048 3799/4051 3572/3802
f 3799/4051 1346/1420 1345/1419
f 3889/4147 4076/4346 2270/2397
f 4076/4346 2598/2745 2270/2397
f 4016/4283 1556/1638 2615/2762
f 4016/4283 4673/5036 1556/1638
f 3074/3249 1982/2092 3104/3282
f 313/336 1982/2092 3074/3249
f 3572/3802 1345/1419 833/887
f 3799/4051 1345/1419 3572/3802
f 519/555 4617/4972 2837/2994
f 4263/4557 4617/4972 519/555
f 3605/3838 3621/3857 2101/2220
f 1801/1894 3605/3838 2101/2220
f 3152/3331 3153/3332 3191/3374
f 3152/3331 3191/3374 3167/3347
f 4673/5036 4016/4283 4015/4282
f 4015/4282 1557/1639 4673/5036
f 467/499 435/464 4592/4941
f 4592/4941 435/464 299/322
f 348/371 4061/4330 1728/1816
f 1728/1816 346/369 348/371
f 2583/2730 4313/4615 2602/2749
f 2602/2749 2584/2731 2583/2730
f 4553/4892 1909/3776 3672/3911
f 1911/2016 4553/4892 3672/3911
f 4170/4454 4592/4941 299/322
f 4170/4454 299/322 835/889
f 4349/4654 2474/2608 2473/2607
f 2474/2608 4749/5130 4714/5085
f 2658/2805 2673/2820 2614/2761
f 2658/2805 2645/2792 2673/2820
f 420/3565 1560/1642 644/5147
f 644/5147 1560/1642 3735/3977
f 704/751 4398/4709 1812/1905
f 704/751 3522/3745 4398/4709
f 1060/1124 70/88 4583/4931
f 3508/3730 1060/1124 4583/4931
f 1351/1425 3067/3242 1333/1407
f 3130/3309 1374/1448 3067/3242
f 573/613 572/612 4121/4402
f 4121/4402 572/612 2472/2606
f 853/907 3652/3890 854/908
f 854/908 3652/3890 2641/2788
f 4326/4630 4026/4294 3784/4035
f 4026/4294 4326/4630 3787/4038
f 1350/1424 3130/3309 4763/5148
f 4763/5148 3130/3309 3067/3242
f 3737/3980 4084/2329 4730/5104
f 3737/3980 4730/5104 4735/5114
f 1790/1882 1816/1909 574/614
f 574/614 573/613 1790/1882
f 2644/2791 4014/4281 2615/2762
f 2644/2791 2615/2762 2645/2792
f 4569/4910 2795/2951 3793/4045
f 4569/4910 2796/2952 2795/2951
f 4278/4573 4561/4901 3898/4156
f 4278/4573 3898/4156 4522/4855
f 4730/5104 3150/3329 3166/3346
f 3150/3329 3151/3330 3166/3346
f 3129/3308 1390/1464 3130/3309
f 1391/1465 1390/1464 3129/3308
f 4695/5063 3256/3442 526/562
f 526/562 3256/3442 2229/2353
f 3108/3286 3107/3285 4449/4772
f 4449/4772 1890/1991 3108/3286
f 3836/4090 2768/2921 3837/4091
f 1786/1878 1785/1877 2768/2921
f 3086/3261 828/882 1833/1927
f 828/882 1831/1925 1833/1927
f 605/645 779/832 603/643
f 3751/3999 779/832 605/645
f 224/246 90/108 914/969
f 224/246 2223/2346 90/108
f 300/323 2817/2974 4525/4858
f 300/323 4525/4858 301/324
f 3040/3212 2633/2780 3034/3205
f 1402/1476 1403/1477 3034/3205
f 769/822 2829/2986 770/823
f 2829/2986 769/822 395/419
f 3784/4035 3994/4260 3785/4036
f 4009/4276 3785/4036 3994/4260
f 300/323 299/322 434/463
f 434/463 436/465 300/323
f 1473/1555 1484/1566 2058/2173
f 1484/1566 1473/1555 1445/1526
f 982/1042 1403/1477 1400/1474
f 3034/3205 1403/1477 982/1042
f 1899/2003 98/116 97/115
f 98/116 1899/2003 4750/2002
f 3578/3810 4388/4698 4392/4703
f 3578/3810 4761/5145 4388/4698
f 4094/4369 3707/3949 3305/3499
f 3305/3499 3707/3949 2679/2826
f 1835/1929 3342/3541 3349/3549
f 3349/3549 1836/1930 1835/1929
f 1815/1908 1814/1907 1844/1940
f 1814/1907 2902/3063 1844/1940
f 3106/3284 3111/3289 2104/2223
f 3107/3285 3106/3284 2104/2223
f 2978/3145 2972/3137 2979/3146
f 2972/3137 2980/3147 2979/3146
f 3843/4097 1184/1253 4197/4486
f 1147/1215 3843/4097 1148/1216
f 3887/4145 3883/4141 3261/3447
f 3854/4109 3883/4141 3887/4145
f 1597/1681 3880/4138 1186/1255
f 1596/1680 1186/1255 3880/4138
f 4764/5149 971/1028 969/1027
f 4315/4616 4764/5149 969/1027
f 2601/2748 2611/2758 2599/2746
f 2314/2442 2611/2758 2601/2748
f 1610/4014 4208/3755 3765/4015
f 3765/4015 3327/3524 1610/4014
f 2903/3064 4480/4806 2904/3065
f 2903/3064 4481/4807 4480/4806
f 3303/3497 3302/3496 2265/2392
f 538/574 3303/3497 2265/2392
f 3936/4200 1150/1955 3843/4097
f 1150/1218 3936/4201 3928/4189
f 4208/4498 1612/1696 1840/1935
f 1610/1694 1612/1696 4208/4498
f 2867/3025 2784/2940 1761/1851
f 2867/3025 2886/3045 2784/2940
f 4466/4790 2667/2814 264/287
f 4466/4790 2666/2813 2667/2814
f 1813/1906 2896/3057 2902/3063
f 1813/1906 2902/3063 1814/1907
f 3459/3676 1650/1737 388/411
f 3459/3676 2750/2903 1650/1737
f 4006/4273 319/342 318/341
f 4006/4273 318/341 924/980
f 1245/1319 3779/4030 1261/1335
f 1261/1335 3779/4030 2027/2141
f 4270/4565 4748/5129 1368/1442
f 4748/5129 2276/2403 1368/1442
f 1203/1273 2788/2944 2787/2943
f 2784/2940 2788/2944 1203/1273
f 1394/1468 611/651 985/1045
f 1394/1468 985/1045 2239/2365
f 4354/4659 734/781 4355/4660
f 734/781 3609/3842 4355/4660
f 4747/5127 4765/5150 163/183
f 4747/5127 1263/1337 4765/5150
f 3497/3717 3499/3720 1727/4754
f 1309/1383 3499/3720 3497/3717
f 3961/4227 1802/1895 4027/4295
f 3787/4038 3961/4227 4027/4295
f 492/526 4046/4314 3068/3243
f 492/526 76/94 4046/4314
f 699/746 1915/2020 697/744
f 699/746 202/224 1915/2020
f 3715/3957 2480/2615 3638/3875
f 2480/2615 3715/3957 3705/3947
f 4519/4851 4751/5133 3084/3259
f 3085/3260 4751/5133 4519/4851
f 3654/3892 44/62 4565/4905
f 4565/4905 3655/3893 3654/3892
f 3354/3554 3726/3968 2554/2694
f 4227/4518 2554/2694 3726/3968
f 2939/3101 2004/2118 1478/1560
f 1476/1558 1478/1560 2004/2118
f 3527/3751 3543/3770 602/642
f 3527/3751 3542/3769 3543/3770
f 1381/1455 2965/3130 655/699
f 1382/1456 1381/1455 655/699
f 4717/5088 4723/5096 1662/1749
f 4717/5088 1662/1749 1661/1748
f 3642/3879 2884/3043 2892/3051
f 2884/3043 3642/3879 4044/4312
f 3667/3906 315/338 571/611
f 570/610 3667/3906 571/611
f 3529/3753 1657/1744 3530/3754
f 3511/3733 3530/3754 1657/1744
f 1964/2072 1963/2071 3092/3267
f 3091/3268 3092/3267 4766/5151
f 4528/4862 4122/4403 895/5074
f 1019/1083 895/5074 4122/4403
f 2527/2667 595/635 951/1007
f 2527/2667 596/636 595/635
f 1313/1387 2177/2299 1314/1388
f 1314/1388 2177/2299 2179/2301
f 3092/3267 1963/2071 4766/5151
f 4766/5151 1963/2071 2444/2578
f 2243/2369 4554/4893 1551/1633
f 117/136 1552/1634 1551/1633
f 3989/4255 683/730 3987/4253
f 1994/2107 3989/4255 3987/4253
f 1051/1115 3338/3536 1715/1803
f 1715/1803 3338/3536 1587/1669
f 2933/3095 528/564 3649/3887
f 528/564 530/566 3649/3887
f 118/137 117/136 4554/4893
f 4554/4893 117/136 1551/1633
f 351/374 353/376 2509/2648
f 444/473 3651/3889 2509/2648
f 3964/4230 4752/5134 1310/1384
f 3964/4230 2494/2630 4752/5134
f 3694/3936 1738/1826 1486/1568
f 1509/1591 249/272 3694/3936
f 4257/4550 4265/5152 1218/1291
f 1233/1307 4265/5152 4257/4550
f 926/982 3103/3281 1133/1199
f 3103/3281 926/982 511/547
f 2509/2648 3651/3889 351/374
f 3651/3889 352/375 351/374
f 1295/1369 2928/3090 176/198
f 176/198 2928/3090 1297/1371
f 1507/1589 1509/1591 1486/1568
f 1509/1591 3694/3936 1486/1568
f 2083/2200 2085/2202 3926/4186
f 2083/2200 3926/4186 2081/2198
f 1133/1199 927/983 926/982
f 515/551 927/983 1133/1199
f 4251/4544 4643/4999 4252/4545
f 4643/4999 4251/4544 4253/4546
f 319/342 3493/3713 3998/4265
f 3492/3712 3998/4265 3493/3713
f 557/593 1988/2098 3095/3271
f 557/593 3095/3271 3468/3687
f 3483/3703 2851/3008 3482/3702
f 3483/3703 3482/3702 2036/2150
f 4463/177 4470/4796 158/178
f 1306/1380 4470/4507 4463/4787
f 4431/4748 3907/4165 2973/3140
f 408/433 4431/4748 2973/3140
f 4762/5146 4537/4874 2594/2741
f 4762/5146 2594/2741 2571/2717
f 2017/2131 2015/3808 2957/3809
f 2957/3122 2015/2129 1525/1607
f 4086/4360 1955/2063 2189/2311
f 1027/1091 4086/4360 2189/2311
f 2627/2774 1170/1238 3295/3486
f 1170/1238 1142/1210 3295/3486
f 3714/3956 3907/4165 2975/3142
f 4431/4748 2975/3142 3907/4165
f 666/710 4676/5039 829/883
f 4676/5039 666/710 668/712
f 707/754 2277/2405 3842/4096
f 184/206 3842/4096 2277/2405
f 3355/3555 3949/4215 1897/2000
f 792/846 1897/2000 3949/4215
f 4578/4924 4537/4874 1491/1573
f 4537/4874 4578/4924 2594/2741
f 1929/2034 4117/4398 1926/2031
f 1926/2031 1930/2035 1929/2034
f 3450/3665 707/754 3451/3666
f 3842/4096 3451/3666 707/754
f 943/999 2651/2798 3218/3402
f 3218/3402 3220/3404 3219/3403
f 1592/1676 4362/4668 4269/4564
f 4269/4564 675/719 1592/1676
f 4094/4369 3708/3950 3797/4049
f 1897/2000 3708/3950 4094/4369
f 558/594 520/556 3933/4197
f 1798/1891 1767/1857 558/594
f 2692/2842 4557/4896 1277/1351
f 4557/4896 1278/1352 1277/1351
f 2651/2798 1225/1299 3220/3404
f 3218/3402 2651/2798 3220/3404
f 1216/1288 273/296 261/284
f 273/296 1216/1288 26/44
f 3510/3732 1604/1688 1593/1677
f 1592/1676 3510/3732 1593/1677
f 4359/3110 4298/790 741/789
f 1882/1982 4359/3110 741/789
f 2819/2976 1396/1470 2820/2977
f 2820/2977 1396/1470 2834/3015
f 558/594 4767/5153 1798/1891
f 3703/3945 1798/1891 4767/5153
f 942/998 3869/4127 1223/1297
f 943/999 942/998 1223/1297
f 2857/3014 2832/2989 3845/4099
f 1363/1437 2832/2989 2857/3014
f 1816/1909 1817/1910 572/612
f 1816/1909 1355/1429 1817/1910
f 4767/5153 558/594 3933/4197
f 3703/3945 4767/5153 3933/4197
f 4066/4335 4611/4962 4067/4336
f 2925/3087 4611/4962 4066/4335
f 4415/4730 1542/1624 3328/3525
f 1542/1624 4415/4730 942/998
f 4613/4966 2368/2497 3693/3935
f 1997/2110 2367/2496 2368/2497
f 1485/1567 195/217 197/219
f 4558/4897 1485/1567 197/219
f 1536/1618 2811/2968 33/51
f 1536/1618 33/51 4394/4705
f 4644/5000 954/1011 4645/5001
f 4653/5013 954/1011 4644/5000
f 1633/1717 4493/4819 4494/4820
f 1633/1717 913/968 4493/4819
f 1997/2110 4613/4966 3205/3388
f 2368/2497 4613/4966 1997/2110
f 124/143 123/142 1053/1117
f 1053/1117 123/142 3329/3526
f 2905/3066 48/66 4349/4654
f 48/66 2474/2608 4349/4654
f 2170/2292 86/104 2477/2611
f 86/104 85/103 2477/2611
f 505/539 4308/4608 4307/4607
f 503/537 4308/4608 505/539
f 4749/5130 48/66 50/68
f 4749/5130 2474/2608 48/66
f 2400/2529 3593/3825 396/420
f 3593/3825 2400/2529 3592/3824
f 645/689 670/714 3373/3574
f 3373/3574 670/714 672/716
f 4768/5154 790/844 789/843
f 4750/5132 4768/5154 789/843
f 3695/3937 4562/4902 4563/4903
f 2783/2939 4562/4902 2681/2828
f 2220/2343 4153/4437 4151/4435
f 2655/2802 4151/4435 4153/4437
f 2722/2874 4137/4419 2720/2872
f 2722/2874 2812/2969 4137/4419
f 2681/2828 3695/3937 2682/2829
f 2681/2828 4562/4902 3695/3937
f 2024/2138 1984/2094 4188/4475
f 2024/2138 4188/4475 386/409
f 1718/1806 2441/2575 710/757
f 2441/2575 1718/1806 2442/2576
f 4664/5024 793/847 259/282
f 259/282 415/443 4664/5024
f 4614/4967 3224/3408 2590/2737
f 3603/3836 3606/3839 4614/4967
f 2091/2210 1325/1399 1307/5094
f 1325/1399 2091/2210 1326/1400
f 2992/3160 1867/1967 1866/1966
f 4494/4820 1865/1965 1867/1967
f 1371/1445 236/258 3176/3357
f 3176/3357 236/258 235/257
f 4711/5082 4659/5019 4658/5018
f 937/993 4769/5155 938/994
f 143/162 439/468 4366/4672
f 4366/4672 439/468 2039/2153
f 3010/3178 178/200 4228/4519
f 4228/4519 2289/2417 338/361
f 1867/1967 2992/3160 4494/4820
f 1633/1717 4494/4820 2992/3160
f 3168/3348 3136/3315 3169/3349
f 1811/1904 3169/3349 3136/3315
f 3224/3408 4614/4967 3606/3839
f 691/738 3224/3408 3606/3839
f 437/466 439/468 4367/4673
f 1300/1374 4367/4673 143/162
f 3010/3178 338/361 337/360
f 4228/4519 338/361 3010/3178
f 4618/4973 2025/2139 876/931
f 2025/2139 3849/4104 876/931
f 3138/3317 485/518 1852/1949
f 3138/3317 3136/3315 485/518
f 4711/5082 938/994 4659/5019
f 3764/4013 938/994 4711/5082
f 437/466 4367/4673 1300/1374
f 3226/3410 437/466 1300/1374
f 1283/1357 301/324 3745/3991
f 3745/3991 2732/2884 1283/1357
f 745/794 2785/2941 4114/4395
f 745/794 4114/4395 1202/1272
f 4059/4328 4358/4664 2706/2856
f 4059/4328 2595/2742 4358/4664
f 2732/2884 678/722 1282/1356
f 1282/1356 1594/1678 2732/2884
f 2396/2525 1291/1365 2395/2524
f 2395/2524 1292/1366 2396/2525
f 4659/5019 938/994 4769/5155
f 935/991 4769/5155 937/993
f 3873/4131 4390/4700 3952/4218
f 3952/4218 473/505 3874/4132
f 4174/4458 4172/4456 2263/2390
f 2263/2390 4172/4456 2264/2391
f 3990/4256 568/608 3991/4257
f 3990/4256 3991/4257 3904/4162
f 4715/5086 2297/2425 4337/4641
f 3102/3280 4715/5086 4337/4641
f 935/991 433/462 4659/5019
f 4769/5155 935/991 4659/5019
f 4375/4684 92/110 566/606
f 3990/4256 4375/4684 566/606
f 2271/2398 2216/2339 3594/3826
f 2215/2338 3594/3826 2216/2339
f 3443/3656 2452/2586 2072/2188
f 3443/3656 2072/2188 1342/1416
f 1316/1390 728/775 1317/1391
f 728/775 4119/4400 1317/1391
f 937/993 934/990 935/991
f 2132/2253 934/990 937/993
f 2672/2819 3211/3394 1586/1668
f 2672/2819 2614/2761 3211/3394
f 3102/3280 2308/2436 4715/5086
f 2308/2436 3622/3858 4715/5086
f 4390/4700 473/505 3952/4218
f 3255/3441 473/505 4390/4700
f 2671/2818 136/155 443/472
f 443/472 136/155 135/154
f 325/348 324/347 3412/3620
f 325/348 3412/3620 422/451
f 3117/3295 2316/2444 2306/2434
f 2306/2434 2316/2444 2307/2435
f 1481/1563 3477/3697 4220/4511
f 3477/3697 4214/4504 4220/4511
f 1587/1669 4334/4638 1717/1805
f 1715/1803 1587/1669 1717/1805
f 2653/2800 2652/2799 3219/3403
f 137/156 2653/2800 3219/3403
f 2342/2470 758/808 2343/2471
f 293/316 2343/2471 758/808
f 716/763 110/128 3575/3805
f 3575/3805 110/128 1388/1462
f 2985/3152 1336/1410 1335/1409
f 3665/3904 2985/3152 1335/1409
f 3683/3922 561/597 560/596
f 560/596 1741/1829 3683/3922
f 3412/3620 3413/3621 3175/3356
f 3175/3356 3413/3621 3199/3382
f 4485/4811 1499/1581 4188/4475
f 4485/4811 1721/1809 1499/1581
f 3178/3360 1692/1779 1970/2080
f 1112/1178 3178/3360 1970/2080
f 3188/3371 1661/1748 4033/4301
f 4770/5156 4033/4301 1194/1263
f 4756/5138 3681/3920 2341/2469
f 2341/2469 3681/3920 4474/4800
f 3805/4057 4268/4563 2566/2712
f 3805/4057 2566/2712 2567/2713
f 2259/2386 746/795 748/797
f 1702/1789 746/795 2259/2386
f 1031/1095 1030/1094 3158/3337
f 3158/3337 1030/1094 1029/1093
f 4107/4388 640/684 639/683
f 4107/4388 639/683 4106/4387
f 3682/3921 3680/3919 2338/2466
f 3681/3920 3682/3921 4474/4800
f 4032/4300 4770/5156 1194/1263
f 4770/5156 3188/3371 4033/4301
f 1702/1789 2259/2386 4373/4680
f 4620/4975 1702/1789 4373/4680
f 3878/4136 3870/4128 3869/4127
f 3870/4128 3878/4136 3879/4137
f 3682/3921 2338/2466 4474/4800
f 2338/2466 1189/1258 4474/4800
f 4005/4272 2552/2692 1303/1377
f 4005/4272 1303/1377 833/887
f 2160/2281 4017/4284 188/210
f 188/210 4017/4284 186/208
f 2710/2860 3188/3371 4032/4300
f 3188/3371 4770/5156 4032/4300
f 2434/2568 222/5060 2432/2566
f 2432/2566 2431/2565 2434/2568
f 71/89 3078/3253 2411/2540
f 1062/1126 3078/3253 71/89
f 187/209 2149/2270 188/210
f 3717/3959 2149/2270 187/209
f 1474/1556 4771/5157 1475/1557
f 1670/1757 270/293 1475/1557
f 2087/4785 1248/1322 1247/1321
f 1825/1919 2087/4785 1247/1321
f 2862/3020 1500/1582 2865/3023
f 2864/3022 2862/3020 2865/3023
f 3571/3800 3645/3883 1757/1847
f 15/33 3645/3883 3571/3800
f 1016/1080 2854/3011 2853/3010
f 2502/2639 1016/1080 2853/3010
f 1574/1656 1573/1655 1575/1657
f 1574/1656 1575/1657 1182/1251
f 3201/3384 3435/3648 3420/3631
f 3201/3384 3200/3383 3435/3648
f 2940/3102 1671/1758 1474/1556
f 1474/1556 1671/1758 4771/5157
f 1962/2070 1958/2066 2956/3120
f 2956/3120 1958/2066 1957/2065
f 2675/4595 2676/2823 2326/2454
f 2676/2823 2327/2455 2326/2454
f 1093/1158 4316/4620 2546/2686
f 4316/4620 2545/2685 2546/2686
f 4771/5157 1671/1758 1670/1757
f 1475/1557 4771/5157 1670/1757
f 3436/3649 3199/3382 3420/3631
f 3436/3649 3420/3631 3435/3648
f 293/316 758/808 291/314
f 1526/1608 291/314 758/808
f 4284/4579 622/664 2938/3100
f 1212/1283 3637/3874 622/664
f 2084/2201 3428/3641 3426/3639
f 4213/4503 2084/2201 3426/3639
f 684/731 4588/4936 3025/3196
f 4588/4936 283/306 3025/3196
f 4437/4756 4181/4467 3601/1938
f 3601/1938 648/692 4437/4756
f 3637/3874 2937/3099 2938/3100
f 3637/3874 2938/3100 622/664
f 2191/2313 2697/2847 3337/3535
f 3337/3535 2697/2847 4534/4870
f 3329/3526 4338/4642 1054/1118
f 124/143 1054/1118 4338/4642
f 4419/4734 1158/1226 1996/2109
f 1158/1226 4419/4734 1222/1296
f 4246/4539 3424/3637 3023/3194
f 3024/3195 3424/3637 4588/4936
f 2697/2847 3339/3537 4534/4870
f 4534/4870 3339/3537 1588/1670
f 4662/5022 612/652 2899/3060
f 2791/2947 2899/3060 2792/2948
f 4418/4733 1222/1296 4419/4734
f 1222/1296 4418/4733 3047/3219
f 286/309 2643/2790 4622/4977
f 2643/2790 2645/2792 4622/4977
f 4725/5098 2752/2905 4723/5096
f 4725/5098 2169/2291 2752/2905
f 2792/2948 2899/3060 612/652
f 2792/2948 612/652 614/654
f 2495/2632 4202/4491 4203/4493
f 2496/2633 2495/2632 4203/4493
f 2968/3133 2983/3150 2969/3134
f 2983/3150 502/536 2969/3134
f 3393/3597 3389/3596 3401/4115
f 3401/4115 3395/3599 3393/3597
f 4246/4539 283/306 4588/4936
f 4246/4539 4588/4936 3424/3637
f 4131/4412 2033/2147 2059/2174
f 2033/2147 54/72 2059/2174
f 3251/3437 19/37 18/36
f 3273/3460 19/37 3251/3437
f 2301/2429 1319/1393 997/1059
f 2301/2429 997/1059 2299/2427
f 4506/4835 1430/1510 4510/4840
f 1430/1510 2237/2363 4510/4840
f 2966/3131 2965/3130 3265/3452
f 3265/3452 111/129 2966/3131
f 4638/4994 1141/1209 1630/1714
f 4638/4994 4234/4526 1141/1209
f 2497/2634 4204/4494 4202/4491
f 4203/4493 4202/4491 4204/4494
f 1884/1984 2953/3117 337/360
f 1884/1984 337/360 1885/1985
f 2624/2771 28/46 2961/3126
f 2961/3126 282/305 2624/2771
f 3257/3443 3258/3444 2230/2354
f 3258/3444 3257/3443 3265/3452
f 1141/1209 1321/1395 1630/1714
f 1629/1713 1630/1714 1321/1395
f 3116/3294 2036/2150 2035/2149
f 2035/2149 2836/2993 3116/3294
f 930/986 239/261 931/987
f 239/261 3672/3911 931/987
f 840/894 2042/2156 841/895
f 840/894 1493/1575 2042/2156
f 4682/5046 2415/2545 4532/4868
f 4532/4868 4201/4490 4682/5046
f 3327/3524 1541/1623 4772/5158
f 3327/3524 4772/5158 941/997
f 3368/3569 3367/3568 2573/2719
f 3368/3569 2573/2719 4754/5136
f 1910/2015 3672/3911 239/261
f 1910/2015 239/261 238/260
f 2685/2834 1531/1613 2684/2833
f 1531/1613 1667/1754 2684/2833
f 2490/2626 2006/2120 890/945
f 1476/1558 2006/2120 2490/2626
f 4772/5158 939/995 941/997
f 4772/5158 1541/1623 939/995
f 2506/2645 1265/1339 1105/1171
f 1664/1751 1265/1339 4773/5159
f 4377/4686 3163/3343 3164/3344
f 4377/4686 4774/5160 3163/3343
f 1230/1304 4741/5121 1229/1303
f 1228/1302 1229/5062 4741/2042
f 3591/3823 4055/4324 3541/3768
f 3591/3823 3541/3768 3534/3761
f 703/750 3522/3745 704/751
f 703/750 4459/4782 3522/3745
f 449/480 2809/2966 2810/2967
f 449/480 4163/479 2809/2966
f 1462/1543 246/269 1342/1416
f 246/269 3443/3656 1342/1416
f 1265/1339 2506/2645 4773/5159
f 4773/5159 4535/4871 1664/1751
f 4288/4583 4290/4970 4289/4584
f 4774/5160 3529/3753 3163/3343
f 2439/2573 1657/1744 3529/3753
f 832/886 3350/3550 2388/2517
f 2388/2517 3350/3550 2389/2518
f 4459/4782 4456/4779 3522/3745
f 3521/3744 4456/4779 4459/4782
f 4535/4871 2506/2645 4166/4450
f 2506/2645 4535/4871 4773/5159
f 2606/2485 3670/3909 2607/5161
f 4196/4484 2607/5161 3670/3909
f 2192/2314 4209/4499 1050/1114
f 2192/2314 2191/2313 4209/4499
f 4774/5160 2439/2573 3529/3753
f 4377/4686 2439/2573 4774/5160
f 3243/3428 3566/3795 3241/3426
f 1918/2023 1849/1946 3566/3795
f 2026/2140 3916/4174 4426/4743
f 4426/4743 3916/4174 1242/1316
f 1819/1912 3618/3854 3616/3852
f 3617/3853 3640/3877 3618/3854
f 4398/4709 2887/3046 4720/5092
f 4720/5092 2887/3046 2888/3047
f 4049/4317 2465/2599 489/523
f 4049/4317 489/523 85/103
f 280/303 2026/2140 4426/4743
f 280/303 4426/4743 281/304
f 3661/3900 3243/3428 3245/3430
f 1918/2023 3661/3900 3660/3899
f 2888/3047 323/346 4601/4951
f 4601/4951 4720/5092 2888/3047
f 3640/3877 3616/3852 3618/3854
f 3640/3877 3639/3876 3638/3875
f 3916/4174 3425/3638 1243/1317
f 3425/3638 3916/4174 2026/2140
f 4538/4875 4537/4874 4762/5146
f 4538/4875 4762/5146 3367/3568
f 4041/4309 4663/5023 2366/2495
f 2365/2494 4041/4309 2366/2495
f 3616/3852 3638/3875 1820/1913
f 3640/3877 3638/3875 3616/3852
f 1918/2023 3566/3795 3243/3428
f 1918/2023 3243/3428 3661/3900
f 3425/3638 3780/4031 1243/1317
f 1243/1317 3780/4031 3779/4030
f 2838/2995 1908/2013 517/553
f 1908/2013 1754/1843 517/553
f 3017/3188 1098/1164 3202/3385
f 3016/3187 1098/1164 3017/3188
f 2000/2113 2510/2649 1044/1108
f 1044/1108 2510/2649 353/376
f 2313/2441 1056/1120 3719/3961
f 3719/3961 1056/1120 2150/2271
f 286/309 4018/4285 148/167
f 148/167 4018/4285 2616/2763
f 727/774 2500/2637 4125/4406
f 2500/2637 494/528 3725/3967
f 4433/4750 4584/4932 1104/1170
f 4433/4750 4585/4933 4584/4932
f 4365/4671 2167/2289 2169/2291
f 4365/4671 3495/3715 3839/4093
f 4125/4406 2500/2637 3725/3967
f 4125/4406 3725/3967 4118/4399
f 3678/3917 1263/1337 4748/5129
f 1263/1337 4747/5127 4748/5129
f 4176/4460 700/747 701/748
f 4176/4460 701/748 2055/2169
f 3364/3564 2758/2911 2757/2910
f 3774/4025 2758/2911 3364/3564
f 2749/2902 3495/3715 2169/2291
f 2169/2291 3495/3715 4365/4671
f 3340/3538 1337/1411 3341/3539
f 1337/1411 3072/3247 3341/3539
f 1263/1337 1262/1336 4765/5150
f 4765/5150 1262/1336 163/183
f 3296/3488 11/29 4116/4397
f 4116/4397 11/29 582/622
f 2589/2736 4324/4628 2590/2737
f 4324/4628 1601/1685 3604/3837
f 933/989 547/583 546/582
f 3636/3872 547/583 933/989
f 2363/2492 1122/1188 2340/2468
f 2363/2492 2202/2324 1122/1188
f 4371/4678 2484/2620 3321/3518
f 2484/2620 4371/4678 3007/3175
f 2590/2737 4324/4628 3604/3837
f 2590/2737 3604/3837 3603/3836
f 3983/4249 4272/4567 4271/4566
f 3983/4249 3953/4219 4272/4567
f 2253/2380 815/869 4097/4374
f 4097/4374 815/869 1407/1481
f 2591/2738 2708/2858 2008/2122
f 2009/2123 2008/2122 2708/2858
f 4000/4267 45/63 880/935
f 4000/4267 3999/4266 45/63
f 3705/3947 1052/1116 1716/1804
f 3705/3947 1716/1804 2495/2613
f 1462/1543 354/377 2921/3083
f 2921/3083 354/377 2771/2924
f 1722/1810 36/54 150/169
f 672/716 36/54 1722/1810
f 923/979 925/981 62/80
f 923/979 62/80 61/79
f 1569/1651 533/569 535/571
f 1569/1651 2679/2826 533/569
f 3466/3685 3465/3684 3293/3483
f 3293/3483 3465/3684 2251/2377
f 285/308 1173/1241 3625/3861
f 1172/1240 1173/1241 285/308
f 4149/4433 4541/4878 2261/2388
f 2261/2388 504/538 4149/4433
f 1587/1669 1589/1671 4334/4638
f 1589/1671 3231/3415 4334/4638
f 1879/1979 1113/1179 2917/3079
f 1879/1979 1878/1978 1113/1179
f 289/312 4014/4281 2646/2793
f 2646/2793 4014/4281 3720/3962
f 4648/5008 4668/5028 4670/5033
f 457/489 4648/5008 4670/5033
f 3467/3686 1493/1575 4102/4381
f 4101/4380 3467/3686 4102/4381
f 3156/3335 907/962 3127/3305
f 3975/4241 3127/3305 907/962
f 605/645 604/644 2374/2503
f 604/644 2375/2504 2374/2503
f 2568/2714 288/311 290/313
f 2568/2714 290/313 2646/2793
f 1350/1424 4763/5148 1351/1425
f 1351/1425 4763/5148 3067/3242
f 12/30 14/32 3612/3845
f 378/401 12/30 3612/3845
f 171/193 4606/4956 4608/4958
f 4606/4956 2969/3134 4608/4958
f 3840/4094 4775/5162 604/644
f 418/446 4775/5162 3840/4094
f 4285/4580 2026/2140 3820/4074
f 27/45 4285/4580 3820/4074
f 2487/2623 2486/2622 3043/3215
f 3043/3215 2486/2622 1465/1547
f 2634/2781 3346/3546 2632/2779
f 2632/2779 3346/3546 1118/1184
f 3573/3803 881/936 3835/4089
f 3225/3409 3573/3803 3835/4089
f 4492/4818 1832/1926 663/707
f 4492/4818 663/707 665/709
f 418/446 4630/4985 3736/3978
f 418/446 3736/3978 4775/5162
f 2633/2780 1402/1476 3034/3205
f 2632/2779 1402/1476 2633/2780
f 3366/3567 3369/3570 3247/3433
f 3369/3570 3368/3569 3247/3433
f 604/644 4775/5162 2375/2504
f 4775/5162 3736/3978 2375/2504
f 245/268 247/270 2449/2583
f 245/268 2449/2583 2451/2585
f 3017/3188 3203/3386 2068/2183
f 2068/2183 3203/3386 2069/2184
f 1874/1974 1873/1973 3496/3716
f 1873/1973 3495/3715 3496/3716
f 2662/2809 4728/5102 4451/4774
f 4731/5106 4728/5102 4729/5103
f 2489/2625 4477/4803 1477/1559
f 1901/2005 1903/2007 4477/4803
f 2262/2389 3824/4078 2082/2199
f 2081/2198 4607/4957 2262/2389
f 2869/3027 41/59 302/325
f 2869/3027 2868/3026 41/59
f 2518/2658 4351/4656 4352/4657
f 4352/4657 141/160 2518/2658
f 4731/5106 4451/4774 4728/5102
f 4451/4774 4731/5106 2453/2587
f 4477/4803 2489/2625 1901/2005
f 2489/2625 889/944 1901/2005
f 4524/4857 2228/2351 1005/1069
f 2228/2351 4524/4857 4523/4856
f 152/171 154/173 2456/2590
f 2456/2590 154/173 1550/1632
f 2262/2389 4607/4957 3824/4078
f 4607/4957 501/535 3824/4078
f 78/96 673/717 4217/4508
f 79/97 78/96 4217/4508
f 1609/1693 921/977 711/758
f 711/758 921/977 712/759
f 957/1015 956/1014 4145/4429
f 4148/4432 957/1015 4145/4429
f 2040/2154 4599/4949 904/959
f 2040/2154 439/468 4599/4949
f 1619/1703 1638/1722 2900/3061
f 403/427 2900/3061 1638/1722
f 1240/1314 1239/1313 2931/3093
f 1241/1315 1240/1314 1528/1610
f 238/260 237/259 2284/2412
f 2284/2412 237/259 4077/4347
f 4309/4609 3857/4112 4022/4610
f 4309/4609 4305/4605 2127/2247
f 2066/2181 266/289 268/291
f 268/291 2064/2179 2066/2181
f 4207/4497 4491/4817 1712/1800
f 4491/4817 1615/1699 1712/1800
f 4129/4410 1510/1592 1512/1594
f 4129/4410 1512/1594 3710/3952
f 2931/3093 1528/1610 1240/1314
f 2931/3093 1526/1608 1528/1610
f 4144/4428 2431/2565 2446/2580
f 2434/2568 2431/2565 4144/4428
f 4776/5163 4136/4417 1193/1262
f 4777/4728 1193/1262 3331/2954
f 3475/3694 3473/3692 1678/1765
f 1679/1766 1678/1765 3473/3692
f 539/575 4127/4408 2825/2982
f 2825/2982 1361/1435 539/575
f 4206/4496 3957/4223 4207/4497
f 3957/4223 4491/4817 4207/4497
f 3332/3530 3334/3532 1622/1706
f 3332/3530 1622/1706 4777/5164
f 2311/2439 4201/4490 848/902
f 4201/4490 4200/4489 848/902
f 4147/4431 4778/5165 4146/4430
f 4778/5165 3038/430 4146/4430
f 4612/4965 410/437 430/4964
f 3215/3399 410/437 4612/4965
f 1108/1174 1110/1176 1691/1778
f 1480/1562 1108/1174 1691/1778
f 4776/5163 1193/1262 4777/4728
f 1622/1706 4776/4065 4777/5164
f 3488/3708 4249/4542 3454/3671
f 4249/4542 122/141 3454/3671
f 2350/2478 847/901 867/922
f 847/901 851/905 867/922
f 4095/4371 4311/4612 3489/3709
f 4311/4612 4095/4371 3767/4017
f 2715/2866 2714/2865 4476/4802
f 3944/4210 4476/4802 2714/2865
f 619/660 4438/4758 620/661
f 4438/4758 4694/5061 620/661
f 2839/2996 1293/1367 1348/1422
f 2839/2996 1004/1067 1293/1367
f 1446/1527 1961/2069 4779/5166
f 1961/2069 1446/1527 4478/4804
f 1803/1896 3963/4229 4627/4982
f 4627/4982 4531/4867 1803/1896
f 4143/5167 1641/1725 3190/3373
f 3190/3373 1641/1725 1215/1286
f 3276/3465 2452/5131 3985/4251
f 3276/3465 3985/4251 2071/2186
f 1960/2068 4779/5166 1961/2069
f 4274/4569 1446/1527 4779/5166
f 1981/2091 1863/1964 4496/4822
f 1981/2091 4496/4822 1982/2092
f 4468/4794 22/40 21/39
f 4468/4794 21/39 4469/4795
f 615/656 990/655 3210/3393
f 615/656 3210/3393 2218/2341
f 3984/4250 1343/3610 322/345
f 3984/4250 2452/5131 1343/3610
f 4726/5099 4143/5167 3190/3373
f 3405/3613 4726/5099 1967/2076
f 715/762 714/761 2953/3117
f 2953/3117 714/761 337/360
f 4468/4794 4467/4793 22/40
f 22/40 4467/4793 1869/1969
f 4274/4569 4779/5166 1960/2068
f 4274/4569 1960/2068 2956/3120
f 3753/4002 3752/4000 108/126
f 108/5168 3752/5169 1863/5170
f 2404/2533 4021/4288 2405/2534
f 2405/2534 4021/4288 2408/2537
f 3551/3780 4055/4324 3591/3823
f 4055/4324 3551/3780 2351/2479
f 3890/4148 3889/4147 2317/2445
f 2315/2443 3889/4147 3890/4148
f 3488/3708 4244/4537 4249/4542
f 3488/3708 4395/4706 4244/4537
f 1834/1928 3728/3970 4283/4578
f 3728/3970 3026/3197 4283/4578
f 3932/4192 4780/5171 1018/1082
f 4780/5171 895/5074 1018/1082
f 4723/5096 4717/5088 2754/2907
f 2754/2907 2753/2906 4723/5096
f 3087/3262 1484/1566 4781/5172
f 3087/3262 4293/4589 1481/1563
f 1786/1878 3836/4090 3838/4092
f 3836/4090 1786/1878 2768/2921
f 3405/3613 4143/5167 4726/5099
f 4143/4426 3405/4427 1640/1724
f 1685/1772 1854/1951 1686/1773
f 1687/1774 1686/1773 4241/4534
f 1806/1899 3383/3584 1047/1111
f 1047/1111 3383/3584 3519/3742
f 4781/5172 1484/1566 4604/4954
f 4293/4589 3087/3262 4781/5172
f 3558/3787 4329/4633 3559/3788
f 4328/4632 4329/4633 3558/3787
f 4357/4663 2738/2891 927/983
f 4357/4663 2737/2890 2738/2891
f 4241/4534 3182/3365 4242/4535
f 1686/1773 1854/1951 4241/4534
f 2362/2491 3304/3498 3847/4102
f 2362/2491 3847/4102 126/145
f 518/554 4260/4553 4263/4557
f 4617/4972 4263/4557 4260/4553
f 4293/4589 4781/5172 4604/4954
f 4293/4589 4604/4954 1445/1526
f 3677/3916 964/1022 968/1026
f 967/1025 3677/3916 968/1026
f 3182/3365 1854/1951 2754/2907
f 4241/4534 1854/1951 3182/3365
f 4738/5118 2901/3062 1127/1193
f 2864/3022 2901/3062 4738/5118
f 2288/4661 944/5005 4126/4407
f 2288/4661 4126/4407 2292/2420
f 3149/3328 3162/3342 2437/2571
f 3162/3342 2438/2572 2437/2571
f 3140/3319 2174/2296 4458/4781
f 2174/2296 3140/3319 2175/2297
f 4309/4609 2127/2247 3857/4112
f 3858/4113 3857/4112 2127/2247
f 1227/1301 768/821 770/823
f 770/823 2112/2231 1227/1301
f 2111/2230 2935/3097 1572/1654
f 765/818 2111/2230 1572/1654
f 4082/3451 3275/3462 1217/1289
f 3275/4963 4082/4352 4081/4351
f 4631/4986 4109/4390 3909/4167
f 3909/4167 2258/2385 4631/4986
f 3713/3955 3453/3670 3902/4160
f 3902/4160 3453/3670 3452/3667
f 57/75 4187/4474 253/276
f 4187/4474 251/274 253/276
f 3126/3304 4081/4351 3127/3305
f 3126/3304 3275/4963 4081/4351
f 1858/1957 4665/5025 306/329
f 1858/1957 2125/2245 4665/5025
f 1287/1361 3398/3602 3399/3603
f 3397/3601 3398/3602 1287/1361
f 3980/4246 4633/4988 3125/3303
f 4633/4988 3128/3725 3125/3303
f 3907/4165 3902/4160 4490/4816
f 3902/4160 3452/3667 4490/4816
f 4342/4646 2171/2293 922/978
f 2171/2293 1917/2022 922/978
f 2392/2521 1283/1357 884/939
f 2393/2522 2392/2521 884/939
f 3399/3603 1288/1362 1287/1361
f 3399/3603 423/452 1288/1362
f 3372/3573 3754/4003 899/954
f 3310/3506 3754/4003 3372/3573
f 3140/3319 4458/4781 3139/3318
f 3139/1956 4458/2244 1858/1957
f 2319/2447 2435/2569 3863/4119
f 2435/2569 2463/2597 3863/4119
f 532/568 70/88 69/87
f 2344/2472 532/568 531/567
f 2332/2460 1179/1248 2333/2461
f 2332/2460 4347/4652 1179/1248
f 2283/2411 2875/3033 2861/3019
f 2874/3032 2861/3019 2875/3033
f 4626/4981 3503/3724 1871/1971
f 3503/3724 1874/1974 1871/1971
f 3177/3358 2730/3351 210/232
f 797/851 3177/3358 210/232
f 3411/3619 1275/1349 719/766
f 4198/4487 1275/1349 3411/3619
f 2064/2179 3927/4187 3924/4184
f 2064/2179 3924/4184 4329/4633
f 2860/3018 3992/4258 2281/2409
f 3992/4258 2860/3018 893/948
f 70/88 2344/2472 4583/4931
f 2344/2472 70/88 532/568
f 3782/4033 608/648 4742/5122
f 4742/5122 1275/1349 4199/4488
f 3924/4184 3925/4185 756/806
f 3925/4185 3464/3683 756/806
f 4499/4827 4157/4441 211/233
f 211/233 4157/4441 212/234
f 3782/4033 4199/4488 1505/1587
f 4199/4488 3782/4033 4742/5122
f 3725/3967 3070/3245 4118/4399
f 4118/4399 3070/3245 3054/3226
f 3233/2287 2482/2618 2166/2288
f 2166/2288 2482/2618 799/853
f 3460/3679 1766/1856 1769/5173
f 1769/5173 1766/1856 1768/3236
f 3170/3350 4499/4827 211/233
f 393/4826 4499/4827 3170/3350
f 1148/1216 3843/4097 4197/4486
f 1575/1657 1148/1216 4197/4486
f 4559/4898 4558/4897 196/218
f 979/1039 4558/4897 4559/4898
f 2081/2198 4605/4955 4607/4957
f 4605/4955 2081/2198 3926/4186
f 4290/4586 114/4968 426/455
f 4411/4724 795/5174 794/5100
f 4038/4306 4782/5175 795/5174
f 795/5174 4411/4724 4038/4306
f 4038/4306 4783/5176 4782/5175
f 4037/4305 4783/5176 4038/4306

