# Exported from 3D Builder
mtllib RedFlower.mtl

o Object.1
v 4.879952 0.078321 2.343344
v 5.130275 0.788889 2.428145
v 4.667516 0.797610 3.659005
v 4.426493 0.092990 3.580188
v 4.804303 1.417530 2.301826
v 4.055690 1.552371 2.033134
v 3.609501 1.567381 3.277745
v 4.325358 1.441564 3.533787
v 3.056042 1.142569 3.080744
v 3.526022 1.142779 1.841750
v 3.693101 -0.038310 1.899089
v 4.314113 -0.221888 2.131600
v 3.852471 -0.233842 3.371591
v 3.214111 -0.054019 3.135747
v 3.392930 0.534077 1.786031
v 2.913099 0.529470 3.025989
v 2.639511 1.537767 8.124150
v 1.690824 1.755399 9.194034
v 2.227732 1.603835 9.391735
v 2.082442 1.684578 7.920846
v 1.499449 1.296170 7.714304
v 1.112558 1.378871 8.987826
v 2.922546 0.973003 8.210729
v 2.494621 1.059931 9.471691
v 1.615658 0.089806 7.762727
v 2.251857 -0.031995 7.987656
v 1.852934 0.061347 9.256914
v 1.219558 0.174241 9.034026
v 1.329396 0.695462 7.659105
v 0.938262 0.783695 8.931321
v 2.771100 0.368829 8.161877
v 2.354288 0.469764 9.424685
v 1.455917 1.788669 11.865041
v 1.136154 1.911537 12.974221
v 0.930955 1.941723 11.670711
v 0.359514 1.570654 11.465233
v 0.029932 1.665305 12.574107
v 0.592135 2.051761 12.775695
v 1.712636 1.258137 11.940071
v 1.414588 1.363422 13.056633
v 0.458222 0.368330 11.512033
v 1.089288 0.265781 11.731088
v 0.754974 0.363680 12.838966
v 0.135608 0.486253 12.623031
v 0.176920 0.978834 11.408636
v -0.140408 1.078996 12.522723
v 1.580299 0.672818 11.894810
v 1.257821 0.762614 13.006193
v 0.874269 2.048968 14.149037
v 0.066778 2.324029 15.181871
v 0.632051 2.208308 15.315500
v 0.328418 2.188433 13.983542
v -0.252585 1.815276 13.809635
v -0.505498 1.942474 15.043822
v 1.165942 1.499771 14.218833
v 0.953933 1.639179 15.378386
v -0.143282 0.615708 13.855531
v 0.496439 0.499016 14.039828
v 0.239941 0.633286 15.231230
v -0.397055 0.773470 15.079933
v -0.436909 1.216342 13.765242
v -0.682703 1.356640 15.008007
v 1.004124 0.889962 14.176995
v 0.777350 0.998125 15.345637
v 0.400059 2.380564 16.753485
v -0.155702 2.491163 16.644728
v -0.360456 2.638894 17.999308
v 0.184281 2.538376 18.084093
v -0.733493 2.127858 16.530020
v -0.940408 2.296124 17.906244
v 0.738565 1.823794 16.805759
v 0.540175 1.994750 18.126656
v -0.632195 0.953029 16.560980
v 0.015462 0.812811 16.687656
v -0.192616 0.981209 18.034975
v -0.845242 1.124912 17.931416
v -0.922649 1.541111 16.498777
v -1.135963 1.712471 17.879484
v 0.560446 1.174085 16.779507
v 0.363059 1.334413 18.107098
v -0.038595 2.676890 19.454418
v -1.140084 2.476583 19.291708
v -0.552258 2.791983 19.379087
v 0.306644 2.167120 19.489552
v -0.393445 1.152281 19.412313
v -1.056506 1.282366 19.318144
v -1.360878 1.885219 19.266563
v 0.153933 1.518465 19.473953
v -1.010330 3.649436 26.062746
v -0.558243 3.472231 26.089739
v -0.506901 3.346813 24.882904
v -0.983395 3.518190 24.837191
v -1.613801 3.366261 26.034018
v -1.581640 3.206221 24.790394
v -0.315996 3.021026 26.097879
v -0.245670 2.870768 24.899017
v -0.892071 2.043537 26.084938
v -1.532278 2.150177 26.052729
v -1.489124 1.998245 24.813730
v -0.848432 1.889219 24.864269
v -1.832951 2.774413 26.029762
v -1.789414 2.610715 24.782646
v -0.407104 2.454824 26.090933
v -0.356978 2.286816 24.887688
v -0.693205 4.601783 36.178883
v -0.246147 4.417250 36.172726
v -0.323822 4.380266 34.835323
v -1.313155 4.332745 36.186943
v -0.788927 4.560358 34.834354
v -1.409593 4.278328 34.833065
v 0.002459 3.971673 36.163841
v -0.079918 3.919057 34.833340
v -0.572497 2.998058 36.172188
v -1.210844 3.114334 36.186031
v -1.291854 3.079470 34.834381
v -0.669891 2.966715 34.833588
v -1.527127 3.733921 36.194473
v -1.609685 3.680388 34.837414
v -0.083009 3.402606 36.164597
v -0.184764 3.350708 34.834049
v 0.352520 4.347773 41.385101
v -0.106508 4.503877 41.419147
v -0.695445 4.218238 41.459011
v 0.647978 3.895649 41.353374
v -0.570553 3.061703 41.445610
v 0.057459 2.910684 41.389259
v -0.869084 3.645542 41.473255
v 0.560228 3.286273 41.357372
v 1.275285 3.668873 46.858662
v 1.015808 3.872276 45.528236
v 0.214287 3.661916 47.036354
v 0.866922 3.879746 46.922237
v 0.593916 4.077286 45.582150
v -0.056548 3.846719 45.672157
v 1.499009 3.243529 46.825859
v 1.245732 3.438181 45.497753
v 0.951698 2.308991 46.897785
v 0.321596 2.401336 47.000072
v 0.063846 2.614640 45.641075
v 0.686779 2.513151 45.558346
v -0.028445 3.038909 47.073273
v -0.278705 3.234617 45.698601
v 1.429633 2.712278 46.843388
v 1.164859 2.901426 45.514156
v 1.538356 3.457871 48.221127
v 1.894756 3.257653 49.459812
v 1.145238 3.664078 48.292721
v 0.507808 3.454987 48.427479
v 0.881559 3.221530 49.700459
v 1.493311 3.452521 49.546375
v 1.765708 3.045589 48.184616
v 2.119256 2.832546 49.415611
v 0.580588 2.176108 48.391582
v 1.227687 2.081619 48.265560
v 1.586167 1.863574 49.516796
v 0.946537 1.958300 49.666069
v 0.257242 2.840237 48.475533
v 0.636261 2.618229 49.757969
v 1.708716 2.514159 48.202282
v 2.061217 2.294029 49.433922
v 2.531650 2.864041 52.049839
v 2.256874 3.084917 50.786484
v 1.477389 2.862925 52.220291
v 2.107330 3.082526 52.128952
v 1.828205 3.282698 50.868435
v 1.209583 3.027455 50.990158
v 2.730981 2.435840 52.018265
v 2.489112 2.636679 50.740002
v 2.182863 1.487748 52.072990
v 1.546167 1.558269 52.169117
v 1.271986 1.771351 50.959648
v 1.905274 1.657666 50.830021
v 1.215991 2.239560 52.244637
v 0.971863 2.424846 51.036930
v 2.650341 1.913052 52.032604
v 2.398208 2.080824 50.758080
v 2.919977 2.061457 55.375584
v 2.458752 2.236378 55.410622
v 2.939380 1.883729 55.950905
v 2.033023 2.067594 55.409492
v 2.033069 1.868146 56.016869
v 2.509659 2.051419 55.984940
v 3.146525 1.719253 55.351238
v 3.175978 1.523292 55.945389
v 2.109182 0.886181 55.381973
v 2.719628 0.790505 55.311707
v 2.742464 0.610864 55.853027
v 2.136279 0.700571 55.933861
v 1.806097 1.485616 55.395390
v 1.815568 1.323399 55.966545
v 3.132873 1.202383 55.311508
v 3.165097 1.002573 55.882614
v 1.786105 2.601482 53.425323
v 1.517163 2.057934 53.414776
v 1.760381 1.707868 54.734993
v 1.824591 1.361866 53.355305
v 2.461700 1.299285 53.287617
v 2.662482 0.990379 54.674263
v 2.880687 1.743501 53.280003
v 3.061822 1.407788 54.620110
v 2.904238 2.226461 53.280979
v 2.722244 2.569839 53.288391
v 2.313434 2.776506 53.362888
v 2.964367 1.144266 57.701569
v 2.395568 1.427633 57.741158
v 2.913182 0.889753 58.159840
v 1.779977 1.148724 57.555183
v 1.676255 0.931505 57.976006
v 2.338028 1.191396 58.227112
v 3.162326 0.636995 57.509338
v 3.119359 0.367623 57.935078
v 1.905211 -0.005993 57.066181
v 2.489903 -0.107718 57.091633
v 2.416831 -0.394808 57.378777
v 1.774156 -0.266728 57.306839
v 1.594939 0.585318 57.281456
v 1.437499 0.358425 57.597637
v 2.986974 0.157839 57.277214
v 2.942951 -0.129397 57.647968
v 1.995966 1.647990 56.574841
v 1.905221 1.418960 57.036266
v 2.460605 1.652287 57.169827
v 1.810765 1.093513 56.492153
v 1.745931 0.870746 56.872948
v 2.111773 0.503748 56.405952
v 2.038430 0.287314 56.727497
v 2.671560 0.401502 56.346924
v 2.592799 0.187393 56.707684
v 3.133090 0.740412 56.418446
v 3.058962 0.477773 56.826096
v 3.203225 1.242665 56.535759
v 3.206185 0.971348 56.979767
v 2.973099 1.632418 56.610313
v 2.984302 1.424962 57.110977
v 2.513733 1.839222 56.624409
v 2.061061 0.608483 59.191147
v 2.793033 0.198116 58.991879
v 2.862014 0.522176 58.635628
v 1.309279 0.296196 58.953079
v 2.123458 0.847555 58.762821
v 1.411147 0.566648 58.501698
v 2.995345 -0.303264 58.674049
v 3.076236 -0.003594 58.333923
v 2.343584 -1.203622 58.051655
v 1.567853 -1.228835 58.023403
v 1.624791 -0.734910 57.660889
v 2.336691 -0.802559 57.715687
v 1.144280 -0.484880 58.508377
v 1.227310 -0.061925 58.054115
v 2.853140 -0.809524 58.325771
v 2.890589 -0.495161 57.995354
v 2.486273 -0.443944 59.451851
v 2.197564 -0.222684 60.058861
v 2.485975 -0.593357 59.559185
v 2.139355 -0.107399 59.894257
v 1.585344 -0.586205 59.691460
v 1.737187 -0.791884 59.844120
v 2.539062 -0.829106 59.227100
v 2.479992 -0.963587 59.400791
v 1.800463 -1.913969 58.935951
v 2.381283 -1.823861 58.858498
v 2.342060 -1.784716 59.125370
v 1.970164 -1.843942 59.227272
v 2.567312 -1.322088 59.014942
v 2.484173 -1.438929 59.184807
v 1.483334 -1.223919 59.339481
v 1.718098 -1.319661 59.542217
v 3.448765 -0.220938 4.463243
v 2.813773 -0.045268 4.231581
v 2.518029 0.533796 4.125751
v 2.652419 1.135905 4.174971
v 3.217875 1.576054 4.373679
v 3.900959 1.458463 4.617123
v 4.250653 0.804723 4.738798
v 4.020649 0.113189 4.666361
v 2.449853 1.636152 6.712197
v 1.866099 1.217761 6.507334
v 1.709265 0.617394 6.455335
v 2.004343 0.021005 6.560911
v 2.642845 -0.109068 6.787700
v 3.170883 0.268614 6.966995
v 3.345291 0.891873 7.021321
v 3.042301 1.492434 6.925983
v -0.852312 3.148688 22.169382
v -1.434201 2.837542 22.096554
v -1.521357 3.014377 23.484394
v -0.952166 3.339905 23.551165
v -1.643587 2.251348 22.079721
v -1.718881 2.439531 23.469799
v -1.352096 1.650209 22.122095
v -1.437907 1.845636 23.507854
v -0.703838 1.536753 22.197405
v -0.800988 1.720643 23.579256
v -0.200270 1.919711 22.241852
v -0.293274 2.103289 23.621590
v -0.071404 2.524566 22.258429
v -0.168003 2.713081 23.636257
v -0.364463 3.013055 22.234104
v -0.458084 3.208359 23.612101
v -0.614382 3.737980 28.382816
v -0.588147 3.611930 27.298269
v -0.382788 3.324659 28.383873
v -0.350677 3.181139 27.302645
v -0.453035 2.781932 28.375706
v -0.431194 2.627152 27.295065
v -0.919992 2.359177 28.376970
v -0.904481 2.201834 27.294029
v -1.557874 2.455556 28.355684
v -1.548911 2.306962 27.266960
v -1.852389 3.083405 28.336508
v -1.842824 2.937271 27.245461
v -1.618107 3.663420 28.338848
v -1.614388 3.521261 27.248915
v -1.030591 3.909685 28.363558
v -1.020945 3.781525 27.275902
v -1.041609 4.056306 29.560162
v -0.624772 3.899169 29.574139
v -0.384314 3.489220 29.573828
v -0.457217 2.940991 29.567232
v -0.917749 2.531542 29.567663
v -1.554246 2.619400 29.553196
v -1.848348 3.237662 29.538542
v -1.614770 3.813200 29.539534
v -0.972075 4.351613 32.055782
v -1.555643 4.079026 32.044075
v -1.476653 4.197716 33.529461
v -0.878641 4.483569 33.539696
v -1.766237 3.499104 32.045208
v -1.675456 3.622206 33.530708
v -1.461908 2.905627 32.050316
v -1.374381 3.028318 33.533585
v -0.841692 2.809748 32.060242
v -0.753923 2.910947 33.543118
v -0.366549 3.185550 32.064194
v -0.263636 3.284384 33.549042
v -0.266889 3.753640 32.065327
v -0.152110 3.863362 33.548565
v -0.522640 4.192100 32.063938
v -0.412580 4.320716 33.546749
v -0.893879 4.280036 40.104733
v -1.075294 3.695852 40.119267
v -0.766642 3.111319 40.090523
v -0.140440 2.971979 40.034760
v 0.357824 3.348770 39.999100
v 0.446019 3.951718 39.993877
v 0.158611 4.406275 40.025799
v -0.300742 4.566925 40.062214
v 5.438741 0.297584 0.292725
v 5.572300 0.922017 0.404024
v 5.603859 0.915246 0.513864
v 5.449385 0.245662 0.399408
v 5.197194 1.299817 0.385795
v 5.212103 1.338423 0.478997
v 4.718126 1.265377 0.305133
v 4.521778 0.321092 0.156393
v 4.995100 0.122088 0.178552
v 4.977582 0.052798 0.271644
v 4.464394 0.261417 0.215583
v 4.452986 1.034131 0.231209
v 4.385032 1.054696 0.283856
v 4.682019 1.314361 0.372958
v 4.379835 0.672027 0.165415
v 4.306226 0.653906 0.217438
v 5.181738 0.857662 0.041108
v 5.144580 0.671589 0.002251
v 4.957892 0.801186 0.022397
v 5.072021 0.981434 0.066075
v 4.901371 0.975165 0.060349
v 5.004013 0.593096 -0.000000
v 4.832994 0.636573 0.005918
v 4.777510 0.907345 0.064526
v 4.753804 0.771167 0.042114
v 4.947209 -0.008519 0.374927
v 5.444039 0.204914 0.519304
v 5.427204 0.162668 0.668869
v 4.908716 -0.075684 0.506158
v 4.399911 0.199806 0.279660
v 4.336743 0.144434 0.383735
v 4.226294 0.635774 0.273910
v 4.139597 0.613809 0.356598
v 4.315732 1.073538 0.345173
v 4.234961 1.092886 0.426135
v 4.643237 1.366558 0.445309
v 5.223098 1.371990 0.580769
v 4.597607 1.420578 0.540400
v 5.225076 1.391918 0.711617
v 5.622559 0.904777 0.633511
v 5.616971 0.885225 0.782232
v 5.286498 0.099339 1.166444
v 4.742584 -0.174037 0.968685
v 4.808145 -0.145938 0.784678
v 5.347347 0.119288 0.970230
v 4.147502 0.024552 0.769486
v 4.216802 0.061807 0.610905
v 3.880194 0.560591 0.679140
v 3.974185 0.579957 0.542979
v 3.993682 1.129004 0.739102
v 4.086403 1.117157 0.611973
v 4.460384 1.507679 0.907660
v 5.192516 1.398898 1.154990
v 5.210262 1.402592 0.980039
v 4.514906 1.474384 0.762234
v 5.524901 0.812578 1.263661
v 5.570977 0.841794 1.075110
v 5.515704 0.922704 0.291443
v 5.405054 0.368980 0.189385
v 5.359733 0.444244 0.109854
v 5.449773 0.920653 0.196743
v 5.172045 1.238935 0.293112
v 5.146528 1.184516 0.211263
v 4.758825 1.207922 0.232568
v 4.533323 1.006395 0.181489
v 4.800391 1.154270 0.175171
v 4.467124 0.691751 0.116291
v 4.546854 0.716135 0.091171
v 4.585440 0.387298 0.090790
v 4.645562 0.459486 0.061598
v 5.008739 0.232970 0.109944
v 5.012910 0.325739 0.053172
v 5.389307 0.136952 0.825982
v 4.856973 -0.117343 0.649900
v 4.272868 0.099466 0.500426
v 4.050092 0.595873 0.450697
v 4.157595 1.105571 0.522771
v 4.554577 1.448574 0.655823
v 5.222326 1.406039 0.851345
v 5.604759 0.864575 0.936484
v 5.214693 0.083485 1.376929
v 4.670443 -0.191409 1.168561
v 4.078269 -0.007819 0.944600
v 3.791367 0.541453 0.833802
v 3.915076 1.125725 0.889473
v 4.406171 1.522125 1.068787
v 5.169044 1.388266 1.342969
v 5.473543 0.780888 1.466741
v 5.364161 0.903285 0.129266
v 5.295074 0.520285 0.049252
v 5.227705 0.589610 0.021896
v 5.284918 0.885191 0.079732
v 5.121408 1.116037 0.158076
v 5.098892 1.054672 0.115261
v 4.834512 1.096531 0.128250
v 4.865003 1.041609 0.095611
v 4.659468 0.959964 0.104799
v 4.712313 0.937428 0.081544
v 4.616839 0.735894 0.068898
v 4.679454 0.752204 0.055766
v 4.709698 0.520511 0.037961
v 4.765118 0.573244 0.017538
v 5.010633 0.414580 0.020151
v 5.007750 0.496075 0.007844
v 4.600940 0.982998 0.139613
v 3.718235 1.141574 1.340279
v 3.587710 0.535918 1.283602
v 3.893089 -0.023801 1.400532
v 4.500249 -0.207973 1.629042
v 5.054709 0.080948 1.839041
v 5.311788 0.784885 1.927280
v 4.995229 1.403123 1.801634
v 4.237559 1.541375 1.529345
v 3.053244 -0.180596 5.522398
v 2.436188 -0.021014 5.300554
v 2.142172 0.539209 5.197577
v 2.260116 1.129428 5.238509
v 2.836238 1.588877 5.438485
v 3.492612 1.481184 5.671601
v 3.837266 0.810947 5.785112
v 3.604490 0.152830 5.713252
v 1.296936 1.845021 10.464885
v 1.831113 1.689064 10.662500
v 2.092512 1.149811 10.740382
v 1.948911 0.562590 10.691306
v 1.453620 0.157247 10.525362
v 0.832929 0.271284 10.306828
v 0.553906 0.872484 10.205067
v 0.724175 1.462861 10.260317
v -0.755469 2.963239 20.829275
v -1.540439 2.070405 20.733383
v -1.327537 2.647038 20.754692
v -1.253953 1.479490 20.776581
v -0.606844 1.344674 20.859354
v -0.072158 1.716495 20.910370
v 0.075785 2.351028 20.925440
v -0.256068 2.847502 20.895857
v -0.629105 4.066818 30.758217
v -1.052564 4.202049 30.750479
v -0.356164 3.659279 30.756407
v -0.429189 3.082150 30.754400
v -0.907132 2.673793 30.755877
v -1.548274 2.785455 30.743969
v -1.820599 3.391680 30.733898
v -1.599605 3.950717 30.735205
v -0.591481 4.608528 37.470200
v -0.145909 4.432402 37.448647
v 0.108648 3.986798 37.428753
v 0.028576 3.412817 37.431286
v -0.453285 3.015555 37.453987
v -1.092028 3.128163 37.490601
v -1.408051 3.739993 37.509529
v -1.203544 4.340718 37.497467
v -0.045145 4.453526 38.660358
v 0.247112 4.009017 38.626823
v 0.169432 3.402793 38.631332
v -0.332603 3.001706 38.671227
v -0.973496 3.148709 38.729492
v -1.270345 3.747402 38.756557
v -1.075912 4.326804 38.740410
v -0.494446 4.603897 38.697094
v 0.749925 4.086942 44.147453
v 0.570746 4.226566 42.820126
v 0.310138 4.270784 44.189915
v 1.013868 3.646396 44.114815
v 0.841326 3.766832 42.787907
v 0.938278 3.070481 44.122261
v 0.748536 3.178936 42.795563
v 0.444034 2.685788 44.157242
v 0.253912 2.814924 42.829910
v -0.181648 2.817533 44.225681
v -0.358095 2.948285 42.889915
v -0.498129 3.418509 44.264713
v -0.673793 3.527793 42.923435
v -0.304538 4.005834 44.246136
v -0.504592 4.118894 42.909851
v 0.109345 4.408144 42.861141
v 2.413390 2.442372 54.712357
v 1.990979 2.266758 54.726349
v 2.062687 1.084916 54.729801
v 3.083571 1.910649 54.652912
v 2.881890 2.253785 54.697018
v 2.698132 -0.062320 59.223019
v 2.863739 -0.518570 58.908852
v 2.796653 -1.027843 58.577702
v 2.345405 -1.494254 58.305214
v 1.553107 -1.565438 58.314613
v 1.177548 -0.796990 58.842182
v 2.025127 0.339592 59.483749
v 1.308628 -0.011976 59.255817
v 1.479186 -0.357120 59.503235
v 1.300465 -1.043238 59.110577
v 1.649260 -1.823971 58.619324
v 2.384227 -1.711667 58.584896
v 2.685638 -1.193170 58.809273
v 2.681630 -0.684511 59.074253
v 2.592070 -0.265982 59.355358
v 2.122849 0.041994 59.689190
v 2.537925 -2.550290 58.537392
v 1.978280 -2.526122 58.709080
v 1.710104 -2.726746 58.144939
v 2.321301 -2.768412 58.147579
v 2.263737 -2.988159 57.547783
v 1.584591 -2.894709 57.306915
v 1.729245 -3.045410 56.478634
v 2.412249 -3.092155 56.924389
v 2.133540 -3.174200 55.785500
v 2.763363 -3.120577 56.344589
v 5.761232 -3.282188 53.899605
v 5.870505 -3.314033 54.781345
v 4.361037 -3.477358 55.102306
v 4.053427 -3.527064 54.221207
v 3.181337 -3.187633 55.666203
v 2.618076 -3.366533 54.977997
v 8.058114 -2.898219 55.331490
v 6.971176 -2.997534 54.890202
v 7.059028 -3.097883 54.217606
v 8.226382 -2.820706 54.621723
v 10.741413 -2.211058 57.658958
v 9.951889 -2.475728 56.677254
v 10.302258 -2.489233 56.176006
v 11.001011 -2.092409 57.274921
v 2.653329 -1.846150 59.648262
v 3.349000 -1.145091 59.737152
v 2.802728 -1.083339 60.056042
v 2.509675 -0.730245 60.160416
v 2.627204 -0.750092 60.283543
v 3.824204 -2.407303 58.016888
v 4.106932 -2.446847 57.789410
v 4.523244 -1.918233 58.486816
v 4.440965 -2.493163 57.520390
v 5.169792 -2.474099 57.158371
v 5.549449 -1.877884 58.161053
v 5.873017 -2.462218 57.041656
v 6.195665 -1.832452 58.224384
v 6.595526 -2.456347 57.110535
v 7.291924 -2.504773 57.356335
v 6.796547 -1.803178 58.339050
v 8.062459 -1.797899 58.956921
v 8.723690 -2.422970 58.203506
v 9.531677 -2.381420 58.870903
v 8.873169 -1.943730 59.541985
v 10.247410 -2.413187 59.631359
v 10.820468 -2.385876 60.456501
v 10.190573 -2.279912 60.891708
v 9.602976 -2.152837 60.211739
v 3.800322 -1.659849 59.141033
v 3.440312 -2.099963 58.800793
v 3.087243 -1.669111 59.366703
v 11.318712 -2.532593 61.480755
v 11.643778 -2.475590 62.579216
v 11.396791 -2.357589 62.716015
v 10.850708 -2.349055 61.770184
v 11.860043 -2.439112 63.902557
v 8.116276 -2.342190 60.377121
v 7.503657 -2.189855 59.840267
v 9.188954 -2.763513 61.594795
v 8.662059 -2.604143 60.947449
v 10.164290 -2.961112 63.292355
v 9.728373 -2.887108 62.411667
v 10.519419 -2.973624 64.343948
v 11.736787 -2.586781 64.981270
v 10.645873 -2.971311 65.264000
v 11.303422 -2.554804 66.833138
v 10.563707 -2.818464 67.000031
v 10.649019 -2.918247 66.155075
v 11.545162 -2.572428 65.937752
v 11.001595 -2.460310 67.680023
v 10.398962 -2.669230 67.806213
v 9.882443 -2.395173 69.316399
v 10.332544 -2.160717 69.240433
v 10.001833 -1.983163 69.971489
v 9.561134 -2.161551 69.992920
v 9.262877 -1.885868 70.594032
v 9.621607 -1.781812 70.600769
v 9.196856 -1.546917 71.187927
v 8.972998 -1.624172 71.211075
v 5.386339 -1.906702 58.874485
v 4.632648 -1.891722 58.979099
v 4.155758 -1.783219 59.444756
v 3.660087 -1.441206 59.921173
v 9.762527 -2.519542 67.133926
v 9.727119 -2.424294 67.897942
v 8.160080 -2.577631 67.984673
v 8.165049 -2.583482 67.267723
v 5.920069 -1.837366 61.668125
v 7.045101 -1.866305 60.503929
v 7.593592 -2.042563 61.096344
v 6.311384 -1.921159 62.114620
v 8.065104 -2.180476 61.765381
v 8.384029 -2.280595 62.328743
v 6.919888 -2.089475 63.082993
v 6.652573 -1.994192 62.604778
v 8.761928 -2.387157 63.038574
v 9.112196 -2.456975 63.766472
v 7.520508 -2.277662 64.337318
v 7.242886 -2.175183 63.700653
v 9.469072 -2.533016 64.649246
v 7.767692 -2.502647 65.116249
v 9.640577 -2.584546 65.516655
v 7.969257 -2.520792 65.822922
v 8.108749 -2.531739 66.546036
v 9.723874 -2.602588 66.346687
v 11.314637 -2.040873 58.775562
v 11.576020 -1.917908 58.546165
v 9.240118 -2.604552 56.014393
v 9.559082 -2.546390 55.454460
v 8.101400 -2.463948 57.766464
v 7.479647 -1.790172 58.618134
v 7.016942 -2.091930 59.469021
v 6.444752 -1.992815 59.130615
v 6.058233 -1.740112 59.850571
v 6.575220 -1.783643 60.155323
v 5.584782 -1.745857 61.367970
v 5.052694 -1.566325 60.965458
v 10.335828 -2.123034 58.055531
v 11.010950 -2.068855 59.010712
v 9.563897 -2.231252 57.186470
v 7.779940 -2.547528 56.061996
v 8.856066 -2.322328 56.580883
v 6.843269 -2.701882 55.767208
v 5.880230 -2.885293 55.710060
v 4.734910 -2.931799 55.939754
v 3.884737 -2.892548 56.537411
v 3.487364 -2.790923 56.997105
v 3.154745 -2.725120 57.392223
v 2.820102 -2.511380 58.283051
v 2.819296 -2.222471 58.873062
v 11.612881 -2.073710 60.014641
v 11.995485 -2.278361 61.201790
v 12.014532 -2.443653 62.463520
v 5.929022 -1.931260 58.941093
v 8.768301 -1.909213 70.678909
v 8.488383 -1.610652 71.347733
v 9.353823 -2.478343 69.384697
v 9.071304 -2.284784 70.061409
v 5.564445 -1.746874 59.654171
v 5.028059 -1.779159 59.481636
v 7.029526 -1.855473 67.160156
v 6.756670 -1.745162 65.935051
v 6.398440 -1.593989 64.740143
v 5.984780 -1.361872 63.734859
v 5.563310 -1.115241 62.739613
v 5.038373 -0.968092 62.200851
v 4.488478 -0.888542 61.676590
v 8.680283 -1.350779 71.739761
v 8.781578 -1.297228 71.708084
v 8.342655 -1.037712 72.223000
v 8.204867 -1.274162 71.959030
v 7.891334 -0.892486 72.563828
v 7.991712 -2.397215 69.422852
v 7.865624 -2.228061 70.132698
v 7.107841 -0.983123 72.770020
v 7.348186 -1.383210 72.155235
v 7.729146 -1.994929 70.842857
v 7.555614 -1.744684 71.541870
v 7.054574 -1.829926 68.925110
v 7.010090 -1.843282 69.666969
v 6.575258 -0.808637 72.640434
v 6.731450 -1.251299 71.992401
v 6.947193 -1.766224 70.485489
v 6.858957 -1.555739 71.272606
v 4.519696 -1.508119 60.709270
v 3.928250 -1.523360 60.509388
v 3.805397 -0.888227 61.291115
v 3.151370 -0.828053 60.905609
v 4.602572 -1.359143 63.749062
v 4.961395 -1.583335 64.546936
v 3.681904 -1.120795 64.954422
v 3.355004 -1.045827 64.237656
v 5.246156 -1.804067 65.374718
v 5.522657 -1.795581 66.320816
v 4.308378 -1.361096 66.546005
v 3.979305 -1.255056 65.675583
v 5.691976 -1.832897 67.188469
v 4.537604 -1.448149 67.338394
v 3.055120 -1.049802 63.611389
v 4.234426 -1.257595 63.097023
v 1.484656 -0.172114 60.457558
v 2.177082 -0.556785 60.764538
v 1.604405 -0.330528 61.162724
v 4.628847 -1.451836 68.887115
v 5.778461 -1.820940 68.877762
v 5.712115 -1.777485 69.682236
v 4.492957 -1.404795 69.613556
v 5.302144 -1.207967 71.935661
v 5.108156 -0.741950 72.562912
v 3.776549 -0.294309 72.274399
v 3.976345 -0.701462 71.651299
v 4.320276 -1.261571 70.324020
v 5.610476 -1.677745 70.465492
v 5.461936 -1.536992 71.240974
v 4.130826 -1.056484 71.016701
v 2.722433 -0.996614 61.289650
v 1.974500 -0.570374 61.810200
v 2.369388 -0.708243 62.415024
v 3.300332 -1.007276 61.876175
v 3.804038 -1.159544 62.483173
v 2.740319 -0.899242 63.017227
v 2.998644 -1.432764 66.639503
v 3.078687 -1.542043 67.391815
v 1.376251 -1.063908 67.338631
v 1.427305 -1.094126 66.624466
v 2.836960 -1.382574 65.805458
v 1.446937 -1.062894 65.817863
v 2.464699 -1.246276 64.392929
v 2.663298 -1.326302 65.094986
v 1.445231 -1.050961 65.159142
v 1.423780 -1.040248 64.500465
v 1.394870 -0.953806 63.945553
v 2.284588 -1.148262 63.792698
v 1.186030 -0.900473 68.690193
v 3.020519 -1.445761 68.847931
v 2.886939 -1.348742 69.533096
v 1.056071 -0.802202 69.328468
v 2.301504 -0.691909 71.525909
v 2.065579 -0.267496 72.121231
v 0.141639 0.066516 71.789940
v 0.391827 -0.307150 71.217430
v 0.875866 -0.716179 69.989243
v 2.716399 -1.191267 70.222252
v 2.517619 -0.974299 70.887962
v 0.661633 -0.519178 70.610054
v 1.247201 -0.650331 62.765285
v 1.809124 -0.801985 62.580257
v 2.086644 -0.966801 63.218609
v 1.345527 -0.817300 63.402103
v 0.969761 -0.092489 61.423981
v 1.462525 -0.565564 62.005005
v 1.135203 -0.404656 62.156158
v 0.995759 0.727472 60.366318
v -0.829529 1.539179 73.932884
v 0.721575 1.200365 74.317253
v 0.298745 1.613882 75.021194
v -1.109590 2.021495 74.573242
v 2.376607 1.322554 74.364250
v 1.800645 1.834731 75.011086
v 3.627517 1.079875 74.518417
v 3.047804 1.636231 75.166931
v 5.271676 1.066246 74.542763
v 4.557764 1.887294 75.273941
v 1.735933 0.148150 72.735008
v -0.142228 0.473039 72.384506
v 3.465642 0.130571 72.892288
v 4.780288 -0.211872 73.128090
v 6.293073 -0.310506 73.218964
v -0.459783 0.943784 73.104958
v 1.255833 0.638818 73.446533
v 2.947791 0.683946 73.555267
v 4.216270 0.369697 73.773872
v 5.803995 0.256996 73.879120
v 6.799584 -0.423949 73.281357
v 6.368730 0.179160 73.980072
v 5.908102 0.925401 74.647484
v 7.562110 -0.359565 73.148842
v 6.766352 0.277795 74.026985
v -2.178324 2.003080 74.273865
v -2.987246 2.494469 73.693665
v -2.833343 2.142285 72.974411
v -1.967998 1.470488 73.624641
v -1.467123 -0.229800 67.834175
v -0.310826 -1.085980 68.341385
v -0.435143 -0.886451 68.959770
v -1.623750 -0.068476 68.409317
v -2.276231 1.124172 70.810326
v -2.114642 0.779044 70.208916
v -1.018072 -0.176671 70.826080
v -1.204080 0.215398 71.409531
v -0.828521 -0.540681 70.261108
v -1.958994 0.459047 69.622391
v -1.794283 0.173294 69.022926
v -0.587964 -0.668382 69.602623
v -2.445894 1.394946 71.466911
v -1.423402 0.612861 72.022202
v -2.633646 1.768926 72.167641
v -1.668492 1.039195 72.771530
v 0.013591 -1.186006 67.040680
v 0.190152 -1.089014 66.379326
v -1.126378 -0.279034 66.614456
v -0.926512 -0.264371 65.991737
v 0.335397 -1.027161 65.626305
v 0.452697 -0.936191 65.019928
v 0.543360 -0.887382 64.404846
v 0.641454 -0.774928 63.855289
v 0.782123 -0.521927 62.699562
v 0.729781 -0.631517 63.310265
v 0.854171 -0.341860 62.105484
v 0.490546 -0.211776 61.434326
v 0.772765 0.767539 60.348709
v -0.678068 -0.260946 65.286079
v -0.484290 -0.129326 64.717010
v -0.295442 -0.100329 64.140923
v -0.125250 -0.144065 63.647003
v 0.044488 -0.214069 63.155262
v 0.220319 -0.313356 62.613628
v 0.370103 -0.346285 62.065281
v -4.581095 1.266271 73.307922
v -4.543098 1.720638 74.101944
v -5.324016 1.759284 74.007545
v -5.458466 1.213514 73.223289
v -4.401859 -1.346588 67.743896
v -3.364037 -1.278307 67.893387
v -3.561858 -1.248034 68.564972
v -4.640831 -1.255147 68.403259
v -4.168964 -0.465032 70.498512
v -4.329864 -0.123498 71.143303
v -5.440545 -0.086104 70.945061
v -5.284645 -0.439081 70.310257
v -4.888844 -1.016949 69.044815
v -3.797773 -0.996212 69.207680
v -3.990582 -0.811322 69.881729
v -5.108002 -0.717325 69.668716
v -4.449963 0.328615 71.747551
v -5.520347 0.330770 71.575119
v -5.503428 0.770024 72.338654
v -4.513585 0.742130 72.495560
v -2.431006 -1.230749 65.932449
v -2.827451 -1.294990 66.561287
v -3.786162 -1.430992 66.411156
v -3.410367 -1.344895 65.746422
v -2.945225 -1.201717 65.026726
v -1.897366 -0.969155 65.228188
v -1.236288 -0.853597 64.036057
v -1.554065 -0.927566 64.615768
v -2.540603 -1.148836 64.437889
v -2.122547 -1.109066 63.857445
v -1.745967 -1.035846 63.372814
v -0.965050 -0.764586 63.550888
v -0.907023 -0.823566 62.396782
v -0.350297 -0.577371 62.525021
v -0.678205 -0.689839 63.073212
v -1.357821 -0.930076 62.902897
v 0.007139 -0.439727 62.009697
v -0.464972 -0.683002 61.897488
v -0.057008 -0.360913 61.334682
v 0.500705 0.556137 60.278683
v -1.923230 -1.028258 66.000847
v -2.111259 -0.923237 66.637123
v -2.465583 -0.903165 67.910561
v -2.623790 -0.823822 68.545448
v -2.841549 -0.551923 69.166153
v -2.995497 -0.302939 69.811714
v -3.319763 0.303771 71.077484
v -3.148913 -0.018196 70.443367
v -3.497387 0.681555 71.694580
v -3.641451 1.045611 72.427032
v -3.796690 1.441344 73.262810
v -3.834874 1.926171 73.993523
v -5.871587 1.550775 74.103661
v -6.029226 1.031551 73.313629
v -4.831452 -1.933342 66.287453
v -4.402278 -2.134267 65.614433
v -3.950073 -2.004361 64.840248
v -3.568343 -1.858235 64.203140
v -3.129021 -1.793012 63.595051
v -2.728220 -1.672006 63.086948
v -2.300061 -1.516001 62.610447
v -1.762341 -1.330160 62.092861
v -1.198298 -1.148199 61.610767
v -0.586246 -0.820761 61.072571
v 0.117063 0.185812 60.139675
v -5.344543 -1.873639 67.718140
v -5.558174 -1.694709 68.390724
v -6.166653 -0.337362 71.020500
v -6.071469 -0.700412 70.351715
v -5.955740 -0.987503 69.669983
v -5.779635 -1.343694 69.025223
v -6.185760 0.106026 71.663933
v -6.118942 0.563402 72.429489
v -6.718465 1.128385 73.223984
v -6.540300 1.589444 74.027298
v -7.000780 1.822878 73.818680
v -7.203602 1.373145 73.034821
v -7.363029 0.873123 72.163597
v -6.889484 0.580079 72.382324
v -7.062730 -0.263277 70.902100
v -6.952953 0.234760 71.530975
v -7.508596 0.429386 71.379761
v -7.622022 0.017891 70.681587
v -7.046505 -0.609524 70.193680
v -7.678202 -0.415239 70.018234
v -7.678446 -1.086115 68.657776
v -6.945712 -1.382511 68.877228
v -7.008480 -0.926844 69.498489
v -7.715640 -0.765091 69.339951
v -7.441920 -1.663705 67.311592
v -6.623381 -1.950340 67.546082
v -6.806327 -1.736808 68.211319
v -7.579369 -1.403106 67.980972
v -5.749406 -2.105771 65.369362
v -6.103266 -2.044415 66.103409
v -7.028578 -1.902643 65.800041
v -6.711408 -1.923967 65.001060
v -6.226303 -2.048295 64.117035
v -5.258600 -2.219013 64.551270
v -4.276639 -1.903480 63.202763
v -4.789991 -2.061025 63.857681
v -5.705782 -2.016817 63.343292
v -5.109510 -1.934596 62.630230
v -4.502498 -1.914230 62.050102
v -3.756114 -1.828817 62.655575
v -3.016159 -1.521506 61.002701
v -2.502086 -1.525091 61.593430
v -3.205700 -1.673572 62.155724
v -3.860158 -1.759513 61.537514
v -1.087253 -0.779473 60.243111
v -0.922408 -0.935534 60.630913
v -1.783797 -1.282201 61.107613
v -2.147739 -1.175455 60.595863
v -2.464747 -1.287460 59.883793
v -1.325590 -0.832327 59.639328
v -6.239280 -2.276035 62.649979
v -5.554449 -2.202474 61.792099
v -4.892906 -2.102234 61.234341
v -3.375844 -1.652943 60.240486
v -4.248296 -1.956599 60.745159
v -6.920371 -2.337311 63.516537
v -7.455910 -2.256540 64.510307
v 0.081088 0.083494 59.680084
v 0.628888 0.703335 59.456127
v 1.864891 -0.299733 59.484581
v 2.207817 -0.760561 59.386223
v 1.572999 -0.189312 59.298424
v 1.024516 0.115102 59.503242
v 1.396701 -0.092338 59.110561
v 0.725696 0.290039 58.756569
v 0.437348 0.667486 58.630894
v -7.811340 -2.290719 65.368240
v -8.233814 -1.995320 67.016136
v -8.327665 -1.779912 67.792564
v -8.378223 -1.050858 69.262115
v -8.380997 -1.444024 68.541512
v -8.228491 -0.254887 70.726593
v -8.315992 -0.694188 70.006119
v -8.066193 0.135732 71.481941
v -7.565543 1.195872 73.152763
v -7.827757 0.635011 72.266518
v -7.324550 1.725180 73.873528
v -7.765996 1.859471 73.777412
v -8.118019 1.374120 73.046036
v -8.455496 0.900187 72.101395
v -8.771124 0.460858 71.251404
v -9.015589 0.032130 70.470596
v -9.191980 -0.446450 69.720016
v -9.339685 -0.901933 68.980934
v -9.440311 -1.313866 68.224220
v -9.437067 -1.933818 66.604958
v -9.469484 -1.702753 67.452118
v -9.073175 -2.132263 64.793571
v -8.699034 -2.201443 63.886345
v -8.289721 -2.220820 63.116314
v -7.072924 -1.980420 61.397724
v -6.424235 -1.826357 60.795681
v -5.754418 -1.653457 60.268234
v -4.012056 -1.203669 59.250965
v -5.023482 -1.471191 59.742981
v -3.017884 -0.986679 58.886818
v -1.831670 -0.619945 58.721058
v -0.270621 0.295034 58.991459
v -0.516885 0.074672 57.435249
v -0.434531 -0.063452 58.121998
v -2.100093 -0.932250 57.184578
v -2.383788 -0.565183 56.549702
v -3.359536 -1.576516 57.043926
v -3.608388 -1.165545 56.475582
v -4.658722 -1.627303 56.697006
v -4.423727 -1.979557 57.286919
v -5.451223 -2.349752 57.755260
v -5.699204 -1.958471 57.145248
v -10.454792 -3.080339 63.424065
v -10.611799 -2.917056 64.496925
v -11.078144 -2.591197 64.376358
v -10.975981 -2.720574 63.261719
v -8.782852 -3.209882 60.230701
v -9.395704 -2.770532 59.873970
v -8.474186 -2.631590 58.969151
v -7.885705 -3.094962 59.409210
v -6.482139 -2.249214 57.566254
v -6.111164 -2.622945 58.137039
v -6.764866 -2.801846 58.579624
v -7.252697 -2.445666 58.057453
v -9.725595 -3.262044 61.531979
v -10.148018 -3.157674 62.457878
v -10.723715 -2.776773 62.240803
v -10.321621 -2.792783 61.266800
v -10.948282 -2.277700 66.469238
v -10.590540 -2.446824 66.530830
v -10.480431 -2.115255 67.461655
v -10.763363 -2.002529 67.415749
v -10.551086 -1.513455 68.202698
v -10.290621 -1.608038 68.246521
v -10.038237 -1.087698 69.001511
v -10.320427 -0.983526 68.954742
v -9.851316 -0.048939 70.476974
v -10.093067 -0.487789 69.681641
v -9.726551 -0.612914 69.725975
v -9.403473 -0.096135 70.457428
v -9.624548 0.483859 71.357445
v -9.097914 0.378814 71.308846
v -8.645111 1.328337 73.084068
v -9.373034 0.725839 71.933060
v -8.795652 0.804424 72.124725
v -8.423517 1.283795 73.053978
v -8.157131 1.772035 73.831047
v -10.232233 -0.551748 69.732033
v -3.163758 -1.596724 58.030285
v -1.959410 -0.883220 58.028198
v -3.096306 -1.355343 58.405872
v -4.169044 -1.860859 58.179527
v -4.036617 -1.537407 58.680508
v -4.894022 -1.805993 59.099480
v -5.076777 -2.225789 58.543747
v -7.599104 -2.596961 61.065796
v -8.068422 -3.081821 60.744789
v -7.257396 -2.863896 60.033596
v -6.881908 -2.308166 60.411629
v -8.348711 -2.882022 62.160938
v -8.816687 -2.856429 62.936523
v -9.466618 -3.166760 62.699818
v -8.992455 -3.187552 61.875874
v -9.168550 -2.797666 63.770027
v -9.515673 -2.592171 64.702484
v -10.022045 -2.986565 64.595543
v -9.801174 -3.166480 63.589008
v -10.077904 -2.435305 66.534912
v -9.751686 -2.149965 66.560959
v -9.697319 -1.879489 67.438637
v -9.985355 -2.101831 67.443298
v -9.903988 -1.599717 68.223778
v -9.665838 -1.448699 68.211578
v -9.576439 -1.013502 68.975410
v -9.762587 -1.097954 68.991501
v -9.582672 -0.612422 69.716919
v -9.484200 -0.580402 69.711258
v -5.693950 -1.924776 59.534225
v -5.311376 -1.843668 59.291687
v -7.821328 -2.183764 62.380028
v -5.696858 -2.295946 58.846920
v -6.238293 -2.478269 59.239456
v -2.332886 -0.810197 55.477406
v -0.453964 0.003029 56.530521
v -3.678058 -1.457119 55.465553
v -5.978879 -2.140416 56.387863
v -4.856118 -1.823948 55.807541
v -7.605127 -2.464277 57.448322
v -6.794366 -2.374114 56.887943
v -9.872423 -2.839321 59.546997
v -8.878780 -2.764970 58.518734
v -11.103157 -2.826459 62.065742
v -10.751842 -2.866998 61.034195
v -11.384199 -2.590440 64.300873
v -11.297886 -2.729751 63.140945
v -11.234018 -2.365998 66.461983
v -11.039850 -2.121371 67.426208
v -10.849043 -1.637714 68.213478
v -10.603844 -1.110010 69.020378
v 0.462065 0.416490 57.236744
v 0.393606 0.586500 57.905060
v 0.660740 0.271252 58.086662
v 0.917366 0.166547 58.119087
v 1.041345 0.123203 58.523090
v -10.999245 -1.667058 68.237556
v -11.553740 -2.374154 66.464355
v -11.345268 -2.140568 67.452278
v -11.695395 -2.542069 64.236511
v -11.629879 -2.656021 63.037777
v -11.463106 -2.730243 61.891796
v -11.166613 -2.727988 60.772690
v -10.351807 -2.893167 60.295544
v -10.801086 -2.649257 59.878231
v -10.371784 -2.525293 59.015614
v -8.041691 -2.429057 56.734264
v -8.416616 -2.088445 56.232239
v -7.579782 -1.800468 55.447556
v -7.238456 -2.225471 55.994923
v -6.695532 -1.525963 54.714687
v -5.420214 -1.122687 53.919979
v -5.192720 -1.636577 54.645466
v -6.403347 -2.004070 55.306503
v -4.033413 -0.715853 53.456745
v -2.404820 -0.350170 53.461636
v -2.396856 -0.774025 54.275150
v -3.883955 -1.301108 54.256229
v -0.514251 0.171158 54.694347
v -0.434904 0.061210 55.517841
v 0.430844 0.422544 56.561314
v -11.855152 -2.203328 66.413902
v -11.678368 -1.896680 67.403145
v -11.958761 -2.543146 64.163780
v -11.953030 -2.695740 62.943348
v -11.814697 -2.813559 61.764595
v -11.511923 -2.836888 60.617821
v -6.291424 -2.126318 59.967499
v -7.335912 -2.961046 58.976601
v -6.754670 -2.679882 59.623035
v -7.879962 -2.554152 58.486786
v -8.260550 -2.640124 57.956215
v -9.356562 -2.617088 58.038696
v -8.767744 -2.533668 57.338268
v -9.678453 -2.284746 57.707035
v -9.099964 -2.228397 56.919979
v 0.665538 0.197622 57.364815
v 0.881187 0.100531 57.446320
v 0.939655 -0.077363 56.888123
v -2.432149 -0.498312 52.597176
v -4.129607 -0.827236 52.684391
v -3.164481 -0.506028 51.749840
v -0.420961 -0.018300 53.646286
v -1.023553 -0.073858 52.292160
v -0.052558 0.235538 53.000835
v 0.833473 0.312228 54.594975
v -7.054914 -1.289512 53.282753
v -5.606641 -1.051390 52.535416
v -5.525583 -1.113713 53.402657
v -6.909650 -1.458162 54.117939
v -8.210424 -1.696025 54.842449
v -8.699123 -1.941175 55.815670
v -8.969761 -1.803316 55.407806
v -8.502609 -1.635064 54.361374
v 1.287002 0.100747 55.288261
v -7.812020 -1.670040 54.910858
v -9.347757 -2.132000 56.522484
v -9.820162 -2.220623 57.259552
v -10.609770 -2.515912 58.862892
v -11.103533 -2.731145 59.712616
v -2.044797 -0.429418 50.638256
v -2.950152 -0.679588 50.663773
v -3.017071 -0.356748 49.877369
v -2.053689 -0.172877 49.775101
v 0.080979 0.030316 51.573029
v -0.579988 -0.066667 51.071796
v -0.387661 0.211316 50.104706
v 0.411534 0.368566 50.521408
v 1.264353 0.261468 53.296497
v 0.917757 0.257977 52.720539
v 1.390089 0.523044 51.764996
v 1.652536 0.393482 52.831020
v 1.652027 0.297184 53.964199
v 1.479106 0.172117 54.570004
v -5.731966 -0.978876 50.896400
v -5.571538 -1.190275 51.514744
v -6.423071 -1.338540 52.058403
v -6.609546 -1.218528 51.485294
v -7.341444 -1.457401 52.846764
v -7.982963 -1.546440 53.557106
v -8.174788 -1.577907 53.119419
v -7.521581 -1.421442 52.379776
v -11.004427 -1.051283 69.081932
v -11.367815 -1.504467 68.264854
v -10.029997 -0.062133 70.499428
v -10.532684 -0.579232 69.803268
v 7.616795 -3.066281 53.950474
v 6.689378 -3.367443 53.651340
v 6.748006 -3.405501 52.719227
v 7.488029 -3.258177 53.053429
v 9.742840 -2.515086 55.145245
v 8.843599 -2.700488 54.211643
v 4.602625 -3.736090 53.587444
v 4.468871 -3.845630 52.638409
v 5.258737 -3.697658 52.545319
v 5.737569 -3.467922 53.306751
v 1.716362 -3.536629 53.843937
v 2.288126 -3.705503 53.342613
v 2.978022 -3.779823 54.241234
v 2.169259 -3.688748 54.743816
v 0.963315 -3.197746 55.241928
v 1.654317 -3.437265 55.648354
v 1.218253 -3.241197 56.417915
v 0.690453 -3.033016 55.939495
v 1.210203 -2.944630 57.354622
v 0.461029 -2.839138 57.211197
v 0.516220 -2.926558 56.585903
v 1.313692 -2.746554 58.229446
v 0.882143 -2.594815 58.824986
v 0.629842 -2.695930 58.374790
v 10.434968 -2.503442 55.944378
v 11.126048 -2.012781 57.093334
v 1.632014 -2.542813 58.828045
v 2.387842 -1.714996 59.686977
v 2.428269 -1.171144 59.555550
v 0.335740 -2.544714 56.456127
v 0.519365 -2.636210 55.746296
v 1.267350 -3.360414 54.550808
v 1.135895 -3.021059 54.269398
v 1.607802 -3.286811 53.548145
v 2.972116 -3.860631 52.990070
v 2.891270 -3.625590 52.622604
v 3.646421 -3.647417 52.371967
v 3.743100 -3.936304 52.780521
v 5.217250 -3.447851 52.114582
v 6.042898 -3.282874 52.113804
v 6.042843 -3.522856 52.567478
v 8.126534 -3.002789 53.527454
v 7.545227 -2.961751 52.575909
v 8.258309 -2.821362 53.044445
v 9.066185 -2.657906 53.776249
v 9.956214 -2.503674 54.794022
v 10.515401 -2.512795 55.703247
v 11.830635 -2.028260 59.875183
v -9.535164 -2.055231 56.479774
v -9.648867 -2.143502 56.810852
v -3.941774 -0.545945 50.124676
v -3.853768 -0.789508 50.852051
v -4.654078 -1.015087 51.098717
v -4.783940 -0.736332 50.432571
v -1.252397 0.004663 49.849503
v -1.314953 -0.274365 50.745251
v -8.736115 -1.727759 53.936382
v -9.159914 -1.817969 55.024014
v 2.182858 -3.500401 53.008419
v 0.792833 -2.803515 54.978489
v 4.388433 -3.583395 52.212620
v 6.770055 -3.124393 52.245152
v 0.249101 -2.495585 57.140900
v 3.736238 -3.917098 53.793541
v -1.857998 -0.237776 51.700996
v -4.166235 -0.774071 51.787304
v -7.720262 -1.429882 53.874371
v 0.494201 0.230249 52.108391
v 0.992224 0.436341 51.062202
v -5.157494 2.396479 74.766327
v -4.475597 2.422631 74.788605
v -4.400852 3.172499 75.554070
v -4.987955 3.141055 75.560143
v -3.860178 2.594042 74.700081
v -3.174058 2.988594 74.466576
v -3.377915 3.584974 75.273582
v -3.891487 3.330584 75.468971
v -2.449388 2.572219 74.969406
v -2.669847 3.346013 75.618889
v -1.446050 2.645385 75.208900
v -1.782237 3.417376 75.831741
v -0.215760 2.334392 75.641815
v -0.778572 3.115861 76.323303
v 1.022203 2.446266 75.725601
v 0.178129 3.231571 76.406288
v 1.926472 2.384212 75.801811
v 0.695252 3.198905 76.502563
v 3.171901 2.373066 75.824997
v 1.502797 3.202101 76.566170
v -5.952615 3.004719 75.611679
v -6.275768 2.221420 74.825188
v -5.664379 2.180123 74.895828
v -5.455783 2.973297 75.677437
v -6.422338 3.036885 75.516479
v -6.725947 2.383724 74.642746
v -6.769643 2.989604 75.521156
v -7.089702 2.255346 74.629272
v -7.189194 2.686670 75.036163
v -7.461181 2.295887 74.475403
v -7.647785 2.256908 74.452026
v -3.012297 4.377057 76.708679
v -2.836764 3.853884 76.172997
v -2.054330 3.964170 76.285774
v -2.376938 4.451829 76.766846
v -3.585911 4.443402 76.494102
v -3.490910 3.987062 75.903221
v -4.023537 4.352378 76.527069
v -3.958385 3.849592 75.963852
v -4.242929 3.744915 76.035629
v -4.649239 4.157784 76.554367
v -4.839777 3.648020 76.065277
v -5.136206 4.056411 76.685928
v -5.303754 3.500988 76.168694
v -5.582639 3.523589 76.142952
v -5.750787 4.121976 76.640038
v -6.135563 3.571690 76.080276
v -6.248010 3.551406 76.074028
v -1.265903 3.678127 76.738815
v -1.810837 4.217875 77.120438
v -0.473681 3.803127 76.776489
v -1.191607 4.365404 77.179977
v -0.220520 3.728141 76.899437
v 0.275009 3.747258 77.010124
v -0.928007 4.460624 77.340622
v -4.461120 4.557662 76.907822
v -4.025602 4.719879 76.889923
v -4.001608 5.088477 77.272026
v -4.300128 4.955092 77.293808
v -3.658365 4.797442 76.861687
v -3.715684 5.126719 77.270203
v -4.869071 4.430789 77.046967
v -4.610899 4.791917 77.421219
v -5.328740 4.444098 77.016373
v -4.938815 4.788835 77.376671
v -3.150427 4.740587 77.016388
v -3.324612 5.087218 77.377670
v -2.622921 4.747637 77.095726
v -2.916618 5.082904 77.453545
v -2.190800 4.547987 77.348282
v -2.477323 4.856827 77.607491
v -1.741719 4.634782 77.439255
v -2.240960 4.891739 77.669617
v -1.480268 4.721220 77.502831
v -2.009588 4.981118 77.726318
v -4.189022 5.340082 77.708832
v -3.925961 5.406911 77.690361
v -3.772088 5.704477 78.206558
v -4.107253 5.666358 78.199120
v -3.753297 5.413529 77.711472
v -3.523745 5.388483 77.763390
v -3.186927 5.435609 77.811661
v -3.436475 5.786845 78.259109
v -4.216507 5.570209 78.217552
v -4.390158 5.169579 77.800201
v -4.622284 5.155113 77.779274
v -4.384189 5.561018 78.225784
v -2.752049 5.193886 77.901421
v -3.136523 5.630594 78.274681
v -2.491003 5.271223 77.999931
v -2.884299 5.602890 78.351814
v -3.832455 6.145336 78.793159
v -4.060795 6.053903 78.782417
v -3.519624 6.151959 78.791855
v -4.207626 6.012082 78.759003
v -3.216356 6.033910 78.817863
v -4.019760 6.929584 79.795593
v -4.024929 6.414133 79.236214
v -3.866311 6.509467 79.224098
v -3.914285 6.939619 79.789452
v -3.655206 6.478615 79.217361
v -3.790800 6.872468 79.786674
v -4.142221 6.351154 79.181976
v -4.105258 6.873029 79.768791
v -3.398596 6.319452 79.161865
v -3.657621 6.793002 79.747032
v -3.930183 7.336291 80.445572
v -3.874319 7.292277 80.402802
v -3.996171 7.330163 80.409134
v -4.070129 7.209329 80.220505
v 2.336078 -2.305867 59.240971
v 1.955237 -2.308019 59.388153
v 1.612695 -2.209062 59.458305
v 0.664026 -2.280297 58.868832
v 0.411580 -2.385108 58.371166
v 1.975879 -1.542606 59.357452
v 0.486602 -2.762580 57.864414
v 0.285462 -2.451321 57.817764
v 1.992363 -2.029474 58.725845
v 2.553202 -2.076931 58.587650
v 2.319787 -2.208292 58.156849
v 1.704184 -2.292436 58.185947
v 2.230271 -2.228477 57.498882
v 2.361135 -2.173930 56.846722
v 1.697321 -2.263746 56.425400
v 1.559108 -2.313747 57.300343
v 2.728418 -2.210286 56.265274
v 2.105582 -2.376042 55.720802
v 5.740211 -2.545797 53.875389
v 4.025025 -2.744410 54.162716
v 4.331071 -2.463145 55.002621
v 5.808783 -2.323742 54.696491
v 2.584592 -2.575664 54.900337
v 3.173689 -2.433006 55.624718
v 7.519369 -2.087692 55.167404
v 7.615017 -2.292015 54.513859
v 6.707850 -2.388547 54.179768
v 6.681190 -2.197036 54.821022
v 10.613045 -1.814495 57.750187
v 11.012156 -1.826637 57.260963
v 10.300785 -2.164873 56.201694
v 9.836285 -1.900885 56.765846
v 3.052254 -0.858880 59.502033
v 2.770352 -0.339079 59.704288
v 3.323882 -0.661173 59.793930
v 2.147488 0.479373 60.060913
v 2.696051 0.249830 60.458008
v 4.044885 -1.810835 57.776672
v 4.544750 -1.548867 58.551331
v 4.341659 -1.898291 57.549488
v 5.558644 -1.484469 58.226177
v 5.125628 -1.807244 57.125946
v 5.897089 -1.437256 57.123676
v 6.427259 -1.377706 57.257767
v 6.076161 -1.366432 58.235352
v 6.552225 -1.275994 58.297306
v 6.949905 -1.290514 57.442360
v 8.724428 -1.449686 58.246189
v 8.042850 -1.488716 59.003574
v 8.852432 -1.565311 59.569050
v 9.554905 -1.534170 58.869804
v 10.245616 -1.795261 59.629887
v 9.590275 -1.650532 60.220791
v 10.178668 -1.783371 60.900826
v 10.820316 -1.867087 60.458008
v 3.683309 -1.283587 59.077461
v 3.797672 -1.768494 57.977356
v 3.427938 -1.504035 58.772083
v 3.200934 -1.226892 59.211082
v 11.281919 -2.029058 61.482674
v 10.786092 -1.923324 61.780724
v 11.318813 -2.000312 62.721260
v 11.589091 -2.166231 62.569477
v 8.257315 -1.564812 60.320732
v 7.542990 -1.518139 59.798767
v 9.396328 -1.622933 61.560116
v 8.903137 -1.530005 60.926277
v 9.863317 -1.942956 62.357441
v 10.253985 -2.056450 63.231594
v 11.453697 -2.201925 63.989655
v 11.829704 -2.331556 63.868599
v 11.694633 -2.450039 64.956245
v 11.387660 -2.275710 65.049202
v 11.262915 -2.307121 66.821945
v 11.497883 -2.380824 65.925873
v 11.311117 -2.236770 65.983208
v 11.121025 -2.189704 66.858551
v 9.838941 -1.880452 69.303772
v 9.551736 -1.632378 69.987648
v 9.896383 -1.747990 69.921608
v 9.240910 -1.479604 70.602432
v 8.883873 -1.344018 71.198303
v 5.394398 -1.445179 58.890377
v 4.624181 -1.465704 59.006763
v 4.138450 -1.285797 59.472294
v 3.638578 -0.782275 60.153660
v 9.996180 -1.919370 67.121979
v 8.279589 -1.611054 67.235817
v 8.282248 -1.573888 67.936951
v 9.916672 -1.830391 67.880745
v 7.070779 -1.300942 60.419918
v 5.928044 -1.227451 61.664162
v 6.309324 -1.335756 62.114120
v 7.785670 -1.447829 60.872486
v 8.423588 -1.549573 61.423889
v 6.646123 -1.416780 62.605686
v 6.930347 -1.478389 63.084946
v 8.851667 -1.617173 61.983616
v 9.250801 -1.769565 62.757851
v 7.281318 -1.467432 63.701576
v 7.592878 -1.452650 64.337021
v 9.540482 -1.862925 63.591301
v 7.906582 -1.476041 65.124649
v 9.788328 -1.914719 64.618568
v 8.104498 -1.468446 65.819595
v 9.929642 -1.944641 65.500954
v 9.996927 -1.962594 66.333481
v 8.223614 -1.551252 66.529961
v 11.220443 -1.775350 58.845608
v 11.539244 -1.829595 58.536503
v 9.126307 -1.971243 56.092964
v 9.571424 -2.149491 55.469475
v 7.470358 -1.378060 58.675934
v 8.067899 -1.378470 57.912003
v 7.055527 -1.422054 59.509140
v 6.234230 -1.338318 59.093254
v 5.917549 -1.228756 59.795128
v 4.893329 -0.959686 60.870327
v 5.588932 -1.148223 61.365013
v 6.565077 -1.240106 60.156879
v 11.029804 -1.775437 58.998375
v 11.623789 -1.875328 59.984463
v 10.349421 -1.726796 58.049675
v 9.567725 -1.753893 57.188034
v 7.267274 -1.873140 55.946518
v 8.858310 -1.853645 56.595989
v 6.564837 -1.927933 55.709702
v 4.727320 -2.220366 55.900311
v 5.855514 -1.983138 55.613758
v 3.853407 -2.103800 56.457745
v 3.112697 -1.910111 57.318878
v 3.446232 -1.929213 56.905605
v 2.861095 -2.036423 58.315186
v 5.821960 -1.383160 58.946205
v 8.863317 -1.340609 70.694702
v 8.523136 -1.173444 71.363037
v 9.463412 -1.682445 69.329178
v 9.185230 -1.477943 70.011032
v 10.566601 -2.150181 67.001572
v 10.398382 -2.062583 67.809715
v 10.661851 -2.200753 66.151306
v 10.569760 -2.183465 64.274246
v 10.673405 -2.216626 65.241470
v 5.489047 -1.248304 59.638809
v 5.024746 -1.285102 59.507729
v 6.946774 -1.297842 67.096413
v 6.692059 -1.274560 65.934853
v 6.363158 -1.047324 64.742981
v 5.532327 -0.784728 62.902218
v 5.905133 -0.949226 63.751118
v 4.998032 -0.577617 62.252861
v 4.465516 -0.401629 61.690418
v 8.541784 -1.178136 71.701355
v 8.186079 -0.943945 71.969048
v 7.840086 -0.667046 72.567627
v 8.115001 -1.355632 69.333023
v 7.973109 -1.224165 70.026634
v 7.364778 -0.827917 72.106148
v 7.113265 -0.502177 72.732155
v 7.802641 -1.152118 70.747276
v 7.601147 -1.030277 71.452492
v 7.063614 -1.281616 69.078133
v 7.010006 -1.265597 69.847420
v 6.595847 -0.645511 71.984123
v 6.410606 -0.269321 72.628830
v 6.912137 -1.131567 70.593369
v 6.784883 -0.846493 71.294800
v 4.488859 -0.850881 60.636250
v 4.040446 -0.762366 60.418934
v 3.861702 -0.195856 61.290821
v 3.266136 0.027650 60.887733
v 4.558183 -0.646405 63.706352
v 3.361313 -0.104575 64.210701
v 3.673120 -0.246890 64.936790
v 4.982617 -0.696918 64.532127
v 5.328415 -0.791255 65.427071
v 4.014362 -0.386068 65.759041
v 4.279216 -0.541003 66.585907
v 5.549647 -0.959819 66.341316
v 4.491250 -0.558564 67.359253
v 5.746470 -0.853658 67.193916
v 4.166672 -0.412435 62.980511
v 3.051451 0.053002 63.543766
v 1.438142 0.832908 60.177212
v 1.753701 0.458136 61.204445
v 2.027153 0.501628 60.743996
v 5.866519 -0.897133 68.853630
v 4.606856 -0.678746 68.889343
v 4.549269 -0.655898 69.624207
v 5.845475 -0.911365 69.646965
v 5.429014 -0.373483 71.825829
v 3.981396 0.055536 71.649956
v 3.715063 0.448802 72.268570
v 5.191637 0.035774 72.453423
v 5.775697 -0.843264 70.414795
v 4.424426 -0.522359 70.346214
v 4.238609 -0.266563 71.022614
v 5.648342 -0.632370 71.142395
v 2.137063 0.393542 61.828918
v 2.694051 0.320726 61.345474
v 3.272781 0.101795 61.860489
v 2.468965 0.325178 62.399551
v 2.771707 0.201328 62.976227
v 3.787908 -0.167354 62.411751
v 3.053240 -0.043404 66.670097
v 1.558446 0.153237 66.607590
v 1.528436 0.135332 67.279945
v 3.128688 -0.057841 67.404770
v 2.914716 -0.007301 65.872711
v 1.558070 0.202537 65.870483
v 2.533998 0.124884 64.367546
v 1.497897 0.261329 64.454529
v 1.526448 0.226168 65.120232
v 2.724849 0.039604 65.079315
v 2.329018 0.232690 63.717022
v 1.468955 0.334561 63.842991
v 3.128077 0.120631 68.812523
v 1.438772 0.419050 68.556122
v 1.365466 0.534590 69.179596
v 3.049274 0.282056 69.473473
v 2.451801 0.801363 71.411354
v 1.010879 1.148428 71.149818
v 0.862233 1.512189 71.794571
v 2.196013 1.056322 72.049599
v 2.886178 0.396686 70.144501
v 1.255108 0.630672 69.860413
v 1.142864 0.839123 70.510376
v 2.668031 0.530333 70.800606
v 1.898509 0.431204 62.586197
v 1.340509 0.470957 62.749931
v 1.429581 0.400739 63.333965
v 2.136057 0.337254 63.171768
v 0.969106 0.520562 61.423248
v 1.204030 0.493661 62.171642
v 1.576557 0.481246 62.046997
v 1.036616 0.958081 60.266190
v -0.183298 2.631998 73.976814
v -0.553783 3.063364 74.578316
v 0.512919 2.704861 74.831078
v 1.075788 2.369014 74.120636
v 1.703842 2.469439 74.994507
v 2.360933 2.080151 74.261803
v 3.077232 2.251602 75.116417
v 3.681947 1.810970 74.385063
v 4.572308 1.902201 75.257927
v 5.227135 1.360905 74.674385
v 0.611529 1.856701 72.454514
v 1.848424 1.273952 72.722519
v 3.358181 0.880428 72.869942
v 4.833338 0.554803 73.000824
v 6.141646 0.174613 73.225441
v 1.486651 1.741678 73.394142
v 0.221976 2.187746 73.176804
v 2.920403 1.437611 73.514908
v 4.265993 1.104195 73.656067
v 5.696313 0.717484 73.892746
v 6.794618 -0.060103 73.297577
v 6.321724 0.470153 73.954216
v -1.818410 3.124157 74.199875
v -1.532397 2.697109 73.572609
v -2.736793 2.904114 73.095459
v -2.916716 3.348291 73.700630
v -0.049751 0.749835 68.233810
v -1.443352 0.706004 67.976883
v -1.599466 0.858117 68.599922
v -0.157381 0.913890 68.846054
v -2.200354 2.045357 71.028191
v -0.722505 1.979568 71.352074
v -0.541966 1.766260 70.691551
v -2.057438 1.772724 70.407829
v -1.920677 1.506829 69.797684
v -0.395642 1.486962 70.077690
v -0.292771 1.093787 69.499840
v -1.762619 1.129237 69.222771
v -2.343857 2.293055 71.651405
v -0.938818 2.179362 72.022079
v -1.230704 2.315680 72.782104
v -2.529980 2.508673 72.359833
v 0.208742 0.227957 66.414116
v 0.090247 0.173174 67.055138
v -1.114909 0.509748 66.726471
v -0.933756 0.516928 66.096573
v 0.356117 0.370277 65.722595
v 0.602040 0.411415 64.407997
v 0.496230 0.431332 65.023483
v 0.702701 0.415136 63.815063
v 0.823723 0.419786 62.689388
v 0.778431 0.416668 63.262493
v 0.869570 0.460040 62.117577
v 0.497579 0.399396 61.427181
v 0.863946 0.951572 60.259605
v -0.718444 0.561504 65.418755
v -0.489982 0.590398 64.751038
v -0.304899 0.636036 64.173653
v -0.123561 0.672623 63.619419
v 0.056138 0.580246 63.123615
v 0.229620 0.438963 62.611603
v 0.371090 0.367300 62.084297
v -4.465123 2.783715 73.185371
v -5.275177 2.440021 73.352913
v -5.131877 2.909122 73.983086
v -4.436603 3.174232 73.890190
v -3.400453 0.198886 67.840485
v -4.266358 -0.247596 67.777870
v -4.517156 -0.095186 68.394096
v -3.587247 0.216627 68.502151
v -4.285018 1.195778 70.239052
v -5.112796 0.833920 70.210426
v -5.242805 1.159926 70.878441
v -4.428833 1.524360 70.892838
v -3.853666 0.482470 69.092468
v -4.751681 0.166292 69.004974
v -4.954801 0.501791 69.592896
v -4.105177 0.854505 69.628258
v -5.301636 1.518572 71.586029
v -4.521081 1.969943 71.516350
v -4.513175 2.430363 72.257225
v -5.301871 1.976612 72.395149
v -2.348003 -0.043680 65.976364
v -3.288501 -0.422882 65.805077
v -3.634688 -0.480614 66.497253
v -2.760179 -0.072017 66.602379
v -1.747863 0.045663 65.291946
v -2.866420 -0.381046 65.054153
v -1.133189 0.096713 64.051247
v -2.139600 -0.357865 63.831627
v -2.503989 -0.369550 64.442337
v -1.418068 0.037478 64.660423
v -0.893664 0.210284 63.472435
v -1.794210 -0.349750 63.254066
v -0.316325 0.196535 62.495724
v -1.140625 -0.215155 62.214630
v -1.489425 -0.305106 62.743546
v -0.632916 0.218899 62.995232
v -0.314448 0.152858 61.144844
v -0.763758 -0.094019 61.715572
v 0.012000 0.254825 62.011742
v 0.618640 0.867453 60.247097
v -1.818018 0.205720 66.056725
v -1.969147 0.309018 66.704987
v -2.464184 0.627865 67.915016
v -2.661427 0.705726 68.551453
v -2.853569 0.925657 69.178261
v -3.036341 1.249342 69.759361
v -3.198653 1.580957 70.329735
v -3.341875 1.888530 70.939842
v -3.450544 2.237759 71.544846
v -3.529065 2.614988 72.253433
v -3.620665 2.974874 73.095627
v -3.699155 3.386001 73.781769
v -5.992543 2.089813 73.210770
v -5.848283 2.496948 73.963287
v -4.871410 -0.624965 66.296013
v -4.505969 -0.784345 65.611984
v -4.046401 -0.772369 64.840698
v -3.653797 -0.597645 64.170296
v -3.219681 -0.484901 63.521267
v -2.750384 -0.548211 62.956512
v -1.869914 -0.606614 61.982868
v -2.316682 -0.631655 62.489525
v -0.870120 -0.220388 60.962273
v -1.421173 -0.488492 61.498199
v 0.163958 0.629858 60.135521
v -5.438262 -0.087892 67.585838
v -5.661090 0.029864 68.243004
v -6.211657 0.816282 70.873245
v -6.126082 0.513753 70.222633
v -6.013071 0.233682 69.591187
v -5.857687 0.110514 68.915680
v -6.198160 1.122919 71.567909
v -6.108258 1.569371 72.326591
v -6.631433 1.951070 73.121628
v -7.204603 1.901495 73.023895
v -7.002160 2.290510 73.846573
v -6.434065 2.298237 73.949875
v -6.776244 1.492498 72.229134
v -7.367007 1.448777 72.143967
v -6.948368 0.727226 70.747437
v -7.632707 0.667182 70.638451
v -7.509948 1.024607 71.356079
v -6.875264 1.031630 71.475967
v -6.963097 0.423222 70.069122
v -7.691270 0.304543 69.944260
v -6.879912 -0.112260 68.792610
v -7.677830 -0.469363 68.649261
v -7.720669 -0.102373 69.302940
v -6.957620 0.077203 69.443306
v -6.574072 -0.320418 67.456802
v -7.436794 -1.011738 67.297424
v -7.571354 -0.788993 67.978073
v -6.743929 -0.231520 68.129761
v -5.672189 -1.113845 65.398315
v -6.699736 -1.398120 65.005348
v -7.037914 -1.262691 65.781570
v -6.034018 -0.857422 66.115356
v -5.207444 -1.195701 64.565033
v -6.221148 -1.451343 64.119392
v -4.251203 -0.887985 63.138187
v -5.054862 -1.393566 62.598167
v -5.679961 -1.448175 63.325367
v -4.757600 -1.069042 63.828869
v -3.677336 -0.855164 62.551125
v -4.390929 -1.307145 61.967266
v -2.466024 -0.873757 61.570366
v -2.953681 -0.998377 60.974915
v -3.724378 -1.260440 61.471485
v -3.112557 -0.909716 62.081066
v -1.107769 -0.222176 60.250458
v -2.154546 -0.658251 60.591221
v -1.822025 -0.661810 61.117577
v -0.995028 -0.229446 60.666096
v -1.355140 -0.288523 59.654030
v -2.521113 -0.622931 59.916168
v -5.593463 -1.397988 61.806015
v -6.253448 -1.599573 62.658077
v -4.884019 -1.307333 61.224056
v -3.368877 -1.008998 60.243515
v -4.171046 -1.393556 60.694695
v -6.949417 -1.608088 63.504757
v -7.456517 -1.719176 64.502434
v 0.065111 0.577959 59.685024
v 0.594443 0.999747 59.448837
v 2.313385 0.212934 59.649208
v 1.631300 0.698592 59.440910
v 1.111617 1.061316 59.440151
v 1.170788 0.778296 58.835567
v 0.878718 1.035210 58.682381
v 0.415087 1.012133 58.644600
v -7.856487 -1.515353 65.317940
v -8.246838 -1.368336 66.975349
v -8.342508 -1.092546 67.715614
v -8.387249 -0.380322 69.181442
v -8.390610 -0.773921 68.464630
v -8.323576 0.013073 69.894493
v -8.229586 0.381403 70.648529
v -8.056831 0.735831 71.417610
v -7.566912 1.733307 73.124855
v -7.815124 1.159622 72.245209
v -7.321964 2.164809 73.910538
v -7.728766 2.117527 73.867561
v -8.027943 1.672451 73.111420
v -8.393620 1.204914 72.169708
v -8.729849 0.778074 71.326340
v -8.991554 0.372388 70.539589
v -9.175945 -0.053396 69.761063
v -9.333612 -0.473336 69.004982
v -9.430672 -0.912787 68.257431
v -9.411592 -1.520112 66.621422
v -9.465670 -1.237004 67.451538
v -8.616850 -1.908018 63.925274
v -8.999943 -1.798346 64.830162
v -7.759003 -1.841514 62.417595
v -8.225733 -1.908399 63.147060
v -6.983190 -1.643994 61.521904
v -7.382337 -1.750021 61.959911
v -5.703283 -1.328146 60.282288
v -6.358449 -1.498006 60.820770
v -3.967557 -0.842720 59.271984
v -4.977162 -1.114431 59.763981
v -1.819356 -0.161755 58.719585
v -2.993305 -0.563296 58.897728
v -0.242172 0.719826 58.984131
v -0.625115 0.765845 57.451035
v -2.086945 0.106416 56.655468
v -2.073788 -0.051228 57.262653
v -0.596534 0.671569 58.123379
v -3.401664 -0.411022 56.487911
v -3.290776 -0.420830 57.264664
v -4.276648 -0.831904 57.491817
v -4.488761 -0.790087 56.681129
v -5.547955 -1.134503 57.101582
v -5.296017 -1.008518 57.878540
v -10.342285 -2.213599 63.397476
v -10.982853 -2.216514 63.243633
v -11.086073 -2.214372 64.375389
v -10.512274 -2.266092 64.480339
v -8.719980 -2.271294 60.450230
v -9.347498 -2.326285 59.976749
v -9.878565 -2.398867 60.597897
v -9.204449 -2.482688 60.985832
v -6.028361 -1.259803 58.213963
v -6.386169 -1.386065 57.523754
v -7.121951 -1.693164 57.988132
v -6.702433 -1.535646 58.579746
v -9.654657 -2.484369 61.576324
v -10.342096 -2.391975 61.266132
v -10.748638 -2.368446 62.226425
v -10.072309 -2.438297 62.459965
v -10.546707 -1.907423 66.509674
v -10.944332 -1.881645 66.471603
v -10.758427 -1.576672 67.401154
v -10.447403 -1.580141 67.418694
v -10.277298 -1.127180 68.235138
v -10.551128 -1.127828 68.205437
v -10.317064 -0.637668 68.980652
v -10.027222 -0.637631 69.013390
v -9.813400 0.183627 70.512505
v -9.386412 0.237987 70.536423
v -9.711962 -0.203420 69.758728
v -10.079050 -0.194682 69.718491
v -9.592157 0.540815 71.372673
v -9.063526 0.664465 71.402283
v -8.575226 1.419141 73.121864
v -8.352592 1.526392 73.155144
v -8.742319 1.050279 72.228203
v -8.057121 1.920221 73.830772
v -10.220781 -0.268478 69.756592
v -3.290250 -0.524204 58.083015
v -3.190245 -0.565339 58.387596
v -2.197282 -0.107052 58.028400
v -3.986355 -0.843971 58.711044
v -4.139134 -0.862957 58.240105
v -5.017870 -0.941586 58.544186
v -4.808797 -0.959662 59.076935
v -7.634479 -1.903238 61.174152
v -8.170506 -2.005908 60.884609
v -8.604448 -2.309377 61.346138
v -8.060740 -2.118360 61.617786
v -8.475731 -2.216816 62.099937
v -9.043516 -2.368388 61.863693
v -9.482605 -2.306638 62.681534
v -8.947792 -2.194255 62.863186
v -9.287901 -2.143301 63.699192
v -9.782782 -2.177823 63.569992
v -9.983572 -2.214573 64.587540
v -9.552736 -2.088870 64.679085
v -9.766527 -1.668568 66.548424
v -10.100407 -1.833176 66.510757
v -10.030890 -1.541686 67.398224
v -9.734741 -1.365722 67.413315
v -9.673485 -0.977117 68.206894
v -9.929262 -1.099498 68.207504
v -9.774567 -0.622866 68.991280
v -9.590883 -0.541731 68.975998
v -9.491573 -0.153012 69.736847
v -9.584541 -0.190582 69.745888
v -5.297781 -1.095757 59.295223
v -5.759788 -1.263155 59.542435
v -5.638565 -1.129634 58.855225
v -6.210879 -1.369783 59.224518
v -2.210413 0.243276 55.584404
v -0.520696 0.658927 56.520660
v -3.661136 -0.268627 55.472252
v -5.915244 -1.137639 56.348389
v -4.803379 -0.758764 55.771450
v -6.775817 -1.488242 56.884132
v -7.514740 -1.749576 57.387791
v -10.398832 -2.407975 60.303890
v -9.984915 -2.336305 59.543896
v -11.088181 -2.426956 62.079746
v -10.757088 -2.421267 61.043652
v -11.387924 -2.192882 64.304749
v -11.296614 -2.276138 63.142822
v -11.233376 -1.926713 66.455666
v -11.048553 -1.647237 67.406464
v -10.894526 -1.234689 68.277557
v -10.557379 -0.738114 69.039192
v 0.390333 1.054166 57.904137
v 0.484475 0.980824 57.228184
v 0.769981 0.999370 58.181946
v 0.974806 0.727814 58.116329
v -11.504696 -1.977702 66.461563
v -11.249887 -1.688905 67.420380
v -11.731092 -2.243553 64.246269
v -11.651728 -2.359424 63.037052
v -11.477020 -2.456632 61.884338
v -11.177042 -2.477873 60.759544
v -10.810585 -2.406807 59.869419
v -10.390717 -2.261904 59.008121
v -7.935737 -1.668428 56.784538
v -7.133877 -1.395482 56.080120
v -7.579331 -1.241006 55.459301
v -8.415371 -1.570285 56.230804
v -6.572146 -0.857673 54.746048
v -6.296269 -1.031804 55.454433
v -5.118432 -0.637475 54.826313
v -5.366263 -0.442916 53.975159
v -4.063595 -0.059801 53.483654
v -3.845547 -0.249747 54.491383
v -2.359113 0.287611 54.555344
v -2.451277 0.329212 53.480606
v -0.541276 0.755546 55.542667
v -0.570221 0.850676 54.701077
v 0.420450 1.036615 56.029522
v -11.733999 -2.060955 66.447678
v -11.471434 -1.756903 67.440201
v -12.001953 -2.624465 62.935970
v -11.506231 -2.721289 60.594658
v -6.344272 -1.555918 59.973232
v -6.912414 -1.737863 60.481464
v -6.796554 -1.648757 59.664757
v -7.315502 -1.868529 59.038235
v -7.904107 -2.081729 59.587574
v -7.372817 -1.840642 60.160519
v -7.816576 -1.942147 58.438244
v -8.472794 -2.073984 58.976261
v -8.892317 -2.020937 58.534477
v -8.215242 -1.916324 57.934875
v -9.335440 -2.009525 58.064617
v -8.691202 -1.883588 57.370811
v -9.702023 -1.983811 57.652233
v -9.106735 -1.796293 56.897980
v 0.792485 0.810018 57.345333
v 0.917447 0.654003 57.430729
v 1.021007 0.720849 56.521809
v -2.373489 0.513629 52.601452
v -3.228638 0.271368 51.428310
v -4.115820 0.043658 52.680283
v -0.342149 0.985866 53.696732
v -0.928627 0.659897 52.108765
v -0.019027 0.835603 52.753609
v 0.839334 0.838125 54.594921
v -6.469530 -0.569158 52.575844
v -6.709074 -0.693977 53.966003
v -5.417718 -0.305396 53.322563
v -5.364789 -0.272419 52.016060
v -8.165783 -1.130594 54.284843
v -8.950323 -1.502681 55.374142
v -8.700783 -1.541513 55.787590
v 1.291169 0.588713 55.289455
v -7.827034 -1.104875 54.915283
v -9.411167 -1.862363 56.475296
v -10.602144 -2.416444 58.855007
v -11.071781 -2.599136 59.715229
v -2.071837 0.183032 50.650997
v -1.992060 -0.050787 49.814274
v -2.983388 -0.007060 50.674107
v 0.066727 0.555754 51.579792
v 0.436090 0.447196 50.551647
v -0.591731 0.463244 51.079029
v 1.007499 0.646728 52.826347
v 1.010890 0.604238 51.045265
v 0.551404 0.631959 52.156391
v 1.702991 0.496761 53.515022
v 1.670453 0.632623 52.566238
v 1.284993 0.612798 53.288647
v 1.460219 0.527183 54.559311
v -5.583792 -0.573461 51.535824
v -5.704602 -0.884078 50.883392
v -6.590185 -1.105509 51.482136
v -6.431144 -0.754730 52.069538
v -7.333372 -0.961746 52.851788
v -7.525383 -1.335313 52.351643
v -7.927906 -1.146057 53.553516
v -10.856173 -0.857527 69.114037
v -10.040138 0.050416 70.578995
v 7.591724 -2.305161 53.921566
v 7.486329 -2.678810 53.072235
v 6.743352 -2.792736 52.772995
v 6.641182 -2.446653 53.574455
v 9.782156 -2.274297 55.156113
v 8.916595 -2.251311 54.167160
v 3.860442 -3.009559 53.044415
v 3.672505 -2.866221 53.650951
v 4.806738 -2.726999 53.420662
v 4.522659 -2.981063 52.861027
v 2.031019 -2.711882 54.062393
v 2.173031 -2.603488 54.602711
v 2.973358 -2.815825 54.110264
v 2.565391 -2.889876 53.612453
v 1.671040 -2.351838 55.526802
v 1.256751 -2.326170 55.352772
v 0.976669 -2.173435 55.983368
v 1.238776 -2.214353 56.321026
v 0.786070 -2.137990 56.592915
v 0.695657 -2.155909 57.188961
v 1.204109 -2.256667 57.302391
v 0.995440 -2.056986 58.646454
v 1.298099 -2.212882 58.199501
v 0.816504 -2.116024 58.258324
v 10.433689 -2.298136 56.007664
v 11.115131 -1.899571 57.071804
v 1.622430 -1.995000 58.723324
v 2.220187 -1.190128 59.211723
v 0.468449 -2.206220 56.485126
v 1.620438 -2.919106 53.606457
v 1.228518 -2.673088 54.365868
v 1.574773 -2.503702 54.694210
v 3.195584 -3.000777 53.274815
v 3.593606 -3.396698 52.405239
v 2.825528 -3.326203 52.655869
v 5.274560 -2.922242 52.713844
v 6.033476 -2.852135 52.674625
v 6.139288 -3.106241 52.163582
v 5.255193 -3.242284 52.141037
v 8.162657 -2.487275 53.499622
v 7.621066 -2.870811 52.649796
v 9.131615 -2.551256 53.796547
v 10.520771 -2.462032 55.704094
v -9.550600 -1.993133 56.473518
v -9.664684 -2.076612 56.812454
v -3.884634 -0.440906 50.145172
v -4.676219 -0.365723 51.119030
v -3.872431 -0.185534 50.858337
v -1.204133 0.105040 49.867046
v -1.343350 0.330808 50.755798
v -8.453968 -1.275925 54.326309
v 2.153236 -3.148932 53.050072
v 0.386432 -2.173842 57.138424
v 5.688560 -2.623265 53.242702
v -1.914373 0.476670 51.409157
v -4.240218 -0.029706 51.470055
v -7.670253 -0.944744 53.778126
v -4.380390 3.597285 74.614311
v -5.005852 3.353293 74.628571
v -4.893287 3.884305 75.309402
v -4.373175 4.175766 75.331665
v -3.118368 3.846831 74.383621
v -3.791686 3.826371 74.495659
v -3.903510 4.354167 75.249023
v -3.355594 4.318599 75.176933
v -2.152378 3.612314 74.836525
v -2.528349 4.119286 75.551918
v -1.041057 3.557790 75.179382
v -1.550273 4.173708 75.800293
v -0.074874 3.179749 75.532364
v -0.692318 3.768185 76.270889
v 0.924789 3.121425 75.631676
v 0.030047 3.689290 76.396156
v 1.928254 2.889305 75.839096
v 0.842181 3.489620 76.490044
v 3.102101 2.452409 75.834526
v 1.459123 3.262317 76.555588
v -5.946023 3.538915 75.592987
v -5.467171 3.631821 75.536621
v -5.657463 3.013585 74.727562
v -6.188446 2.833407 74.770042
v -6.400188 3.341137 75.653275
v -6.699776 2.753710 74.725967
v -6.573340 3.194832 75.604256
v -6.958005 2.634701 74.727867
v -7.192335 2.726238 74.938629
v -7.396796 2.532285 74.535759
v -2.736238 4.533695 76.080650
v -1.929815 4.604865 76.262009
v -3.502771 4.727405 75.773064
v -4.007473 4.729996 75.771400
v -4.114618 5.076198 76.354080
v -4.281883 4.651595 75.805443
v -4.682811 4.848109 76.386414
v -4.815153 4.377990 75.847214
v -5.141322 4.587339 76.659126
v -5.308027 4.076538 76.104187
v -5.589071 4.040231 76.137215
v -6.073891 3.793619 76.191956
v -1.215324 4.282019 76.702095
v -0.592475 4.181864 76.821877
v -0.291854 4.047921 77.006073
v -1.276813 4.693028 77.236969
v -1.105013 4.606749 77.347382
v -4.070477 5.328825 76.820992
v -4.488140 5.147768 76.825478
v -4.299954 5.443041 77.290550
v -3.989438 5.572566 77.306122
v -3.660214 5.580836 77.312080
v -3.631396 5.349455 76.829842
v -4.880662 4.923536 77.059082
v -4.596007 5.211771 77.460823
v -4.847823 4.982009 77.443802
v -3.270370 5.551541 77.385757
v -3.080331 5.242404 76.978836
v -2.690254 5.291710 77.028252
v -3.021242 5.585237 77.395584
v -2.212539 5.007355 77.373863
v -2.520993 5.251935 77.667648
v -2.327757 5.208649 77.729546
v -1.822543 4.973359 77.474220
v -1.600237 4.876065 77.556183
v -4.142122 5.729614 77.771057
v -4.032649 6.031190 78.271660
v -3.720305 6.188217 78.268829
v -3.873888 5.825624 77.779816
v -3.685778 5.838230 77.780434
v -3.477343 5.824881 77.809349
v -3.450623 6.169698 78.316658
v -3.279098 5.875084 77.814102
v -4.177884 5.913582 78.273575
v -4.358405 5.538360 77.861259
v -4.564580 5.349473 77.851082
v -4.353182 5.724241 78.279678
v -3.203781 5.950460 78.450752
v -2.812475 5.524076 78.003540
v -3.962047 6.421153 78.831108
v -3.808315 6.609955 78.785133
v -3.532647 6.435453 78.881714
v -4.176816 6.204194 78.870445
v -3.309914 6.227893 78.972725
v -4.013472 7.118560 79.798553
v -3.915054 7.117764 79.744583
v -3.847951 6.885317 79.190140
v -3.975525 6.761828 79.257179
v -3.657688 6.694581 79.235909
v -3.784350 7.007606 79.735687
v -4.131754 6.566988 79.298805
v -4.103145 7.089210 79.883163
v -3.672855 6.901008 79.806152
v -3.914223 7.379718 80.422348
v -3.978551 7.376991 80.399117
v -4.051380 7.291756 80.238487
v 2.836345 -1.699250 58.890209
v 2.389558 -1.621165 59.101879
v 1.966828 -1.659889 59.103149
v 1.979053 -1.483214 59.147320
v 0.691537 -2.140066 57.804417
v 0.411515 -2.139849 57.793789
v 8.306513 -0.989995 72.205467
v 7.530462 -0.282771 73.163055
v 6.697008 0.376931 74.047546
v 5.759785 1.064906 74.682968
v -6.123290 3.740014 76.161880
v -5.642942 4.281484 76.701607
v -5.237488 4.658167 77.081276
v -3.864633 7.340600 80.381653
v -3.461813 6.504827 79.293701
v -2.878404 5.633554 78.348892
v -2.605892 5.398110 78.093124
v -2.150055 5.098532 77.780289
v 0.214334 3.806631 76.987984
v -11.852383 -2.718770 61.741619
v -12.014530 -2.489723 64.181885
v -10.468643 -0.387887 69.851952
v -9.361721 0.748166 71.932045
v -7.651516 2.356950 74.394989
v -2.948971 -0.238714 49.925915
v -4.738365 -0.649982 50.428867
v -8.138332 -1.480567 53.084656
v -9.184927 -1.799635 55.001671
v -8.737276 -1.682914 53.916077
v -0.341842 0.272306 50.125378
v 1.600944 0.355277 54.598808
v 1.465194 0.693895 51.694592
v 8.751523 -1.256533 71.671883
v 9.152423 -1.433058 71.157845
v 9.521410 -1.579483 70.565224
v 10.219044 -1.933001 69.213646
v 10.907652 -2.138728 67.687508
v 11.961100 -2.329294 62.469410
v 11.965422 -2.172783 61.116283
v 11.819874 -1.946790 59.847763
v 9.920851 -2.427768 54.815239
v 8.321062 -2.735555 53.116234
v 6.854965 -3.000185 52.313908
v 4.370006 -3.353745 52.249702
v 0.926987 -2.446213 55.076221
v 0.654308 -2.282453 55.807133
v 0.590377 -2.087385 58.253998
v 0.778121 -2.013694 58.739925
v 1.663417 -0.133441 59.255787
v 1.458842 -0.016919 59.108139
v 1.212224 0.311893 58.649708
v 1.105339 0.443711 58.096138
v 1.041923 0.376125 57.437744
v 1.985485 -1.461199 59.195965
v 2.192332 -1.235830 59.257095
v -7.468647 -2.088969 61.868698
v -7.979037 -2.793314 61.597721
v -8.554672 -3.171529 61.285423
v -9.288279 -3.237938 60.852478
v -9.908375 -2.831736 60.534370
v -9.829899 -2.152558 57.253513
v 10.626797 -2.305215 68.487801
v 10.566849 -2.036974 68.500893
v 10.143251 -1.971965 68.594231
v 9.730172 -1.766934 68.621353
v 8.227844 -1.471133 68.631645
v 7.053487 -1.331826 68.308250
v 5.805032 -0.984945 68.063293
v 4.592733 -0.635466 68.150826
v 3.148691 -0.016024 68.141487
v 1.487806 0.261616 67.940094
v 0.019548 0.443356 67.662498
v -1.282856 0.568143 67.355522
v -2.198335 0.434028 67.332092
v -3.138855 0.065021 67.240044
v -3.988429 -0.360535 67.165070
v -5.192721 -0.340126 66.972885
v -6.351943 -0.525355 66.830002
v -7.276826 -1.160094 66.601181
v -8.101994 -1.541471 66.210419
v -9.262230 -1.710261 65.776932
v -9.712120 -1.907037 65.666702
v -10.088604 -2.045694 65.598869
v -10.569071 -2.136539 65.561119
v -11.057087 -2.066350 65.500023
v -11.352316 -2.083286 65.467834
v -11.670410 -2.121262 65.452438
v -11.921024 -2.276098 65.415443
v -11.909464 -2.390811 65.381546
v -11.653763 -2.440431 65.433578
v -11.353165 -2.472054 65.462921
v -11.054741 -2.442059 65.491074
v -10.642462 -2.708207 65.575943
v -10.120903 -2.657806 65.591438
v -9.723614 -2.349270 65.665596
v -9.318481 -2.057333 65.742065
v -8.081320 -2.213233 66.250343
v -7.273644 -1.844546 66.623413
v -6.405293 -2.054687 66.865471
v -5.125516 -1.921802 67.021950
v -4.135225 -1.401866 67.093628
v -3.125398 -1.383977 67.244415
v -2.250011 -0.983143 67.290939
v -1.308180 -0.285010 67.240097
v -0.139827 -1.107991 67.706741
v 1.286801 -1.033283 68.049545
v 3.089305 -1.524627 68.151917
v 4.661191 -1.447474 68.151321
v 5.777787 -1.841254 68.069283
v 7.059418 -1.880271 68.184845
v 8.112961 -2.463596 68.696098
v 9.585998 -2.413388 68.649498
v 10.148539 -2.473292 68.582199
v 1.886226 -0.251723 59.427547
v 1.154473 0.261715 56.747639
v 1.430993 0.323928 55.336315
v -11.189579 -1.344426 68.305145
v -9.369217 -1.821771 55.772285
v -9.351074 -1.865111 55.769913
v 3.878197 2.148854 75.560547
v 3.896030 2.170044 75.543144
v -3.602228 5.111328 76.392235
v -2.930636 4.947736 76.616982
v -2.332884 5.025454 76.710976
v -1.808786 4.742187 77.116371
v 1.220128 -2.442226 59.218193
v 1.482647 -1.856050 59.356369
v 1.058099 -2.093160 59.227070
v 1.616261 -1.661578 59.156654
v 1.704320 -1.633709 59.126080
v 1.174520 -1.855827 58.999062
v 1.148801 -1.860836 59.029182
v 2.222378 -0.749308 59.353329
v 1.718820 -0.309178 59.613434
v -6.785289 -7.208731 78.089775
v -6.987158 -7.185525 77.902557
v -6.614184 -6.922208 77.175583
v -6.434725 -6.954099 77.395821
v -6.615510 -7.122024 78.292458
v -6.275684 -6.883587 77.631287
v -6.518816 -6.955003 78.456100
v -6.171727 -6.721667 77.835045
v -6.490997 -6.702725 78.587524
v -6.140055 -6.452512 77.965073
v -6.561431 -6.420758 78.612434
v -6.206733 -6.162581 77.991875
v -6.712584 -6.178306 78.544907
v -6.365548 -5.891071 77.900375
v -6.915420 -6.085802 78.368118
v -6.553017 -5.729358 77.707283
v -6.751825 -5.677184 77.472000
v -7.284233 -6.114793 77.965973
v -7.116986 -6.009661 78.188354
v -6.949763 -5.767624 77.209709
v -7.393748 -6.301154 77.789665
v -7.040745 -5.988983 77.005569
v -7.443930 -6.563863 77.658066
v -7.040839 -6.263274 76.892090
v -7.277543 -6.801545 77.695152
v -6.920361 -6.524556 76.908386
v -7.169687 -7.066865 77.744698
v -6.795618 -6.795392 76.993813
v -5.391627 -6.401080 75.496841
v -5.577975 -6.372462 75.256699
v -5.132810 -6.210772 74.436951
v -4.931995 -6.239828 74.694992
v -5.220157 -6.320229 75.753456
v -4.744814 -6.138424 74.969269
v -5.109334 -6.140427 75.975441
v -4.634269 -5.931961 75.188972
v -5.073277 -5.844936 76.118874
v -4.608259 -5.621835 75.332275
v -5.150846 -5.528266 76.142418
v -4.698447 -5.291798 75.348068
v -5.316445 -5.257567 76.033783
v -4.871658 -5.033635 75.232796
v -5.527989 -5.087358 75.807701
v -5.086085 -4.867529 75.003578
v -5.283235 -4.837726 74.747025
v -5.914251 -5.138321 75.279640
v -5.727884 -5.048789 75.553520
v -5.466961 -4.926794 74.469559
v -6.039204 -5.364117 75.054260
v -5.585503 -5.141281 74.225639
v -6.042103 -5.674924 74.911751
v -5.605676 -5.468775 74.092033
v -5.942756 -5.991343 74.919182
v -5.517128 -5.796576 74.097435
v -5.765134 -6.240625 75.051178
v -5.329918 -6.068244 74.226517
v -6.314709 -6.724604 76.618973
v -6.492145 -6.598702 76.428543
v -6.206189 -6.425814 75.862617
v -6.023919 -6.564368 76.061974
v -6.623168 -6.342783 76.326706
v -6.336632 -6.167020 75.754181
v -6.770998 -6.071106 76.294540
v -6.462283 -5.878827 75.733032
v -6.779171 -5.777738 76.430222
v -6.479354 -5.590972 75.881424
v -6.648803 -5.559557 76.641914
v -6.341034 -5.371675 76.087318
v -6.452413 -5.483248 76.904808
v -6.258160 -5.530755 77.145477
v -5.969140 -5.330628 76.597939
v -6.160578 -5.289116 76.350800
v -6.065879 -5.695662 77.351364
v -5.770578 -5.500970 76.816170
v -5.902885 -5.962245 77.454216
v -5.608970 -5.768023 76.924904
v -5.835767 -6.257389 77.426399
v -5.531413 -6.066768 76.902328
v -5.873105 -6.532851 77.290764
v -5.568285 -6.355422 76.762146
v -5.978796 -6.693997 77.077705
v -5.669006 -6.533761 76.537827
v -6.138422 -6.758743 76.839859
v -5.837504 -6.604177 76.289482
v -4.458268 -6.128855 73.870270
v -4.681497 -6.099813 73.599228
v -4.234961 -5.971581 72.780617
v -3.996058 -6.004140 73.060356
v -4.260053 -6.027074 74.154274
v -3.796022 -5.898895 73.349136
v -4.140347 -5.810174 74.391525
v -3.677574 -5.676269 73.596794
v -4.115024 -5.483006 74.537323
v -3.650226 -5.345771 73.744476
v -4.215755 -5.141455 74.547798
v -3.750100 -4.998788 73.755470
v -4.402649 -4.872149 74.422905
v -3.943515 -4.716319 73.625648
v -4.631434 -4.713742 74.188828
v -4.184040 -4.557147 73.389771
v -4.844829 -4.689629 73.923096
v -4.418350 -4.526160 73.114716
v -5.031951 -4.778615 73.643188
v -4.612648 -4.621439 72.829201
v -5.159931 -4.993677 73.396385
v -4.737529 -4.851031 72.583412
v -5.187880 -5.325457 73.254700
v -4.756492 -5.184546 72.442764
v -5.094053 -5.666741 73.244209
v -4.652968 -5.524199 72.421440
v -4.896371 -5.951752 73.381165
v -4.455817 -5.813993 72.561798
v -3.392758 -5.868683 71.989334
v -3.659333 -5.833869 71.690781
v -3.199111 -5.702167 70.831886
v -2.919365 -5.737380 71.140755
v -3.175529 -5.747012 72.284134
v -2.691209 -5.615276 71.437065
v -3.061496 -5.509069 72.532333
v -2.577173 -5.374114 71.686409
v -3.046790 -5.160662 72.680061
v -2.568018 -5.013903 71.836349
v -3.148428 -4.802887 72.679276
v -2.665794 -4.644241 71.829819
v -3.345376 -4.519987 72.555145
v -2.867439 -4.358130 71.709686
v -3.589988 -4.349944 72.321754
v -3.117976 -4.177594 71.477158
v -3.832050 -4.315801 72.044510
v -4.032237 -4.425286 71.754082
v -3.368371 -4.144258 71.196327
v -3.582566 -4.255043 70.898888
v -4.155661 -4.662538 71.514626
v -3.716909 -4.500163 70.657761
v -4.182796 -4.987398 71.360893
v -3.747902 -4.830588 70.492897
v -4.089521 -5.346810 71.337524
v -3.649057 -5.209609 70.474396
v -3.890118 -5.653693 71.460930
v -3.441710 -5.526743 70.588058
v -2.369646 -5.608463 70.057381
v -2.649692 -5.574517 69.733284
v -2.186737 -5.451341 68.816910
v -1.913547 -5.484437 69.150322
v -2.141049 -5.414986 70.373817
v -1.662792 -5.269010 69.489189
v -2.031593 -5.173094 70.618073
v -1.550048 -5.018661 69.734276
v -1.979890 -4.819876 70.803200
v -1.496221 -4.657259 69.933319
v -2.089841 -4.430602 70.797516
v -1.621048 -4.260022 69.924057
v -2.314024 -4.120644 70.661819
v -1.856400 -3.931466 69.779282
v -2.583438 -3.940778 70.418617
v -2.136510 -3.747900 69.530754
v -2.425822 -3.710631 69.218376
v -3.066439 -4.037598 69.813217
v -2.853341 -3.915681 70.119110
v -2.655838 -3.827492 68.900238
v -3.202034 -4.280811 69.555748
v -2.806557 -4.077608 68.621056
v -3.243650 -4.639896 69.373512
v -2.847140 -4.479732 68.425079
v -3.144695 -5.033807 69.357063
v -2.730707 -4.890928 68.417152
v -2.938437 -5.372286 69.466179
v -2.509748 -5.232657 68.531609
v -0.824263 -4.656998 65.543022
v -0.480912 -4.730747 65.896362
v -0.906325 -5.066860 66.986938
v -1.255849 -5.017390 66.627686
v -0.167858 -4.576992 66.273026
v -0.641823 -4.855886 67.350288
v -0.009240 -4.267024 66.557861
v -0.493173 -4.563089 67.619484
v 0.074518 -3.839876 66.767227
v -0.430849 -4.173536 67.818298
v -0.106794 -3.350361 66.775848
v -0.580895 -3.707768 67.832947
v -0.381596 -3.020082 66.612900
v -0.826918 -3.390548 67.676819
v -0.729844 -2.801109 66.333870
v -1.164272 -3.166820 67.408302
v -1.476140 -3.129150 67.095016
v -1.051150 -2.759729 66.008705
v -1.326892 -2.865600 65.657234
v -1.747130 -3.243276 66.746132
v -1.519105 -3.114529 65.361298
v -1.916366 -3.502024 66.458702
v -1.588421 -3.539814 65.156982
v -1.968657 -3.917867 66.251633
v -1.484385 -4.025093 65.099571
v -1.855474 -4.375647 66.209801
v -1.208367 -4.468346 65.243118
v -1.582194 -4.780057 66.370064
v 0.345305 -3.620672 62.321148
v 0.749043 -3.710844 62.713795
v 0.365525 -4.110334 63.752964
v -0.020284 -4.026087 63.375862
v 1.120707 -3.543454 63.132130
v 0.723608 -3.949466 64.162994
v 1.314303 -3.201499 63.453808
v 0.913936 -3.619018 64.478821
v 1.331095 -2.718339 63.645004
v 0.927528 -3.135302 64.664452
v 1.162140 -2.228129 63.660526
v 0.760974 -2.636151 64.684090
v 0.869410 -1.806886 63.487137
v 0.473415 -2.248391 64.524582
v 0.484255 -1.546716 63.204670
v 0.103322 -1.994998 64.243858
v 0.126997 -1.474509 62.859333
v -0.255277 -1.923732 63.900055
v -0.184377 -1.571269 62.491978
v -0.562655 -2.026147 63.532547
v -0.411230 -1.848128 62.157719
v -0.775444 -2.301350 63.211105
v -0.492491 -2.302602 61.943127
v -0.837822 -2.753830 63.012474
v -0.369741 -2.836817 61.880924
v -0.717565 -3.266485 62.950352
v -0.070192 -3.316521 62.012905
v -0.428840 -3.728046 63.084072
v 1.473259 -2.714002 60.653008
v 1.052483 -2.641863 60.291752
v 1.337564 -2.150760 59.485519
v 1.757246 -2.213095 59.798191
v 1.848272 -2.553935 61.039204
v 2.121439 -2.059644 60.150269
v 2.095825 -2.208102 61.342125
v 2.375237 -1.708819 60.425922
v 2.112551 -1.712652 61.536552
v 2.414642 -1.218120 60.618446
v 1.928820 -1.223861 61.555370
v 2.253448 -0.709175 60.662334
v 1.596479 -0.785372 61.400948
v 1.861892 -0.317700 60.508705
v 1.220842 -0.521286 61.151691
v 1.516601 -0.076570 60.281681
v 0.824587 -0.416294 60.844696
v 1.114639 0.032245 60.005882
v 0.492790 -0.556426 60.493774
v 0.764595 -0.109701 59.688629
v 0.327138 -0.901109 60.197777
v 0.603025 -0.474191 59.431667
v 0.271254 -1.345546 60.007404
v 0.542557 -0.915536 59.257233
v 0.399362 -1.838564 59.967194
v 0.660667 -1.399011 59.209911
v 0.681945 -2.295621 60.077408
v 0.923502 -1.905554 59.264168
v -1.711061 -5.268425 67.671860
v -2.047414 -5.024401 67.398911
v -2.299368 -4.635454 67.262283
v -2.408501 -4.188301 67.292824
v -2.358698 -3.772418 67.497459
v -2.193109 -3.514953 67.783798
v -1.938968 -3.392931 68.120842
v -1.630839 -3.424438 68.438477
v -1.307563 -3.623581 68.705170
v -1.053257 -3.955240 68.860168
v -0.905663 -4.408177 68.857033
v -0.983371 -4.793648 68.646111
v -1.117353 -5.073151 68.385719
v -1.404462 -5.230392 68.031174
v -7.119292 -7.370761 78.721214
v -7.427049 -7.376770 78.801346
v -7.318375 -7.362908 78.572823
v -7.075421 -7.338602 79.012939
v -6.945354 -7.301338 78.881516
v -7.077983 -7.236810 79.136536
v -6.847886 -7.152918 79.005257
v -7.098358 -6.996827 79.272507
v -6.831934 -6.924268 79.129570
v -7.120660 -6.737854 79.290733
v -6.893114 -6.658758 79.156342
v -7.140831 -6.550899 79.240410
v -7.035095 -6.457308 79.104630
v -7.327425 -6.514677 79.181435
v -7.239655 -6.353358 78.984421
v -7.715531 -6.527554 78.867188
v -7.436625 -6.325738 78.824211
v -7.616505 -6.390768 78.642426
v -7.811524 -6.685107 78.741844
v -7.728014 -6.572898 78.485901
v -7.818967 -6.936651 78.672050
v -7.736834 -6.826388 78.378059
v -7.643944 -7.079168 78.365768
v -7.595530 -7.308565 78.688774
v -7.481924 -7.270578 78.440727
v -7.762115 -6.731698 78.962669
v -7.586335 -6.735928 79.140800
v -7.546331 -6.494640 79.039055
v -7.357616 -6.736078 79.256538
v -7.352313 -7.047090 79.227501
v -7.278604 -7.297378 79.079597
v -7.220113 -7.379718 78.940681
v -7.500115 -7.297798 78.963196
v -7.683607 -7.216669 78.822578
v -7.728549 -7.163986 78.629578
v -7.765144 -6.994378 78.918846
v -7.562346 -7.051018 79.121422
v 1.993990 -1.903997 59.144253
v 1.542228 -1.850963 58.855461
v 1.674938 -1.641886 58.519604
v 2.123304 -1.668029 58.775276
v 2.363759 -1.733653 59.487362
v 2.406315 -1.506995 59.067917
v 1.000520 0.191020 59.092758
v 1.435687 0.226917 59.028954
v 1.171682 0.299681 58.778126
v 0.901802 -0.193027 58.888191
v 1.208498 -0.067354 58.639614
v 0.839549 -0.608411 58.738232
v 1.160305 -0.481889 58.492264
v 0.829542 -1.082674 58.638435
v 1.135680 -0.907910 58.441467
v 1.121078 -1.594097 58.683002
v 1.331674 -1.283109 58.432716
v 1.520109 0.242837 58.957031
v 1.360264 0.218339 58.753613
v 1.316474 -0.806507 58.423954
v 1.761239 -1.410997 58.525421
v 2.102249 -1.460247 58.779160
v 1.991443 -0.575920 58.851242
v 1.385141 -0.039384 58.642166
v 1.318544 -0.441346 58.461983
v 1.442289 -1.124347 58.440746
v 2.462979 -1.281717 58.965084
v -0.437843 -4.407543 64.515862
v -0.085606 -4.425381 64.891983
v 0.234856 -4.281310 65.277229
v 0.402719 -3.977659 65.570381
v 0.473167 -3.533326 65.769707
v 0.315211 -3.030403 65.792961
v 0.030449 -2.675325 65.635246
v -0.327794 -2.436224 65.355400
v -0.674659 -2.376764 65.018295
v -0.958811 -2.496319 64.655167
v -1.151163 -2.758961 64.350975
v -1.238334 -3.191482 64.148926
v -1.110525 -3.686212 64.093842
v -0.830400 -4.132800 64.232635
v 0.722111 -3.167898 61.266792
v 1.133690 -3.288892 61.661282
v 1.522932 -3.128908 62.083893
v 1.723818 -2.777882 62.412025
v 1.740975 -2.294358 62.608116
v 1.586677 -1.803054 62.630459
v 1.277430 -1.348440 62.438267
v 0.872269 -1.078842 62.153419
v 0.508998 -0.999210 61.806725
v 0.191163 -1.098300 61.435123
v -0.034944 -1.390152 61.087322
v -0.096522 -1.845149 60.870682
v 0.034352 -2.376226 60.821049
v 0.332664 -2.843771 60.959641
v 2.607435 -1.350464 59.753159
v 2.641680 -0.852950 59.942673
v 2.462154 -0.349653 59.982105
v 2.075135 0.060456 59.874344
v 1.736458 0.279346 59.655308
v 1.331542 0.177251 59.384274

vt 0.054619 0.931637
vt 0.053717 0.917927
vt 0.079933 0.917188
vt 0.080592 0.930566
vt 0.052953 0.904896
vt 0.052538 0.890359
vt 0.079725 0.890359
vt 0.079723 0.904013
vt 0.083004 0.978584
vt 0.083491 0.991447
vt 0.057158 0.991447
vt 0.056748 0.979107
vt 0.055840 0.956220
vt 0.055268 0.943838
vt 0.081182 0.942928
vt 0.081811 0.955491
vt 0.056243 0.967965
vt 0.082407 0.967360
vt 0.177843 0.902113
vt 0.177726 0.890359
vt 0.204119 0.890359
vt 0.204259 0.901944
vt 0.179229 0.991447
vt 0.178111 0.977465
vt 0.203553 0.977410
vt 0.204681 0.991447
vt 0.177118 0.914358
vt 0.203407 0.913868
vt 0.176445 0.952510
vt 0.176348 0.939365
vt 0.202062 0.938760
vt 0.201940 0.952044
vt 0.177173 0.965484
vt 0.202605 0.965282
vt 0.176611 0.926347
vt 0.202632 0.925730
vt 0.255209 0.901976
vt 0.254871 0.890359
vt 0.277114 0.890359
vt 0.277916 0.902012
vt 0.254202 0.991447
vt 0.252862 0.977507
vt 0.274839 0.977455
vt 0.276633 0.991447
vt 0.254246 0.913759
vt 0.277017 0.914194
vt 0.251256 0.951929
vt 0.251828 0.938607
vt 0.273989 0.939353
vt 0.273095 0.952443
vt 0.251825 0.965307
vt 0.273625 0.965440
vt 0.253019 0.925635
vt 0.275566 0.926390
vt 0.301434 0.901954
vt 0.300830 0.890359
vt 0.324299 0.890359
vt 0.324693 0.901782
vt 0.300559 0.991447
vt 0.298902 0.977749
vt 0.322881 0.977729
vt 0.324210 0.991447
vt 0.300444 0.914219
vt 0.323577 0.914455
vt 0.296937 0.952439
vt 0.297592 0.939252
vt 0.321064 0.940061
vt 0.320728 0.953092
vt 0.297651 0.965587
vt 0.321619 0.965813
vt 0.298995 0.926521
vt 0.322179 0.927297
vt 0.352868 0.901565
vt 0.352594 0.890359
vt 0.378926 0.890359
vt 0.378939 0.901257
vt 0.352721 0.991447
vt 0.351655 0.977964
vt 0.378419 0.978037
vt 0.378938 0.991447
vt 0.351753 0.914205
vt 0.377727 0.913823
vt 0.349482 0.953121
vt 0.349566 0.939991
vt 0.376076 0.939924
vt 0.376342 0.953137
vt 0.350458 0.965958
vt 0.377406 0.965978
vt 0.350424 0.927203
vt 0.376553 0.927041
vt 0.405772 0.890359
vt 0.405859 0.900977
vt 0.405434 0.978227
vt 0.405528 0.991447
vt 0.404759 0.913165
vt 0.403343 0.939317
vt 0.403682 0.952698
vt 0.404670 0.965901
vt 0.403696 0.926299
vt 0.112359 0.777145
vt 0.112292 0.787241
vt 0.088405 0.787553
vt 0.088230 0.777145
vt 0.111881 0.863088
vt 0.112866 0.876793
vt 0.089047 0.876793
vt 0.087733 0.863094
vt 0.111291 0.797854
vt 0.087414 0.798592
vt 0.109147 0.822762
vt 0.109192 0.836097
vt 0.084990 0.836609
vt 0.085068 0.823396
vt 0.110454 0.850234
vt 0.086214 0.850390
vt 0.109903 0.809666
vt 0.085962 0.810593
vt 0.308525 0.777145
vt 0.308981 0.787124
vt 0.283655 0.787416
vt 0.283163 0.777145
vt 0.307553 0.863005
vt 0.308346 0.876793
vt 0.283482 0.876793
vt 0.282465 0.862794
vt 0.309027 0.797683
vt 0.283600 0.798189
vt 0.307965 0.822551
vt 0.307295 0.835803
vt 0.281646 0.835837
vt 0.282277 0.822827
vt 0.307192 0.850041
vt 0.281809 0.849833
vt 0.308713 0.809537
vt 0.283125 0.810101
vt 0.433483 0.777145
vt 0.436013 0.786992
vt 0.408515 0.787167
vt 0.407662 0.777145
vt 0.435988 0.863051
vt 0.434563 0.876793
vt 0.408179 0.876793
vt 0.407775 0.863149
vt 0.437901 0.797968
vt 0.409481 0.798218
vt 0.439459 0.823381
vt 0.438811 0.836621
vt 0.409285 0.837149
vt 0.410059 0.823763
vt 0.437452 0.850403
vt 0.408312 0.850718
vt 0.439282 0.810398
vt 0.410220 0.810816
vt 0.820120 0.008466
vt 0.820738 0.018260
vt 0.794216 0.018504
vt 0.793711 0.008466
vt 0.820537 0.094928
vt 0.820762 0.109555
vt 0.795242 0.109555
vt 0.794156 0.094814
vt 0.821957 0.028275
vt 0.795142 0.028832
vt 0.823755 0.052440
vt 0.823116 0.065878
vt 0.795801 0.066442
vt 0.796415 0.053120
vt 0.821632 0.081020
vt 0.794676 0.081223
vt 0.823417 0.039348
vt 0.796290 0.040158
vt 0.847832 0.017906
vt 0.846951 0.008466
vt 0.871950 0.008466
vt 0.872793 0.018078
vt 0.847128 0.109555
vt 0.847353 0.095230
vt 0.872716 0.095291
vt 0.871916 0.109555
vt 0.849271 0.027774
vt 0.874309 0.028113
vt 0.850625 0.066394
vt 0.851297 0.052605
vt 0.876799 0.052673
vt 0.876316 0.066376
vt 0.848857 0.081575
vt 0.874523 0.081600
vt 0.850891 0.038955
vt 0.876062 0.039285
vt 0.921775 0.008466
vt 0.923712 0.018599
vt 0.898950 0.018306
vt 0.897626 0.008466
vt 0.922426 0.095695
vt 0.920976 0.109555
vt 0.897406 0.109555
vt 0.898277 0.095180
vt 0.926040 0.028435
vt 0.900789 0.028567
vt 0.929014 0.052858
vt 0.927977 0.066435
vt 0.902671 0.066787
vt 0.903454 0.053317
vt 0.925047 0.081966
vt 0.900421 0.081675
vt 0.928382 0.039479
vt 0.902727 0.039953
vt 0.025000 0.669864
vt 0.023766 0.658581
vt 0.036530 0.658581
vt 0.036970 0.669295
vt 0.026411 0.759659
vt 0.027169 0.749040
vt 0.040566 0.748135
vt 0.039388 0.759659
vt 0.027062 0.679157
vt 0.039342 0.678941
vt 0.034127 0.719162
vt 0.033060 0.704420
vt 0.044995 0.703977
vt 0.046715 0.718487
vt 0.030530 0.734659
vt 0.043097 0.734675
vt 0.029964 0.690956
vt 0.042075 0.690800
vt 0.944981 0.109555
vt 0.947176 0.097356
vt 0.975768 0.098500
vt 0.974892 0.109555
vt 0.949600 0.083935
vt 0.978759 0.084042
vt 0.953206 0.066994
vt 0.983046 0.068030
vt 0.954627 0.052383
vt 0.984572 0.053722
vt 0.953783 0.038464
vt 0.982807 0.040185
vt 0.951395 0.027665
vt 0.980746 0.028523
vt 0.948938 0.019056
vt 0.978728 0.019444
vt 0.947369 0.008466
vt 0.975362 0.008466
vt 0.072253 0.671320
vt 0.072417 0.658581
vt 0.081582 0.658581
vt 0.081486 0.671176
vt 0.075166 0.759659
vt 0.074209 0.745251
vt 0.083312 0.745517
vt 0.084378 0.759659
vt 0.073333 0.682783
vt 0.082940 0.682353
vt 0.076987 0.717614
vt 0.076425 0.705582
vt 0.085351 0.705244
vt 0.084997 0.717586
vt 0.075145 0.731959
vt 0.083496 0.731945
vt 0.074994 0.693816
vt 0.084723 0.693275
vt 0.052777 0.759659
vt 0.052754 0.747194
vt 0.062891 0.745973
vt 0.063829 0.759659
vt 0.055223 0.733740
vt 0.064520 0.732772
vt 0.058020 0.718173
vt 0.066781 0.717822
vt 0.056508 0.704859
vt 0.065700 0.705397
vt 0.053916 0.691906
vt 0.063668 0.693348
vt 0.051833 0.680300
vt 0.061539 0.681967
vt 0.050579 0.670004
vt 0.060563 0.670839
vt 0.050427 0.658581
vt 0.061543 0.658581
vt 0.100410 0.658581
vt 0.101047 0.671449
vt 0.092190 0.671713
vt 0.091921 0.658581
vt 0.106552 0.745202
vt 0.104934 0.759659
vt 0.095412 0.759659
vt 0.095562 0.745236
vt 0.102575 0.681872
vt 0.093486 0.682630
vt 0.107741 0.702864
vt 0.108958 0.715346
vt 0.097389 0.716847
vt 0.096737 0.704493
vt 0.107977 0.731115
vt 0.096158 0.731470
vt 0.104961 0.691876
vt 0.095301 0.692980
vt 0.117454 0.670931
vt 0.117166 0.658581
vt 0.121129 0.658581
vt 0.121220 0.671197
vt 0.123582 0.759659
vt 0.128093 0.744624
vt 0.134131 0.744735
vt 0.127792 0.759659
vt 0.120752 0.679649
vt 0.125440 0.679023
vt 0.130930 0.711977
vt 0.128726 0.700841
vt 0.133357 0.700396
vt 0.137157 0.711552
vt 0.124327 0.690395
vt 0.129206 0.690708
vt 0.131389 0.729506
vt 0.137339 0.729239
vt 0.103959 0.942374
vt 0.104548 0.954951
vt 0.105266 0.966845
vt 0.105916 0.978021
vt 0.106502 0.991447
vt 0.103419 0.890359
vt 0.103241 0.903441
vt 0.103056 0.916844
vt 0.103460 0.929946
vt 0.154988 0.991447
vt 0.153846 0.977469
vt 0.152955 0.965812
vt 0.152189 0.953193
vt 0.151875 0.940238
vt 0.151841 0.927568
vt 0.152037 0.915336
vt 0.152581 0.902525
vt 0.152453 0.890359
vt 0.036250 0.876793
vt 0.034858 0.863397
vt 0.062131 0.863219
vt 0.063713 0.876793
vt 0.033381 0.850989
vt 0.060556 0.850858
vt 0.032350 0.837582
vt 0.059444 0.837520
vt 0.032556 0.824215
vt 0.059752 0.824295
vt 0.033536 0.811454
vt 0.060890 0.811486
vt 0.035096 0.799071
vt 0.062526 0.799050
vt 0.036322 0.787566
vt 0.063623 0.787531
vt 0.036146 0.777145
vt 0.063311 0.777145
vt 0.158817 0.777145
vt 0.158661 0.786778
vt 0.136605 0.786910
vt 0.136697 0.777145
vt 0.157534 0.796882
vt 0.135553 0.797190
vt 0.155902 0.808503
vt 0.134044 0.808845
vt 0.154790 0.821927
vt 0.133112 0.822143
vt 0.154629 0.835685
vt 0.133052 0.835813
vt 0.155812 0.850352
vt 0.134277 0.850315
vt 0.157222 0.863483
vt 0.135711 0.863345
vt 0.158210 0.876793
vt 0.136728 0.876793
vt 0.183056 0.777145
vt 0.182880 0.786757
vt 0.181782 0.796951
vt 0.180111 0.808763
vt 0.178819 0.821993
vt 0.178472 0.835819
vt 0.179512 0.850433
vt 0.180853 0.863589
vt 0.181807 0.876793
vt 0.231096 0.876793
vt 0.229727 0.863302
vt 0.258018 0.862978
vt 0.259298 0.876793
vt 0.228471 0.850337
vt 0.257043 0.850275
vt 0.227837 0.836228
vt 0.256649 0.836350
vt 0.228524 0.822948
vt 0.257418 0.823197
vt 0.229885 0.810197
vt 0.258514 0.810453
vt 0.230954 0.798053
vt 0.259350 0.798276
vt 0.231522 0.787302
vt 0.259500 0.787376
vt 0.231066 0.777145
vt 0.259026 0.777145
vt 0.382014 0.876793
vt 0.381459 0.863169
vt 0.381659 0.850532
vt 0.382354 0.836929
vt 0.383072 0.823725
vt 0.383464 0.810887
vt 0.383095 0.798355
vt 0.382570 0.787246
vt 0.381884 0.777145
vt 0.012746 0.933871
vt 0.012444 0.917376
vt 0.014579 0.917523
vt 0.014953 0.933882
vt 0.012774 0.903449
vt 0.014768 0.903711
vt 0.013183 0.890359
vt 0.015199 0.890359
vt 0.016537 0.959913
vt 0.013916 0.946415
vt 0.016128 0.946168
vt 0.018496 0.959580
vt 0.019242 0.991447
vt 0.018701 0.981214
vt 0.020465 0.980989
vt 0.021189 0.991447
vt 0.017597 0.970471
vt 0.019419 0.970225
vt 0.935546 0.145725
vt 0.934038 0.149461
vt 0.930867 0.145818
vt 0.934040 0.142680
vt 0.930710 0.141937
vt 0.930489 0.150283
vt 0.927448 0.148241
vt 0.927933 0.142478
vt 0.926683 0.145030
vt 0.018494 0.946060
vt 0.017341 0.933815
vt 0.020302 0.933699
vt 0.021403 0.945824
vt 0.020604 0.959272
vt 0.023209 0.958837
vt 0.021399 0.969994
vt 0.023844 0.969693
vt 0.022355 0.980764
vt 0.024687 0.980518
vt 0.023105 0.991447
vt 0.025342 0.991447
vt 0.016884 0.903985
vt 0.017188 0.890359
vt 0.019504 0.890359
vt 0.019521 0.904333
vt 0.016878 0.917680
vt 0.019762 0.917901
vt 0.030329 0.933174
vt 0.031087 0.945254
vt 0.027271 0.945527
vt 0.026345 0.933376
vt 0.031952 0.957604
vt 0.028486 0.958083
vt 0.032228 0.968915
vt 0.028893 0.969228
vt 0.032671 0.979796
vt 0.029500 0.980071
vt 0.033128 0.991447
vt 0.030006 0.991447
vt 0.027521 0.890359
vt 0.028434 0.905476
vt 0.024909 0.905025
vt 0.024295 0.890359
vt 0.029415 0.918624
vt 0.025585 0.918341
vt 0.010154 0.917239
vt 0.010412 0.933767
vt 0.008231 0.933478
vt 0.008096 0.917047
vt 0.010592 0.903168
vt 0.008653 0.902818
vt 0.010666 0.890359
vt 0.008048 0.890359
vt 0.016748 0.981471
vt 0.016771 0.991447
vt 0.014159 0.991447
vt 0.015121 0.981713
vt 0.015601 0.970747
vt 0.014023 0.971375
vt 0.014335 0.960225
vt 0.012495 0.960616
vt 0.011508 0.946645
vt 0.009622 0.946965
vt 0.023438 0.933531
vt 0.024452 0.945690
vt 0.025959 0.958454
vt 0.026478 0.969461
vt 0.027194 0.980280
vt 0.027744 0.991447
vt 0.021974 0.890359
vt 0.022318 0.904690
vt 0.022777 0.918120
vt 0.034653 0.932985
vt 0.035242 0.944951
vt 0.035664 0.957097
vt 0.035801 0.968570
vt 0.036090 0.979513
vt 0.036521 0.991447
vt 0.031089 0.890359
vt 0.032234 0.905979
vt 0.033560 0.918943
vt 0.939709 0.145178
vt 0.937320 0.152970
vt 0.935718 0.151401
vt 0.937801 0.145445
vt 0.935966 0.139754
vt 0.935077 0.141096
vt 0.930120 0.138817
vt 0.930390 0.140248
vt 0.925906 0.140567
vt 0.926835 0.141437
vt 0.923752 0.144745
vt 0.925097 0.144873
vt 0.924172 0.149522
vt 0.925685 0.148948
vt 0.928935 0.153977
vt 0.929731 0.152295
vt 0.939437 0.154677
vt 0.927819 0.155895
vt 0.922402 0.150144
vt 0.922202 0.144607
vt 0.924819 0.139564
vt 0.929809 0.137152
vt 0.937003 0.138207
vt 0.941943 0.144845
vt 0.046033 0.979333
vt 0.045583 0.968272
vt 0.045306 0.956622
vt 0.044811 0.944356
vt 0.044155 0.932265
vt 0.043175 0.918393
vt 0.042109 0.905378
vt 0.041369 0.890359
vt 0.046417 0.991447
vt 0.126006 0.941862
vt 0.126492 0.954267
vt 0.127259 0.966063
vt 0.128039 0.977224
vt 0.128925 0.991447
vt 0.125991 0.890359
vt 0.125993 0.903024
vt 0.125530 0.916774
vt 0.125676 0.929557
vt 0.230220 0.890359
vt 0.230481 0.901989
vt 0.229531 0.913838
vt 0.228513 0.925717
vt 0.227644 0.938698
vt 0.227330 0.951870
vt 0.227932 0.965113
vt 0.228905 0.977286
vt 0.230113 0.991447
vt 0.433884 0.890359
vt 0.434314 0.900625
vt 0.433428 0.912587
vt 0.432543 0.925809
vt 0.432477 0.939196
vt 0.432826 0.952848
vt 0.433714 0.966209
vt 0.434202 0.978527
vt 0.433712 0.991447
vt 0.009343 0.876793
vt 0.008234 0.863938
vt 0.007334 0.851583
vt 0.006787 0.838158
vt 0.006883 0.824510
vt 0.007442 0.811315
vt 0.008382 0.798471
vt 0.009325 0.786981
vt 0.009753 0.777145
vt 0.206316 0.786599
vt 0.206264 0.777145
vt 0.205516 0.796999
vt 0.204018 0.809338
vt 0.202676 0.822748
vt 0.202139 0.836721
vt 0.203025 0.850969
vt 0.204346 0.863830
vt 0.205498 0.876793
vt 0.333138 0.777145
vt 0.333445 0.787154
vt 0.333462 0.797801
vt 0.333281 0.809796
vt 0.332687 0.822660
vt 0.332073 0.835978
vt 0.331788 0.850082
vt 0.331871 0.863086
vt 0.332321 0.876793
vt 0.356162 0.777145
vt 0.356491 0.786840
vt 0.356654 0.797782
vt 0.356700 0.810341
vt 0.356322 0.823523
vt 0.355782 0.837041
vt 0.355377 0.850771
vt 0.355282 0.863402
vt 0.355619 0.876793
vt 0.766764 0.018428
vt 0.740163 0.018139
vt 0.742068 0.008466
vt 0.766870 0.008466
vt 0.766994 0.029097
vt 0.739452 0.029083
vt 0.767555 0.041174
vt 0.739430 0.041667
vt 0.767321 0.054360
vt 0.739058 0.054931
vt 0.766698 0.067893
vt 0.738491 0.068685
vt 0.766015 0.082182
vt 0.738166 0.083111
vt 0.766317 0.095204
vt 0.739092 0.096262
vt 0.768368 0.109555
vt 0.742913 0.109555
vt 0.009677 0.759659
vt 0.012011 0.749146
vt 0.015989 0.735679
vt 0.019908 0.719902
vt 0.019175 0.705119
vt 0.015247 0.691395
vt 0.012462 0.679565
vt 0.010940 0.670240
vt 0.010147 0.658581
vt 0.107836 0.671226
vt 0.107058 0.658581
vt 0.109489 0.681058
vt 0.112127 0.691038
vt 0.115679 0.701923
vt 0.117210 0.714706
vt 0.116838 0.730808
vt 0.112311 0.759659
vt 0.114797 0.744929
vt 0.118184 0.759659
vt 0.121833 0.744964
vt 0.124602 0.730332
vt 0.124711 0.713207
vt 0.122878 0.701042
vt 0.118663 0.690521
vt 0.115528 0.680289
vt 0.112950 0.671007
vt 0.112345 0.658581
vt 0.365638 0.145581
vt 0.353369 0.143579
vt 0.352402 0.128945
vt 0.364466 0.134307
vt 0.367493 0.120581
vt 0.354789 0.110389
vt 0.362520 0.094307
vt 0.374147 0.108616
vt 0.374410 0.082666
vt 0.384486 0.098958
vt 0.457415 0.059814
vt 0.455921 0.079332
vt 0.423535 0.079471
vt 0.420892 0.059194
vt 0.396560 0.087152
vt 0.388351 0.068539
vt 0.501411 0.097444
vt 0.479392 0.085986
vt 0.483414 0.071288
vt 0.507524 0.082319
vt 0.555463 0.152048
vt 0.539809 0.129580
vt 0.548350 0.119090
vt 0.562662 0.144176
vt 0.355349 0.174300
vt 0.368263 0.192401
vt 0.351991 0.195664
vt 0.342382 0.203177
vt 0.346203 0.205802
vt 0.396376 0.145698
vt 0.403963 0.142095
vt 0.408671 0.163710
vt 0.412843 0.137658
vt 0.430924 0.132951
vt 0.434102 0.159866
vt 0.447085 0.132668
vt 0.448576 0.162666
vt 0.463075 0.135606
vt 0.478264 0.141690
vt 0.461832 0.166088
vt 0.489127 0.179985
vt 0.508456 0.161963
vt 0.525228 0.177329
vt 0.507103 0.192225
vt 0.539947 0.194413
vt 0.551750 0.212383
vt 0.536862 0.221211
vt 0.523667 0.206532
vt 0.386638 0.177108
vt 0.381835 0.162602
vt 0.368050 0.176283
vt 0.562031 0.234509
vt 0.569661 0.257365
vt 0.563910 0.260369
vt 0.551239 0.240455
vt 0.575700 0.285361
vt 0.488809 0.211664
vt 0.474860 0.199803
vt 0.513199 0.238136
vt 0.501553 0.224323
vt 0.535172 0.273723
vt 0.525087 0.255313
vt 0.544108 0.295271
vt 0.572826 0.308257
vt 0.547944 0.314329
vt 0.565969 0.347494
vt 0.548967 0.350477
vt 0.549333 0.332793
vt 0.570216 0.328537
vt 0.560827 0.365698
vt 0.547117 0.367758
vt 0.538422 0.400557
vt 0.549403 0.400422
vt 0.543450 0.416771
vt 0.533300 0.416116
vt 0.528587 0.430538
vt 0.536617 0.431257
vt 0.528971 0.445264
vt 0.523875 0.445046
vt 0.426980 0.175109
vt 0.408655 0.175238
vt 0.394943 0.184833
vt 0.379218 0.195942
vt 0.530975 0.354418
vt 0.532162 0.370676
vt 0.498314 0.373551
vt 0.496558 0.358527
vt 0.434350 0.237845
vt 0.461250 0.213617
vt 0.473910 0.226672
vt 0.443743 0.247979
vt 0.484587 0.241309
vt 0.492062 0.253420
vt 0.458850 0.269427
vt 0.451966 0.258925
vt 0.501160 0.268507
vt 0.509853 0.283814
vt 0.474592 0.296570
vt 0.467042 0.282869
vt 0.519304 0.302216
vt 0.482751 0.313189
vt 0.524796 0.320346
vt 0.488579 0.328076
vt 0.493259 0.343310
vt 0.528424 0.337756
vt 0.566347 0.176856
vt 0.573020 0.172305
vt 0.525555 0.114254
vt 0.534142 0.102505
vt 0.495380 0.151755
vt 0.476580 0.172683
vt 0.463938 0.191268
vt 0.451146 0.183071
vt 0.439026 0.198364
vt 0.450630 0.205658
vt 0.426139 0.230962
vt 0.412600 0.221813
vt 0.545724 0.160494
vt 0.559198 0.181487
vt 0.530035 0.141248
vt 0.493167 0.114643
vt 0.515666 0.127508
vt 0.473635 0.106118
vt 0.452903 0.101687
vt 0.427566 0.102694
vt 0.406676 0.111307
vt 0.395942 0.119377
vt 0.386756 0.125997
vt 0.373654 0.143567
vt 0.368270 0.157964
vt 0.571125 0.203416
vt 0.577609 0.228841
vt 0.577717 0.254957
vt 0.439550 0.177902
vt 0.518051 0.432326
vt 0.513783 0.448007
vt 0.527120 0.401968
vt 0.522569 0.416857
vt 0.427966 0.193102
vt 0.415834 0.187923
vt 0.466919 0.358310
vt 0.457124 0.332246
vt 0.445728 0.306391
vt 0.433096 0.284737
vt 0.420381 0.263419
vt 0.407402 0.251830
vt 0.394200 0.240205
vt 0.518936 0.457973
vt 0.521462 0.458094
vt 0.513104 0.470630
vt 0.509367 0.463069
vt 0.503916 0.478266
vt 0.498186 0.404123
vt 0.497116 0.419508
vt 0.487278 0.480479
vt 0.490794 0.465334
vt 0.495786 0.435154
vt 0.493795 0.450639
vt 0.473236 0.396201
vt 0.475187 0.412124
vt 0.475269 0.480752
vt 0.476844 0.464048
vt 0.476846 0.429807
vt 0.477398 0.447273
vt 0.399735 0.215227
vt 0.385947 0.209231
vt 0.377899 0.231207
vt 0.360984 0.221296
vt 0.401748 0.288115
vt 0.413030 0.305554
vt 0.384318 0.317530
vt 0.374534 0.302052
vt 0.422579 0.323455
vt 0.431418 0.343541
vt 0.404092 0.351825
vt 0.393557 0.333188
vt 0.437998 0.362031
vt 0.412216 0.368780
vt 0.365517 0.288397
vt 0.391195 0.273912
vt 0.316235 0.216615
vt 0.335519 0.220489
vt 0.321276 0.233571
vt 0.420086 0.402686
vt 0.445805 0.398339
vt 0.447411 0.415737
vt 0.420033 0.419191
vt 0.446494 0.465989
vt 0.444102 0.482745
vt 0.414193 0.486014
vt 0.416207 0.468979
vt 0.418956 0.435768
vt 0.448119 0.432703
vt 0.447768 0.449602
vt 0.417448 0.452404
vt 0.352062 0.233031
vt 0.332997 0.248134
vt 0.344742 0.261453
vt 0.366538 0.246022
vt 0.379636 0.260245
vt 0.355874 0.274973
vt 0.376317 0.358826
vt 0.381353 0.375383
vt 0.343904 0.382187
vt 0.342038 0.365650
vt 0.369412 0.340620
vt 0.339055 0.347089
vt 0.355606 0.309510
vt 0.362737 0.325050
vt 0.336324 0.331859
vt 0.333231 0.316524
vt 0.329908 0.303427
vt 0.349186 0.296076
vt 0.345441 0.414023
vt 0.385949 0.407826
vt 0.385884 0.423576
vt 0.345382 0.429133
vt 0.381009 0.471991
vt 0.378184 0.488906
vt 0.336693 0.492570
vt 0.339845 0.476238
vt 0.344621 0.444919
vt 0.384935 0.439761
vt 0.383242 0.455868
vt 0.342841 0.460499
vt 0.319766 0.275534
vt 0.332630 0.268585
vt 0.341999 0.282878
vt 0.325734 0.290512
vt 0.304798 0.243008
vt 0.321617 0.255767
vt 0.313129 0.260798
vt 0.295567 0.216084
vt 0.324475 0.554304
vt 0.359246 0.551754
vt 0.353447 0.570943
vt 0.320916 0.573330
vt 0.394640 0.548522
vt 0.385866 0.568430
vt 0.421676 0.544016
vt 0.413160 0.564115
vt 0.455859 0.538657
vt 0.447146 0.564077
vt 0.373705 0.506421
vt 0.332926 0.509757
vt 0.410173 0.503502
vt 0.438900 0.499781
vt 0.471062 0.496940
vt 0.329058 0.530181
vt 0.366652 0.527153
vt 0.402458 0.524139
vt 0.429868 0.519952
vt 0.463030 0.515732
vt 0.482229 0.496095
vt 0.475278 0.515312
vt 0.469337 0.535727
vt 0.498764 0.495285
vt 0.483943 0.517090
vt 0.297247 0.570994
vt 0.273348 0.568635
vt 0.273448 0.549482
vt 0.299915 0.551858
vt 0.279800 0.411074
vt 0.312769 0.412857
vt 0.312604 0.427800
vt 0.278841 0.426555
vt 0.275761 0.492906
vt 0.276441 0.476373
vt 0.309102 0.475150
vt 0.307154 0.491573
vt 0.311127 0.459601
vt 0.277089 0.460044
vt 0.277999 0.443388
vt 0.312183 0.443593
vt 0.275030 0.509715
vt 0.304668 0.508913
vt 0.274185 0.528471
vt 0.302490 0.529281
vt 0.314115 0.382402
vt 0.314665 0.366538
vt 0.282158 0.379401
vt 0.283907 0.363478
vt 0.314663 0.348586
vt 0.314549 0.333933
vt 0.314087 0.319038
vt 0.312947 0.305402
vt 0.308210 0.276706
vt 0.310992 0.291666
vt 0.306021 0.261374
vt 0.293136 0.248274
vt 0.291332 0.216937
vt 0.286313 0.345550
vt 0.288040 0.331073
vt 0.289555 0.317040
vt 0.291039 0.304985
vt 0.292463 0.292727
vt 0.293743 0.278657
vt 0.294146 0.264361
vt 0.230530 0.553938
vt 0.235017 0.573569
vt 0.218337 0.575648
vt 0.211572 0.555478
vt 0.209085 0.418785
vt 0.231956 0.417307
vt 0.229648 0.432623
vt 0.206223 0.434542
vt 0.225081 0.480352
vt 0.224812 0.496810
vt 0.200817 0.499073
vt 0.200835 0.482670
vt 0.203598 0.450729
vt 0.227491 0.448519
vt 0.225848 0.464358
vt 0.201634 0.466799
vt 0.225847 0.513662
vt 0.202502 0.515578
vt 0.206657 0.534303
vt 0.228017 0.532609
vt 0.245565 0.370120
vt 0.239177 0.385824
vt 0.217520 0.386751
vt 0.223876 0.370412
vt 0.231660 0.352293
vt 0.255534 0.351251
vt 0.264058 0.320368
vt 0.259912 0.335478
vt 0.237655 0.337232
vt 0.243686 0.321938
vt 0.249602 0.308840
vt 0.268226 0.307656
vt 0.263987 0.281696
vt 0.278596 0.280412
vt 0.272872 0.295029
vt 0.256203 0.295928
vt 0.284834 0.265913
vt 0.271650 0.267399
vt 0.278987 0.250696
vt 0.284918 0.218734
vt 0.257292 0.369084
vt 0.256974 0.384601
vt 0.253286 0.414944
vt 0.251591 0.429871
vt 0.250336 0.446066
vt 0.249487 0.462177
vt 0.247902 0.494995
vt 0.248688 0.478343
vt 0.247636 0.511872
vt 0.247662 0.530685
vt 0.247669 0.551796
vt 0.250623 0.571196
vt 0.205607 0.577132
vt 0.198640 0.557703
vt 0.191558 0.388370
vt 0.196666 0.371371
vt 0.203590 0.352964
vt 0.209678 0.337408
vt 0.216302 0.321993
vt 0.222901 0.308818
vt 0.230389 0.295959
vt 0.240037 0.281391
vt 0.250104 0.267342
vt 0.261287 0.251290
vt 0.274106 0.220773
vt 0.185976 0.420766
vt 0.184384 0.436222
vt 0.184311 0.501395
vt 0.182974 0.484943
vt 0.182285 0.468834
vt 0.182977 0.452445
vt 0.187312 0.517987
vt 0.192736 0.536735
vt 0.183582 0.560008
vt 0.191068 0.578843
vt 0.178973 0.580459
vt 0.171184 0.561835
vt 0.163638 0.541171
vt 0.176381 0.539373
vt 0.164983 0.504145
vt 0.170140 0.520699
vt 0.156958 0.522798
vt 0.150769 0.506358
vt 0.161367 0.487751
vt 0.146322 0.489903
vt 0.139954 0.457624
vt 0.157548 0.455168
vt 0.158701 0.471624
vt 0.142355 0.473821
vt 0.138889 0.424756
vt 0.158308 0.423557
vt 0.157532 0.438887
vt 0.138901 0.441043
vt 0.167340 0.373632
vt 0.163095 0.390849
vt 0.141710 0.389574
vt 0.144957 0.371109
vt 0.151196 0.349779
vt 0.174110 0.353799
vt 0.189547 0.320047
vt 0.181246 0.336683
vt 0.159027 0.330792
vt 0.168713 0.312777
vt 0.178792 0.297304
vt 0.198208 0.305623
vt 0.205839 0.266088
vt 0.220343 0.275585
vt 0.207933 0.291749
vt 0.190262 0.282795
vt 0.244312 0.235817
vt 0.249893 0.244569
vt 0.233575 0.260559
vt 0.222820 0.251111
vt 0.210384 0.238503
vt 0.234134 0.224690
vt 0.143267 0.319042
vt 0.153916 0.297791
vt 0.165246 0.282811
vt 0.192463 0.252870
vt 0.176419 0.269081
vt 0.132634 0.340423
vt 0.125778 0.363922
vt 0.268022 0.211887
vt 0.282708 0.199871
vt 0.318656 0.191627
vt 0.329802 0.186366
vt 0.310295 0.188669
vt 0.298187 0.195462
vt 0.304011 0.184677
vt 0.283725 0.181045
vt 0.272599 0.182903
vt 0.121703 0.383656
vt 0.119657 0.420726
vt 0.120740 0.438129
vt 0.126317 0.473122
vt 0.122916 0.455735
vt 0.136127 0.507518
vt 0.130986 0.490212
vt 0.143186 0.524577
vt 0.162294 0.563921
vt 0.152204 0.543002
vt 0.171511 0.581764
vt 0.161336 0.583824
vt 0.149675 0.566900
vt 0.137286 0.546370
vt 0.125778 0.527877
vt 0.116763 0.510359
vt 0.110055 0.492120
vt 0.104022 0.474031
vt 0.098747 0.455842
vt 0.092019 0.418039
vt 0.094795 0.437209
vt 0.092388 0.377867
vt 0.096326 0.357124
vt 0.101280 0.338986
vt 0.119201 0.296583
vt 0.129785 0.280349
vt 0.141161 0.265394
vt 0.173048 0.233509
vt 0.153926 0.250152
vt 0.192563 0.219215
vt 0.217972 0.206005
vt 0.258232 0.196565
vt 0.238424 0.164778
vt 0.244232 0.180021
vt 0.197273 0.176139
vt 0.189360 0.160617
vt 0.166536 0.183153
vt 0.159683 0.168883
vt 0.136378 0.181223
vt 0.144175 0.195019
vt 0.123947 0.211210
vt 0.115460 0.197121
vt 0.048760 0.354984
vt 0.051336 0.377758
vt 0.038664 0.379497
vt 0.034495 0.355598
vt 0.066510 0.281151
vt 0.049093 0.275515
vt 0.063856 0.251413
vt 0.080764 0.259641
vt 0.100023 0.210904
vt 0.111407 0.223346
vt 0.099816 0.236144
vt 0.085556 0.225615
vt 0.054360 0.312544
vt 0.050130 0.333633
vt 0.034316 0.332826
vt 0.037273 0.310224
vt 0.054726 0.421773
vt 0.063250 0.419849
vt 0.070424 0.439454
vt 0.064015 0.441196
vt 0.072700 0.459516
vt 0.078666 0.457736
vt 0.087962 0.475679
vt 0.081526 0.477557
vt 0.097930 0.513592
vt 0.089438 0.495103
vt 0.097703 0.492780
vt 0.107639 0.510639
vt 0.107545 0.534849
vt 0.118490 0.529906
vt 0.138081 0.569850
vt 0.116447 0.546396
vt 0.129683 0.547729
vt 0.142661 0.567731
vt 0.152623 0.585464
vt 0.086003 0.496052
vt 0.177399 0.201654
vt 0.207208 0.192614
vt 0.183733 0.209015
vt 0.156454 0.211479
vt 0.165609 0.221412
vt 0.148990 0.235299
vt 0.137753 0.224559
vt 0.100657 0.292016
vt 0.084905 0.287558
vt 0.098506 0.268456
vt 0.113988 0.274771
vt 0.088162 0.318048
vt 0.082798 0.336493
vt 0.066114 0.334796
vt 0.071662 0.315488
vt 0.079762 0.355406
vt 0.078488 0.376858
vt 0.064410 0.376100
vt 0.063461 0.354444
vt 0.074169 0.417477
vt 0.083645 0.417608
vt 0.088562 0.436816
vt 0.080752 0.436786
vt 0.086920 0.455444
vt 0.093071 0.455418
vt 0.098305 0.473847
vt 0.093829 0.474133
vt 0.100789 0.492001
vt 0.103054 0.491819
vt 0.135264 0.249736
vt 0.141878 0.242361
vt 0.107712 0.321123
vt 0.126997 0.235013
vt 0.117105 0.246314
vt 0.179427 0.138475
vt 0.231374 0.144867
vt 0.148081 0.149277
vt 0.103560 0.183706
vt 0.124591 0.164630
vt 0.074244 0.215111
vt 0.088562 0.199043
vt 0.036811 0.271679
vt 0.052334 0.244644
vt 0.025222 0.331410
vt 0.026862 0.307895
vt 0.031739 0.379805
vt 0.026996 0.354991
vt 0.048298 0.423020
vt 0.057622 0.442005
vt 0.065576 0.459906
vt 0.074675 0.478698
vt 0.259150 0.151902
vt 0.264947 0.167480
vt 0.275423 0.166686
vt 0.281427 0.164707
vt 0.289016 0.172989
vt 0.062231 0.460746
vt 0.041572 0.424976
vt 0.051349 0.443860
vt 0.024696 0.380525
vt 0.019189 0.355009
vt 0.016328 0.330063
vt 0.016219 0.304980
vt 0.031280 0.290169
vt 0.018369 0.283980
vt 0.021683 0.262963
vt 0.060602 0.202768
vt 0.048720 0.192581
vt 0.062325 0.170578
vt 0.073877 0.182801
vt 0.077360 0.149578
vt 0.100549 0.124639
vt 0.110046 0.142235
vt 0.088031 0.163713
vt 0.128180 0.105598
vt 0.163871 0.094657
vt 0.168349 0.114287
vt 0.135652 0.125742
vt 0.215052 0.105454
vt 0.222997 0.122911
vt 0.251612 0.137128
vt 0.034154 0.426888
vt 0.043038 0.447112
vt 0.018691 0.380654
vt 0.011744 0.354901
vt 0.007951 0.329466
vt 0.007674 0.304092
vt 0.124373 0.262113
vt 0.089860 0.247625
vt 0.107484 0.257164
vt 0.074155 0.238072
vt 0.062639 0.229468
vt 0.039328 0.237133
vt 0.048235 0.219272
vt 0.028812 0.230730
vt 0.037547 0.211039
vt 0.266917 0.150957
vt 0.272719 0.149827
vt 0.268124 0.137395
vt 0.155791 0.077093
vt 0.120086 0.090520
vt 0.134158 0.064566
vt 0.206948 0.082635
vt 0.183285 0.059211
vt 0.209850 0.065286
vt 0.241661 0.091183
vt 0.061285 0.121268
vt 0.087649 0.097087
vt 0.094922 0.114608
vt 0.069291 0.138262
vt 0.045465 0.161129
vt 0.040199 0.184844
vt 0.032058 0.177210
vt 0.036641 0.152472
vt 0.258200 0.101052
vt 0.054389 0.160277
vt 0.030079 0.203791
vt 0.023358 0.222035
vt 0.015587 0.261416
vt 0.010666 0.282923
vt 0.147808 0.033631
vt 0.129225 0.040956
vt 0.122719 0.023599
vt 0.141449 0.014893
vt 0.199100 0.034856
vt 0.181467 0.030432
vt 0.177611 0.008032
vt 0.197256 0.009458
vt 0.238453 0.059916
vt 0.226504 0.050862
vt 0.228556 0.025761
vt 0.242147 0.046500
vt 0.252277 0.069633
vt 0.254605 0.084119
vt 0.073299 0.062906
vt 0.080727 0.075716
vt 0.066400 0.092142
vt 0.059034 0.080924
vt 0.051732 0.113777
vt 0.042505 0.132402
vt 0.035531 0.124445
vt 0.045156 0.104879
vt 0.066323 0.482030
vt 0.054173 0.464884
vt 0.094008 0.514668
vt 0.079455 0.498180
vt 0.496135 0.066506
vt 0.477161 0.056877
vt 0.481536 0.036999
vt 0.495416 0.046487
vt 0.539002 0.096008
vt 0.522330 0.073986
vt 0.434315 0.046218
vt 0.435661 0.024845
vt 0.452104 0.026658
vt 0.458912 0.045982
vt 0.374269 0.036598
vt 0.388620 0.029122
vt 0.398660 0.051986
vt 0.379959 0.058309
vt 0.351012 0.061715
vt 0.364764 0.074467
vt 0.352042 0.088053
vt 0.341648 0.074964
vt 0.346830 0.108063
vt 0.331316 0.100462
vt 0.335274 0.087793
vt 0.344005 0.126945
vt 0.331359 0.134881
vt 0.329219 0.124543
vt 0.551617 0.114171
vt 0.566310 0.140473
vt 0.345827 0.142192
vt 0.348363 0.174669
vt 0.340432 0.184024
vt 0.326697 0.083053
vt 0.333447 0.068297
vt 0.361082 0.048882
vt 0.355889 0.040091
vt 0.371408 0.028202
vt 0.404206 0.025221
vt 0.403541 0.015532
vt 0.420468 0.013477
vt 0.420575 0.024587
vt 0.454544 0.015838
vt 0.471539 0.020036
vt 0.467976 0.030818
vt 0.508043 0.057853
vt 0.500285 0.035134
vt 0.513201 0.047118
vt 0.528284 0.064654
vt 0.544580 0.088687
vt 0.553845 0.109064
vt 0.576233 0.200849
vt 0.025515 0.203559
vt 0.024878 0.211454
vt 0.105337 0.034893
vt 0.112080 0.050665
vt 0.096988 0.061263
vt 0.089962 0.046834
vt 0.158075 0.010072
vt 0.163499 0.030050
vt 0.028799 0.145099
vt 0.025899 0.170081
vt 0.386931 0.020380
vt 0.343681 0.053161
vt 0.436747 0.013718
vt 0.485742 0.025713
vt 0.322746 0.097574
vt 0.415853 0.045821
vt 0.161125 0.053917
vt 0.113014 0.072195
vt 0.050559 0.137422
vt 0.212843 0.041869
vt 0.213727 0.015415
vt 0.226185 0.596467
vt 0.241014 0.594400
vt 0.247255 0.617417
vt 0.234314 0.619344
vt 0.254999 0.592564
vt 0.272793 0.590551
vt 0.272201 0.614112
vt 0.259116 0.616197
vt 0.293743 0.591781
vt 0.290240 0.614872
vt 0.315935 0.594301
vt 0.310403 0.617317
vt 0.345162 0.592942
vt 0.335948 0.617233
vt 0.372688 0.591636
vt 0.357675 0.616965
vt 0.392627 0.588612
vt 0.369536 0.615864
vt 0.420035 0.584595
vt 0.387621 0.613809
vt 0.211674 0.621978
vt 0.200396 0.599454
vt 0.213873 0.597799
vt 0.222940 0.620635
vt 0.200792 0.622594
vt 0.189057 0.600711
vt 0.192891 0.623241
vt 0.180379 0.600458
vt 0.180633 0.613344
vt 0.171300 0.600085
vt 0.166938 0.600016
vt 0.286667 0.649458
vt 0.288367 0.632278
vt 0.306081 0.633732
vt 0.301134 0.649747
vt 0.272695 0.648585
vt 0.272217 0.631421
vt 0.262484 0.649266
vt 0.261154 0.632310
vt 0.254171 0.633053
vt 0.247556 0.648965
vt 0.240540 0.634266
vt 0.236107 0.651070
vt 0.229290 0.635405
vt 0.222962 0.636348
vt 0.222207 0.653090
vt 0.210213 0.638198
vt 0.207567 0.638227
vt 0.327289 0.634188
vt 0.317209 0.650626
vt 0.345307 0.633767
vt 0.331894 0.651641
vt 0.351889 0.633497
vt 0.363468 0.633251
vt 0.338781 0.654269
vt 0.253735 0.659949
vt 0.264281 0.660592
vt 0.266657 0.672014
vt 0.259254 0.671472
vt 0.272794 0.660107
vt 0.273162 0.671674
vt 0.243657 0.661697
vt 0.250827 0.672450
vt 0.233164 0.662403
vt 0.243214 0.672439
vt 0.284918 0.660372
vt 0.282427 0.671901
vt 0.297143 0.660250
vt 0.291980 0.671973
vt 0.309601 0.660664
vt 0.303893 0.670365
vt 0.320376 0.661915
vt 0.309557 0.671237
vt 0.326861 0.663196
vt 0.315212 0.672783
vt 0.263752 0.683318
vt 0.269852 0.683165
vt 0.274675 0.695783
vt 0.266996 0.696004
vt 0.273764 0.683172
vt 0.279115 0.683192
vt 0.286864 0.683684
vt 0.282511 0.696851
vt 0.263690 0.695549
vt 0.257483 0.683514
vt 0.252190 0.683563
vt 0.259946 0.696066
vt 0.298279 0.680954
vt 0.289699 0.694299
vt 0.304538 0.683206
vt 0.295524 0.694579
vt 0.275422 0.712013
vt 0.269828 0.711304
vt 0.282547 0.711235
vt 0.266325 0.710852
vt 0.289833 0.709438
vt 0.274553 0.740280
vt 0.272437 0.723744
vt 0.276405 0.724396
vt 0.276891 0.740020
vt 0.280916 0.723299
vt 0.279776 0.738836
vt 0.269685 0.722334
vt 0.272417 0.739356
vt 0.286512 0.719680
vt 0.282689 0.736864
vt 0.278619 0.756163
vt 0.279675 0.754946
vt 0.277144 0.755732
vt 0.274956 0.751327
vt 0.354738 0.158743
vt 0.346269 0.156870
vt 0.338613 0.155202
vt 0.323401 0.135886
vt 0.321138 0.124156
vt 0.335405 0.170228
vt 0.329000 0.113710
vt 0.321000 0.112053
vt 0.745704 0.857520
vt 0.758162 0.857707
vt 0.755283 0.868172
vt 0.742435 0.871335
vt 0.756680 0.882439
vt 0.762405 0.895543
vt 0.749929 0.907859
vt 0.743457 0.890247
vt 0.772231 0.906442
vt 0.760938 0.921317
vt 0.842473 0.949987
vt 0.805691 0.949362
vt 0.809694 0.929237
vt 0.841725 0.931429
vt 0.773544 0.937656
vt 0.783627 0.919543
vt 0.876937 0.917699
vt 0.880478 0.932214
vt 0.862034 0.941007
vt 0.859916 0.926632
vt 0.939070 0.860634
vt 0.948187 0.870518
vt 0.935198 0.894260
vt 0.923802 0.881719
vt 0.765336 0.822815
vt 0.755584 0.812045
vt 0.770402 0.813656
vt 0.736519 0.796639
vt 0.751198 0.790505
vt 0.794619 0.866370
vt 0.803329 0.846477
vt 0.801765 0.871002
vt 0.826856 0.851756
vt 0.820034 0.878188
vt 0.837876 0.875150
vt 0.848778 0.871439
vt 0.838582 0.850640
vt 0.849141 0.848790
vt 0.859515 0.866726
vt 0.897021 0.849768
vt 0.881587 0.833444
vt 0.899350 0.821895
vt 0.914829 0.836978
vt 0.930462 0.821359
vt 0.915787 0.808755
vt 0.929447 0.795157
vt 0.943310 0.804819
vt 0.782074 0.834614
vt 0.788534 0.862509
vt 0.777472 0.844127
vt 0.770382 0.832925
vt 0.954664 0.784314
vt 0.943928 0.777665
vt 0.956793 0.759190
vt 0.963360 0.762704
vt 0.886255 0.805715
vt 0.870253 0.816414
vt 0.912458 0.780776
vt 0.900875 0.793463
vt 0.924804 0.764281
vt 0.935037 0.746806
vt 0.963007 0.733594
vt 0.971387 0.736675
vt 0.971877 0.714344
vt 0.964471 0.711859
vt 0.967469 0.675450
vt 0.970037 0.694272
vt 0.965139 0.692653
vt 0.963624 0.674379
vt 0.961678 0.656965
vt 0.952385 0.623811
vt 0.944618 0.620960
vt 0.940269 0.605529
vt 0.947646 0.608083
vt 0.941896 0.593457
vt 0.935832 0.591613
vt 0.930606 0.577893
vt 0.936329 0.579798
vt 0.821852 0.837175
vt 0.804260 0.835816
vt 0.792386 0.825207
vt 0.779529 0.806774
vt 0.939527 0.666171
vt 0.902685 0.659341
vt 0.905220 0.644623
vt 0.940137 0.650244
vt 0.859068 0.802718
vt 0.834859 0.774432
vt 0.844552 0.765032
vt 0.875767 0.793599
vt 0.890708 0.782509
vt 0.853190 0.754838
vt 0.860669 0.744971
vt 0.901079 0.771166
vt 0.911493 0.755282
vt 0.869612 0.732208
vt 0.877923 0.719074
vt 0.919672 0.738303
vt 0.887003 0.702956
vt 0.927581 0.717448
vt 0.893435 0.688675
vt 0.933120 0.699520
vt 0.937150 0.682482
vt 0.898709 0.674008
vt 0.951465 0.838189
vt 0.958528 0.844581
vt 0.909561 0.896360
vt 0.920191 0.909681
vt 0.868993 0.840336
vt 0.883003 0.856661
vt 0.859146 0.822480
vt 0.840679 0.831608
vt 0.832790 0.816036
vt 0.809412 0.790985
vt 0.826540 0.780719
vt 0.847495 0.808156
vt 0.947315 0.834986
vt 0.960376 0.815331
vt 0.932964 0.854336
vt 0.917140 0.872550
vt 0.869842 0.900698
vt 0.902882 0.885649
vt 0.855353 0.906762
vt 0.815268 0.907795
vt 0.840464 0.910051
vt 0.795262 0.897541
vt 0.776803 0.880833
vt 0.785192 0.888417
vt 0.766238 0.861064
vt 0.969436 0.792457
vt 0.971991 0.765182
vt 0.831499 0.835271
vt 0.927829 0.588234
vt 0.923056 0.572911
vt 0.935844 0.619004
vt 0.932062 0.603629
vt 0.952207 0.670223
vt 0.951182 0.653185
vt 0.951702 0.687860
vt 0.944643 0.726018
vt 0.949477 0.706502
vt 0.823098 0.819701
vt 0.812599 0.823154
vt 0.872876 0.658373
vt 0.863157 0.682402
vt 0.850924 0.707173
vt 0.825978 0.745300
vt 0.837528 0.727579
vt 0.811487 0.758280
vt 0.797461 0.769496
vt 0.925196 0.565986
vt 0.921815 0.554265
vt 0.929702 0.567476
vt 0.917857 0.558527
vt 0.912481 0.543786
vt 0.906639 0.614555
vt 0.906255 0.599357
vt 0.901029 0.553255
vt 0.897418 0.538118
vt 0.905452 0.583700
vt 0.903778 0.568156
vt 0.883328 0.616845
vt 0.885389 0.600567
vt 0.883991 0.552760
vt 0.881636 0.536737
vt 0.886155 0.584440
vt 0.885549 0.568306
vt 0.799407 0.795808
vt 0.788595 0.800322
vt 0.782066 0.776693
vt 0.766463 0.783555
vt 0.807421 0.724393
vt 0.780788 0.708563
vt 0.790826 0.693593
vt 0.819334 0.707478
vt 0.830204 0.689060
vt 0.801830 0.676762
vt 0.811526 0.659741
vt 0.839211 0.670017
vt 0.819130 0.643703
vt 0.846003 0.652011
vt 0.795319 0.739283
vt 0.770957 0.722323
vt 0.719822 0.791294
vt 0.732115 0.769063
vt 0.736257 0.780841
vt 0.855871 0.617115
vt 0.829131 0.611479
vt 0.831441 0.595705
vt 0.859090 0.600332
vt 0.858323 0.551409
vt 0.826149 0.548353
vt 0.821927 0.532252
vt 0.854688 0.535215
vt 0.860889 0.583794
vt 0.831732 0.579715
vt 0.829874 0.563888
vt 0.860730 0.567392
vt 0.743181 0.756909
vt 0.753805 0.770356
vt 0.769277 0.761265
vt 0.752871 0.745626
vt 0.762133 0.733965
vt 0.783820 0.750851
vt 0.783560 0.652352
vt 0.750969 0.647015
vt 0.753078 0.631902
vt 0.788239 0.636434
vt 0.777323 0.669479
vt 0.747870 0.663451
vt 0.762888 0.701557
vt 0.740844 0.694847
vt 0.744198 0.680063
vt 0.770049 0.686398
vt 0.755526 0.715329
vt 0.737449 0.708479
vt 0.793525 0.605045
vt 0.756043 0.602499
vt 0.757128 0.588224
vt 0.794202 0.589825
vt 0.789917 0.543564
vt 0.757833 0.541276
vt 0.756632 0.524538
vt 0.787079 0.527740
vt 0.793813 0.574341
vt 0.758004 0.572690
vt 0.758358 0.557337
vt 0.792325 0.558845
vt 0.740903 0.738839
vt 0.729424 0.732481
vt 0.734168 0.719780
vt 0.748781 0.726773
vt 0.715131 0.760427
vt 0.723761 0.744743
vt 0.731455 0.749385
vt 0.711205 0.787785
vt 0.743332 0.467002
vt 0.737764 0.449711
vt 0.762103 0.451989
vt 0.770582 0.471002
vt 0.787764 0.454897
vt 0.798406 0.474656
vt 0.816807 0.458525
vt 0.826659 0.478123
vt 0.848808 0.462744
vt 0.860946 0.480339
vt 0.753671 0.507362
vt 0.782954 0.511109
vt 0.815785 0.515824
vt 0.847852 0.519061
vt 0.877151 0.520768
vt 0.777260 0.492583
vt 0.748602 0.488457
vt 0.808108 0.496820
vt 0.837375 0.500273
vt 0.869131 0.502176
vt 0.891802 0.522750
vt 0.883181 0.504517
vt 0.873072 0.484066
vt 0.907167 0.528455
vt 0.891623 0.504303
vt 0.709645 0.451965
vt 0.713226 0.469334
vt 0.685129 0.471774
vt 0.683539 0.454747
vt 0.722113 0.600877
vt 0.690955 0.601130
vt 0.690027 0.585942
vt 0.722189 0.586423
vt 0.687810 0.523296
vt 0.720135 0.523726
vt 0.720981 0.539633
vt 0.688131 0.538800
vt 0.688459 0.554072
vt 0.721604 0.554999
vt 0.722025 0.570821
vt 0.689156 0.570035
vt 0.687481 0.507986
vt 0.718659 0.507561
vt 0.716246 0.489496
vt 0.686645 0.490942
vt 0.721085 0.644972
vt 0.721288 0.630389
vt 0.692914 0.631436
vt 0.694363 0.646539
vt 0.721132 0.661171
vt 0.721256 0.691540
vt 0.721282 0.677359
vt 0.720986 0.705296
vt 0.717809 0.731077
vt 0.719842 0.718051
vt 0.716078 0.744167
vt 0.704272 0.757447
vt 0.707552 0.787081
vt 0.696474 0.662734
vt 0.698806 0.678612
vt 0.700521 0.692194
vt 0.702051 0.705079
vt 0.703483 0.716830
vt 0.704410 0.729402
vt 0.704652 0.742081
vt 0.647595 0.464288
vt 0.628470 0.460910
vt 0.634759 0.445123
vt 0.650727 0.447095
vt 0.646298 0.597590
vt 0.625100 0.597042
vt 0.622399 0.582475
vt 0.643602 0.582769
vt 0.638351 0.536731
vt 0.618706 0.536563
vt 0.619041 0.520239
vt 0.638325 0.520442
vt 0.640930 0.567656
vt 0.620111 0.567415
vt 0.618839 0.552162
vt 0.638977 0.552471
vt 0.620883 0.503153
vt 0.640202 0.503806
vt 0.643999 0.485439
vt 0.624451 0.483436
vt 0.660676 0.643289
vt 0.637903 0.643540
vt 0.632632 0.627509
vt 0.654000 0.628022
vt 0.671131 0.660831
vt 0.644223 0.661371
vt 0.679059 0.690972
vt 0.654599 0.691141
vt 0.649475 0.676181
vt 0.675237 0.676309
vt 0.682787 0.704817
vt 0.659304 0.705385
vt 0.690716 0.729409
vt 0.669423 0.731108
vt 0.663756 0.717944
vt 0.686312 0.716668
vt 0.683951 0.758997
vt 0.675801 0.743874
vt 0.695944 0.741772
vt 0.702118 0.785774
vt 0.673749 0.643431
vt 0.673587 0.628170
vt 0.668706 0.598017
vt 0.666438 0.582995
vt 0.664863 0.567401
vt 0.663885 0.551899
vt 0.663324 0.536720
vt 0.663114 0.521205
vt 0.663802 0.505544
vt 0.665193 0.487782
vt 0.666219 0.467558
vt 0.667214 0.449875
vt 0.611420 0.463887
vt 0.617265 0.446458
vt 0.604913 0.626199
vt 0.609408 0.642778
vt 0.616275 0.661027
vt 0.623051 0.676889
vt 0.630048 0.692470
vt 0.637058 0.706844
vt 0.650519 0.732315
vt 0.643520 0.719286
vt 0.668518 0.759121
vt 0.658150 0.744816
vt 0.690783 0.784889
vt 0.599472 0.594207
vt 0.597560 0.579167
vt 0.596804 0.518725
vt 0.595666 0.534107
vt 0.595109 0.549031
vt 0.595967 0.564083
vt 0.599953 0.502908
vt 0.605241 0.484915
vt 0.597276 0.464133
vt 0.584785 0.463964
vt 0.591940 0.445879
vt 0.604168 0.446175
vt 0.590748 0.484447
vt 0.578038 0.483781
vt 0.580555 0.518357
vt 0.565578 0.517549
vt 0.571463 0.501614
vt 0.585262 0.502353
vt 0.577086 0.533683
vt 0.560889 0.533311
vt 0.572824 0.562991
vt 0.553548 0.564217
vt 0.556535 0.548669
vt 0.573945 0.548517
vt 0.574754 0.592421
vt 0.551270 0.595365
vt 0.551776 0.579950
vt 0.573349 0.577626
vt 0.582224 0.642835
vt 0.557681 0.647008
vt 0.553904 0.629073
vt 0.578428 0.625180
vt 0.588418 0.662415
vt 0.564085 0.667673
vt 0.604841 0.696158
vt 0.582570 0.704590
vt 0.572308 0.686618
vt 0.595770 0.679650
vt 0.614356 0.711086
vt 0.594132 0.720754
vt 0.634682 0.738096
vt 0.621073 0.748190
vt 0.606106 0.734114
vt 0.623567 0.724115
vt 0.659722 0.773268
vt 0.637449 0.760539
vt 0.646916 0.750723
vt 0.664286 0.764902
vt 0.650879 0.784517
vt 0.626618 0.773511
vt 0.567563 0.718984
vt 0.556744 0.698174
vt 0.580099 0.734209
vt 0.608931 0.761881
vt 0.592962 0.748102
vt 0.545557 0.677566
vt 0.538321 0.654856
vt 0.685426 0.793754
vt 0.697466 0.803217
vt 0.740241 0.807427
vt 0.721373 0.808456
vt 0.708182 0.805857
vt 0.708406 0.820635
vt 0.699310 0.821304
vt 0.689387 0.819922
vt 0.533818 0.635691
vt 0.531765 0.599698
vt 0.533447 0.583124
vt 0.540655 0.549760
vt 0.536428 0.566331
vt 0.545803 0.533440
vt 0.551312 0.516599
vt 0.558218 0.499964
vt 0.576155 0.461669
vt 0.566670 0.481975
vt 0.584624 0.444259
vt 0.575863 0.443624
vt 0.566202 0.460267
vt 0.554385 0.480191
vt 0.543773 0.498047
vt 0.534797 0.514890
vt 0.527099 0.532040
vt 0.519674 0.548780
vt 0.513226 0.565878
vt 0.505484 0.601853
vt 0.508390 0.583519
vt 0.510726 0.661838
vt 0.506799 0.641246
vt 0.523034 0.696763
vt 0.515881 0.679641
vt 0.536202 0.718859
vt 0.529338 0.707959
vt 0.558469 0.750635
vt 0.546632 0.736289
vt 0.592070 0.780535
vt 0.572086 0.765064
vt 0.637207 0.803240
vt 0.611822 0.793260
vt 0.676492 0.808643
vt 0.660024 0.839600
vt 0.621555 0.847004
vt 0.624291 0.833519
vt 0.663955 0.825079
vt 0.590922 0.842458
vt 0.597616 0.826743
vt 0.576418 0.816299
vt 0.567863 0.832315
vt 0.546646 0.817967
vt 0.556584 0.803180
vt 0.470532 0.665612
vt 0.456207 0.665952
vt 0.458792 0.642308
vt 0.471427 0.642726
vt 0.491949 0.733364
vt 0.476325 0.740415
vt 0.467520 0.725420
vt 0.483468 0.720082
vt 0.541955 0.792511
vt 0.530361 0.804950
vt 0.515946 0.791517
vt 0.528487 0.781477
vt 0.476646 0.706222
vt 0.460587 0.709695
vt 0.456365 0.688117
vt 0.471844 0.686452
vt 0.479295 0.600521
vt 0.470700 0.599234
vt 0.479120 0.580019
vt 0.485746 0.581352
vt 0.494224 0.563445
vt 0.488324 0.562411
vt 0.498080 0.545236
vt 0.504306 0.546325
vt 0.516660 0.512837
vt 0.525860 0.514057
vt 0.515139 0.530585
vt 0.507303 0.529258
vt 0.524743 0.494902
vt 0.536321 0.495818
vt 0.553299 0.459312
vt 0.558579 0.458919
vt 0.546327 0.478480
vt 0.531460 0.483588
vt 0.567794 0.444348
vt 0.503902 0.528271
vt 0.601591 0.809287
vt 0.605039 0.803133
vt 0.626056 0.816625
vt 0.588846 0.792175
vt 0.583137 0.801278
vt 0.566015 0.790731
vt 0.572954 0.780569
vt 0.519747 0.723210
vt 0.506930 0.727068
vt 0.498154 0.715288
vt 0.511532 0.712054
vt 0.504544 0.700402
vt 0.491073 0.702856
vt 0.485639 0.684158
vt 0.498091 0.682632
vt 0.494518 0.663926
vt 0.483293 0.664486
vt 0.483120 0.642791
vt 0.493002 0.642597
vt 0.497057 0.602332
vt 0.488961 0.602243
vt 0.494520 0.583613
vt 0.501931 0.583737
vt 0.507676 0.566070
vt 0.501534 0.565651
vt 0.509571 0.547973
vt 0.513891 0.548567
vt 0.519955 0.531717
vt 0.517810 0.531368
vt 0.563262 0.773580
vt 0.554111 0.766051
vt 0.553910 0.781192
vt 0.542720 0.770570
vt 0.613336 0.869378
vt 0.655453 0.859831
vt 0.580599 0.863038
vt 0.535069 0.831905
vt 0.556514 0.849858
vt 0.518470 0.816137
vt 0.504556 0.802064
vt 0.455201 0.729343
vt 0.460867 0.746743
vt 0.448404 0.689713
vt 0.450798 0.712536
vt 0.452078 0.642418
vt 0.449005 0.666732
vt 0.464394 0.598407
vt 0.472736 0.578917
vt 0.480716 0.560070
vt 0.492527 0.543625
vt 0.684655 0.836001
vt 0.682303 0.851418
vt 0.694166 0.831909
vt 0.700331 0.836014
vt 0.458517 0.597237
vt 0.468385 0.577906
vt 0.444474 0.642198
vt 0.440822 0.667463
vt 0.439255 0.692044
vt 0.440564 0.716633
vt 0.444592 0.736672
vt 0.450026 0.756375
vt 0.493041 0.813079
vt 0.507381 0.831487
vt 0.495451 0.843234
vt 0.480536 0.822984
vt 0.514061 0.863400
vt 0.522905 0.849145
vt 0.545409 0.868518
vt 0.536326 0.885900
vt 0.561675 0.903317
vt 0.571166 0.882604
vt 0.604291 0.890294
vt 0.596023 0.912340
vt 0.649237 0.880648
vt 0.643917 0.898557
vt 0.672894 0.876801
vt 0.453251 0.596718
vt 0.463469 0.576804
vt 0.436239 0.642411
vt 0.431112 0.668257
vt 0.428992 0.693563
vt 0.431235 0.718693
vt 0.542512 0.753954
vt 0.532258 0.740789
vt 0.531244 0.758378
vt 0.516188 0.768733
vt 0.505646 0.754691
vt 0.520753 0.745397
vt 0.502591 0.778876
vt 0.490866 0.764964
vt 0.480089 0.772530
vt 0.491910 0.787711
vt 0.468651 0.780430
vt 0.479311 0.797513
vt 0.459131 0.787482
vt 0.468390 0.805904
vt 0.690553 0.851424
vt 0.695317 0.851105
vt 0.689821 0.870991
vt 0.593201 0.931763
vt 0.567881 0.951074
vt 0.556404 0.920081
vt 0.642417 0.921184
vt 0.619896 0.950973
vt 0.642927 0.943109
vt 0.672436 0.910160
vt 0.505453 0.909523
vt 0.507694 0.879509
vt 0.532167 0.899672
vt 0.525869 0.927076
vt 0.477711 0.865412
vt 0.465556 0.838757
vt 0.472592 0.831082
vt 0.687752 0.899284
vt 0.488050 0.854047
vt 0.459729 0.813219
vt 0.453056 0.794918
vt 0.443795 0.758450
vt 0.437053 0.738667
vt 0.585770 0.974834
vt 0.581160 0.993147
vt 0.561540 0.985250
vt 0.566604 0.969084
vt 0.636645 0.968715
vt 0.637067 0.992613
vt 0.617946 0.996653
vt 0.619641 0.974899
vt 0.664580 0.948883
vt 0.666204 0.975601
vt 0.652440 0.986016
vt 0.650587 0.959820
vt 0.683898 0.939434
vt 0.676344 0.958898
vt 0.673455 0.941103
vt 0.686338 0.915908
vt 0.516469 0.936298
vt 0.507949 0.949650
vt 0.492185 0.932310
vt 0.501680 0.920481
vt 0.487094 0.899311
vt 0.476901 0.909078
vt 0.467925 0.890400
vt 0.477938 0.881701
vt 0.498059 0.525920
vt 0.485695 0.541533
vt 0.511054 0.511123
vt 0.881301 0.944835
vt 0.881222 0.964944
vt 0.866315 0.972897
vt 0.862288 0.954235
vt 0.925331 0.916568
vt 0.908738 0.938296
vt 0.805490 0.974880
vt 0.799880 0.961907
vt 0.824321 0.962870
vt 0.819791 0.976784
vt 0.764318 0.957859
vt 0.765772 0.945556
vt 0.784009 0.954227
vt 0.776841 0.966355
vt 0.752387 0.927139
vt 0.744124 0.932503
vt 0.736101 0.920373
vt 0.740558 0.912190
vt 0.729824 0.908822
vt 0.725479 0.897056
vt 0.735922 0.892053
vt 0.724771 0.865418
vt 0.733726 0.873047
vt 0.723076 0.874471
vt 0.938772 0.898868
vt 0.950834 0.874504
vt 0.737636 0.859257
vt 0.747325 0.826431
vt 0.747550 0.835747
vt 0.746038 0.836258
vt 0.729887 0.925906
vt 0.723477 0.912717
vt 0.757118 0.969944
vt 0.746614 0.954574
vt 0.752863 0.945498
vt 0.790988 0.971992
vt 0.801496 0.991615
vt 0.784960 0.988131
vt 0.835837 0.977667
vt 0.851746 0.976478
vt 0.855076 0.988611
vt 0.836679 0.991846
vt 0.894438 0.954053
vt 0.898865 0.963522
vt 0.884998 0.974714
vt 0.929403 0.924239
vt 0.915084 0.947591
vt 0.941582 0.905838
vt 0.964899 0.818172
vt 0.455697 0.812309
vt 0.454424 0.804779
vt 0.542855 0.975281
vt 0.526115 0.964537
vt 0.533356 0.950044
vt 0.548906 0.960059
vt 0.598163 0.996740
vt 0.601825 0.976958
vt 0.459103 0.869804
vt 0.455739 0.844748
vt 0.471214 0.862952
vt 0.769889 0.980923
vt 0.738123 0.940170
vt 0.817967 0.992514
vt 0.869675 0.983564
vt 0.719180 0.899697
vt 0.843250 0.963878
vt 0.594937 0.959382
vt 0.546402 0.944580
vt 0.485918 0.878471
vt 0.654457 0.429340
vt 0.640161 0.429072
vt 0.645843 0.411371
vt 0.658384 0.409915
vt 0.681942 0.435757
vt 0.668050 0.431343
vt 0.669127 0.411201
vt 0.680301 0.415044
vt 0.705039 0.433569
vt 0.699887 0.413432
vt 0.729746 0.431372
vt 0.721057 0.411229
vt 0.752901 0.431842
vt 0.743246 0.409769
vt 0.773848 0.433768
vt 0.758736 0.410456
vt 0.795814 0.435348
vt 0.776115 0.413614
vt 0.820700 0.442918
vt 0.789602 0.416638
vt 0.621795 0.405438
vt 0.632083 0.407484
vt 0.624397 0.427935
vt 0.612475 0.426771
vt 0.611227 0.404517
vt 0.601456 0.426293
vt 0.606636 0.406079
vt 0.595438 0.426233
vt 0.591164 0.420505
vt 0.585599 0.428964
vt 0.579219 0.431882
vt 0.697427 0.398352
vt 0.714775 0.396603
vt 0.679715 0.398980
vt 0.669347 0.397110
vt 0.669355 0.382357
vt 0.663392 0.396358
vt 0.656565 0.382208
vt 0.650839 0.396532
vt 0.644667 0.378001
vt 0.637958 0.393037
vt 0.632073 0.391654
vt 0.632171 0.378414
vt 0.620554 0.391262
vt 0.619154 0.392126
vt 0.733612 0.394385
vt 0.747152 0.395145
vt 0.755036 0.394004
vt 0.734274 0.379735
vt 0.765924 0.398492
vt 0.738862 0.379038
vt 0.671832 0.371202
vt 0.662193 0.371577
vt 0.667824 0.360430
vt 0.675052 0.359793
vt 0.682086 0.360611
vt 0.681060 0.372226
vt 0.651970 0.367857
vt 0.659238 0.358054
vt 0.642506 0.368753
vt 0.652009 0.359505
vt 0.690646 0.360835
vt 0.693326 0.372532
vt 0.701727 0.372233
vt 0.696059 0.361035
vt 0.715490 0.370068
vt 0.710270 0.360807
vt 0.714761 0.360846
vt 0.724056 0.370240
vt 0.729496 0.370406
vt 0.719372 0.361391
vt 0.672775 0.348875
vt 0.676539 0.336513
vt 0.684246 0.335619
vt 0.678990 0.348458
vt 0.683083 0.348898
vt 0.687656 0.349208
vt 0.690357 0.336050
vt 0.692099 0.349201
vt 0.672541 0.337305
vt 0.666232 0.348112
vt 0.660288 0.349324
vt 0.667109 0.338504
vt 0.698174 0.336615
vt 0.705308 0.350668
vt 0.706043 0.342796
vt 0.710894 0.350861
vt 0.679423 0.322054
vt 0.684613 0.321068
vt 0.691754 0.322449
vt 0.672922 0.323044
vt 0.698427 0.323721
vt 0.683652 0.296538
vt 0.685627 0.297970
vt 0.685145 0.310848
vt 0.681176 0.310408
vt 0.690607 0.312620
vt 0.689037 0.299522
vt 0.675798 0.311118
vt 0.681502 0.294816
vt 0.696350 0.314178
vt 0.692727 0.299511
vt 0.687919 0.282384
vt 0.688931 0.283664
vt 0.686459 0.282659
vt 0.684286 0.286302
vt 0.763395 0.846718
vt 0.752609 0.844086
vt 0.742962 0.846820
vt 0.742738 0.843024
vt 0.719554 0.864801
vt 0.718268 0.875821
vt 0.742275 0.842028
vt 0.722631 0.884456
vt 0.716778 0.886190
vt 0.513773 0.471842
vt 0.499045 0.497080
vt 0.483801 0.519574
vt 0.467875 0.539467
vt 0.447711 0.564246
vt 0.419249 0.586738
vt 0.387394 0.615408
vt 0.210024 0.642892
vt 0.223996 0.657021
vt 0.234503 0.667339
vt 0.244405 0.677158
vt 0.252735 0.688221
vt 0.259647 0.699865
vt 0.266187 0.715785
vt 0.268740 0.727702
vt 0.271223 0.744661
vt 0.274202 0.753122
vt 0.276904 0.756852
vt 0.278968 0.757023
vt 0.280653 0.755659
vt 0.283360 0.739561
vt 0.286664 0.725039
vt 0.295945 0.695110
vt 0.288908 0.715234
vt 0.302214 0.687099
vt 0.312642 0.676446
vt 0.324710 0.667288
vt 0.362982 0.635057
vt 0.335800 0.658476
vt 0.005647 0.329460
vt 0.005208 0.303382
vt 0.017245 0.381644
vt 0.009888 0.355384
vt 0.031300 0.429964
vt 0.040298 0.451782
vt 0.065670 0.487165
vt 0.079544 0.502568
vt 0.094105 0.517695
vt 0.107421 0.536342
vt 0.116279 0.546914
vt 0.138476 0.572406
vt 0.152350 0.589240
vt 0.165225 0.601881
vt 0.178339 0.614005
vt 0.195476 0.629059
vt 0.178371 0.614134
vt 0.122933 0.020454
vt 0.142227 0.011930
vt 0.089839 0.044712
vt 0.105260 0.032237
vt 0.072630 0.060838
vt 0.057537 0.078894
vt 0.043835 0.103364
vt 0.034417 0.122286
vt 0.025147 0.169693
vt 0.027957 0.144426
vt 0.024161 0.203169
vt 0.023392 0.211190
vt 0.013626 0.260450
vt 0.007953 0.281823
vt 0.178859 0.006912
vt 0.198506 0.008056
vt 0.159169 0.007931
vt 0.700918 0.868938
vt 0.694238 0.900101
vt 0.691175 0.916480
vt 0.243135 0.038608
vt 0.251719 0.058458
vt 0.230943 0.022038
vt 0.215550 0.012194
vt 0.522507 0.458984
vt 0.530766 0.447385
vt 0.539879 0.435085
vt 0.554003 0.403819
vt 0.547971 0.420384
vt 0.571196 0.349361
vt 0.566979 0.369728
vt 0.574510 0.329492
vt 0.578210 0.284879
vt 0.575969 0.308225
vt 0.580481 0.255118
vt 0.579593 0.226741
vt 0.577866 0.199945
vt 0.568705 0.139615
vt 0.575005 0.171572
vt 0.554907 0.108848
vt 0.530938 0.064403
vt 0.546219 0.087712
vt 0.515736 0.047522
vt 0.503110 0.035236
vt 0.489110 0.024843
vt 0.456902 0.011832
vt 0.475373 0.017632
vt 0.437139 0.008524
vt 0.400091 0.009765
vt 0.418961 0.008004
vt 0.381872 0.014618
vt 0.348708 0.036361
vt 0.364986 0.023396
vt 0.335682 0.049985
vt 0.325441 0.065604
vt 0.318923 0.081032
vt 0.315174 0.096344
vt 0.313605 0.124579
vt 0.313673 0.112133
vt 0.316798 0.137757
vt 0.731238 0.823254
vt 0.726005 0.825229
vt 0.714287 0.829800
vt 0.706174 0.839344
vt 0.701687 0.853294
vt 0.331660 0.171172
vt 0.333566 0.177578
vt 0.737065 0.821528
vt 0.112996 0.308541
vt 0.093548 0.304717
vt 0.077467 0.301134
vt 0.059414 0.296400
vt 0.042149 0.292454
vt 0.021925 0.221549
vt 0.554664 0.383783
vt 0.559597 0.387466
vt 0.957193 0.639442
vt 0.948485 0.636353
vt 0.938808 0.634476
vt 0.906491 0.629747
vt 0.880141 0.633072
vt 0.851664 0.633791
vt 0.825172 0.627121
vt 0.791649 0.620255
vt 0.754740 0.616795
vt 0.721702 0.615484
vt 0.691912 0.616274
vt 0.671555 0.612890
vt 0.649182 0.612037
vt 0.628228 0.611520
vt 0.601689 0.609238
vt 0.576208 0.607158
vt 0.551950 0.610862
vt 0.531522 0.616361
vt 0.504951 0.620455
vt 0.494103 0.621282
vt 0.485304 0.621398
vt 0.474747 0.620294
vt 0.464067 0.619084
vt 0.457657 0.618497
vt 0.450780 0.617516
vt 0.444354 0.617315
vt 0.025197 0.407573
vt 0.027125 0.405728
vt 0.032957 0.404971
vt 0.039573 0.403539
vt 0.046179 0.402318
vt 0.057035 0.400049
vt 0.068504 0.397788
vt 0.079794 0.398357
vt 0.090896 0.398932
vt 0.119655 0.403382
vt 0.139714 0.408483
vt 0.159918 0.408233
vt 0.188067 0.405186
vt 0.212445 0.403316
vt 0.234576 0.401994
vt 0.255414 0.399956
vt 0.280805 0.395558
vt 0.313328 0.398053
vt 0.345000 0.398744
vt 0.384635 0.392116
vt 0.417883 0.386375
vt 0.442949 0.380924
vt 0.470994 0.380314
vt 0.498844 0.388630
vt 0.530940 0.386517
vt 0.543355 0.384890
vt 0.317806 0.190016
vt 0.311396 0.186548
vt 0.287376 0.160190
vt 0.295156 0.170965
vt 0.279338 0.147367
vt 0.274804 0.131067
vt 0.263909 0.099257
vt 0.259257 0.082264
vt 0.052777 0.469896
vt 0.473998 0.558806
vt 0.456871 0.827899
vt 0.025690 0.186963
vt 0.024656 0.186956
vt 0.434104 0.574696
vt 0.434777 0.574983
vt 0.835847 0.453147
vt 0.680081 0.383006
vt 0.695229 0.383108
vt 0.707905 0.382314
vt 0.722759 0.379443
vt 0.034074 0.122569
vt 0.334543 0.145194
vt 0.330984 0.157508
vt 0.326996 0.147307
vt 0.321301 0.150092
vt 0.327382 0.162194
vt 0.734385 0.848124
vt 0.736679 0.847593
vt 0.726161 0.856106
vt 0.725325 0.855812
vt 0.329301 0.185748
vt 0.305247 0.182891
vt 0.316820 0.195400
vt 0.588504 0.051054
vt 0.593769 0.048129
vt 0.607580 0.061962
vt 0.601446 0.064293
vt 0.583246 0.054020
vt 0.595230 0.066831
vt 0.578621 0.057006
vt 0.589473 0.069680
vt 0.573550 0.060723
vt 0.584010 0.073876
vt 0.568835 0.065123
vt 0.579172 0.078674
vt 0.564344 0.069845
vt 0.574588 0.084532
vt 0.560131 0.074689
vt 0.571009 0.090686
vt 0.555923 0.079570
vt 0.567245 0.096782
vt 0.616565 0.026628
vt 0.618960 0.020122
vt 0.635472 0.032292
vt 0.632789 0.039775
vt 0.613448 0.032255
vt 0.629376 0.046258
vt 0.609340 0.037626
vt 0.625055 0.051674
vt 0.604464 0.041989
vt 0.619936 0.055989
vt 0.599045 0.045473
vt 0.613645 0.059396
vt 0.637747 0.102757
vt 0.644611 0.100280
vt 0.660453 0.116433
vt 0.653077 0.119162
vt 0.630615 0.105474
vt 0.645348 0.122239
vt 0.623929 0.108436
vt 0.638387 0.125473
vt 0.617476 0.112908
vt 0.631555 0.129915
vt 0.611844 0.118181
vt 0.625517 0.135318
vt 0.607065 0.124421
vt 0.620658 0.141381
vt 0.603017 0.131590
vt 0.616542 0.148557
vt 0.599469 0.138279
vt 0.613121 0.155298
vt 0.672250 0.074513
vt 0.675038 0.067007
vt 0.691298 0.081542
vt 0.688611 0.089100
vt 0.668465 0.081579
vt 0.685373 0.096494
vt 0.663996 0.088244
vt 0.680466 0.103224
vt 0.658167 0.093448
vt 0.674514 0.108634
vt 0.651389 0.097494
vt 0.667483 0.113311
vt 0.618342 0.073078
vt 0.624673 0.070551
vt 0.635935 0.081312
vt 0.629213 0.083978
vt 0.631010 0.067250
vt 0.642441 0.077866
vt 0.636521 0.062571
vt 0.648063 0.072930
vt 0.640831 0.056435
vt 0.652070 0.066397
vt 0.644693 0.049796
vt 0.656209 0.059812
vt 0.647483 0.042427
vt 0.658881 0.052564
vt 0.576794 0.109218
vt 0.580305 0.102892
vt 0.589430 0.114824
vt 0.586029 0.121287
vt 0.583973 0.096289
vt 0.593168 0.107866
vt 0.588548 0.090175
vt 0.597713 0.101626
vt 0.593603 0.085191
vt 0.602961 0.096569
vt 0.599402 0.080802
vt 0.609131 0.092031
vt 0.605564 0.077963
vt 0.615761 0.089155
vt 0.612032 0.075424
vt 0.622601 0.086490
vt 0.668618 0.135703
vt 0.676253 0.132712
vt 0.691658 0.148566
vt 0.683647 0.151882
vt 0.660782 0.138728
vt 0.675617 0.154931
vt 0.653454 0.141875
vt 0.667954 0.157998
vt 0.646376 0.146303
vt 0.660743 0.162425
vt 0.640093 0.151725
vt 0.654353 0.167897
vt 0.634901 0.158060
vt 0.648949 0.174500
vt 0.630510 0.165331
vt 0.644353 0.181872
vt 0.626806 0.172392
vt 0.640262 0.189279
vt 0.704431 0.104285
vt 0.707128 0.096644
vt 0.722896 0.111404
vt 0.720063 0.119244
vt 0.701159 0.111772
vt 0.716650 0.126858
vt 0.696367 0.118669
vt 0.711920 0.133849
vt 0.690596 0.124522
vt 0.706363 0.140025
vt 0.683409 0.129347
vt 0.699009 0.144958
vt 0.703356 0.172953
vt 0.711988 0.169271
vt 0.727831 0.185887
vt 0.718753 0.189726
vt 0.695028 0.176364
vt 0.710255 0.193252
vt 0.687192 0.179510
vt 0.702369 0.196411
vt 0.679633 0.184080
vt 0.694618 0.201154
vt 0.673194 0.189919
vt 0.688182 0.207337
vt 0.667656 0.196459
vt 0.682531 0.213885
vt 0.662913 0.203935
vt 0.677634 0.221493
vt 0.658672 0.211463
vt 0.673226 0.229159
vt 0.741156 0.139032
vt 0.744139 0.130941
vt 0.761275 0.146038
vt 0.758280 0.154457
vt 0.737655 0.146671
vt 0.754622 0.162306
vt 0.733156 0.153822
vt 0.750105 0.169776
vt 0.727211 0.160212
vt 0.743641 0.176442
vt 0.719863 0.165521
vt 0.736150 0.182091
vt 0.738144 0.210206
vt 0.747525 0.206690
vt 0.763478 0.224161
vt 0.754049 0.227163
vt 0.728788 0.214168
vt 0.744140 0.231537
vt 0.720989 0.217324
vt 0.736363 0.234821
vt 0.712909 0.222096
vt 0.728051 0.239630
vt 0.706084 0.228626
vt 0.721103 0.246398
vt 0.700009 0.235901
vt 0.714832 0.254264
vt 0.694875 0.243866
vt 0.709584 0.262553
vt 0.690165 0.252076
vt 0.704593 0.271284
vt 0.779751 0.173715
vt 0.782513 0.164996
vt 0.800878 0.180472
vt 0.798142 0.189616
vt 0.776388 0.181909
vt 0.794658 0.198368
vt 0.771462 0.189986
vt 0.788987 0.207148
vt 0.764649 0.196636
vt 0.781648 0.213858
vt 0.756869 0.202290
vt 0.773587 0.219444
vt 0.820824 0.282354
vt 0.810028 0.286107
vt 0.791117 0.266841
vt 0.801727 0.262802
vt 0.799261 0.290786
vt 0.780822 0.271166
vt 0.790243 0.295669
vt 0.772258 0.275550
vt 0.781459 0.302328
vt 0.763891 0.281204
vt 0.773381 0.311162
vt 0.755927 0.289250
vt 0.767671 0.320138
vt 0.750322 0.297591
vt 0.762161 0.330350
vt 0.744503 0.307398
vt 0.757307 0.339987
vt 0.739572 0.316590
vt 0.866624 0.236763
vt 0.863341 0.246948
vt 0.841250 0.227580
vt 0.844617 0.217429
vt 0.858927 0.255938
vt 0.837047 0.236561
vt 0.851831 0.264392
vt 0.830510 0.245368
vt 0.842852 0.271654
vt 0.822167 0.252647
vt 0.831832 0.277506
vt 0.811728 0.258388
vt 0.875958 0.338799
vt 0.863956 0.342807
vt 0.846486 0.324271
vt 0.857998 0.320284
vt 0.852191 0.348459
vt 0.834976 0.329462
vt 0.842600 0.354673
vt 0.825459 0.335111
vt 0.834189 0.362950
vt 0.816720 0.343017
vt 0.827412 0.372712
vt 0.809308 0.352553
vt 0.822355 0.384197
vt 0.803789 0.362989
vt 0.817484 0.395933
vt 0.798642 0.374265
vt 0.813287 0.407001
vt 0.793925 0.385119
vt 0.931001 0.296090
vt 0.926303 0.306510
vt 0.905875 0.286150
vt 0.910024 0.275540
vt 0.920025 0.315811
vt 0.900252 0.295493
vt 0.911206 0.323298
vt 0.891847 0.303335
vt 0.900506 0.329577
vt 0.881804 0.310145
vt 0.888544 0.334506
vt 0.870228 0.315468
vt 0.899435 0.380263
vt 0.911004 0.375676
vt 0.925459 0.391376
vt 0.914902 0.396486
vt 0.888496 0.386369
vt 0.904770 0.402669
vt 0.879628 0.393983
vt 0.896496 0.410691
vt 0.872052 0.403235
vt 0.889330 0.420089
vt 0.866337 0.413628
vt 0.883789 0.430672
vt 0.861733 0.425931
vt 0.879061 0.442726
vt 0.858100 0.437537
vt 0.876487 0.453434
vt 0.854176 0.448968
vt 0.873231 0.464723
vt 0.962961 0.349607
vt 0.969961 0.340257
vt 0.984489 0.360450
vt 0.976170 0.368182
vt 0.954634 0.356998
vt 0.967183 0.373953
vt 0.945090 0.362785
vt 0.957805 0.378451
vt 0.934381 0.367420
vt 0.947698 0.382331
vt 0.922675 0.371665
vt 0.936108 0.386778
vt 0.783490 0.244177
vt 0.793690 0.239373
vt 0.803039 0.233595
vt 0.810884 0.226561
vt 0.816910 0.217753
vt 0.820729 0.208887
vt 0.823829 0.199164
vt 0.721983 0.295238
vt 0.727056 0.286209
vt 0.732705 0.277118
vt 0.738769 0.268933
vt 0.746468 0.261343
vt 0.755021 0.256002
vt 0.763302 0.252098
vt 0.773381 0.247827
vt 0.576699 0.039479
vt 0.572008 0.036154
vt 0.576660 0.032154
vt 0.581080 0.036116
vt 0.569607 0.039376
vt 0.572538 0.042863
vt 0.566360 0.041264
vt 0.569362 0.046127
vt 0.561548 0.044667
vt 0.565091 0.049375
vt 0.557436 0.048247
vt 0.560681 0.052896
vt 0.554237 0.051538
vt 0.556309 0.055941
vt 0.549759 0.053143
vt 0.551649 0.059347
vt 0.544308 0.056298
vt 0.547045 0.063001
vt 0.595716 0.012363
vt 0.597313 0.006886
vt 0.603570 0.009910
vt 0.601389 0.015605
vt 0.592834 0.016826
vt 0.598366 0.020815
vt 0.588551 0.021377
vt 0.594666 0.025843
vt 0.584788 0.025991
vt 0.590215 0.029991
vt 0.580897 0.029085
vt 0.585533 0.033542
vt 0.547977 0.035267
vt 0.543086 0.036928
vt 0.544480 0.031278
vt 0.550767 0.039959
vt 0.545479 0.042727
vt 0.553969 0.044525
vt 0.549901 0.048062
vt 0.559153 0.040215
vt 0.564757 0.036923
vt 0.568160 0.034949
vt 0.564804 0.029366
vt 0.561668 0.032318
vt 0.557557 0.028662
vt 0.560679 0.025690
vt 0.555385 0.024415
vt 0.552649 0.031623
vt 0.549495 0.026895
vt 0.556588 0.036256
vt 0.926457 0.408465
vt 0.936239 0.402784
vt 0.942374 0.409232
vt 0.933501 0.415730
vt 0.916894 0.414709
vt 0.924655 0.422800
vt 0.983858 0.382541
vt 0.993160 0.376997
vt 0.994498 0.386672
vt 0.986926 0.389768
vt 0.975242 0.387018
vt 0.980249 0.395068
vt 0.966358 0.390562
vt 0.970691 0.399030
vt 0.956831 0.393385
vt 0.961054 0.400941
vt 0.945784 0.397739
vt 0.952410 0.405041
vt 0.995016 0.391670
vt 0.988781 0.393636
vt 0.982987 0.398229
vt 0.972687 0.402273
vt 0.963720 0.404753
vt 0.955454 0.408142
vt 0.945498 0.413746
vt 0.936197 0.419551
vt 0.928149 0.427214
vt 0.953649 0.204280
vt 0.956290 0.210427
vt 0.935349 0.223054
vt 0.946400 0.204602
vt 0.935076 0.202763
vt 0.925698 0.203968
vt 0.918114 0.208460
vt 0.912092 0.217970
vt 0.913115 0.228942
vt 0.919532 0.238386
vt 0.838301 0.300364
vt 0.827191 0.304239
vt 0.816182 0.308921
vt 0.807024 0.313994
vt 0.798257 0.321251
vt 0.790289 0.330556
vt 0.784497 0.340176
vt 0.779117 0.350947
vt 0.774171 0.361302
vt 0.887031 0.254734
vt 0.883357 0.265223
vt 0.878462 0.274348
vt 0.870675 0.282470
vt 0.861196 0.289642
vt 0.849973 0.295265
vt 0.893761 0.357757
vt 0.881679 0.361382
vt 0.870067 0.367091
vt 0.860721 0.373654
vt 0.852841 0.382175
vt 0.846815 0.392121
vt 0.842361 0.404757
vt 0.837745 0.417121
vt 0.833914 0.428529
vt 0.951102 0.318356
vt 0.945665 0.328664
vt 0.938397 0.337835
vt 0.929166 0.344789
vt 0.918109 0.350192
vt 0.906219 0.354353
vt 0.909036 0.422960
vt 0.902145 0.432203
vt 0.896881 0.442291
vt 0.892518 0.453634
vt 0.890849 0.463326
vt 0.888852 0.474303

usemtl mtl_anthurium41_0
f 1/1 2/2 3/3
f 3/3 4/4 1/1
f 5/5 6/6 7/7
f 7/7 8/8 5/5
f 9/9 7/10 6/11
f 6/11 10/12 9/9
f 11/13 12/14 13/15
f 13/15 14/16 11/13
f 10/12 15/17 16/18
f 16/18 9/9 10/12
f 12/14 1/1 4/4
f 4/4 13/15 12/14
f 8/8 3/3 2/2
f 2/2 5/5 8/8
f 15/17 11/13 14/16
f 14/16 16/18 15/17
f 17/19 20/20 18/21
f 18/21 19/22 17/19
f 20/23 21/24 22/25
f 22/25 18/26 20/23
f 23/27 17/19 19/22
f 19/22 24/28 23/27
f 25/29 26/30 27/31
f 27/31 28/32 25/29
f 21/24 29/33 30/34
f 30/34 22/25 21/24
f 26/30 31/35 32/36
f 32/36 27/31 26/30
f 31/35 23/27 24/28
f 24/28 32/36 31/35
f 29/33 25/29 28/32
f 28/32 30/34 29/33
f 33/37 35/38 38/39
f 38/39 34/40 33/37
f 35/41 36/42 37/43
f 37/43 38/44 35/41
f 39/45 33/37 34/40
f 34/40 40/46 39/45
f 41/47 42/48 43/49
f 43/49 44/50 41/47
f 36/42 45/51 46/52
f 46/52 37/43 36/42
f 42/48 47/53 48/54
f 48/54 43/49 42/48
f 47/53 39/45 40/46
f 40/46 48/54 47/53
f 45/51 41/47 44/50
f 44/50 46/52 45/51
f 49/55 52/56 50/57
f 50/57 51/58 49/55
f 52/59 53/60 54/61
f 54/61 50/62 52/59
f 55/63 49/55 51/58
f 51/58 56/64 55/63
f 57/65 58/66 59/67
f 59/67 60/68 57/65
f 53/60 61/69 62/70
f 62/70 54/61 53/60
f 58/66 63/71 64/72
f 64/72 59/67 58/66
f 63/71 55/63 56/64
f 56/64 64/72 63/71
f 61/69 57/65 60/68
f 60/68 62/70 61/69
f 65/73 66/74 67/75
f 67/75 68/76 65/73
f 66/77 69/78 70/79
f 70/79 67/80 66/77
f 71/81 65/73 68/76
f 68/76 72/82 71/81
f 73/83 74/84 75/85
f 75/85 76/86 73/83
f 69/78 77/87 78/88
f 78/88 70/79 69/78
f 74/84 79/89 80/90
f 80/90 75/85 74/84
f 79/89 71/81 72/82
f 72/82 80/90 79/89
f 77/87 73/83 76/86
f 76/86 78/88 77/87
f 68/76 67/75 83/91
f 83/91 81/92 68/76
f 67/80 70/79 82/93
f 82/93 83/94 67/80
f 72/82 68/76 81/92
f 81/92 84/95 72/82
f 76/86 75/85 85/96
f 85/96 86/97 76/86
f 70/79 78/88 87/98
f 87/98 82/93 70/79
f 75/85 80/90 88/99
f 88/99 85/96 75/85
f 80/90 72/82 84/95
f 84/95 88/99 80/90
f 78/88 76/86 86/97
f 86/97 87/98 78/88
f 89/100 90/101 91/102
f 91/102 92/103 89/100
f 93/104 89/105 92/106
f 92/106 94/107 93/104
f 90/101 95/108 96/109
f 96/109 91/102 90/101
f 97/110 98/111 99/112
f 99/112 100/113 97/110
f 101/114 93/104 94/107
f 94/107 102/115 101/114
f 103/116 97/110 100/113
f 100/113 104/117 103/116
f 95/108 103/116 104/117
f 104/117 96/109 95/108
f 98/111 101/114 102/115
f 102/115 99/112 98/111
f 105/118 106/119 107/120
f 107/120 109/121 105/118
f 108/122 105/123 109/124
f 109/124 110/125 108/122
f 106/119 111/126 112/127
f 112/127 107/120 106/119
f 113/128 114/129 115/130
f 115/130 116/131 113/128
f 117/132 108/122 110/125
f 110/125 118/133 117/132
f 119/134 113/128 116/131
f 116/131 120/135 119/134
f 111/126 119/134 120/135
f 120/135 112/127 111/126
f 114/129 117/132 118/133
f 118/133 115/130 114/129
f 524/136 510/137 121/138
f 121/138 122/139 524/136
f 523/140 524/141 122/142
f 122/142 123/143 523/140
f 510/137 513/144 124/145
f 124/145 121/138 510/137
f 517/146 519/147 125/148
f 125/148 126/149 517/146
f 521/150 523/140 123/143
f 123/143 127/151 521/150
f 515/152 517/146 126/149
f 126/149 128/153 515/152
f 513/144 515/152 128/153
f 128/153 124/145 513/144
f 519/147 521/150 127/151
f 127/151 125/148 519/147
f 132/154 129/155 130/156
f 130/156 133/157 132/154
f 131/158 132/159 133/160
f 133/160 134/161 131/158
f 129/155 135/162 136/163
f 136/163 130/156 129/155
f 137/164 138/165 139/166
f 139/166 140/167 137/164
f 141/168 131/158 134/161
f 134/161 142/169 141/168
f 143/170 137/164 140/167
f 140/167 144/171 143/170
f 135/162 143/170 144/171
f 144/171 136/163 135/162
f 138/165 141/168 142/169
f 142/169 139/166 138/165
f 145/172 147/173 150/174
f 150/174 146/175 145/172
f 147/176 148/177 149/178
f 149/178 150/179 147/176
f 151/180 145/172 146/175
f 146/175 152/181 151/180
f 153/182 154/183 155/184
f 155/184 156/185 153/182
f 148/177 157/186 158/187
f 158/187 149/178 148/177
f 154/183 159/188 160/189
f 160/189 155/184 154/183
f 159/188 151/180 152/181
f 152/181 160/189 159/188
f 157/186 153/182 156/185
f 156/185 158/187 157/186
f 164/190 161/191 162/192
f 162/192 165/193 164/190
f 163/194 164/195 165/196
f 165/196 166/197 163/194
f 161/191 167/198 168/199
f 168/199 162/192 161/191
f 169/200 170/201 171/202
f 171/202 172/203 169/200
f 173/204 163/194 166/197
f 166/197 174/205 173/204
f 175/206 169/200 172/203
f 172/203 176/207 175/206
f 167/198 175/206 176/207
f 176/207 168/199 167/198
f 170/201 173/204 174/205
f 174/205 171/202 170/201
f 177/208 178/209 182/210
f 182/210 179/211 177/208
f 178/212 180/213 181/214
f 181/214 182/215 178/212
f 183/216 177/208 179/211
f 179/211 184/217 183/216
f 185/218 186/219 187/220
f 187/220 188/221 185/218
f 180/213 189/222 190/223
f 190/223 181/214 180/213
f 186/219 191/224 192/225
f 192/225 187/220 186/219
f 191/224 183/216 184/217
f 184/217 192/225 191/224
f 189/222 185/218 188/221
f 188/221 190/223 189/222
f 203/226 193/227 526/228
f 526/228 525/229 203/226
f 193/227 194/230 195/231
f 195/231 526/228 193/227
f 194/230 196/232 527/233
f 527/233 195/231 194/230
f 196/232 197/234 198/235
f 198/235 527/233 196/232
f 197/234 199/236 200/237
f 200/237 198/235 197/234
f 199/236 201/238 528/239
f 528/239 200/237 199/236
f 201/238 202/240 529/241
f 529/241 528/239 201/238
f 202/240 203/242 525/243
f 525/243 529/241 202/240
f 204/244 205/245 209/246
f 209/246 206/247 204/244
f 205/248 207/249 208/250
f 208/250 209/251 205/248
f 210/252 204/244 206/247
f 206/247 211/253 210/252
f 212/254 213/255 214/256
f 214/256 215/257 212/254
f 207/249 216/258 217/259
f 217/259 208/250 207/249
f 213/255 218/260 219/261
f 219/261 214/256 213/255
f 218/260 210/252 211/253
f 211/253 219/261 218/260
f 216/258 212/254 215/257
f 215/257 217/259 216/258
f 235/262 220/263 221/264
f 221/264 222/265 235/262
f 220/263 223/266 224/267
f 224/267 221/264 220/263
f 223/266 225/268 226/269
f 226/269 224/267 223/266
f 225/268 227/270 228/271
f 228/271 226/269 225/268
f 227/270 229/272 230/273
f 230/273 228/271 227/270
f 229/272 231/274 232/275
f 232/275 230/273 229/272
f 231/274 233/276 234/277
f 234/277 232/275 231/274
f 233/276 235/278 222/279
f 222/279 234/277 233/276
f 236/280 237/281 238/282
f 238/282 240/283 236/280
f 239/284 236/285 240/286
f 240/286 241/287 239/284
f 237/281 242/288 243/289
f 243/289 238/282 237/281
f 244/290 245/291 246/292
f 246/292 247/293 244/290
f 248/294 239/284 241/287
f 241/287 249/295 248/294
f 250/296 244/290 247/293
f 247/293 251/297 250/296
f 242/288 250/296 251/297
f 251/297 243/289 242/288
f 245/291 248/294 249/295
f 249/295 246/292 245/291
f 252/298 255/299 253/300
f 253/300 254/301 252/298
f 255/302 256/303 257/304
f 257/304 253/305 255/302
f 258/306 252/298 254/301
f 254/301 259/307 258/306
f 260/308 261/309 262/310
f 262/310 263/311 260/308
f 261/309 264/312 265/313
f 265/313 262/310 261/309
f 264/312 258/306 259/307
f 259/307 265/313 264/312
f 266/314 260/308 263/311
f 263/311 267/315 266/314
f 14/16 13/15 268/316
f 268/316 269/317 14/16
f 16/18 14/16 269/317
f 269/317 270/318 16/18
f 9/9 16/18 270/318
f 270/318 271/319 9/9
f 271/319 272/320 7/10
f 7/10 9/9 271/319
f 8/8 7/7 272/321
f 272/321 273/322 8/8
f 273/322 274/323 3/3
f 3/3 8/8 273/322
f 4/4 3/3 274/323
f 274/323 275/324 4/4
f 13/15 4/4 275/324
f 275/324 268/316 13/15
f 276/325 277/326 21/24
f 21/24 20/23 276/325
f 277/326 278/327 29/33
f 29/33 21/24 277/326
f 278/327 279/328 25/29
f 25/29 29/33 278/327
f 279/328 280/329 26/30
f 26/30 25/29 279/328
f 280/329 281/330 31/35
f 31/35 26/30 280/329
f 281/330 282/331 23/27
f 23/27 31/35 281/330
f 282/331 283/332 17/19
f 17/19 23/27 282/331
f 283/332 276/333 20/20
f 20/20 17/19 283/332
f 284/334 285/335 286/336
f 286/336 287/337 284/334
f 285/335 288/338 289/339
f 289/339 286/336 285/335
f 288/338 290/340 291/341
f 291/341 289/339 288/338
f 290/340 292/342 293/343
f 293/343 291/341 290/340
f 292/342 294/344 295/345
f 295/345 293/343 292/342
f 294/344 296/346 297/347
f 297/347 295/345 294/344
f 296/346 298/348 299/349
f 299/349 297/347 296/346
f 298/348 284/350 287/351
f 287/351 299/349 298/348
f 314/352 300/353 301/354
f 301/354 315/355 314/352
f 300/353 302/356 303/357
f 303/357 301/354 300/353
f 302/356 304/358 305/359
f 305/359 303/357 302/356
f 304/358 306/360 307/361
f 307/361 305/359 304/358
f 306/360 308/362 309/363
f 309/363 307/361 306/360
f 308/362 310/364 311/365
f 311/365 309/363 308/362
f 310/364 312/366 313/367
f 313/367 311/365 310/364
f 312/366 314/368 315/369
f 315/369 313/367 312/366
f 316/370 317/371 300/353
f 300/353 314/352 316/370
f 317/371 318/372 302/356
f 302/356 300/353 317/371
f 318/372 319/373 304/358
f 304/358 302/356 318/372
f 319/373 320/374 306/360
f 306/360 304/358 319/373
f 320/374 321/375 308/362
f 308/362 306/360 320/374
f 321/375 322/376 310/364
f 310/364 308/362 321/375
f 322/376 323/377 312/366
f 312/366 310/364 322/376
f 323/377 316/378 314/368
f 314/368 312/366 323/377
f 324/379 325/380 326/381
f 326/381 327/382 324/379
f 325/380 328/383 329/384
f 329/384 326/381 325/380
f 328/383 330/385 331/386
f 331/386 329/384 328/383
f 330/385 332/387 333/388
f 333/388 331/386 330/385
f 332/387 334/389 335/390
f 335/390 333/388 332/387
f 334/389 336/391 337/392
f 337/392 335/390 334/389
f 336/391 338/393 339/394
f 339/394 337/392 336/391
f 338/393 324/395 327/396
f 327/396 339/394 338/393
f 347/397 340/398 123/143
f 123/143 122/142 347/397
f 340/398 341/399 127/151
f 127/151 123/143 340/398
f 341/399 342/400 125/148
f 125/148 127/151 341/399
f 342/400 343/401 126/149
f 126/149 125/148 342/400
f 343/401 344/402 128/153
f 128/153 126/149 343/401
f 344/402 345/403 124/145
f 124/145 128/153 344/402
f 345/403 346/404 121/138
f 121/138 124/145 345/403
f 346/404 347/405 122/139
f 122/139 121/138 346/404
f 348/406 349/407 350/408
f 350/408 351/409 348/406
f 349/407 352/410 353/411
f 353/411 350/408 349/407
f 352/410 354/412 361/413
f 361/413 353/411 352/410
f 355/414 356/415 357/416
f 357/416 358/417 355/414
f 354/418 359/419 360/420
f 360/420 361/421 354/418
f 359/419 362/422 363/423
f 363/423 360/420 359/419
f 356/415 348/406 351/409
f 351/409 357/416 356/415
f 362/422 355/414 358/417
f 358/417 363/423 362/422
f 364/424 365/425 366/426
f 367/427 364/424 366/426
f 368/428 367/427 366/426
f 369/429 370/430 366/426
f 371/431 368/428 366/426
f 372/432 371/431 366/426
f 365/425 369/429 366/426
f 370/430 372/432 366/426
f 373/433 374/434 375/435
f 375/435 376/436 373/433
f 377/437 373/433 376/436
f 376/436 378/438 377/437
f 379/439 377/437 378/438
f 378/438 380/440 379/439
f 381/441 379/439 380/440
f 380/440 382/442 381/441
f 383/443 381/441 382/442
f 382/442 385/444 383/443
f 384/445 383/446 385/447
f 385/447 386/448 384/445
f 387/449 384/445 386/448
f 386/448 388/450 387/449
f 374/434 387/449 388/450
f 388/450 375/435 374/434
f 389/451 390/452 391/453
f 391/453 392/454 389/451
f 390/452 393/455 394/456
f 394/456 391/453 390/452
f 393/455 395/457 396/458
f 396/458 394/456 393/455
f 395/457 397/459 398/460
f 398/460 396/458 395/457
f 397/459 399/461 402/462
f 402/462 398/460 397/459
f 399/463 400/464 401/465
f 401/465 402/466 399/463
f 400/464 403/467 404/468
f 404/468 401/465 400/464
f 403/467 389/451 392/454
f 392/454 404/468 403/467
f 405/469 406/470 407/471
f 407/471 408/472 405/469
f 409/473 405/469 408/472
f 408/472 410/474 409/473
f 411/475 409/473 410/474
f 410/474 413/476 411/475
f 412/477 411/478 413/479
f 413/479 452/480 412/477
f 414/481 412/477 452/480
f 452/480 415/482 414/481
f 416/483 414/481 415/482
f 415/482 417/484 416/483
f 418/485 416/483 417/484
f 417/484 419/486 418/485
f 406/470 418/485 419/486
f 419/486 407/471 406/470
f 420/487 421/488 376/436
f 376/436 375/435 420/487
f 421/488 422/489 378/438
f 378/438 376/436 421/488
f 422/489 423/490 380/440
f 380/440 378/438 422/489
f 423/490 424/491 382/442
f 382/442 380/440 423/490
f 424/491 425/492 385/444
f 385/444 382/442 424/491
f 425/493 426/494 386/448
f 386/448 385/447 425/493
f 426/494 427/495 388/450
f 388/450 386/448 426/494
f 427/495 420/487 375/435
f 375/435 388/450 427/495
f 350/408 387/449 374/434
f 374/434 351/409 350/408
f 353/411 384/445 387/449
f 387/449 350/408 353/411
f 361/413 383/446 384/445
f 384/445 353/411 361/413
f 360/420 381/441 383/443
f 383/443 361/421 360/420
f 363/423 379/439 381/441
f 381/441 360/420 363/423
f 358/417 377/437 379/439
f 379/439 363/423 358/417
f 357/416 373/433 377/437
f 377/437 358/417 357/416
f 351/409 374/434 373/433
f 373/433 357/416 351/409
f 392/454 391/453 421/488
f 421/488 420/487 392/454
f 391/453 394/456 422/489
f 422/489 421/488 391/453
f 394/456 396/458 423/490
f 423/490 422/489 394/456
f 396/458 398/460 424/491
f 424/491 423/490 396/458
f 398/460 402/462 425/492
f 425/492 424/491 398/460
f 402/466 401/465 426/494
f 426/494 425/493 402/466
f 401/465 404/468 427/495
f 427/495 426/494 401/465
f 404/468 392/454 420/487
f 420/487 427/495 404/468
f 428/496 429/497 390/452
f 390/452 389/451 428/496
f 429/497 430/498 393/455
f 393/455 390/452 429/497
f 430/498 431/499 395/457
f 395/457 393/455 430/498
f 431/499 432/500 397/459
f 397/459 395/457 431/499
f 432/500 433/501 399/461
f 399/461 397/459 432/500
f 433/502 434/503 400/464
f 400/464 399/463 433/502
f 434/503 435/504 403/467
f 403/467 400/464 434/503
f 435/504 428/496 389/451
f 389/451 403/467 435/504
f 406/470 405/469 349/407
f 349/407 348/406 406/470
f 405/469 409/473 352/410
f 352/410 349/407 405/469
f 409/473 411/475 354/412
f 354/412 352/410 409/473
f 411/478 412/477 359/419
f 359/419 354/418 411/478
f 412/477 414/481 362/422
f 362/422 359/419 412/477
f 414/481 416/483 355/414
f 355/414 362/422 414/481
f 416/483 418/485 356/415
f 356/415 355/414 416/483
f 418/485 406/470 348/406
f 348/406 356/415 418/485
f 436/505 437/506 438/507
f 438/507 439/508 436/505
f 440/509 436/505 439/508
f 439/508 441/510 440/509
f 442/511 440/509 441/510
f 441/510 443/512 442/511
f 444/513 442/511 443/512
f 443/512 445/514 444/513
f 446/515 444/513 445/514
f 445/514 447/516 446/515
f 448/517 446/515 447/516
f 447/516 449/518 448/517
f 450/519 448/517 449/518
f 449/518 451/520 450/519
f 437/506 450/519 451/520
f 451/520 438/507 437/506
f 439/508 438/507 365/425
f 365/425 364/424 439/508
f 441/510 439/508 364/424
f 364/424 367/427 441/510
f 443/512 441/510 367/427
f 367/427 368/428 443/512
f 445/514 443/512 368/428
f 368/428 371/431 445/514
f 447/516 445/514 371/431
f 371/431 372/432 447/516
f 449/518 447/516 372/432
f 372/432 370/430 449/518
f 451/520 449/518 370/430
f 370/430 369/429 451/520
f 438/507 451/520 369/429
f 369/429 365/425 438/507
f 407/521 419/522 450/519
f 450/519 437/506 407/521
f 419/522 417/523 448/517
f 448/517 450/519 419/522
f 417/523 415/524 446/515
f 446/515 448/517 417/523
f 415/524 452/525 444/513
f 444/513 446/515 415/524
f 452/525 413/526 442/511
f 442/511 444/513 452/525
f 413/526 410/527 440/509
f 440/509 442/511 413/526
f 410/527 408/528 436/505
f 436/505 440/509 410/527
f 408/528 407/521 437/506
f 437/506 436/505 408/528
f 453/529 454/530 15/17
f 15/17 10/12 453/529
f 454/530 455/531 11/13
f 11/13 15/17 454/530
f 455/531 456/532 12/14
f 12/14 11/13 455/531
f 456/532 457/533 1/1
f 1/1 12/14 456/532
f 457/533 458/534 2/2
f 2/2 1/1 457/533
f 5/5 2/2 458/534
f 458/534 459/535 5/5
f 459/535 460/536 6/6
f 6/6 5/5 459/535
f 10/12 6/11 460/537
f 460/537 453/529 10/12
f 432/500 431/499 454/530
f 454/530 453/529 432/500
f 431/499 430/498 455/531
f 455/531 454/530 431/499
f 430/498 429/497 456/532
f 456/532 455/531 430/498
f 428/496 457/533 456/532
f 456/532 429/497 428/496
f 428/496 435/504 458/534
f 458/534 457/533 428/496
f 459/535 458/534 435/504
f 435/504 434/503 459/535
f 434/503 433/502 460/536
f 460/536 459/535 434/503
f 453/529 460/537 433/501
f 433/501 432/500 453/529
f 269/317 268/316 461/538
f 461/538 462/539 269/317
f 270/318 269/317 462/539
f 462/539 463/540 270/318
f 271/319 270/318 463/540
f 463/540 464/541 271/319
f 464/541 465/542 272/320
f 272/320 271/319 464/541
f 273/322 272/321 465/543
f 465/543 466/544 273/322
f 466/544 467/545 274/323
f 274/323 273/322 466/544
f 275/324 274/323 467/545
f 467/545 468/546 275/324
f 268/316 275/324 468/546
f 468/546 461/538 268/316
f 465/542 464/541 277/326
f 277/326 276/325 465/542
f 464/541 463/540 278/327
f 278/327 277/326 464/541
f 463/540 462/539 279/328
f 279/328 278/327 463/540
f 462/539 461/538 280/329
f 280/329 279/328 462/539
f 461/538 468/546 281/330
f 281/330 280/329 461/538
f 468/546 467/545 282/331
f 282/331 281/330 468/546
f 467/545 466/544 283/332
f 283/332 282/331 467/545
f 466/544 465/543 276/333
f 276/333 283/332 466/544
f 19/22 18/21 469/547
f 469/547 470/548 19/22
f 24/28 19/22 470/548
f 470/548 471/549 24/28
f 32/36 24/28 471/549
f 471/549 472/550 32/36
f 27/31 32/36 472/550
f 472/550 473/551 27/31
f 28/32 27/31 473/551
f 473/551 474/552 28/32
f 30/34 28/32 474/552
f 474/552 475/553 30/34
f 22/25 30/34 475/553
f 475/553 476/554 22/25
f 18/26 22/25 476/554
f 476/554 469/555 18/26
f 469/555 476/554 36/42
f 36/42 35/41 469/555
f 476/554 475/553 45/51
f 45/51 36/42 476/554
f 475/553 474/552 41/47
f 41/47 45/51 475/553
f 474/552 473/551 42/48
f 42/48 41/47 474/552
f 473/551 472/550 47/53
f 47/53 42/48 473/551
f 472/550 471/549 39/45
f 39/45 47/53 472/550
f 471/549 470/548 33/37
f 33/37 39/45 471/549
f 470/548 469/547 35/38
f 35/38 33/37 470/548
f 38/44 37/43 53/60
f 53/60 52/59 38/44
f 37/43 46/52 61/69
f 61/69 53/60 37/43
f 46/52 44/50 57/65
f 57/65 61/69 46/52
f 44/50 43/49 58/66
f 58/66 57/65 44/50
f 43/49 48/54 63/71
f 63/71 58/66 43/49
f 48/54 40/46 55/63
f 55/63 63/71 48/54
f 40/46 34/40 49/55
f 49/55 55/63 40/46
f 34/40 38/39 52/56
f 52/56 49/55 34/40
f 50/62 54/61 69/78
f 69/78 66/77 50/62
f 54/61 62/70 77/87
f 77/87 69/78 54/61
f 62/70 60/68 73/83
f 73/83 77/87 62/70
f 60/68 59/67 74/84
f 74/84 73/83 60/68
f 59/67 64/72 79/89
f 79/89 74/84 59/67
f 64/72 56/64 71/81
f 71/81 79/89 64/72
f 56/64 51/58 65/73
f 65/73 71/81 56/64
f 51/58 50/57 66/74
f 66/74 65/73 51/58
f 81/92 83/91 477/556
f 477/556 484/557 81/92
f 84/95 81/92 484/557
f 484/557 483/558 84/95
f 88/99 84/95 483/558
f 483/558 482/559 88/99
f 85/96 88/99 482/559
f 482/559 481/560 85/96
f 86/97 85/96 481/560
f 481/560 480/561 86/97
f 87/98 86/97 480/561
f 480/561 478/562 87/98
f 82/93 87/98 478/562
f 478/562 479/563 82/93
f 83/94 82/93 479/563
f 479/563 477/564 83/94
f 477/565 479/566 285/335
f 285/335 284/334 477/565
f 479/566 478/567 288/338
f 288/338 285/335 479/566
f 478/567 480/568 290/340
f 290/340 288/338 478/567
f 480/568 481/569 292/342
f 292/342 290/340 480/568
f 481/569 482/570 294/344
f 294/344 292/342 481/569
f 482/570 483/571 296/346
f 296/346 294/344 482/570
f 483/571 484/572 298/348
f 298/348 296/346 483/571
f 484/572 477/573 284/350
f 284/350 298/348 484/572
f 94/107 92/106 287/337
f 287/337 286/336 94/107
f 102/115 94/107 286/336
f 286/336 289/339 102/115
f 99/112 102/115 289/339
f 289/339 291/341 99/112
f 100/113 99/112 291/341
f 291/341 293/343 100/113
f 104/117 100/113 293/343
f 293/343 295/345 104/117
f 96/109 104/117 295/345
f 295/345 297/347 96/109
f 91/102 96/109 297/347
f 297/347 299/349 91/102
f 92/103 91/102 299/349
f 299/349 287/351 92/103
f 313/367 315/369 89/105
f 89/105 93/104 313/367
f 311/365 313/367 93/104
f 93/104 101/114 311/365
f 309/363 311/365 101/114
f 101/114 98/111 309/363
f 307/361 309/363 98/111
f 98/111 97/110 307/361
f 305/359 307/361 97/110
f 97/110 103/116 305/359
f 303/357 305/359 103/116
f 103/116 95/108 303/357
f 301/354 303/357 95/108
f 95/108 90/101 301/354
f 315/355 301/354 90/101
f 90/101 89/100 315/355
f 485/574 317/371 316/370
f 316/370 486/575 485/574
f 487/576 318/372 317/371
f 317/371 485/574 487/576
f 488/577 319/373 318/372
f 318/372 487/576 488/577
f 489/578 320/374 319/373
f 319/373 488/577 489/578
f 490/579 321/375 320/374
f 320/374 489/578 490/579
f 491/580 322/376 321/375
f 321/375 490/579 491/580
f 492/581 323/377 322/376
f 322/376 491/580 492/581
f 486/582 316/378 323/377
f 323/377 492/581 486/582
f 486/582 492/581 325/380
f 325/380 324/379 486/582
f 492/581 491/580 328/383
f 328/383 325/380 492/581
f 491/580 490/579 330/385
f 330/385 328/383 491/580
f 490/579 489/578 332/387
f 332/387 330/385 490/579
f 489/578 488/577 334/389
f 334/389 332/387 489/578
f 488/577 487/576 336/391
f 336/391 334/389 488/577
f 487/576 485/574 338/393
f 338/393 336/391 487/576
f 485/574 486/575 324/395
f 324/395 338/393 485/574
f 110/125 109/124 327/382
f 327/382 326/381 110/125
f 118/133 110/125 326/381
f 326/381 329/384 118/133
f 115/130 118/133 329/384
f 329/384 331/386 115/130
f 116/131 115/130 331/386
f 331/386 333/388 116/131
f 120/135 116/131 333/388
f 333/388 335/390 120/135
f 112/127 120/135 335/390
f 335/390 337/392 112/127
f 107/120 112/127 337/392
f 337/392 339/394 107/120
f 109/121 107/120 339/394
f 339/394 327/396 109/121
f 106/119 105/118 493/583
f 493/583 494/584 106/119
f 111/126 106/119 494/584
f 494/584 495/585 111/126
f 119/134 111/126 495/585
f 495/585 496/586 119/134
f 113/128 119/134 496/586
f 496/586 497/587 113/128
f 114/129 113/128 497/587
f 497/587 498/588 114/129
f 117/132 114/129 498/588
f 498/588 499/589 117/132
f 108/122 117/132 499/589
f 499/589 500/590 108/122
f 105/123 108/122 500/590
f 500/590 493/591 105/123
f 494/584 493/583 508/592
f 508/592 501/593 494/584
f 495/585 494/584 501/593
f 501/593 502/594 495/585
f 496/586 495/585 502/594
f 502/594 503/595 496/586
f 497/587 496/586 503/595
f 503/595 504/596 497/587
f 498/588 497/587 504/596
f 504/596 505/597 498/588
f 499/589 498/588 505/597
f 505/597 506/598 499/589
f 500/590 499/589 506/598
f 506/598 507/599 500/590
f 493/591 500/590 507/599
f 507/599 508/600 493/591
f 508/600 507/599 340/398
f 340/398 347/397 508/600
f 507/599 506/598 341/399
f 341/399 340/398 507/599
f 506/598 505/597 342/400
f 342/400 341/399 506/598
f 505/597 504/596 343/401
f 343/401 342/400 505/597
f 504/596 503/595 344/402
f 344/402 343/401 504/596
f 503/595 502/594 345/403
f 345/403 344/402 503/595
f 502/594 501/593 346/404
f 346/404 345/403 502/594
f 501/593 508/592 347/405
f 347/405 346/404 501/593
f 509/601 510/602 524/603
f 524/603 511/604 509/601
f 512/605 513/606 510/602
f 510/602 509/601 512/605
f 514/607 515/608 513/606
f 513/606 512/605 514/607
f 516/609 517/610 515/608
f 515/608 514/607 516/609
f 518/611 519/612 517/610
f 517/610 516/609 518/611
f 520/613 521/614 519/612
f 519/612 518/611 520/613
f 522/615 523/616 521/614
f 521/614 520/613 522/615
f 511/617 524/618 523/616
f 523/616 522/615 511/617
f 134/161 133/160 511/617
f 511/617 522/615 134/161
f 142/169 134/161 522/615
f 522/615 520/613 142/169
f 139/166 142/169 520/613
f 520/613 518/611 139/166
f 140/167 139/166 518/611
f 518/611 516/609 140/167
f 144/171 140/167 516/609
f 516/609 514/607 144/171
f 136/163 144/171 514/607
f 514/607 512/605 136/163
f 130/156 136/163 512/605
f 512/605 509/601 130/156
f 133/157 130/156 509/601
f 509/601 511/604 133/157
f 145/172 129/155 132/154
f 132/154 147/173 145/172
f 151/180 135/162 129/155
f 129/155 145/172 151/180
f 159/188 143/170 135/162
f 135/162 151/180 159/188
f 154/183 137/164 143/170
f 143/170 159/188 154/183
f 153/182 138/165 137/164
f 137/164 154/183 153/182
f 157/186 141/168 138/165
f 138/165 153/182 157/186
f 148/177 131/158 141/168
f 141/168 157/186 148/177
f 147/176 132/159 131/158
f 131/158 148/177 147/176
f 165/193 162/192 146/175
f 146/175 150/174 165/193
f 162/192 168/199 152/181
f 152/181 146/175 162/192
f 168/199 176/207 160/189
f 160/189 152/181 168/199
f 176/207 172/203 155/184
f 155/184 160/189 176/207
f 172/203 171/202 156/185
f 156/185 155/184 172/203
f 171/202 174/205 158/187
f 158/187 156/185 171/202
f 174/205 166/197 149/178
f 149/178 158/187 174/205
f 166/197 165/196 150/179
f 150/179 149/178 166/197
f 203/242 202/240 161/191
f 161/191 164/190 203/242
f 202/240 201/238 167/198
f 167/198 161/191 202/240
f 201/238 199/236 175/206
f 175/206 167/198 201/238
f 199/236 197/234 169/200
f 169/200 175/206 199/236
f 197/234 196/232 170/201
f 170/201 169/200 197/234
f 196/232 194/230 173/204
f 173/204 170/201 196/232
f 194/230 193/227 163/194
f 163/194 173/204 194/230
f 193/227 203/226 164/195
f 164/195 163/194 193/227
f 525/619 526/620 180/213
f 180/213 178/212 525/619
f 526/620 195/621 189/222
f 189/222 180/213 526/620
f 195/621 527/622 185/218
f 185/218 189/222 195/621
f 527/622 198/623 186/219
f 186/219 185/218 527/622
f 198/623 200/624 191/224
f 191/224 186/219 198/623
f 200/624 528/625 183/216
f 183/216 191/224 200/624
f 528/625 529/626 177/208
f 177/208 183/216 528/625
f 529/626 525/627 178/209
f 178/209 177/208 529/626
f 182/215 181/214 220/263
f 220/263 235/262 182/215
f 181/214 190/223 223/266
f 223/266 220/263 181/214
f 190/223 188/221 225/268
f 225/268 223/266 190/223
f 188/221 187/220 227/270
f 227/270 225/268 188/221
f 187/220 192/225 229/272
f 229/272 227/270 187/220
f 192/225 184/217 231/274
f 231/274 229/272 192/225
f 184/217 179/211 233/276
f 233/276 231/274 184/217
f 179/211 182/210 235/278
f 235/278 233/276 179/211
f 222/265 221/264 207/249
f 207/249 205/248 222/265
f 221/264 224/267 216/258
f 216/258 207/249 221/264
f 224/267 226/269 212/254
f 212/254 216/258 224/267
f 226/269 228/271 213/255
f 213/255 212/254 226/269
f 228/271 230/273 218/260
f 218/260 213/255 228/271
f 230/273 232/275 210/252
f 210/252 218/260 230/273
f 232/275 234/277 204/244
f 204/244 210/252 232/275
f 234/277 222/279 205/245
f 205/245 204/244 234/277
f 209/251 208/250 241/287
f 241/287 240/286 209/251
f 208/250 217/259 249/295
f 249/295 241/287 208/250
f 217/259 215/257 246/292
f 246/292 249/295 217/259
f 215/257 214/256 247/293
f 247/293 246/292 215/257
f 214/256 219/261 251/297
f 251/297 247/293 214/256
f 219/261 211/253 243/289
f 243/289 251/297 219/261
f 211/253 206/247 238/282
f 238/282 243/289 211/253
f 206/247 209/246 240/283
f 240/283 238/282 206/247
f 530/628 237/281 236/280
f 236/280 536/629 530/628
f 531/630 242/288 237/281
f 237/281 530/628 531/630
f 532/631 250/296 242/288
f 242/288 531/630 532/631
f 533/632 244/290 250/296
f 250/296 532/631 533/632
f 534/633 245/291 244/290
f 244/290 533/632 534/633
f 535/634 248/294 245/291
f 245/291 534/633 535/634
f 536/635 236/285 239/284
f 239/284 537/636 536/635
f 256/303 255/302 545/637
f 545/637 538/638 256/303
f 260/308 266/314 539/639
f 539/639 540/640 260/308
f 261/309 260/308 540/640
f 540/640 541/641 261/309
f 264/312 261/309 541/641
f 541/641 542/642 264/312
f 258/306 264/312 542/642
f 542/642 543/643 258/306
f 252/298 258/306 543/643
f 543/643 544/644 252/298
f 255/299 252/298 544/644
f 544/644 545/645 255/299
f 538/638 545/637 536/635
f 536/635 537/636 538/638
f 540/640 539/639 535/634
f 535/634 534/633 540/640
f 541/641 540/640 534/633
f 534/633 533/632 541/641
f 542/642 541/641 533/632
f 533/632 532/631 542/642
f 543/643 542/642 532/631
f 532/631 531/630 543/643
f 544/644 543/643 531/630
f 531/630 530/628 544/644
f 536/629 545/645 544/644
f 544/644 530/628 536/629
f 546/646 547/647 548/648
f 548/648 549/649 546/646
f 550/650 551/651 552/652
f 552/652 553/653 550/650
f 554/654 555/655 553/653
f 553/653 552/652 554/654
f 556/656 557/657 558/658
f 558/658 559/659 556/656
f 559/659 558/658 560/660
f 560/660 561/661 559/659
f 562/662 563/663 564/664
f 564/664 565/665 562/662
f 566/666 567/667 568/668
f 568/668 569/669 566/666
f 570/670 571/671 572/672
f 573/673 572/672 571/671
f 571/671 574/674 573/673
f 575/675 576/676 577/677
f 577/677 578/678 579/679
f 579/679 580/680 577/677
f 579/679 581/681 580/680
f 582/682 583/683 584/684
f 584/684 585/685 582/682
f 586/686 587/687 588/688
f 588/688 589/689 586/686
f 590/690 591/691 592/692
f 592/692 593/693 590/690
f 594/694 595/695 575/675
f 575/675 577/677 594/694
f 571/671 596/696 595/695
f 595/695 594/694 571/671
f 597/697 598/698 599/699
f 599/699 600/700 597/697
f 598/698 601/701 599/699
f 602/702 603/703 586/686
f 586/686 589/689 602/702
f 592/692 604/704 605/705
f 605/705 593/693 592/692
f 599/699 606/706 607/707
f 607/707 600/700 599/699
f 608/708 606/706 599/699
f 599/699 601/701 608/708
f 609/709 610/710 608/708
f 608/708 601/701 609/709
f 611/711 612/712 613/713
f 613/713 614/714 611/711
f 611/711 615/715 616/716
f 616/716 612/712 611/711
f 617/717 618/718 619/719
f 619/719 620/720 617/717
f 621/721 622/722 623/723
f 623/723 624/724 621/721
f 625/725 626/726 577/677
f 577/677 580/680 625/725
f 626/726 627/727 594/694
f 594/694 577/677 626/726
f 628/728 571/671 594/694
f 594/694 627/727 628/728
f 629/729 630/730 631/731
f 631/731 632/732 629/729
f 633/733 634/734 635/735
f 635/735 636/736 633/733
f 637/737 638/738 639/739
f 639/739 640/740 637/737
f 641/741 642/742 643/743
f 643/743 644/744 641/741
f 642/742 645/745 646/746
f 646/746 643/743 642/742
f 645/745 647/747 648/748
f 648/748 646/746 645/745
f 649/749 650/750 629/729
f 629/729 632/732 649/749
f 651/751 566/666 569/669
f 569/669 652/752 651/751
f 589/689 588/688 590/690
f 590/690 593/693 589/689
f 605/705 602/702 589/689
f 589/689 593/693 605/705
f 635/735 637/737 640/740
f 640/740 636/736 635/735
f 653/753 562/662 565/665
f 565/665 654/754 653/753
f 585/685 584/684 655/755
f 655/755 656/756 585/685
f 657/757 658/758 585/685
f 585/685 656/756 657/757
f 659/759 660/760 661/761
f 661/761 662/762 659/759
f 663/763 566/666 651/751
f 651/751 664/764 663/763
f 665/765 567/667 566/666
f 566/666 663/763 665/765
f 666/766 562/662 653/753
f 653/753 667/767 666/766
f 668/768 563/663 562/662
f 562/662 666/766 668/768
f 558/658 557/657 669/769
f 669/769 670/770 558/658
f 560/660 558/658 670/770
f 670/770 671/771 560/660
f 553/653 555/655 672/772
f 672/772 673/773 553/653
f 674/774 550/650 553/653
f 553/653 673/773 674/774
f 674/774 675/775 546/646
f 575/675 595/695 674/774
f 674/774 673/773 575/675
f 673/773 672/772 576/676
f 576/676 575/675 673/773
f 579/679 578/678 671/771
f 671/771 670/770 579/679
f 669/769 581/681 579/679
f 579/679 670/770 669/769
f 584/684 583/683 668/768
f 668/768 666/766 584/684
f 655/755 584/684 666/766
f 666/766 667/767 655/755
f 588/688 587/687 665/765
f 665/765 663/763 588/688
f 590/690 588/688 663/763
f 663/763 664/764 590/690
f 664/764 676/776 591/691
f 591/691 590/690 664/764
f 677/777 678/778 598/698
f 598/698 597/697 677/777
f 658/758 679/779 582/682
f 582/682 585/685 658/758
f 680/780 621/721 624/724
f 624/724 681/781 680/780
f 682/782 617/717 620/720
f 620/720 683/783 682/782
f 612/712 616/716 630/730
f 630/730 629/729 612/712
f 650/750 613/713 612/712
f 612/712 629/729 650/750
f 608/708 610/710 647/747
f 647/747 645/745 608/708
f 642/742 606/706 608/708
f 608/708 645/745 642/742
f 607/707 606/706 642/742
f 642/742 641/741 607/707
f 637/737 605/705 604/704
f 604/704 638/738 637/737
f 635/735 602/702 605/705
f 605/705 637/737 635/735
f 634/734 603/703 602/702
f 602/702 635/735 634/734
f 659/759 658/758 657/757
f 657/757 660/760 659/759
f 684/784 679/779 658/758
f 658/758 659/759 684/784
f 685/785 626/726 625/725
f 627/727 626/726 685/785
f 632/732 631/731 686/786
f 686/786 649/749 632/732
f 646/746 648/748 687/787
f 643/743 646/746 687/787
f 687/787 688/788 643/743
f 644/744 643/743 688/788
f 640/740 639/739 689/789
f 689/789 690/790 640/740
f 690/790 636/736 640/740
f 691/791 633/733 636/736
f 636/736 690/790 691/791
f 692/792 662/762 661/761
f 693/793 694/794 695/795
f 696/796 693/793 695/795
f 695/795 697/797 696/796
f 698/798 682/782 683/783
f 683/783 699/799 698/798
f 696/796 697/797 700/800
f 700/800 701/801 696/796
f 702/802 680/780 681/781
f 681/781 703/803 702/802
f 704/804 698/798 699/799
f 699/799 705/805 704/804
f 701/801 700/800 706/806
f 706/806 707/807 701/801
f 708/808 702/802 703/803
f 703/803 709/809 708/808
f 710/810 684/784 659/759
f 659/759 662/762 710/810
f 627/727 685/785 711/811
f 628/728 627/727 711/811
f 662/762 692/792 712/812
f 712/812 710/810 662/762
f 574/674 571/671 628/728
f 628/728 713/813 574/674
f 713/813 628/728 711/811
f 714/814 715/815 716/816
f 716/816 717/817 714/814
f 718/818 719/819 720/820
f 720/820 721/821 718/818
f 719/819 722/822 723/823
f 723/823 720/820 719/819
f 724/824 725/825 714/814
f 714/814 717/817 724/824
f 726/826 727/827 728/828
f 729/829 730/830 731/831
f 731/831 732/832 729/829
f 733/833 734/834 735/835
f 735/835 736/836 733/833
f 737/837 738/838 739/839
f 739/839 740/840 737/837
f 727/827 741/841 742/842
f 742/842 728/828 727/827
f 743/843 744/844 745/845
f 745/845 746/846 743/843
f 573/673 574/674 727/827
f 727/827 726/826 573/673
f 574/674 713/813 741/841
f 741/841 727/827 574/674
f 744/844 712/812 692/792
f 692/792 745/845 744/844
f 725/825 691/791 690/790
f 690/790 714/814 725/825
f 690/790 689/789 715/815
f 715/815 714/814 690/790
f 688/788 687/787 719/819
f 719/819 718/818 688/788
f 687/787 686/786 722/822
f 722/822 719/819 687/787
f 730/830 704/804 705/805
f 705/805 731/831 730/830
f 738/838 708/808 709/809
f 709/809 739/839 738/838
f 707/807 706/806 734/834
f 734/834 733/833 707/807
f 747/847 748/848 749/849
f 749/849 750/850 747/847
f 751/851 747/847 750/850
f 750/850 752/852 751/851
f 753/853 754/854 755/855
f 755/855 756/856 753/853
f 757/857 758/858 753/853
f 753/853 756/856 757/857
f 759/859 760/860 761/861
f 761/861 762/862 759/859
f 763/863 764/864 765/865
f 765/865 766/866 763/863
f 767/867 768/868 769/869
f 769/869 770/870 767/867
f 771/871 772/872 773/873
f 773/873 774/874 771/871
f 775/875 776/876 777/877
f 775/875 778/878 726/826
f 726/826 728/828 775/875
f 728/828 742/842 776/876
f 776/876 775/875 728/828
f 772/872 743/843 746/846
f 746/846 773/873 772/872
f 758/858 724/824 717/817
f 717/817 753/853 758/858
f 717/817 716/816 754/854
f 754/854 753/853 717/817
f 721/821 720/820 747/847
f 747/847 751/851 721/821
f 720/820 723/823 748/848
f 748/848 747/847 720/820
f 760/860 729/829 732/832
f 732/832 761/861 760/860
f 768/868 737/837 740/840
f 740/840 769/869 768/868
f 736/836 735/835 764/864
f 764/864 763/863 736/836
f 779/879 780/880 781/881
f 781/881 782/882 779/879
f 781/881 780/880 783/883
f 783/883 784/884 781/881
f 783/883 785/885 786/886
f 786/886 784/884 783/883
f 785/885 787/887 788/888
f 788/888 786/886 785/885
f 765/865 764/864 789/889
f 789/889 790/890 765/865
f 791/891 789/889 764/864
f 764/864 735/835 791/891
f 735/835 734/834 792/892
f 792/892 791/891 735/835
f 706/806 793/893 792/892
f 792/892 734/834 706/806
f 794/894 795/895 780/880
f 780/880 779/879 794/894
f 783/883 780/880 795/895
f 795/895 796/896 783/883
f 796/896 797/897 785/885
f 785/885 783/883 796/896
f 797/897 798/898 787/887
f 787/887 785/885 797/897
f 700/800 799/899 793/893
f 793/893 706/806 700/800
f 798/898 800/900 801/901
f 801/901 787/887 798/898
f 801/901 788/888 787/887
f 697/797 802/902 799/899
f 799/899 700/800 697/797
f 803/903 800/900 799/899
f 799/899 802/902 803/903
f 804/904 805/905 806/906
f 806/906 807/907 804/904
f 808/908 809/909 810/910
f 810/910 811/911 808/908
f 812/912 813/913 814/914
f 814/914 815/915 812/912
f 816/916 817/917 818/918
f 818/918 819/919 816/916
f 820/920 812/912 815/915
f 815/915 821/921 820/920
f 806/906 822/922 823/923
f 823/923 807/907 806/906
f 809/909 759/859 762/862
f 762/862 810/910 809/909
f 819/919 767/867 770/870
f 770/870 816/916 819/919
f 766/866 765/865 815/915
f 815/915 814/914 766/866
f 765/865 790/890 821/921
f 821/921 815/915 765/865
f 823/923 794/894 779/879
f 779/879 807/907 823/923
f 779/879 782/882 804/904
f 804/904 807/907 779/879
f 749/849 824/924 825/925
f 825/925 750/850 749/849
f 826/926 827/927 825/925
f 825/925 824/924 826/926
f 752/852 750/850 825/925
f 825/925 828/928 752/852
f 756/856 755/855 829/929
f 829/929 830/930 756/856
f 831/931 757/857 756/856
f 756/856 830/930 831/931
f 832/932 771/871 774/874
f 774/874 833/933 832/932
f 775/875 777/877 834/934
f 835/935 836/936 778/878
f 778/878 775/875 835/935
f 827/927 837/937 828/928
f 828/928 825/925 827/927
f 829/929 838/938 839/939
f 839/939 830/930 829/929
f 839/939 840/940 831/931
f 831/931 830/930 839/939
f 841/941 842/942 832/932
f 832/932 833/933 841/941
f 843/943 835/935 775/875
f 775/875 834/934 843/943
f 844/944 845/945 846/946
f 846/946 847/947 844/944
f 848/948 849/949 850/950
f 850/950 851/951 848/948
f 852/952 853/953 854/954
f 854/954 855/955 852/952
f 856/956 857/957 858/958
f 858/958 859/959 856/956
f 853/953 860/960 861/961
f 861/961 854/954 853/953
f 862/962 863/963 844/944
f 844/944 847/947 862/962
f 864/964 865/965 866/966
f 866/966 867/967 864/964
f 868/968 869/969 864/964
f 864/964 867/967 868/968
f 870/970 871/971 872/972
f 872/972 873/973 870/970
f 874/974 875/975 870/970
f 870/970 873/973 874/974
f 876/976 877/977 878/978
f 878/978 879/979 876/976
f 835/935 880/980 881/981
f 881/981 882/982 835/935
f 836/936 835/935 882/982
f 882/982 883/983 836/936
f 835/935 843/943 880/980
f 877/977 842/942 841/941
f 841/941 878/978 877/977
f 875/975 840/940 839/939
f 839/939 870/970 875/975
f 839/939 838/938 871/971
f 871/971 870/970 839/939
f 837/937 827/927 884/984
f 884/984 869/969 837/937
f 827/927 826/926 885/985
f 885/985 884/984 827/927
f 886/986 808/908 811/911
f 811/911 887/987 886/986
f 888/988 818/918 817/917
f 817/917 889/989 888/988
f 813/913 812/912 890/990
f 890/990 891/991 813/913
f 812/912 820/920 892/992
f 892/992 890/990 812/912
f 893/993 822/922 806/906
f 806/906 894/994 893/993
f 806/906 805/905 895/995
f 895/995 894/994 806/906
f 869/969 884/984 864/964
f 884/984 885/985 865/965
f 865/965 864/964 884/984
f 849/949 886/986 887/987
f 887/987 850/950 849/949
f 857/957 888/988 889/989
f 889/989 858/958 857/957
f 891/991 890/990 853/953
f 853/953 852/952 891/991
f 890/990 892/992 860/960
f 860/960 853/953 890/990
f 863/963 893/993 894/994
f 894/994 844/944 863/963
f 894/994 895/995 845/945
f 845/945 844/944 894/994
f 846/946 896/996 897/997
f 897/997 847/947 846/946
f 898/998 899/999 867/967
f 867/967 866/966 898/998
f 900/1000 868/968 867/967
f 867/967 899/999 900/1000
f 872/972 901/1001 902/1002
f 902/1002 873/973 872/972
f 902/1002 903/1003 874/974
f 874/974 873/973 902/1002
f 879/979 904/1004 905/1005
f 905/1005 876/976 879/979
f 881/981 906/1006 907/1007
f 907/1007 882/982 881/981
f 882/982 907/1007 908/1008
f 908/1008 883/983 882/982
f 909/1009 848/948 851/951
f 851/951 910/1010 909/1009
f 911/1011 912/1012 855/955
f 855/955 854/954 911/1011
f 859/959 913/1013 914/1014
f 914/1014 856/956 859/959
f 915/1015 911/1011 854/954
f 854/954 861/961 915/1015
f 897/997 916/1016 862/962
f 862/962 847/947 897/997
f 917/1017 918/1018 919/1019
f 919/1019 920/1020 917/1017
f 921/1021 922/1022 917/1017
f 917/1017 920/1020 921/1021
f 923/1023 924/1024 925/1025
f 925/1025 926/1026 923/1023
f 927/1027 923/1023 926/1026
f 926/1026 928/1028 927/1027
f 929/1029 930/1030 931/1031
f 931/1031 932/1032 929/1029
f 933/1033 934/1034 935/1035
f 935/1035 936/1036 933/1033
f 937/1037 938/1038 939/1039
f 939/1039 940/1040 937/1037
f 941/1041 942/1042 937/1037
f 937/1037 940/1040 941/1041
f 943/1043 944/1044 945/1045
f 945/1045 946/1046 943/1043
f 947/1047 948/1048 943/1043
f 943/1043 946/1046 947/1047
f 949/1049 950/1050 951/1051
f 951/1051 952/1052 949/1049
f 953/1053 954/1054 955/1055
f 955/1055 956/1056 953/1053
f 908/1008 954/1054 953/1053
f 897/997 896/996 918/1018
f 918/1018 917/1017 897/997
f 922/1022 916/1016 897/997
f 897/997 917/1017 922/1022
f 911/1011 915/1015 924/1024
f 924/1024 923/1023 911/1011
f 912/1012 911/1011 923/1023
f 923/1023 927/1027 912/1012
f 930/1030 914/1014 913/1013
f 913/1013 931/1031 930/1030
f 934/1034 909/1009 910/1010
f 910/1010 935/1035 934/1034
f 899/999 898/998 938/1038
f 938/1038 937/1037 899/999
f 942/1042 900/1000 899/999
f 899/999 937/1037 942/1042
f 902/1002 901/1001 944/1044
f 944/1044 943/1043 902/1002
f 943/1043 948/1048 903/1003
f 903/1003 902/1002 943/1043
f 951/1051 950/1050 905/1005
f 905/1005 904/1004 951/1051
f 955/1055 954/1054 907/1007
f 907/1007 906/1006 955/1055
f 954/1054 908/1008 907/1007
f 953/1053 956/1056 957/1057
f 957/1057 958/1058 953/1053
f 946/1046 945/1045 959/1059
f 959/1059 960/1060 946/1046
f 961/1061 947/1047 946/1046
f 946/1046 960/1060 961/1061
f 962/1062 949/1049 952/1052
f 952/1052 963/1063 962/1062
f 964/1064 941/1041 940/1040
f 940/1040 965/1065 964/1064
f 908/1008 953/1053 958/1058
f 958/1058 966/1066 908/1008
f 966/1066 967/1067 883/983
f 883/983 908/1008 966/1066
f 778/878 836/936 883/983
f 883/983 967/1067 778/878
f 968/1068 969/1069 572/672
f 572/672 573/673 968/1068
f 970/1070 726/826 971/1071
f 971/1071 972/1072 970/1070
f 726/826 778/878 967/1067
f 967/1067 971/1071 726/826
f 973/1073 971/1071 967/1067
f 967/1067 974/1074 973/1073
f 939/1039 975/1075 965/1065
f 965/1065 940/1040 939/1039
f 976/1076 933/1033 936/1036
f 936/1036 977/1077 976/1076
f 932/1032 978/1078 979/1079
f 979/1079 929/1029 932/1032
f 926/1026 980/1080 981/1081
f 981/1081 928/1028 926/1026
f 982/1082 980/1080 926/1026
f 926/1026 925/1025 982/1082
f 983/1083 984/1084 921/1021
f 921/1021 920/1020 983/1083
f 985/1085 983/1083 920/1020
f 920/1020 919/1019 985/1085
f 986/1086 987/1087 983/1083
f 983/1083 985/1085 986/1086
f 987/1087 988/1088 984/1084
f 984/1084 983/1083 987/1087
f 989/1089 990/1090 980/1080
f 980/1080 982/1082 989/1089
f 981/1081 980/1080 990/1090
f 990/1090 991/1091 981/1081
f 978/1078 992/1092 993/1093
f 993/1093 979/1079 978/1078
f 994/1094 976/1076 977/1077
f 977/1077 995/1095 994/1094
f 965/1065 975/1075 996/1096
f 996/1096 997/1097 965/1065
f 998/1098 964/1064 965/1065
f 965/1065 997/1097 998/1098
f 960/1060 999/1099 1000/1100
f 1001/1101 961/1061 960/1060
f 960/1060 1000/1100 1001/1101
f 1002/1102 962/1062 963/1063
f 963/1063 1003/1103 1002/1102
f 958/1058 957/1057 1004/1104
f 1004/1104 1005/1105 958/1058
f 966/1066 958/1058 1005/1105
f 1005/1105 1006/1106 966/1066
f 967/1067 966/1066 1006/1106
f 1007/1107 1008/1108 1009/1109
f 1009/1109 1010/1110 1007/1107
f 1010/1110 1009/1109 1011/1111
f 1011/1111 1012/1112 1010/1110
f 1013/1113 1014/1114 1015/1115
f 1015/1115 1016/1116 1013/1113
f 1017/1117 1018/1118 1019/1119
f 1019/1119 1020/1120 1017/1117
f 1021/1121 1022/1122 1023/1123
f 1023/1123 1024/1124 1021/1121
f 1025/1125 1026/1126 1027/1127
f 1027/1127 1028/1128 1025/1125
f 1029/1129 1030/1130 1031/1131
f 1031/1131 1032/1132 1029/1129
f 1033/1133 1034/1134 1035/1135
f 1035/1135 1036/1136 1033/1133
f 1037/1137 1038/1138 1039/1139
f 1039/1139 1040/1140 1037/1137
f 1041/1141 1042/1142 1043/1143
f 1043/1143 1044/1144 1041/1141
f 1045/1145 1041/1141 1044/1144
f 1044/1144 1046/1146 1045/1145
f 1047/1147 1048/1148 1049/1149
f 1049/1149 1050/1150 1047/1147
f 1051/1151 1047/1147 1050/1150
f 1041/1141 1052/1152 1042/1142
f 1053/1153 1054/1154 1055/1155
f 1056/1156 1057/1157 1058/1158
f 1058/1158 1059/1159 1056/1156
f 1060/1160 1061/1161 1062/1162
f 1062/1162 1063/1163 1060/1160
f 1064/1164 1065/1165 1066/1166
f 1066/1166 1067/1167 1064/1164
f 1068/1168 1069/1169 1070/1170
f 1070/1170 1071/1171 1068/1168
f 1072/1172 1073/1173 1074/1174
f 1074/1174 1075/1175 1072/1172
f 1076/1176 1077/1177 1078/1178
f 1078/1178 1079/1179 1076/1176
f 1044/1144 1080/1180 1081/1181
f 1046/1146 1044/1144 990/1090
f 990/1090 989/1089 1046/1146
f 1050/1150 1049/1149 988/1088
f 988/1088 987/1087 1050/1150
f 986/1086 1051/1151 1050/1150
f 1050/1150 987/1087 986/1086
f 1054/1154 1008/1108 1006/1106
f 1006/1106 1005/1105 1054/1154
f 1055/1155 1054/1154 1005/1105
f 1005/1105 1004/1104 1055/1155
f 1003/1103 1058/1158 1057/1157
f 1057/1157 1002/1102 1003/1103
f 1003/1103 1082/1182 1083/1183
f 1000/1100 999/1099 1060/1160
f 1060/1160 1063/1163 1000/1100
f 1084/1184 998/1098 1065/1165
f 1065/1165 1064/1164 1084/1184
f 997/1097 996/1096 1069/1169
f 1069/1169 1068/1168 997/1097
f 1073/1173 994/1094 995/1095
f 995/1095 1074/1174 1073/1173
f 1077/1177 993/1093 992/1092
f 992/1092 1078/1178 1077/1177
f 1044/1144 1081/1181 991/1091
f 991/1091 990/1090 1044/1144
f 1009/1109 1008/1108 1054/1154
f 1011/1111 1009/1109 1054/1154
f 1054/1154 1053/1153 1011/1111
f 1014/1114 1056/1156 1059/1159
f 1059/1159 1015/1115 1014/1114
f 1026/1126 1085/1185 1086/1186
f 1086/1186 1027/1127 1026/1126
f 1061/1161 1021/1121 1024/1124
f 1024/1124 1062/1162 1061/1161
f 1067/1167 1066/1166 1030/1130
f 1030/1130 1029/1129 1067/1167
f 1071/1171 1070/1170 1018/1118
f 1018/1118 1017/1117 1071/1171
f 1034/1134 1072/1172 1075/1175
f 1075/1175 1035/1135 1034/1134
f 1038/1138 1076/1176 1079/1179
f 1079/1179 1039/1139 1038/1138
f 1044/1144 1043/1143 1080/1180
f 1087/1187 1088/1188 1007/1107
f 1007/1107 1010/1110 1087/1187
f 1089/1189 1087/1187 1010/1110
f 1010/1110 1012/1112 1089/1189
f 1090/1190 1091/1191 1013/1113
f 1013/1113 1016/1116 1090/1190
f 1028/1128 1092/1192 1093/1193
f 1093/1193 1025/1125 1028/1128
f 1022/1122 1094/1194 1095/1195
f 1095/1195 1023/1123 1022/1122
f 1031/1131 1096/1196 1097/1197
f 1097/1197 1032/1132 1031/1131
f 1098/1198 1099/1199 1020/1120
f 1020/1120 1019/1119 1098/1198
f 1100/1200 1033/1133 1036/1136
f 1036/1136 1101/1201 1100/1200
f 1102/1202 1037/1137 1040/1140
f 1040/1140 1103/1203 1102/1202
f 1007/1107 1088/1188 1104/1204
f 1104/1204 1105/1205 1007/1107
f 1008/1108 974/1074 967/1067
f 967/1067 1006/1106 1008/1108
f 974/1074 1008/1108 1007/1107
f 1007/1107 1105/1205 974/1074
f 1106/1206 973/1073 974/1074
f 974/1074 1105/1205 1106/1206
f 1107/1207 1108/1208 973/1073
f 973/1073 1106/1206 1107/1207
f 1109/1209 1102/1202 1103/1203
f 1110/1210 1100/1200 1101/1201
f 1101/1201 1111/1211 1110/1210
f 1112/1212 1113/1213 1099/1199
f 1099/1199 1098/1198 1112/1212
f 1096/1196 1114/1214 1115/1215
f 1115/1215 1097/1197 1096/1196
f 1116/1216 1117/1217 1118/1218
f 1118/1218 1094/1194 1116/1216
f 1119/1219 1120/1220 1121/1221
f 1121/1221 1122/1222 1119/1219
f 1123/1223 1124/1224 1125/1225
f 1125/1225 1126/1226 1123/1223
f 1127/1227 1128/1228 1129/1229
f 1129/1229 1130/1230 1127/1227
f 1128/1228 1131/1231 1132/1232
f 1132/1232 1129/1229 1128/1228
f 1104/1204 1132/1232 1131/1231
f 1131/1231 1133/1233 1104/1204
f 1092/1192 1119/1219 1122/1222
f 1122/1222 1093/1193 1092/1192
f 1126/1226 1125/1225 1091/1191
f 1091/1191 1090/1190 1126/1226
f 1130/1230 1129/1229 1087/1187
f 1087/1187 1089/1189 1130/1230
f 1129/1229 1132/1232 1088/1188
f 1088/1188 1087/1187 1129/1229
f 1104/1204 1088/1188 1132/1232
f 1134/1234 1110/1210 1111/1211
f 1111/1211 1135/1235 1134/1234
f 1136/1236 1137/1237 1113/1213
f 1113/1213 1112/1212 1136/1236
f 1114/1214 1138/1238 1139/1239
f 1139/1239 1115/1215 1114/1214
f 1140/1240 1001/1101 1000/1100
f 1000/1100 1063/1163 1140/1240
f 1141/1241 1142/1242 1062/1162
f 1062/1162 1024/1124 1141/1241
f 1143/1243 1141/1241 1024/1124
f 1024/1124 1023/1123 1143/1243
f 1095/1195 1144/1244 1143/1243
f 1143/1243 1023/1123 1095/1195
f 1145/1245 1146/1246 1144/1244
f 1144/1244 1095/1195 1145/1245
f 1147/1247 1148/1248 1146/1246
f 1146/1246 1145/1245 1147/1247
f 1058/1158 1083/1183 1085/1185
f 1085/1185 1059/1159 1058/1158
f 1062/1162 1142/1242 1140/1240
f 1140/1240 1063/1163 1062/1162
f 1149/1249 1106/1206 1105/1205
f 1105/1205 1104/1204 1149/1249
f 1106/1206 1149/1249 1150/1250
f 1150/1250 1107/1207 1106/1206
f 1151/1251 1149/1249 1104/1204
f 1104/1204 1133/1233 1151/1251
f 1149/1249 1151/1251 1150/1250
f 1152/1252 1153/1253 1154/1254
f 1155/1255 1152/1252 1156/1256
f 1157/1257 1158/1258 1155/1255
f 1159/1259 1160/1260 1161/1261
f 1161/1261 1162/1262 1159/1259
f 1163/1263 1164/1264 1165/1265
f 1165/1265 1166/1266 1163/1263
f 1158/1258 1167/1267 1151/1251
f 1151/1251 1133/1233 1158/1258
f 1155/1255 1158/1258 1133/1233
f 1133/1233 1131/1231 1155/1255
f 1131/1231 1128/1228 1152/1252
f 1152/1252 1155/1255 1131/1231
f 1128/1228 1127/1227 1153/1253
f 1153/1253 1152/1252 1128/1228
f 1162/1262 1161/1261 1124/1224
f 1124/1224 1123/1223 1162/1262
f 1168/1268 1121/1221 1120/1220
f 1120/1220 1164/1264 1168/1268
f 1169/1269 1148/1248 1147/1247
f 1147/1247 1170/1270 1169/1269
f 1171/1271 1118/1218 1117/1217
f 1117/1217 1172/1272 1171/1271
f 1173/1273 1174/1274 1175/1275
f 1175/1275 1176/1276 1173/1273
f 1177/1277 1178/1278 1179/1279
f 1179/1279 1180/1280 1177/1277
f 1181/1281 1182/1282 1183/1283
f 1183/1283 1184/1284 1181/1281
f 1185/1285 1186/1286 1181/1281
f 1181/1281 1184/1284 1185/1285
f 1187/1287 1188/1288 1189/1289
f 1189/1289 1190/1290 1187/1287
f 1191/1291 1192/1292 1193/1293
f 1193/1293 1194/1294 1191/1291
f 1103/1203 1195/1295 1196/1296
f 1196/1296 1109/1209 1103/1203
f 1052/1152 1041/1141 1197/1297
f 1197/1297 1198/1298 1052/1152
f 1041/1141 1045/1145 1197/1297
f 1199/1299 1200/1300 1201/1301
f 1201/1301 1202/1302 1199/1299
f 1203/1303 1199/1299 1204/1304
f 1205/1305 1206/1306 1207/1307
f 1207/1307 1208/1308 1205/1305
f 1209/1309 1210/1310 1211/1311
f 1211/1311 1212/1312 1209/1309
f 1213/1313 1214/1314 1215/1315
f 1215/1315 1216/1316 1213/1313
f 1215/1315 1217/1317 1218/1318
f 1218/1318 1219/1319 1215/1315
f 1220/1320 1221/1321 1222/1322
f 568/668 1223/1323 1224/1324
f 1224/1324 569/669 568/668
f 654/754 565/665 1199/1299
f 1199/1299 1203/1303 654/754
f 565/665 564/664 1200/1300
f 1200/1300 1199/1299 565/665
f 559/659 1205/1305 556/656
f 561/661 1211/1311 559/659
f 1214/1314 554/654 552/652
f 552/652 1215/1315 1214/1314
f 552/652 551/651 1217/1317
f 1217/1317 1215/1315 552/652
f 547/647 1225/1325 1220/1320
f 1220/1320 548/648 547/647
f 572/672 1226/1326 570/670
f 1226/1326 572/672 969/1069
f 969/1069 1227/1327 1226/1326
f 1216/1316 1219/1319 1228/1328
f 1228/1328 1229/1329 1216/1316
f 1209/1309 1230/1330 1231/1331
f 1231/1331 1232/1332 1209/1309
f 1233/1333 1234/1334 1235/1335
f 1235/1335 1236/1336 1233/1333
f 1207/1307 1237/1337 1238/1338
f 1238/1338 1239/1339 1207/1307
f 1240/1340 1202/1302 1241/1341
f 1241/1341 1242/1342 1240/1340
f 1203/1303 1204/1304 1243/1343
f 1243/1343 1244/1344 1203/1303
f 1223/1323 1245/1345 1224/1324
f 676/776 1246/1346 677/777
f 1224/1324 652/752 569/669
f 1247/1347 1169/1269 1248/1348
f 1194/1294 1190/1290 1189/1289
f 1189/1289 1191/1291 1194/1294
f 1249/1349 1250/1350 1251/1351
f 1251/1351 1252/1352 1249/1349
f 1253/1353 1254/1354 1173/1273
f 1173/1273 1176/1276 1253/1353
f 1255/1355 1166/1266 1165/1265
f 1165/1265 1256/1356 1255/1355
f 1210/1310 1257/1357 1234/1334
f 1234/1334 1233/1333 1210/1310
f 1258/1358 1213/1313 1216/1316
f 1216/1316 1229/1329 1258/1358
f 1206/1306 1259/1359 1237/1337
f 1237/1337 1207/1307 1206/1306
f 1241/1341 1202/1302 1201/1301
f 1201/1301 1260/1360 1241/1341
f 1243/1343 1204/1304 1240/1340
f 1240/1340 1242/1342 1243/1343
f 1228/1328 1219/1319 1218/1318
f 1218/1318 1261/1361 1228/1328
f 1262/1362 1233/1333 1236/1336
f 1208/1308 1207/1307 1239/1339
f 1199/1299 1202/1302 1240/1340
f 1204/1304 1199/1299 1240/1340
f 1212/1312 1230/1330 1209/1309
f 1215/1315 1219/1319 1216/1316
f 1181/1281 1186/1286 1167/1267
f 1167/1267 1158/1258 1181/1281
f 1158/1258 1182/1282 1181/1281
f 1157/1257 1156/1256 1178/1278
f 1178/1278 1177/1277 1157/1257
f 1173/1273 1254/1354 1263/1363
f 1263/1363 1154/1254 1174/1274
f 1174/1274 1173/1273 1263/1363
f 1251/1351 1250/1350 1264/1364
f 1159/1259 1189/1289 1188/1288
f 1188/1288 1160/1260 1159/1259
f 1191/1291 1189/1289 1159/1259
f 1192/1292 1265/1365 1163/1263
f 1163/1263 1166/1266 1192/1292
f 1266/1366 1157/1257 1177/1277
f 1267/1367 1266/1366 1177/1277
f 1177/1277 1180/1280 1267/1367
f 1163/1263 1168/1268 1164/1264
f 678/778 601/701 598/698
f 1268/1368 1269/1369 1270/1370
f 1270/1370 1271/1371 1268/1368
f 1272/1372 1273/1373 1274/1374
f 1274/1374 1275/1375 1272/1372
f 1269/1369 1272/1372 1275/1375
f 1275/1375 1270/1370 1269/1369
f 1273/1373 1276/1376 1277/1377
f 1277/1377 1274/1374 1273/1373
f 1276/1376 1278/1378 1279/1379
f 1279/1379 1277/1377 1276/1376
f 1278/1378 1280/1380 1281/1381
f 1281/1381 1279/1379 1278/1378
f 1280/1380 1282/1382 1283/1383
f 1283/1383 1281/1381 1280/1380
f 1282/1382 1284/1384 1285/1385
f 1285/1385 1283/1383 1282/1382
f 1284/1384 1286/1386 1287/1387
f 1287/1387 1285/1385 1284/1384
f 1288/1388 1289/1389 1290/1390
f 1290/1390 1291/1391 1288/1388
f 1291/1391 1290/1390 1268/1368
f 1268/1368 1271/1371 1291/1391
f 1292/1392 1293/1393 1289/1389
f 1289/1389 1288/1388 1292/1392
f 1294/1394 1295/1395 1293/1393
f 1293/1393 1292/1392 1294/1394
f 1296/1396 1297/1397 1295/1395
f 1295/1395 1294/1394 1296/1396
f 1298/1398 1297/1397 1296/1396
f 1299/1399 1300/1400 1301/1401
f 1301/1401 1302/1402 1299/1399
f 1303/1403 1304/1404 1300/1400
f 1300/1400 1299/1399 1303/1403
f 1305/1405 1306/1406 1304/1404
f 1304/1404 1303/1403 1305/1405
f 1305/1405 1307/1407 1306/1406
f 1308/1408 1309/1409 1307/1407
f 1307/1407 1305/1405 1308/1408
f 1310/1410 1311/1411 1309/1409
f 1309/1409 1308/1408 1310/1410
f 1310/1410 1312/1412 1311/1411
f 1313/1413 1314/1414 1312/1412
f 1312/1412 1310/1410 1313/1413
f 1313/1413 1315/1415 1314/1414
f 1301/1401 1316/1416 1317/1417
f 1317/1417 1302/1402 1301/1401
f 1316/1416 1318/1418 1319/1419
f 1319/1419 1317/1417 1316/1416
f 1318/1418 1320/1420 1319/1419
f 1320/1420 1321/1421 1322/1422
f 1322/1422 1319/1419 1320/1420
f 1323/1423 1324/1424 1325/1425
f 1325/1425 1326/1426 1323/1423
f 1325/1425 1324/1424 1327/1427
f 1327/1427 1328/1428 1325/1425
f 1329/1429 1323/1423 1326/1426
f 1326/1426 1330/1430 1329/1429
f 1331/1431 1329/1429 1330/1430
f 1330/1430 1332/1432 1331/1431
f 1328/1428 1327/1427 1333/1433
f 1333/1433 1334/1434 1328/1428
f 1333/1433 1335/1435 1336/1436
f 1336/1436 1334/1434 1333/1433
f 1335/1435 1337/1437 1338/1438
f 1338/1438 1336/1436 1335/1435
f 1338/1438 1337/1437 1339/1439
f 1339/1439 1340/1440 1338/1438
f 1339/1439 1341/1441 1342/1442
f 1342/1442 1340/1440 1339/1439
f 1343/1443 1344/1444 1345/1445
f 1345/1445 1346/1446 1343/1443
f 1344/1444 1347/1447 1345/1445
f 1347/1447 1348/1448 1345/1445
f 1348/1448 1349/1449 1350/1450
f 1350/1450 1345/1445 1348/1448
f 1351/1451 1352/1452 1343/1443
f 1343/1443 1346/1446 1351/1451
f 1353/1453 1352/1452 1351/1451
f 1351/1451 1354/1454 1353/1453
f 1350/1450 1349/1449 1355/1455
f 1355/1455 1356/1456 1350/1450
f 1356/1456 1355/1455 1357/1457
f 1357/1457 1358/1458 1356/1456
f 1330/1430 1352/1452 1353/1453
f 1353/1453 1332/1432 1330/1430
f 1343/1443 1352/1452 1330/1430
f 1330/1430 1326/1426 1343/1443
f 1325/1425 1344/1444 1343/1443
f 1343/1443 1326/1426 1325/1425
f 1328/1428 1347/1447 1344/1444
f 1344/1444 1325/1425 1328/1428
f 1334/1434 1348/1448 1347/1447
f 1347/1447 1328/1428 1334/1434
f 1336/1436 1349/1449 1348/1448
f 1348/1448 1334/1434 1336/1436
f 1355/1455 1349/1449 1336/1436
f 1336/1436 1338/1438 1355/1455
f 1355/1455 1338/1438 1340/1440
f 1357/1457 1355/1455 1340/1440
f 1340/1440 1342/1442 1357/1457
f 1346/1446 1345/1445 1359/1459
f 1359/1459 1360/1460 1346/1446
f 1345/1445 1350/1450 1361/1461
f 1361/1461 1359/1459 1345/1445
f 1360/1460 1351/1451 1346/1446
f 1362/1462 1354/1454 1351/1451
f 1351/1451 1360/1460 1362/1462
f 1356/1456 1361/1461 1350/1450
f 1358/1458 1363/1463 1361/1461
f 1361/1461 1356/1456 1358/1458
f 1364/1464 1365/1465 1366/1466
f 1366/1466 1367/1467 1364/1464
f 1366/1466 1368/1468 1369/1469
f 1369/1469 1367/1467 1366/1466
f 1370/1470 1365/1465 1364/1464
f 1364/1464 1371/1471 1370/1470
f 1368/1468 1372/1472 1373/1473
f 1373/1473 1369/1469 1368/1468
f 1367/1467 1369/1469 1374/1474
f 1373/1473 1375/1475 1374/1474
f 1374/1474 1369/1469 1373/1473
f 1364/1464 1367/1467 1374/1474
f 1374/1474 1376/1476 1364/1464
f 1371/1471 1364/1464 1376/1476
f 1376/1476 1377/1477 1371/1471
f 570/670 1378/1478 675/775
f 675/775 596/696 570/670
f 1226/1326 1379/1479 1378/1478
f 1378/1478 570/670 1226/1326
f 1226/1326 1380/1480 1379/1479
f 595/695 675/775 674/774
f 596/696 675/775 595/695
f 570/670 596/696 571/671
f 1221/1321 1381/1481 1382/1482
f 1382/1482 1222/1322 1221/1321
f 1227/1327 1383/1483 1226/1326
f 549/649 550/650 674/774
f 548/648 551/651 550/650
f 550/650 549/649 548/648
f 1217/1317 551/651 548/648
f 548/648 1220/1320 1217/1317
f 1384/1484 1217/1317 1220/1320
f 1220/1320 1222/1322 1384/1484
f 1385/1485 1384/1484 1222/1322
f 1222/1322 1382/1482 1385/1485
f 802/902 697/797 695/795
f 1386/1486 1387/1487 1388/1488
f 1388/1488 1389/1489 1386/1486
f 1390/1490 1391/1491 1392/1492
f 1392/1492 1393/1493 1390/1490
f 1394/1494 1395/1495 1392/1492
f 1392/1492 1391/1491 1394/1494
f 1396/1496 1397/1497 1398/1498
f 1398/1498 1399/1499 1396/1496
f 1397/1497 1400/1500 1401/1501
f 1401/1501 1398/1498 1397/1497
f 1402/1502 1403/1503 1404/1504
f 1404/1504 1405/1505 1402/1502
f 1406/1506 1407/1507 1408/1508
f 1408/1508 1409/1509 1406/1506
f 1410/1510 1411/1511 1412/1512
f 1413/1513 1414/1514 1412/1512
f 1412/1512 1411/1511 1413/1513
f 1415/1515 1416/1516 1417/1517
f 1416/1516 1418/1518 1419/1519
f 1419/1519 1417/1517 1416/1516
f 1419/1519 1418/1518 1420/1520
f 1421/1521 1422/1522 1423/1523
f 1423/1523 1424/1524 1421/1521
f 1425/1525 1426/1526 1427/1527
f 1427/1527 1428/1528 1425/1525
f 1429/1529 1430/1530 1431/1531
f 1431/1531 1432/1532 1429/1529
f 1433/1533 1416/1516 1434/1534
f 1434/1534 1435/1535 1433/1533
f 1412/1512 1433/1533 1435/1535
f 1435/1535 1436/1536 1412/1512
f 1437/1537 1438/1538 1439/1539
f 1439/1539 1440/1540 1437/1537
f 1441/1541 1427/1527 1426/1526
f 1426/1526 1442/1542 1441/1541
f 1443/1543 1431/1531 1430/1530
f 1430/1530 1444/1544 1443/1543
f 1439/1539 1438/1538 1445/1545
f 1445/1545 1446/1546 1439/1539
f 1439/1539 1447/1547 1448/1548
f 1448/1548 1440/1540 1439/1539
f 1449/1549 1448/1548 1447/1547
f 1447/1547 1450/1550 1449/1549
f 1451/1551 1452/1552 1453/1553
f 1453/1553 1454/1554 1451/1551
f 1451/1551 1454/1554 2213/1555
f 2212/1556 1455/1557 1456/1558
f 1456/1558 1457/1559 2212/1556
f 2211/1560 1458/1561 1459/1562
f 1459/1562 2210/1563 2211/1560
f 1460/1564 1418/1518 1416/1516
f 1416/1516 1461/1565 1460/1564
f 1461/1565 1416/1516 1433/1533
f 1433/1533 1462/1566 1461/1565
f 1463/1567 1462/1566 1433/1533
f 1433/1533 1412/1512 1463/1567
f 1464/1568 1465/1569 1466/1570
f 1466/1570 1467/1571 1464/1568
f 1468/1572 1469/1573 1470/1574
f 1470/1574 1471/1575 1468/1572
f 1472/1576 1473/1577 1474/1578
f 1474/1578 1475/1579 1472/1576
f 1476/1580 1477/1581 1478/1582
f 1478/1582 1479/1583 1476/1580
f 1479/1583 1478/1582 1480/1584
f 1480/1584 1481/1585 1479/1583
f 1481/1585 1480/1584 1482/1586
f 1482/1586 1483/1587 1481/1585
f 1484/1588 1485/1589 1465/1569
f 1465/1569 1464/1568 1484/1588
f 1486/1590 1487/1591 1407/1507
f 1407/1507 1406/1506 1486/1590
f 1427/1527 1430/1530 1429/1529
f 1429/1529 1428/1528 1427/1527
f 1444/1544 1430/1530 1427/1527
f 1427/1527 1441/1541 1444/1544
f 1471/1575 1470/1574 1473/1577
f 1473/1577 1472/1576 1471/1575
f 1488/1592 1489/1593 1403/1503
f 1403/1503 1402/1502 1488/1592
f 1423/1523 1490/1594 1491/1595
f 1491/1595 1424/1524 1423/1523
f 1492/1596 1490/1594 1423/1523
f 1423/1523 1493/1597 1492/1596
f 1494/1598 1495/1599 1496/1600
f 1496/1600 1497/1601 1494/1598
f 1498/1602 1499/1603 1486/1590
f 1500/1604 1498/1602 1486/1590
f 1486/1590 1406/1506 1500/1604
f 1409/1509 1501/1605 1500/1604
f 1500/1604 1406/1506 1409/1509
f 1502/1606 1503/1607 1488/1592
f 1488/1592 1402/1502 1502/1606
f 1405/1505 1504/1608 1502/1606
f 1502/1606 1402/1502 1405/1505
f 1398/1498 1505/1609 1506/1610
f 1506/1610 1399/1499 1398/1498
f 1401/1501 1507/1611 1505/1609
f 1505/1609 1398/1498 1401/1501
f 1391/1491 1508/1612 1509/1613
f 1509/1613 1394/1494 1391/1491
f 1510/1614 1508/1612 1391/1491
f 1391/1491 1390/1490 1510/1614
f 1510/1614 1388/1488 1387/1487
f 1434/1534 1508/1612 1510/1614
f 1510/1614 1435/1535 1434/1534
f 1508/1612 1434/1534 1415/1515
f 1415/1515 1509/1613 1508/1612
f 1419/1519 1505/1609 1507/1611
f 1507/1611 1417/1517 1419/1519
f 1506/1610 1505/1609 1419/1519
f 1419/1519 1420/1520 1506/1610
f 1424/1524 1502/1606 1504/1608
f 1504/1608 1421/1521 1424/1524
f 1491/1595 1503/1607 1502/1606
f 1502/1606 1424/1524 1491/1595
f 1428/1528 1500/1604 1501/1605
f 1501/1605 1425/1525 1428/1528
f 1429/1529 1498/1602 1500/1604
f 1500/1604 1428/1528 1429/1529
f 1498/1602 1429/1529 1432/1532
f 1432/1532 1499/1603 1498/1602
f 2215/1615 1437/1537 1440/1540
f 1440/1540 2214/1616 2215/1615
f 1493/1597 1423/1523 1422/1522
f 1422/1522 1511/1617 1493/1597
f 1458/1561 1512/1618 1513/1619
f 1513/1619 1459/1562 1458/1561
f 1455/1557 1514/1620 1515/1621
f 1515/1621 1456/1558 1455/1557
f 1516/1622 1464/1568 1467/1571
f 1467/1571 1517/1623 1516/1622
f 1518/1624 1484/1588 1464/1568
f 1464/1568 1516/1622 1518/1624
f 1519/1625 1481/1585 1483/1587
f 1483/1587 1520/1626 1519/1625
f 1479/1583 1481/1585 1519/1625
f 1519/1625 1446/1546 1479/1583
f 1445/1545 1476/1580 1479/1583
f 1479/1583 1446/1546 1445/1545
f 1472/1576 1475/1579 1443/1543
f 1443/1543 1444/1544 1472/1576
f 1471/1575 1472/1576 1444/1544
f 1444/1544 1441/1541 1471/1575
f 1442/1542 1468/1572 1471/1575
f 1471/1575 1441/1541 1442/1542
f 1494/1598 1497/1601 1492/1596
f 1492/1596 1493/1597 1494/1598
f 1511/1617 1521/1627 1494/1598
f 1494/1598 1493/1597 1511/1617
f 1522/1628 1460/1564 1461/1565
f 1462/1566 1522/1628 1461/1565
f 1465/1569 1523/1629 1466/1570
f 1482/1586 1524/1630 1523/1629
f 1523/1629 1485/1589 1482/1586
f 1480/1584 1524/1630 1482/1586
f 1478/1582 1525/1631 1524/1630
f 1524/1630 1480/1584 1478/1582
f 1477/1581 1525/1631 1478/1582
f 1473/1577 1526/1632 1527/1633
f 1527/1633 1474/1578 1473/1577
f 1526/1632 1473/1577 1470/1574
f 1469/1573 1528/1634 1526/1632
f 1526/1632 1470/1574 1469/1573
f 1529/1635 1496/1600 1495/1599
f 1530/1636 2183/1637 2209/1638
f 1531/1639 1532/1640 2183/1637
f 2183/1637 1530/1636 1531/1639
f 1514/1620 1533/1641 1534/1642
f 1534/1642 1515/1621 1514/1620
f 1531/1639 1535/1643 1536/1644
f 1536/1644 1532/1640 1531/1639
f 1512/1618 1537/1645 1538/1646
f 1538/1646 1513/1619 1512/1618
f 1533/1641 1539/1647 1540/1648
f 1540/1648 1534/1642 1533/1641
f 1535/1643 1541/1649 1542/1650
f 1542/1650 1536/1644 1535/1643
f 1537/1645 1543/1651 1544/1652
f 1544/1652 1538/1646 1537/1645
f 1521/1627 1545/1653 1495/1599
f 1495/1599 1494/1598 1521/1627
f 1462/1566 1546/1654 1522/1628
f 1463/1567 1546/1654 1462/1566
f 1495/1599 1545/1653 1547/1655
f 1547/1655 1529/1635 1495/1599
f 1414/1514 1548/1656 1463/1567
f 1463/1567 1412/1512 1414/1514
f 1548/1656 1546/1654 1463/1567
f 1549/1657 1550/1658 1551/1659
f 1551/1659 1552/1660 1549/1657
f 1553/1661 1554/1662 1555/1663
f 1555/1663 1556/1664 1553/1661
f 1556/1664 1555/1663 1557/1665
f 1557/1665 1558/1666 1556/1664
f 1559/1667 1560/1668 1550/1658
f 1550/1658 1549/1657 1559/1667
f 1561/1669 1562/1670 1563/1671
f 1564/1672 1565/1673 1566/1674
f 1566/1674 1567/1675 1564/1672
f 1568/1676 1569/1677 1570/1678
f 1570/1678 1571/1679 1568/1676
f 1572/1680 1573/1681 1574/1682
f 1574/1682 1575/1683 1572/1680
f 1563/1671 1562/1670 1576/1684
f 1576/1684 1577/1685 1563/1671
f 1578/1686 1579/1687 1580/1688
f 1580/1688 1581/1689 1578/1686
f 1413/1513 1561/1669 1563/1671
f 1563/1671 1414/1514 1413/1513
f 1414/1514 1563/1671 1577/1685
f 1577/1685 1548/1656 1414/1514
f 1547/1655 1578/1686 1581/1689
f 1581/1689 1529/1635 1547/1655
f 1528/1634 1559/1667 1549/1657
f 1549/1657 1526/1632 1528/1634
f 1526/1632 1549/1657 1552/1660
f 1552/1660 1527/1633 1526/1632
f 1525/1631 1553/1661 1556/1664
f 1556/1664 1524/1630 1525/1631
f 1524/1630 1556/1664 1558/1666
f 1558/1666 1523/1629 1524/1630
f 1539/1647 1564/1672 1567/1675
f 1567/1675 1540/1648 1539/1647
f 1543/1651 1572/1680 1575/1683
f 1575/1683 1544/1652 1543/1651
f 1541/1649 1568/1676 1571/1679
f 1571/1679 1542/1650 1541/1649
f 1582/1690 1583/1691 1584/1692
f 1584/1692 1585/1693 1582/1690
f 1586/1694 1587/1695 1583/1691
f 1583/1691 1582/1690 1586/1694
f 1588/1696 1589/1697 1590/1698
f 1590/1698 1591/1699 1588/1696
f 1592/1700 1593/1701 1589/1697
f 1589/1697 1588/1696 1592/1700
f 1594/1702 1595/1703 1596/1704
f 1596/1704 1597/1705 1594/1702
f 1598/1706 1599/1707 1600/1708
f 1600/1708 1601/1709 1598/1706
f 1602/1710 1603/1711 1604/1712
f 1604/1712 1605/1713 1602/1710
f 1606/1714 1607/1715 1608/1716
f 1608/1716 1609/1717 1606/1714
f 1610/1718 1611/1719 1612/1720
f 1610/1718 1562/1670 1561/1669
f 1561/1669 1613/1721 1610/1718
f 1562/1670 1610/1718 1612/1720
f 1612/1720 1576/1684 1562/1670
f 1579/1687 1606/1714 1609/1717
f 1609/1717 1580/1688 1579/1687
f 1560/1668 1592/1700 1588/1696
f 1588/1696 1550/1658 1560/1668
f 1550/1658 1588/1696 1591/1699
f 1591/1699 1551/1659 1550/1658
f 1554/1662 1586/1694 1582/1690
f 1582/1690 1555/1663 1554/1662
f 1555/1663 1582/1690 1585/1693
f 1585/1693 1557/1665 1555/1663
f 1565/1673 1594/1702 1597/1705
f 1597/1705 1566/1674 1565/1673
f 1573/1681 1602/1710 1605/1713
f 1605/1713 1574/1682 1573/1681
f 1569/1677 1598/1706 1601/1709
f 1601/1709 1570/1678 1569/1677
f 1614/1722 1615/1723 1616/1724
f 1616/1724 1617/1725 1614/1722
f 1616/1724 1618/1726 1619/1727
f 1619/1727 1617/1725 1616/1724
f 1619/1727 1618/1726 1620/1728
f 1620/1728 1621/1729 1619/1727
f 1621/1729 1620/1728 1622/1730
f 1622/1730 1623/1731 1621/1729
f 1600/1708 1624/1732 1625/1733
f 1625/1733 1601/1709 1600/1708
f 1626/1734 1570/1678 1601/1709
f 1601/1709 1625/1733 1626/1734
f 1570/1678 1626/1734 1627/1735
f 1627/1735 1571/1679 1570/1678
f 1542/1650 1571/1679 1627/1735
f 1627/1735 1628/1736 1542/1650
f 1629/1737 1630/1738 1614/1722
f 1614/1722 1617/1725 1629/1737
f 1619/1727 1631/1739 1629/1737
f 1629/1737 1617/1725 1619/1727
f 1632/1740 1631/1739 1619/1727
f 1619/1727 1621/1729 1632/1740
f 1633/1741 1632/1740 1621/1729
f 1621/1729 1623/1731 1633/1741
f 1536/1644 1542/1650 1628/1736
f 1628/1736 1634/1742 1536/1644
f 1635/1743 1633/1741 1623/1731
f 1623/1731 2186/1744 1635/1743
f 2186/1744 1623/1731 1622/1730
f 1532/1640 1536/1644 1634/1742
f 1634/1742 2184/1745 1532/1640
f 1635/1743 2185/1746 2184/1745
f 2184/1745 1634/1742 1635/1743
f 1636/1747 1637/1748 1638/1749
f 1638/1749 1639/1750 1636/1747
f 1640/1751 1641/1752 1642/1753
f 1642/1753 1643/1754 1640/1751
f 1644/1755 1645/1756 1646/1757
f 1646/1757 1647/1758 1644/1755
f 1648/1759 1649/1760 1650/1761
f 1650/1761 1651/1762 1648/1759
f 1652/1763 1653/1764 1645/1756
f 1645/1756 1644/1755 1652/1763
f 1638/1749 1637/1748 1654/1765
f 1654/1765 1655/1766 1638/1749
f 1595/1703 1640/1751 1643/1754
f 1643/1754 1596/1704 1595/1703
f 1603/1711 1650/1761 1649/1760
f 1649/1760 1604/1712 1603/1711
f 1599/1707 1646/1757 1645/1756
f 1645/1756 1600/1708 1599/1707
f 1600/1708 1645/1756 1653/1764
f 1653/1764 1624/1732 1600/1708
f 1630/1738 1654/1765 1637/1748
f 1637/1748 1614/1722 1630/1738
f 1614/1722 1637/1748 1636/1747
f 1636/1747 1615/1723 1614/1722
f 1584/1692 1583/1691 1656/1767
f 1656/1767 1657/1768 1584/1692
f 1658/1769 1657/1768 1656/1767
f 1656/1767 1659/1770 1658/1769
f 1587/1695 1660/1771 1656/1767
f 1656/1767 1583/1691 1587/1695
f 1589/1697 1661/1772 1662/1773
f 1662/1773 1590/1698 1589/1697
f 1593/1701 1663/1774 1661/1772
f 1661/1772 1589/1697 1593/1701
f 1607/1715 1664/1775 1665/1776
f 1665/1776 1608/1716 1607/1715
f 1610/1718 1666/1777 1611/1719
f 1667/1778 1610/1718 1613/1721
f 1613/1721 1668/1779 1667/1778
f 1659/1770 1656/1767 1660/1771
f 1660/1771 1669/1780 1659/1770
f 1670/1781 1662/1773 1661/1772
f 1661/1772 1671/1782 1670/1781
f 1671/1782 1661/1772 1663/1774
f 1663/1774 1672/1783 1671/1782
f 1673/1784 1665/1776 1664/1775
f 1664/1775 1674/1785 1673/1784
f 1675/1786 1666/1777 1610/1718
f 1610/1718 1667/1778 1675/1786
f 1676/1787 1677/1788 1678/1789
f 1678/1789 1679/1790 1676/1787
f 1680/1791 1681/1792 1682/1793
f 1682/1793 1683/1794 1680/1791
f 1684/1795 1685/1796 1686/1797
f 1686/1797 1687/1798 1684/1795
f 1688/1799 1689/1800 1690/1801
f 1690/1801 1691/1802 1688/1799
f 1687/1798 1686/1797 1692/1803
f 1692/1803 1693/1804 1687/1798
f 1694/1805 1695/1806 1677/1788
f 1677/1788 1676/1787 1694/1805
f 1696/1807 1697/1808 1698/1809
f 1698/1809 1699/1810 1696/1807
f 1696/1807 1700/1811 1701/1812
f 1701/1812 1697/1808 1696/1807
f 1702/1813 1703/1814 1704/1815
f 1704/1815 1705/1816 1702/1813
f 1706/1817 1707/1818 1703/1814
f 1703/1814 1702/1813 1706/1817
f 1708/1819 1709/1820 1710/1821
f 1710/1821 1711/1822 1708/1819
f 1667/1778 1712/1823 1713/1824
f 1713/1824 1714/1825 1667/1778
f 1668/1779 1715/1826 1712/1823
f 1712/1823 1667/1778 1668/1779
f 1667/1778 1714/1825 1675/1786
f 1674/1785 1708/1819 1711/1822
f 1711/1822 1673/1784 1674/1785
f 1672/1783 1706/1817 1702/1813
f 1702/1813 1671/1782 1672/1783
f 1671/1782 1702/1813 1705/1816
f 1705/1816 1670/1781 1671/1782
f 1669/1780 1700/1811 1716/1827
f 1716/1827 1659/1770 1669/1780
f 1659/1770 1716/1827 1717/1828
f 1717/1828 1658/1769 1659/1770
f 1641/1752 1718/1829 1719/1830
f 1719/1830 1642/1753 1641/1752
f 1651/1762 1720/1831 1721/1832
f 1721/1832 1648/1759 1651/1762
f 1647/1758 1722/1833 1723/1834
f 1723/1834 1644/1755 1647/1758
f 1644/1755 1723/1834 1724/1835
f 1724/1835 1652/1763 1644/1755
f 1655/1766 1725/1836 1726/1837
f 1726/1837 1638/1749 1655/1766
f 1638/1749 1726/1837 1727/1838
f 1727/1838 1639/1750 1638/1749
f 1700/1811 1696/1807 1716/1827
f 1716/1827 1696/1807 1699/1810
f 1699/1810 1717/1828 1716/1827
f 1718/1829 1680/1791 1683/1794
f 1683/1794 1719/1830 1718/1829
f 1720/1831 1688/1799 1691/1802
f 1691/1802 1721/1832 1720/1831
f 1722/1833 1684/1795 1687/1798
f 1687/1798 1723/1834 1722/1833
f 1723/1834 1687/1798 1693/1804
f 1693/1804 1724/1835 1723/1834
f 1725/1836 1694/1805 1676/1787
f 1676/1787 1726/1837 1725/1836
f 1726/1837 1676/1787 1679/1790
f 1679/1790 1727/1838 1726/1837
f 1678/1789 1677/1788 1728/1839
f 1728/1839 1729/1840 1678/1789
f 1730/1841 1698/1809 1697/1808
f 1697/1808 1731/1842 1730/1841
f 1701/1812 1732/1843 1731/1842
f 1731/1842 1697/1808 1701/1812
f 1733/1844 1704/1815 1703/1814
f 1703/1814 1734/1845 1733/1844
f 1734/1845 1703/1814 1707/1818
f 1707/1818 1735/1846 1734/1845
f 1710/1821 1709/1820 1736/1847
f 1736/1847 1737/1848 1710/1821
f 1713/1824 1712/1823 1738/1849
f 1738/1849 1739/1850 1713/1824
f 1712/1823 1715/1826 1740/1851
f 1740/1851 1738/1849 1712/1823
f 1681/1792 1741/1852 1742/1853
f 1742/1853 1682/1793 1681/1792
f 1743/1854 1686/1797 1685/1796
f 1685/1796 1744/1855 1743/1854
f 1745/1856 1690/1801 1689/1800
f 1689/1800 1746/1857 1745/1856
f 1747/1858 1692/1803 1686/1797
f 1686/1797 1743/1854 1747/1858
f 1728/1839 1677/1788 1695/1806
f 1695/1806 1748/1859 1728/1839
f 1749/1860 1750/1861 1751/1862
f 1751/1862 1752/1863 1749/1860
f 1753/1864 1754/1865 1750/1861
f 1750/1861 1749/1860 1753/1864
f 1755/1866 1756/1867 1757/1868
f 1757/1868 1758/1869 1755/1866
f 1759/1870 1760/1871 1756/1867
f 1756/1867 1755/1866 1759/1870
f 1761/1872 1762/1873 1763/1874
f 1763/1874 1764/1875 1761/1872
f 1765/1876 1766/1877 1767/1878
f 1767/1878 1768/1879 1765/1876
f 1769/1880 1770/1881 1771/1882
f 1771/1882 1772/1883 1769/1880
f 1773/1884 1774/1885 1770/1881
f 1770/1881 1769/1880 1773/1884
f 1775/1886 1776/1887 1777/1888
f 1777/1888 1778/1889 1775/1886
f 1779/1890 1780/1891 1776/1887
f 1776/1887 1775/1886 1779/1890
f 1781/1892 1782/1893 1783/1894
f 1783/1894 1784/1895 1781/1892
f 1785/1896 1786/1897 1787/1898
f 1787/1898 1788/1899 1785/1896
f 1740/1851 1785/1896 1788/1899
f 1728/1839 1749/1860 1752/1863
f 1752/1863 1729/1840 1728/1839
f 1748/1859 1753/1864 1749/1860
f 1749/1860 1728/1839 1748/1859
f 1743/1854 1755/1866 1758/1869
f 1758/1869 1747/1858 1743/1854
f 1744/1855 1759/1870 1755/1866
f 1755/1866 1743/1854 1744/1855
f 1746/1857 1761/1872 1764/1875
f 1764/1875 1745/1856 1746/1857
f 1741/1852 1765/1876 1768/1879
f 1768/1879 1742/1853 1741/1852
f 1731/1842 1769/1880 1772/1883
f 1772/1883 1730/1841 1731/1842
f 1732/1843 1773/1884 1769/1880
f 1769/1880 1731/1842 1732/1843
f 1734/1845 1775/1886 1778/1889
f 1778/1889 1733/1844 1734/1845
f 1775/1886 1734/1845 1735/1846
f 1735/1846 1779/1890 1775/1886
f 1784/1895 1737/1848 1736/1847
f 1736/1847 1781/1892 1784/1895
f 1787/1898 1739/1850 1738/1849
f 1738/1849 1788/1899 1787/1898
f 1788/1899 1738/1849 1740/1851
f 1785/1896 1789/1900 1790/1901
f 1790/1901 1786/1897 1785/1896
f 1776/1887 1791/1902 1792/1903
f 1792/1903 1777/1888 1776/1887
f 1780/1891 1793/1904 1791/1902
f 1791/1902 1776/1887 1780/1891
f 1782/1893 1794/1905 1795/1906
f 1795/1906 1783/1894 1782/1893
f 1774/1885 1796/1907 1797/1908
f 1797/1908 1770/1881 1774/1885
f 1740/1851 1798/1909 1789/1900
f 1789/1900 1785/1896 1740/1851
f 1798/1909 1740/1851 1715/1826
f 1715/1826 1799/1910 1798/1909
f 1613/1721 1799/1910 1715/1826
f 1715/1826 1668/1779 1613/1721
f 1413/1513 1800/1911 1801/1912
f 1413/1513 1801/1912 1802/1913
f 1802/1913 1561/1669 1413/1513
f 1561/1669 1802/1913 1799/1910
f 1799/1910 1613/1721 1561/1669
f 1802/1913 1801/1912 1803/1914
f 1803/1914 1804/1915 1802/1913
f 1804/1915 1805/1916 1799/1910
f 1799/1910 1802/1913 1804/1915
f 1771/1882 1770/1881 1797/1908
f 1797/1908 1806/1917 1771/1882
f 1766/1877 1807/1918 1808/1919
f 1808/1919 1767/1878 1766/1877
f 1809/1920 1763/1874 1762/1873
f 1762/1873 1810/1921 1809/1920
f 1756/1867 1760/1871 1811/1922
f 1811/1922 1812/1923 1756/1867
f 1813/1924 1757/1868 1756/1867
f 1756/1867 1812/1923 1813/1924
f 1814/1925 1750/1861 1754/1865
f 1754/1865 1815/1926 1814/1925
f 1816/1927 1751/1862 1750/1861
f 1750/1861 1814/1925 1816/1927
f 1817/1928 1816/1927 1814/1925
f 1814/1925 1818/1929 1817/1928
f 1818/1929 1814/1925 1815/1926
f 1815/1926 1819/1930 1818/1929
f 1820/1931 1813/1924 1812/1923
f 1812/1923 1821/1932 1820/1931
f 1811/1922 1822/1933 1821/1932
f 1821/1932 1812/1923 1811/1922
f 1823/1934 1809/1920 1810/1921
f 1810/1921 1824/1935 1823/1934
f 1807/1918 1825/1936 1826/1937
f 1826/1937 1808/1919 1807/1918
f 1797/1908 1827/1938 1828/1939
f 1828/1939 1806/1917 1797/1908
f 1796/1907 1829/1940 1830/1941
f 1791/1902 1831/1942 1832/1943
f 1832/1943 1792/1903 1791/1902
f 1793/1904 1833/1944 1834/1945
f 1834/1945 1791/1902 1793/1904
f 1794/1905 1835/1946 1836/1947
f 1836/1947 1795/1906 1794/1905
f 1789/1900 1837/1948 1838/1949
f 1838/1949 1790/1901 1789/1900
f 1798/1909 1839/1950 1837/1948
f 1837/1948 1789/1900 1798/1909
f 1799/1910 1839/1950 1798/1909
f 1840/1951 1841/1952 1842/1953
f 1842/1953 1843/1954 1840/1951
f 1841/1952 1844/1955 1845/1956
f 1845/1956 1842/1953 1841/1952
f 1846/1957 1847/1958 1848/1959
f 1848/1959 1849/1960 1846/1957
f 1850/1961 1851/1962 1852/1963
f 1852/1963 1853/1964 1850/1961
f 1854/1965 1855/1966 1856/1967
f 1856/1967 1857/1968 1854/1965
f 1858/1969 1859/1970 1860/1971
f 1860/1971 1861/1972 1858/1969
f 1862/1973 1863/1974 1864/1975
f 1864/1975 1865/1976 1862/1973
f 1866/1977 1867/1978 1868/1979
f 1868/1979 1869/1980 1866/1977
f 1870/1981 1871/1982 1872/1983
f 1872/1983 1873/1984 1870/1981
f 1874/1985 1875/1986 1876/1987
f 1876/1987 1877/1988 1874/1985
f 1878/1989 1879/1990 1875/1986
f 1875/1986 1874/1985 1878/1989
f 1880/1991 1881/1992 1882/1993
f 1882/1993 2199/1994 1880/1991
f 1883/1995 1881/1992 1880/1991
f 1874/1985 1877/1988 1884/1996
f 1885/1997 1886/1998 1887/1999
f 1888/2000 1889/2001 1890/2002
f 1890/2002 1891/2003 1888/2000
f 1892/2004 1893/2005 1894/2006
f 1894/2006 1895/2007 1892/2004
f 1896/2008 1897/2009 1898/2010
f 1898/2010 1899/2011 1896/2008
f 1900/2012 1901/2013 1902/2014
f 1902/2014 1903/2015 1900/2012
f 1904/2016 1905/2017 1906/2018
f 1906/2018 1907/2019 1904/2016
f 1908/2020 1909/2021 1910/2022
f 1910/2022 1911/2023 1908/2020
f 1875/1986 1912/2024 1913/2025
f 1879/1990 1820/1931 1821/1932
f 1821/1932 1875/1986 1879/1990
f 1881/1992 1818/1929 1819/1930
f 1819/1930 1882/1993 1881/1992
f 1817/1928 1818/1929 1881/1992
f 1881/1992 1883/1995 1817/1928
f 1887/1999 1837/1948 1839/1950
f 1839/1950 1843/1954 1887/1999
f 1886/1998 1838/1949 1837/1948
f 1837/1948 1887/1999 1886/1998
f 1836/1947 1835/1946 1888/2000
f 1888/2000 1891/2003 1836/1947
f 1836/1947 1914/2026 1915/2027
f 1831/1942 1892/2004 1895/2007
f 1895/2007 1832/1943 1831/1942
f 1829/1940 1896/2008 1899/2011
f 1899/2011 1830/1941 1829/1940
f 1827/1938 1900/2012 1903/2015
f 1903/2015 1828/1939 1827/1938
f 1825/1936 1904/2016 1907/2019
f 1907/2019 1826/1937 1825/1936
f 1824/1935 1908/2020 1911/2023
f 1911/2023 1823/1934 1824/1935
f 1875/1986 1821/1932 1822/1933
f 1822/1933 1912/2024 1875/1986
f 1842/1953 1887/1999 1843/1954
f 1845/1956 1885/1997 1887/1999
f 1887/1999 1842/1953 1845/1956
f 1889/2001 1846/1957 1849/1960
f 1849/1960 1890/2002 1889/2001
f 1916/2028 1858/1969 1861/1972
f 1861/1972 1917/2029 1916/2028
f 1893/2005 1854/1965 1857/1968
f 1857/1968 1894/2006 1893/2005
f 1897/2009 1862/1973 1865/1976
f 1865/1976 1898/2010 1897/2009
f 1901/2013 1850/1961 1853/1964
f 1853/1964 1902/2014 1901/2013
f 1905/2017 1866/1977 1869/1980
f 1869/1980 1906/2018 1905/2017
f 1909/2021 1870/1981 1873/1984
f 1873/1984 1910/2022 1909/2021
f 1875/1986 1913/2025 1876/1987
f 1918/2030 1841/1952 1840/1951
f 1840/1951 1919/2031 1918/2030
f 1920/2032 1844/1955 1841/1952
f 1841/1952 1918/2030 1920/2032
f 1921/2033 1848/1959 1847/1958
f 1847/1958 1922/2034 1921/2033
f 1860/1971 1859/1970 1923/2035
f 1923/2035 1924/2036 1860/1971
f 1925/2037 1856/1967 1855/1966
f 1855/1966 1926/2038 1925/2037
f 1927/2039 1864/1975 1863/1974
f 1863/1974 1928/2040 1927/2039
f 1929/2041 1852/1963 1851/1962
f 1851/1962 1930/2042 1929/2041
f 1867/1978 1931/2043 1932/2044
f 1932/2044 1868/1979 1867/1978
f 1871/1982 1933/2045 1934/2046
f 1934/2046 1872/1983 1871/1982
f 1840/1951 1935/2047 1936/2048
f 1936/2048 1919/2031 1840/1951
f 1843/1954 1839/1950 1799/1910
f 1799/1910 1805/1916 1843/1954
f 1805/1916 1935/2047 1840/1951
f 1840/1951 1843/1954 1805/1916
f 1937/2049 1935/2047 1805/1916
f 1805/1916 1804/1915 1937/2049
f 1938/2050 1937/2049 1804/1915
f 1804/1915 1803/1914 1938/2050
f 1931/2043 1939/2051 1940/2052
f 1940/2052 1932/2044 1931/2043
f 1941/2053 1929/2041 1930/2042
f 1930/2042 1942/2054 1941/2053
f 1943/2055 1927/2039 1928/2040
f 1928/2040 1944/2056 1943/2055
f 1945/2057 1925/2037 1926/2038
f 1926/2038 1946/2058 1945/2057
f 1947/2059 1948/2060 1949/2061
f 1949/2061 1950/2062 1947/2059
f 1951/2063 1952/2064 1953/2065
f 1953/2065 1954/2066 1951/2063
f 1955/2067 1956/2068 1957/2069
f 1957/2069 1958/2070 1955/2067
f 1958/2070 1957/2069 1959/2071
f 1959/2071 1960/2072 1958/2070
f 1936/2048 1961/2073 1960/2072
f 1960/2072 1959/2071 1936/2048
f 1924/2036 1923/2035 1948/2060
f 1948/2060 1947/2059 1924/2036
f 1952/2064 1921/2033 1922/2034
f 1922/2034 1953/2065 1952/2064
f 1956/2068 1920/2032 1918/2030
f 1918/2030 1957/2069 1956/2068
f 1957/2069 1918/2030 1919/2031
f 1919/2031 1959/2071 1957/2069
f 1936/2048 1959/2071 1919/2031
f 1939/2051 1962/2074 1963/2075
f 1963/2075 1940/2052 1939/2051
f 2197/2076 1941/2053 1942/2054
f 1942/2054 1964/2077 2197/2076
f 2196/2078 1943/2055 1944/2056
f 1944/2056 1965/2079 2196/2078
f 1833/1944 1966/2080 1967/2081
f 1967/2081 1834/1945 1833/1944
f 1968/2082 1969/2083 1970/2084
f 1970/2084 1971/2085 1968/2082
f 1969/2083 1972/2086 1973/2087
f 1973/2087 1970/2084 1969/2083
f 1974/2088 1973/2087 1972/2086
f 1972/2086 1975/2089 1974/2088
f 1976/2090 1974/2088 1975/2089
f 1975/2089 1977/2091 1976/2090
f 1978/2092 1976/2090 1977/2091
f 1977/2091 1979/2093 1978/2092
f 1914/2026 1916/2028 1917/2029
f 1917/2029 1915/2027 1914/2026
f 1971/2085 1967/2081 1966/2080
f 1966/2080 1968/2082 1971/2085
f 1980/2094 1936/2048 1935/2047
f 1935/2047 1937/2049 1980/2094
f 1937/2049 1938/2050 1981/2095
f 1981/2095 1980/2094 1937/2049
f 1982/2096 1961/2073 1936/2048
f 1936/2048 1980/2094 1982/2096
f 1980/2094 1981/2095 1982/2096
f 1983/2097 1984/2098 1985/2099
f 1986/2100 1987/2101 1983/2097
f 1988/2102 1986/2100 1989/2103
f 1990/2104 1991/2105 1992/2106
f 1992/2106 1993/2107 1990/2104
f 1994/2108 1995/2109 1996/2110
f 1989/2103 1961/2073 1982/2096
f 1982/2096 1997/2111 1989/2103
f 1986/2100 1960/2072 1961/2073
f 1961/2073 1989/2103 1986/2100
f 1960/2072 1986/2100 1983/2097
f 1983/2097 1958/2070 1960/2072
f 1958/2070 1983/2097 1985/2099
f 1985/2099 1955/2067 1958/2070
f 1991/2105 1951/2063 1954/2066
f 1954/2066 1992/2106 1991/2105
f 1949/2061 1998/2112 1996/2110
f 1996/2110 1950/2062 1949/2061
f 1979/2093 1999/2113 2237/2114
f 2237/2114 1978/2092 1979/2093
f 1946/2058 2000/2115 2001/2116
f 2001/2116 1945/2057 1946/2058
f 2002/2117 2003/2118 2201/2119
f 2201/2119 2004/2120 2002/2117
f 2005/2121 2006/2122 2206/2123
f 2206/2123 2007/2124 2005/2121
f 2008/2125 2208/2126 2009/2127
f 2009/2127 2010/2128 2008/2125
f 2011/2129 2012/2130 2013/2131
f 2013/2131 2014/2132 2011/2129
f 2015/2133 2016/2134 2017/2135
f 2017/2135 2018/2136 2015/2133
f 2019/2137 2020/2138 2203/2139
f 2203/2139 2021/2140 2019/2137
f 2198/2141 1884/1996 1934/2046
f 1934/2046 2022/2142 2198/2141
f 1884/1996 2198/2141 2023/2143
f 2023/2143 1874/1985 1884/1996
f 1874/1985 2023/2143 1878/1989
f 2024/2144 2025/2145 2026/2146
f 2026/2146 2027/2147 2024/2144
f 2028/2148 2029/2149 2024/2144
f 2030/2150 2031/2151 2032/2152
f 2032/2152 2033/2153 2030/2150
f 2034/2154 2035/2155 2036/2156
f 2036/2156 2037/2157 2034/2154
f 2038/2158 2039/2159 2040/2160
f 2040/2160 2041/2161 2038/2158
f 2041/2161 2042/2162 2043/2163
f 2043/2163 2044/2164 2041/2161
f 2045/2165 2046/2166 2047/2167
f 2048/2168 1408/1508 1407/1507
f 1407/1507 2049/2169 2048/2168
f 1489/1593 2028/2148 2024/2144
f 2024/2144 1403/1503 1489/1593
f 1403/1503 2024/2144 2027/2147
f 2027/2147 1404/1504 1403/1503
f 2032/2152 1397/1497 1396/1496
f 2036/2156 1400/1500 1397/1497
f 1395/1495 2038/2158 2041/2161
f 2041/2161 1392/1492 1395/1495
f 1392/1492 2041/2161 2044/2164
f 2044/2164 1393/1493 1392/1492
f 2050/2170 1386/1486 1389/1489
f 1389/1489 2046/2166 2050/2170
f 2309/2171 1410/1510 2051/2172
f 2051/2172 2231/2173 2309/2171
f 2040/2160 2222/2174 2052/2175
f 2052/2175 2042/2162 2040/2160
f 2034/2154 2053/2176 2054/2177
f 2054/2177 2055/2178 2034/2154
f 2056/2179 2030/2150 2057/2180
f 2057/2180 2058/2181 2056/2179
f 2059/2182 2060/2183 2061/2184
f 2061/2184 2062/2185 2059/2182
f 2063/2186 2218/2187 2064/2188
f 2064/2188 2025/2145 2063/2186
f 2028/2148 2217/2189 2065/2190
f 2065/2190 2029/2149 2028/2148
f 2066/2191 2048/2168 2049/2169
f 1487/1591 1486/1590 1499/1603
f 1499/1603 2216/2192 1487/1591
f 2049/2169 1407/1507 1487/1591
f 1999/2113 2067/2193 2068/2194
f 2020/2138 2019/2137 2018/2136
f 2018/2136 2017/2135 2020/2138
f 2069/2195 2202/2196 2070/2197
f 2070/2197 2071/2198 2069/2195
f 2072/2199 2003/2118 2002/2117
f 2002/2117 2073/2200 2072/2199
f 2205/2201 2204/2202 1995/2109
f 1995/2109 2074/2203 2205/2201
f 2075/2204 2037/2157 2056/2179
f 2056/2179 2058/2181 2075/2204
f 2039/2159 2221/2205 2222/2174
f 2222/2174 2040/2160 2039/2159
f 2220/2206 2033/2153 2059/2182
f 2059/2182 2062/2185 2220/2206
f 2064/2188 2219/2207 2026/2146
f 2026/2146 2025/2145 2064/2188
f 2065/2190 2218/2187 2063/2186
f 2063/2186 2029/2149 2065/2190
f 2052/2175 2076/2208 2043/2163
f 2043/2163 2042/2162 2052/2175
f 2031/2151 2030/2150 2056/2179
f 2077/2209 2060/2183 2059/2182
f 2024/2144 2063/2186 2025/2145
f 2029/2149 2063/2186 2024/2144
f 2035/2155 2034/2154 2055/2178
f 2041/2161 2040/2160 2042/2162
f 2013/2131 1989/2103 1997/2111
f 1997/2111 2014/2132 2013/2131
f 1989/2103 2008/2125 1988/2102
f 1987/2101 2007/2124 2073/2200
f 2073/2200 2078/2210 1987/2101
f 2002/2117 2078/2210 2073/2200
f 1984/2098 2004/2120 2071/2198
f 2071/2198 2079/2211 1984/2098
f 2070/2197 2079/2211 2071/2198
f 1990/2104 1993/2107 2015/2133
f 2015/2133 2018/2136 1990/2104
f 2019/2137 1990/2104 2018/2136
f 1990/2104 2019/2137 2021/2140
f 2021/2140 2080/2212 1990/2104
f 1995/2109 1994/2108 2074/2203
f 2010/2128 2005/2121 1988/2102
f 2009/2127 2006/2122 2005/2121
f 2005/2121 2010/2128 2009/2127
f 1998/2112 1994/2108 1996/2110
f 2214/1616 1440/1540 1448/1548
f 2081/2213 2082/2214 2083/2215
f 2083/2215 2084/2216 2081/2213
f 2085/2217 2086/2218 2087/2219
f 2087/2219 2088/2220 2085/2217
f 2086/2218 2081/2213 2084/2216
f 2084/2216 2087/2219 2086/2218
f 2089/2221 2085/2217 2088/2220
f 2088/2220 2090/2222 2089/2221
f 2091/2223 2089/2221 2090/2222
f 2090/2222 2092/2224 2091/2223
f 2093/2225 2091/2223 2092/2224
f 2092/2224 2094/2226 2093/2225
f 2095/2227 2093/2225 2094/2226
f 2094/2226 2096/2228 2095/2227
f 2097/2229 2095/2227 2096/2228
f 2096/2228 2098/2230 2097/2229
f 2099/2231 2097/2229 2098/2230
f 2098/2230 2100/2232 2099/2231
f 2101/2233 2102/2234 2103/2235
f 2103/2235 2104/2236 2101/2233
f 2102/2234 2083/2215 2082/2214
f 2082/2214 2103/2235 2102/2234
f 2105/2237 2101/2233 2104/2236
f 2104/2236 2106/2238 2105/2237
f 2107/2239 2105/2237 2106/2238
f 2106/2238 2108/2240 2107/2239
f 2109/2241 2107/2239 2108/2240
f 2108/2240 2110/2242 2109/2241
f 2110/2242 2200/2243 2109/2241
f 2111/2244 2112/2245 2092/2224
f 2092/2224 2090/2222 2111/2244
f 2113/2246 2111/2244 2090/2222
f 2090/2222 2088/2220 2113/2246
f 2114/2247 2113/2246 2088/2220
f 2088/2220 2087/2219 2114/2247
f 2115/2248 2114/2247 2116/2249
f 2117/2250 2115/2248 2116/2249
f 2116/2249 2118/2251 2117/2250
f 2119/2252 2117/2250 2118/2251
f 2118/2251 2120/2253 2119/2252
f 2119/2252 2120/2253 2121/2254
f 2188/2255 2119/2252 2121/2254
f 2121/2254 2122/2256 2188/2255
f 2188/2255 2122/2256 2187/2257
f 2094/2226 2092/2224 2112/2245
f 2112/2245 2123/2258 2094/2226
f 2096/2228 2094/2226 2123/2258
f 2123/2258 2124/2259 2096/2228
f 2125/2260 2124/2259 2126/2261
f 2195/2262 2125/2260 2126/2261
f 2126/2261 2127/2263 2195/2262
f 2128/2264 2129/2265 2130/2266
f 2130/2266 2131/2267 2128/2264
f 2131/2267 2132/2268 2133/2269
f 2133/2269 2128/2264 2131/2267
f 2129/2265 2134/2270 2135/2271
f 2135/2271 2130/2266 2129/2265
f 2134/2270 2189/2272 2136/2273
f 2136/2273 2135/2271 2134/2270
f 2132/2268 2137/2274 2138/2275
f 2138/2275 2133/2269 2132/2268
f 2139/2276 2138/2275 2137/2274
f 2137/2274 2140/2277 2139/2276
f 2141/2278 2139/2276 2140/2277
f 2140/2277 2142/2279 2141/2278
f 2142/2279 2143/2280 2144/2281
f 2144/2281 2141/2278 2142/2279
f 2145/2282 2144/2281 2143/2280
f 2143/2280 2194/2283 2145/2282
f 2146/2284 2147/2285 2148/2286
f 2148/2286 2149/2287 2146/2284
f 2149/2287 2148/2286 2150/2288
f 2150/2288 2148/2286 2151/2289
f 2151/2289 2148/2286 2152/2290
f 2152/2290 2153/2291 2151/2289
f 2154/2292 2147/2285 2146/2284
f 2146/2284 2155/2293 2154/2292
f 2156/2294 2157/2295 2154/2292
f 2154/2292 2155/2293 2156/2294
f 2152/2290 2158/2296 2159/2297
f 2159/2297 2153/2291 2152/2290
f 2158/2296 2192/2298 2193/2299
f 2193/2299 2159/2297 2158/2296
f 2135/2271 2136/2273 2156/2294
f 2156/2294 2155/2293 2135/2271
f 2146/2284 2130/2266 2135/2271
f 2135/2271 2155/2293 2146/2284
f 2131/2267 2130/2266 2146/2284
f 2146/2284 2149/2287 2131/2267
f 2132/2268 2131/2267 2149/2287
f 2149/2287 2150/2288 2132/2268
f 2137/2274 2132/2268 2150/2288
f 2150/2288 2151/2289 2137/2274
f 2140/2277 2137/2274 2151/2289
f 2151/2289 2153/2291 2140/2277
f 2159/2297 2142/2279 2140/2277
f 2140/2277 2153/2291 2159/2297
f 2159/2297 2143/2280 2142/2279
f 2193/2299 2194/2283 2143/2280
f 2143/2280 2159/2297 2193/2299
f 2147/2285 2160/2300 2161/2301
f 2161/2301 2148/2286 2147/2285
f 2148/2286 2161/2301 2162/2302
f 2162/2302 2152/2290 2148/2286
f 2160/2300 2147/2285 2154/2292
f 2163/2303 2160/2300 2154/2292
f 2154/2292 2157/2295 2163/2303
f 2158/2296 2152/2290 2162/2302
f 2192/2298 2158/2296 2162/2302
f 2162/2302 2164/2304 2192/2298
f 2165/2305 2166/2306 2167/2307
f 2167/2307 2168/2308 2165/2305
f 2169/2309 2167/2307 2166/2306
f 2166/2306 2170/2310 2169/2309
f 2168/2308 2171/2311 2172/2312
f 2172/2312 2165/2305 2168/2308
f 2191/2313 2169/2309 2170/2310
f 2170/2310 2173/2314 2191/2313
f 2166/2306 2174/2315 2170/2310
f 2173/2314 2170/2310 2174/2315
f 2174/2315 2190/2316 2173/2314
f 2165/2305 2175/2317 2174/2315
f 2174/2315 2166/2306 2165/2305
f 2172/2312 2176/2318 2175/2317
f 2175/2317 2165/2305 2172/2312
f 1410/1510 1436/1536 2177/2319
f 2177/2319 2178/2320 1410/1510
f 2051/2172 1410/1510 2178/2320
f 2178/2320 2179/2321 2051/2172
f 2051/2172 2179/2321 2180/2322
f 1435/1535 1510/1614 2177/2319
f 1436/1536 1435/1535 2177/2319
f 1410/1510 1412/1512 1436/1536
f 2224/2323 2045/2165 2047/2167
f 2047/2167 2223/2324 2224/2323
f 2231/2173 2051/2172 2180/2322
f 2180/2322 2230/2325 2231/2173
f 1388/1488 1510/1614 1390/1490
f 1389/1489 1388/1488 1390/1490
f 1390/1490 1393/1493 1389/1489
f 2044/2164 2046/2166 1389/1489
f 1389/1489 1393/1493 2044/2164
f 2181/2326 2047/2167 2046/2166
f 2046/2166 2044/2164 2181/2326
f 2182/2327 2223/2324 2047/2167
f 2047/2167 2181/2326 2182/2327
f 1532/1640 2184/1745 2183/1637
f 802/902 695/795 2183/2328
f 2183/2328 2184/2329 802/902
f 2185/2330 803/903 802/902
f 802/902 2184/2329 2185/2330
f 788/888 801/901 2186/2331
f 2186/2331 1622/2332 788/888
f 1287/1387 1286/1386 2099/2333
f 2099/2333 2100/2334 1287/1387
f 2187/2335 1315/1415 1313/1413
f 1313/1413 2188/2336 2187/2335
f 2189/2337 1331/1431 1332/1432
f 1332/1432 2136/2338 2189/2337
f 1332/1432 1353/1453 2156/2339
f 2156/2339 2136/2338 1332/1432
f 1353/1453 1354/1454 2157/2340
f 2157/2340 2156/2339 1353/1453
f 1354/1454 1362/1462 2163/2341
f 2163/2341 2157/2340 1354/1454
f 2171/2342 1370/1470 1371/1471
f 1371/1471 2172/2343 2171/2342
f 1371/1471 1377/1477 2176/2344
f 2176/2344 2172/2343 1371/1471
f 1377/1477 1376/1476 2175/2345
f 2175/2345 2176/2344 1377/1477
f 1376/1476 1374/1474 2174/2346
f 2174/2346 2175/2345 1376/1476
f 1374/1474 1375/1475 2190/2347
f 2190/2347 2174/2346 1374/1474
f 1375/1475 1373/1473 2173/2348
f 2173/2348 2190/2347 1375/1475
f 1373/1473 1372/1472 2191/2349
f 2191/2349 2173/2348 1373/1473
f 1363/1463 1358/1458 2192/2350
f 2192/2350 2164/2351 1363/1463
f 1358/1458 1357/1457 2193/2352
f 2193/2352 2192/2350 1358/1458
f 1357/1457 1342/1442 2194/2353
f 2194/2353 2193/2352 1357/1457
f 1342/1442 1341/1441 2145/2354
f 2145/2354 2194/2353 1342/1442
f 1322/1422 1321/1421 2195/2355
f 2195/2355 2127/2356 1322/1422
f 1139/1239 1138/1238 2196/2357
f 2196/2357 1965/2358 1139/1239
f 1137/1237 1136/1236 2197/2359
f 2197/2359 1964/2360 1137/1237
f 1962/2361 1134/1234 1135/1235
f 1135/1235 1963/2362 1962/2361
f 2022/2363 1195/1295 1198/1298
f 1198/1298 2198/2364 2022/2363
f 1198/1298 1197/1297 2023/2365
f 2023/2365 2198/2364 1198/1298
f 1197/1297 1045/1145 1878/2366
f 1878/2366 2023/2365 1197/1297
f 2199/2367 1048/1148 1047/1147
f 1047/1147 1880/2368 2199/2367
f 1047/1147 1051/1151 1883/2369
f 1883/2369 1880/2368 1047/1147
f 2200/2370 1298/1398 1296/1396
f 1296/1396 2109/2371 2200/2370
f 1296/1396 1294/1394 2107/2372
f 2107/2372 2109/2373 1296/1396
f 1176/1276 1175/1275 2201/2374
f 2201/2374 2003/2375 1176/1276
f 1249/1349 1252/1352 2202/2376
f 2202/2376 2069/2377 1249/1349
f 2016/2378 1187/1287 1190/1290
f 1190/1290 2017/2379 2016/2378
f 1190/1290 1194/1294 2020/2380
f 2020/2380 2017/2379 1190/1290
f 1194/1294 1193/1293 2203/2381
f 2203/2381 2020/2380 1194/1294
f 1255/1355 1256/1356 2204/2382
f 2204/2382 2205/2383 1255/1355
f 2067/2384 1247/1347 1248/1348
f 1248/1348 2068/2385 2067/2384
f 2000/2386 1171/1271 1172/1272
f 1172/1272 2001/2387 2000/2386
f 1180/1280 1179/1279 2206/2388
f 2206/2388 2006/2389 1180/1280
f 1253/1353 1176/1276 2003/2375
f 2003/2375 2072/2390 1253/1353
f 2291/2391 2292/2392 1997/2111
f 1997/2111 1982/2096 2291/2391
f 2292/2392 2207/2393 2014/2132
f 2014/2132 1997/2111 2292/2392
f 2207/2393 2011/2129 2014/2132
f 1185/1285 1184/1284 2012/2394
f 2012/2394 2011/2395 1185/1285
f 1184/1284 1183/1283 2208/2396
f 2208/2396 2012/2394 1184/1284
f 1267/1367 1180/1280 2006/2389
f 2006/2389 2009/2397 1267/1367
f 695/795 694/794 2209/2398
f 2209/2398 2183/2328 695/795
f 2210/2399 623/723 622/722
f 622/722 2211/2400 2210/2399
f 618/718 2212/2401 1457/2402
f 1457/2402 619/719 618/718
f 615/715 611/711 1451/2403
f 1451/2403 2213/2404 615/715
f 611/711 614/714 1452/2405
f 1452/2405 1451/2403 611/711
f 609/709 601/701 1448/2406
f 1448/2406 1449/2407 609/709
f 601/701 678/778 2214/2408
f 2214/2408 1448/2406 601/701
f 678/778 677/777 2215/2409
f 2215/2409 2214/2408 678/778
f 677/777 1246/1346 2216/2410
f 2216/2410 2215/2409 677/777
f 652/752 1224/1324 2049/2411
f 2049/2411 1487/2412 652/752
f 1224/1324 1245/1345 2066/2413
f 2066/2413 2049/2411 1224/1324
f 1244/1344 1243/1343 2065/2414
f 2065/2414 2217/2415 1244/1344
f 1243/1343 1242/1342 2218/2416
f 2218/2416 2065/2414 1243/1343
f 1242/1342 1241/1341 2064/2417
f 2064/2417 2218/2416 1242/1342
f 1241/1341 1260/1360 2219/2418
f 2219/2418 2064/2417 1241/1341
f 1238/1338 1237/1337 2062/2419
f 2062/2419 2061/2420 1238/1338
f 1237/1337 1259/1359 2220/2421
f 2220/2421 2062/2419 1237/1337
f 1235/1335 1234/1334 2058/2422
f 2058/2422 2057/2423 1235/1335
f 1234/1334 1257/1357 2075/2424
f 2075/2424 2058/2422 1234/1334
f 1232/1332 1231/1331 2054/2425
f 2054/2425 2053/2426 1232/1332
f 2221/2427 1258/1358 1229/1329
f 1229/1329 2222/2428 2221/2427
f 1229/1329 1228/1328 2052/2429
f 2052/2429 2222/2428 1229/1329
f 1228/1328 1261/1361 2076/2430
f 2076/2430 2052/2429 1228/1328
f 1385/1485 1382/1482 2223/2431
f 2223/2431 2182/2432 1385/1485
f 1382/1482 1381/1481 2224/2433
f 2224/2433 2223/2431 1382/1482
f 2225/2434 2226/2435 1801/1912
f 2227/2436 2228/2437 1938/2050
f 1938/2050 1803/1914 2227/2436
f 2228/2437 2229/2438 1981/2095
f 1981/2095 1938/2050 2228/2437
f 2229/2438 2291/2391 1982/2096
f 1982/2096 1981/2095 2229/2438
f 2230/2439 1383/1483 1227/1327
f 1227/1327 2231/2440 2230/2439
f 1227/1327 969/1069 2231/2440
f 2290/2441 2225/2434 1800/1911
f 960/1060 959/1059 2232/2442
f 2232/2442 999/1099 960/1060
f 1791/1902 1834/1945 1831/1942
f 1061/1161 1060/1160 2233/2443
f 2233/2443 2234/2444 1061/1161
f 1021/1121 1061/1161 2234/2444
f 2234/2444 2235/2445 1021/1121
f 1022/1122 1021/1121 2235/2445
f 2235/2445 2236/2446 1022/1122
f 2236/2446 1116/1216 1094/1194
f 1094/1194 1022/1122 2236/2446
f 1946/2058 1926/2038 1976/2090
f 1976/2090 1978/2092 1946/2058
f 2000/2115 1946/2058 1978/2092
f 1978/2092 2237/2114 2000/2115
f 1171/1271 2000/2386 2237/2447
f 2237/2447 1170/1270 1171/1271
f 1118/1218 1171/1271 1170/1270
f 1170/1270 1147/1247 1118/1218
f 1094/1194 1118/1218 1147/1247
f 1147/1247 1145/1245 1094/1194
f 1094/1194 1145/1245 1095/1195
f 1967/2081 1971/2085 1893/2005
f 1893/2005 1892/2004 1967/2081
f 1971/2085 1970/2084 1854/1965
f 1854/1965 1893/2005 1971/2085
f 1970/2084 1973/2087 1855/1966
f 1855/1966 1854/1965 1970/2084
f 1926/2038 1855/1966 1973/2087
f 1973/2087 1974/2088 1926/2038
f 1926/2038 1974/2088 1976/2090
f 1060/1160 999/1099 2232/2442
f 2232/2442 2233/2443 1060/1160
f 1834/1945 1967/2081 1892/2004
f 1892/2004 1831/1942 1834/1945
f 1065/1165 998/1098 997/1097
f 997/1097 1068/1168 1065/1165
f 1066/1166 1065/1165 1068/1168
f 1068/1168 1071/1171 1066/1166
f 1030/1130 1066/1166 1071/1171
f 1071/1171 1017/1117 1030/1130
f 1031/1131 1030/1130 1017/1117
f 1017/1117 1020/1120 1031/1131
f 1099/1199 1096/1196 1031/1131
f 1031/1131 1020/1120 1099/1199
f 1113/1213 1114/1214 1096/1196
f 1096/1196 1099/1199 1113/1213
f 1137/1237 1138/1238 1114/1214
f 1114/1214 1113/1213 1137/1237
f 2196/2357 1138/1238 1137/1237
f 1137/1237 1964/2360 2196/2357
f 1964/2077 1942/2054 1943/2055
f 1943/2055 2196/2078 1964/2077
f 1942/2054 1930/2042 1927/2039
f 1927/2039 1943/2055 1942/2054
f 1930/2042 1851/1962 1864/1975
f 1864/1975 1927/2039 1930/2042
f 1865/1976 1864/1975 1851/1962
f 1851/1962 1850/1961 1865/1976
f 1898/2010 1865/1976 1850/1961
f 1850/1961 1901/2013 1898/2010
f 1899/2011 1898/2010 1901/2013
f 1901/2013 1900/2012 1899/2011
f 1830/1941 1899/2011 1900/2012
f 1900/2012 1827/1938 1830/1941
f 964/1064 998/1098 1084/1184
f 1796/1907 1830/1941 1827/1938
f 1827/1938 1797/1908 1796/1907
f 2238/2448 2239/2449 2212/2401
f 2212/2401 618/718 2238/2448
f 1455/1557 2212/1556 2239/2450
f 2239/2450 2240/2451 1455/1557
f 1514/1620 1455/1557 2240/2451
f 2240/2451 2241/2452 1514/1620
f 1533/1641 1514/1620 2241/2452
f 2241/2452 2242/2453 1533/1641
f 2242/2453 2243/2454 1539/1647
f 1539/1647 1533/1641 2242/2453
f 2243/2454 2244/2455 1564/1672
f 1564/1672 1539/1647 2243/2454
f 2244/2455 2245/2456 1565/1673
f 1565/1673 1564/1672 2244/2455
f 2245/2456 2246/2457 1594/1702
f 1594/1702 1565/1673 2245/2456
f 2246/2457 2247/2458 1595/1703
f 1595/1703 1594/1702 2246/2457
f 2247/2458 2248/2459 1640/1751
f 1640/1751 1595/1703 2247/2458
f 2248/2459 2249/2460 1641/1752
f 1641/1752 1640/1751 2248/2459
f 2249/2460 2250/2461 1718/1829
f 1718/1829 1641/1752 2249/2460
f 2250/2461 2251/2462 1680/1791
f 1680/1791 1718/1829 2250/2461
f 2251/2462 2252/2463 1681/1792
f 1681/1792 1680/1791 2251/2462
f 2252/2463 2253/2464 1741/1852
f 1741/1852 1681/1792 2252/2463
f 2253/2464 2254/2465 1765/1876
f 1765/1876 1741/1852 2253/2464
f 2254/2465 2255/2466 1766/1877
f 1766/1877 1765/1876 2254/2465
f 2255/2466 2256/2467 1807/1918
f 1807/1918 1766/1877 2255/2466
f 2256/2467 2257/2468 1825/1936
f 1825/1936 1807/1918 2256/2467
f 2257/2468 2258/2469 1904/2016
f 1904/2016 1825/1936 2257/2468
f 2258/2469 2259/2470 1905/2017
f 1905/2017 1904/2016 2258/2469
f 2259/2470 2260/2471 1866/1977
f 1866/1977 1905/2017 2259/2470
f 2260/2471 2261/2472 1867/1978
f 1867/1978 1866/1977 2260/2471
f 2261/2472 2262/2473 1931/2043
f 1931/2043 1867/1978 2261/2472
f 2262/2473 2263/2474 1939/2051
f 1939/2051 1931/2043 2262/2473
f 2263/2474 2264/2475 1962/2074
f 1962/2074 1939/2051 2263/2474
f 2264/2476 2265/2477 1134/1234
f 1134/1234 1962/2361 2264/2476
f 2265/2477 2266/2478 1110/1210
f 1110/1210 1134/1234 2265/2477
f 2266/2478 2267/2479 1100/1200
f 1100/1200 1110/1210 2266/2478
f 2267/2479 2268/2480 1033/1133
f 1033/1133 1100/1200 2267/2479
f 2268/2480 2269/2481 1034/1134
f 1034/1134 1033/1133 2268/2480
f 2269/2481 2270/2482 1072/1172
f 1072/1172 1034/1134 2269/2481
f 2270/2482 2271/2483 1073/1173
f 1073/1173 1072/1172 2270/2482
f 2271/2483 2272/2484 994/1094
f 994/1094 1073/1173 2271/2483
f 2272/2484 2273/2485 976/1076
f 976/1076 994/1094 2272/2484
f 2273/2485 2274/2486 933/1033
f 933/1033 976/1076 2273/2485
f 2274/2486 2275/2487 934/1034
f 934/1034 933/1033 2274/2486
f 2275/2487 2276/2488 909/1009
f 909/1009 934/1034 2275/2487
f 2276/2488 2277/2489 848/948
f 848/948 909/1009 2276/2488
f 2277/2489 2278/2490 849/949
f 849/949 848/948 2277/2489
f 2278/2490 2279/2491 886/986
f 886/986 849/949 2278/2490
f 2279/2491 2280/2492 808/908
f 808/908 886/986 2279/2491
f 2280/2492 2281/2493 809/909
f 809/909 808/908 2280/2492
f 2281/2493 2282/2494 759/859
f 759/859 809/909 2281/2493
f 2282/2494 2283/2495 760/860
f 760/860 759/859 2282/2494
f 2283/2495 2284/2496 729/829
f 729/829 760/860 2283/2495
f 2284/2496 2285/2497 730/830
f 730/830 729/829 2284/2496
f 2285/2497 2286/2498 704/804
f 704/804 730/830 2285/2497
f 2286/2498 2287/2499 698/798
f 698/798 704/804 2286/2498
f 2287/2499 2288/2500 682/782
f 682/782 698/798 2287/2499
f 2288/2500 2289/2501 617/717
f 617/717 682/782 2288/2500
f 618/718 617/717 2289/2501
f 2289/2501 2238/2448 618/718
f 1411/1511 2309/2171 1800/1911
f 2290/2502 968/1068 970/1070
f 2225/2503 970/1070 972/1072
f 1108/1208 1107/1207 2228/2504
f 2228/2504 2227/2505 1108/1208
f 1107/1207 1150/1250 2229/2506
f 2229/2506 2228/2504 1107/1207
f 1150/1250 1151/1251 2291/2507
f 2291/2507 2229/2506 1150/1250
f 1151/1251 1167/1267 2292/2508
f 2292/2508 2291/2507 1151/1251
f 1167/1267 1186/1286 2207/2509
f 2207/2509 2292/2508 1167/1267
f 1186/1286 1185/1285 2207/2509
f 1411/1511 1800/1911 1413/1513
f 1366/1466 1365/1465 1360/1460
f 1360/1460 1359/1459 1366/1466
f 1361/1461 1368/1468 1366/1466
f 1366/1466 1359/1459 1361/1461
f 1363/1463 1372/1472 1368/1468
f 1368/1468 1361/1461 1363/1463
f 2191/2349 1372/1472 1363/1463
f 1363/1463 2164/2351 2191/2349
f 2164/2304 2162/2302 2169/2309
f 2169/2309 2191/2313 2164/2304
f 2162/2302 2161/2301 2167/2307
f 2167/2307 2169/2309 2162/2302
f 2168/2308 2167/2307 2161/2301
f 2161/2301 2160/2300 2168/2308
f 2160/2300 2163/2303 2171/2311
f 2171/2311 2168/2308 2160/2300
f 1362/1462 1370/1470 2171/2342
f 2171/2342 2163/2341 1362/1462
f 1360/1460 1365/1465 1370/1470
f 1370/1470 1362/1462 1360/1460
f 699/799 683/783 680/780
f 680/780 702/802 699/799
f 705/805 699/799 702/802
f 702/802 708/808 705/805
f 738/838 731/831 705/805
f 705/805 708/808 738/838
f 732/832 731/831 738/838
f 738/838 737/837 732/832
f 768/868 761/861 732/832
f 732/832 737/837 768/868
f 762/862 761/861 768/868
f 768/868 767/867 762/862
f 819/919 810/910 762/862
f 762/862 767/867 819/919
f 811/911 810/910 819/919
f 819/919 818/918 811/911
f 888/988 887/987 811/911
f 811/911 818/918 888/988
f 857/957 850/950 887/987
f 887/987 888/988 857/957
f 851/951 850/950 857/957
f 857/957 856/956 851/951
f 910/1010 851/951 856/956
f 856/956 914/1014 910/1010
f 935/1035 910/1010 914/1014
f 914/1014 930/1030 935/1035
f 936/1036 935/1035 930/1030
f 930/1030 929/1029 936/1036
f 977/1077 936/1036 929/1029
f 929/1029 979/1079 977/1077
f 995/1095 977/1077 979/1079
f 979/1079 993/1093 995/1095
f 1077/1177 1074/1174 995/1095
f 995/1095 993/1093 1077/1177
f 1076/1176 1075/1175 1074/1174
f 1074/1174 1077/1177 1076/1176
f 1038/1138 1035/1135 1075/1175
f 1075/1175 1076/1176 1038/1138
f 1036/1136 1035/1135 1038/1138
f 1038/1138 1037/1137 1036/1136
f 1101/1201 1036/1136 1037/1137
f 1037/1137 1102/1202 1101/1201
f 1111/1211 1101/1201 1102/1202
f 1102/1202 1109/1209 1111/1211
f 1135/1235 1111/1211 1109/1209
f 1109/1209 1196/1296 1135/1235
f 1963/2362 1135/1235 1196/1296
f 1196/1296 2293/2510 1963/2362
f 620/720 619/719 622/722
f 622/722 621/721 620/720
f 683/783 620/720 621/721
f 621/721 680/780 683/783
f 2211/2400 622/722 619/719
f 619/719 1457/2402 2211/2400
f 1457/1559 1456/1558 1458/1561
f 1458/1561 2211/1560 1457/1559
f 1456/1558 1515/1621 1512/1618
f 1512/1618 1458/1561 1456/1558
f 1515/1621 1534/1642 1537/1645
f 1537/1645 1512/1618 1515/1621
f 1534/1642 1540/1648 1543/1651
f 1543/1651 1537/1645 1534/1642
f 1572/1680 1543/1651 1540/1648
f 1540/1648 1567/1675 1572/1680
f 1567/1675 1566/1674 1573/1681
f 1573/1681 1572/1680 1567/1675
f 1602/1710 1573/1681 1566/1674
f 1566/1674 1597/1705 1602/1710
f 1597/1705 1596/1704 1603/1711
f 1603/1711 1602/1710 1597/1705
f 1650/1761 1603/1711 1596/1704
f 1596/1704 1643/1754 1650/1761
f 1643/1754 1642/1753 1651/1762
f 1651/1762 1650/1761 1643/1754
f 1720/1831 1651/1762 1642/1753
f 1642/1753 1719/1830 1720/1831
f 1688/1799 1720/1831 1719/1830
f 1719/1830 1683/1794 1688/1799
f 1683/1794 1682/1793 1689/1800
f 1689/1800 1688/1799 1683/1794
f 1682/1793 1742/1853 1746/1857
f 1746/1857 1689/1800 1682/1793
f 1742/1853 1768/1879 1761/1872
f 1761/1872 1746/1857 1742/1853
f 1768/1879 1767/1878 1762/1873
f 1762/1873 1761/1872 1768/1879
f 1767/1878 1808/1919 1810/1921
f 1810/1921 1762/1873 1767/1878
f 1808/1919 1826/1937 1824/1935
f 1824/1935 1810/1921 1808/1919
f 1908/2020 1824/1935 1826/1937
f 1826/1937 1907/2019 1908/2020
f 1909/2021 1908/2020 1907/2019
f 1907/2019 1906/2018 1909/2021
f 1870/1981 1909/2021 1906/2018
f 1906/2018 1869/1980 1870/1981
f 1869/1980 1868/1979 1871/1982
f 1871/1982 1870/1981 1869/1980
f 1868/1979 1932/2044 1933/2045
f 1933/2045 1871/1982 1868/1979
f 1932/2044 1940/2052 1933/2045
f 1940/2052 1963/2075 2293/2511
f 2293/2511 1933/2045 1940/2052
f 2213/2404 2239/2449 2238/2448
f 2238/2448 615/715 2213/2404
f 2240/2451 2239/2450 2213/1555
f 2213/1555 1517/1623 2240/2451
f 2241/2452 2240/2451 1517/1623
f 1517/1623 1467/1571 2241/2452
f 2242/2453 2241/2452 1467/1571
f 1467/1571 1466/1570 2242/2453
f 1523/1629 2243/2454 2242/2453
f 2242/2453 1466/1570 1523/1629
f 1523/1629 1558/1666 2244/2455
f 2244/2455 2243/2454 1523/1629
f 1558/1666 1557/1665 2245/2456
f 2245/2456 2244/2455 1558/1666
f 1557/1665 1585/1693 2246/2457
f 2246/2457 2245/2456 1557/1665
f 1585/1693 1584/1692 2247/2458
f 2247/2458 2246/2457 1585/1693
f 1584/1692 1657/1768 2248/2459
f 2248/2459 2247/2458 1584/1692
f 1657/1768 1658/1769 2249/2460
f 2249/2460 2248/2459 1657/1768
f 1658/1769 1717/1828 2250/2461
f 2250/2461 2249/2460 1658/1769
f 1717/1828 1699/1810 2251/2462
f 2251/2462 2250/2461 1717/1828
f 1699/1810 1698/1809 2252/2463
f 2252/2463 2251/2462 1699/1810
f 1698/1809 1730/1841 2253/2464
f 2253/2464 2252/2463 1698/1809
f 1730/1841 1772/1883 2254/2465
f 2254/2465 2253/2464 1730/1841
f 1772/1883 1771/1882 2255/2466
f 2255/2466 2254/2465 1772/1883
f 1771/1882 1806/1917 2256/2467
f 2256/2467 2255/2466 1771/1882
f 1806/1917 1828/1939 2257/2468
f 2257/2468 2256/2467 1806/1917
f 1828/1939 1903/2015 2258/2469
f 2258/2469 2257/2468 1828/1939
f 1903/2015 1902/2014 2259/2470
f 2259/2470 2258/2469 1903/2015
f 1902/2014 1853/1964 2260/2471
f 2260/2471 2259/2470 1902/2014
f 1853/1964 1852/1963 2261/2472
f 2261/2472 2260/2471 1853/1964
f 1852/1963 1929/2041 2262/2473
f 2262/2473 2261/2472 1852/1963
f 1929/2041 1941/2053 2263/2474
f 2263/2474 2262/2473 1929/2041
f 1941/2053 2197/2076 2264/2475
f 2264/2475 2263/2474 1941/2053
f 2197/2359 1136/1236 2265/2477
f 2265/2477 2264/2476 2197/2359
f 1136/1236 1112/1212 2266/2478
f 2266/2478 2265/2477 1136/1236
f 1112/1212 1098/1198 2267/2479
f 2267/2479 2266/2478 1112/1212
f 1098/1198 1019/1119 2268/2480
f 2268/2480 2267/2479 1098/1198
f 1019/1119 1018/1118 2269/2481
f 2269/2481 2268/2480 1019/1119
f 1018/1118 1070/1170 2270/2482
f 2270/2482 2269/2481 1018/1118
f 1070/1170 1069/1169 2271/2483
f 2271/2483 2270/2482 1070/1170
f 1069/1169 996/1096 2272/2484
f 2272/2484 2271/2483 1069/1169
f 996/1096 975/1075 2273/2485
f 2273/2485 2272/2484 996/1096
f 975/1075 939/1039 2274/2486
f 2274/2486 2273/2485 975/1075
f 939/1039 938/1038 2275/2487
f 2275/2487 2274/2486 939/1039
f 938/1038 898/998 2276/2488
f 2276/2488 2275/2487 938/1038
f 898/998 866/966 2277/2489
f 2277/2489 2276/2488 898/998
f 866/966 865/965 2278/2490
f 2278/2490 2277/2489 866/966
f 865/965 885/985 2279/2491
f 2279/2491 2278/2490 865/965
f 885/985 826/926 2280/2492
f 2280/2492 2279/2491 885/985
f 826/926 824/924 2281/2493
f 2281/2493 2280/2492 826/926
f 824/924 749/849 2282/2494
f 2282/2494 2281/2493 824/924
f 749/849 748/848 2283/2495
f 2283/2495 2282/2494 749/849
f 748/848 723/823 2284/2496
f 2284/2496 2283/2495 748/848
f 723/823 722/822 2285/2497
f 2285/2497 2284/2496 723/823
f 722/822 686/786 2286/2498
f 2286/2498 2285/2497 722/822
f 631/731 2287/2499 2286/2498
f 2286/2498 686/786 631/731
f 631/731 630/730 2288/2500
f 2288/2500 2287/2499 631/731
f 630/730 616/716 2289/2501
f 2289/2501 2288/2500 630/730
f 2238/2448 2289/2501 616/716
f 616/716 615/715 2238/2448
f 591/691 676/776 677/777
f 677/777 597/697 591/691
f 592/692 591/691 597/697
f 597/697 600/700 592/692
f 607/707 604/704 592/692
f 592/692 600/700 607/707
f 638/738 604/704 607/707
f 607/707 641/741 638/738
f 639/739 638/738 641/741
f 641/741 644/744 639/739
f 689/789 639/739 644/744
f 644/744 688/788 689/789
f 715/815 689/789 688/788
f 688/788 718/818 715/815
f 716/816 715/815 718/818
f 718/818 721/821 716/816
f 754/854 716/816 721/821
f 721/821 751/851 754/854
f 755/855 754/854 751/851
f 751/851 752/852 755/855
f 829/929 755/855 752/852
f 752/852 828/928 829/929
f 837/937 838/938 829/929
f 829/929 828/928 837/937
f 871/971 838/938 837/937
f 837/937 869/969 871/971
f 872/972 871/971 869/969
f 869/969 868/968 872/972
f 900/1000 901/1001 872/972
f 872/972 868/968 900/1000
f 944/1044 901/1001 900/1000
f 900/1000 942/1042 944/1044
f 945/1045 944/1044 942/1042
f 942/1042 941/1041 945/1045
f 959/1059 945/1045 941/1041
f 941/1041 964/1064 959/1059
f 2232/2442 959/1059 964/1064
f 964/1064 1084/1184 2232/2442
f 2233/2443 2232/2442 1084/1184
f 1084/1184 1064/1164 2233/2443
f 2234/2444 2233/2443 1064/1164
f 1064/1164 1067/1167 2234/2444
f 2235/2445 2234/2444 1067/1167
f 1067/1167 1029/1129 2235/2445
f 2236/2446 2235/2445 1029/1129
f 1029/1129 1032/1132 2236/2446
f 1097/1197 1116/1216 2236/2446
f 2236/2446 1032/1132 1097/1197
f 1115/1215 1117/1217 1116/1216
f 1116/1216 1097/1197 1115/1215
f 1172/1272 1117/1217 1115/1215
f 1115/1215 1139/1239 1172/1272
f 2001/2387 1172/1272 1139/1239
f 1139/1239 1965/2358 2001/2387
f 1945/2057 2001/2116 1965/2079
f 1965/2079 1944/2056 1945/2057
f 1944/2056 1928/2040 1925/2037
f 1925/2037 1945/2057 1944/2056
f 1928/2040 1863/1974 1856/1967
f 1856/1967 1925/2037 1928/2040
f 1857/1968 1856/1967 1863/1974
f 1863/1974 1862/1973 1857/1968
f 1894/2006 1857/1968 1862/1973
f 1862/1973 1897/2009 1894/2006
f 1895/2007 1894/2006 1897/2009
f 1897/2009 1896/2008 1895/2007
f 1832/1943 1895/2007 1896/2008
f 1896/2008 1829/1940 1832/1943
f 1792/1903 1832/1943 1829/1940
f 1829/1940 1796/1907 1792/1903
f 1777/1888 1792/1903 1796/1907
f 1796/1907 1774/1885 1777/1888
f 1778/1889 1777/1888 1774/1885
f 1774/1885 1773/1884 1778/1889
f 1733/1844 1778/1889 1773/1884
f 1773/1884 1732/1843 1733/1844
f 1732/1843 1701/1812 1704/1815
f 1704/1815 1733/1844 1732/1843
f 1705/1816 1704/1815 1701/1812
f 1701/1812 1700/1811 1705/1816
f 1670/1781 1705/1816 1700/1811
f 1700/1811 1669/1780 1670/1781
f 1669/1780 1660/1771 1662/1773
f 1662/1773 1670/1781 1669/1780
f 1590/1698 1662/1773 1660/1771
f 1660/1771 1587/1695 1590/1698
f 1591/1699 1590/1698 1587/1695
f 1587/1695 1586/1694 1591/1699
f 1551/1659 1591/1699 1586/1694
f 1586/1694 1554/1662 1551/1659
f 1552/1660 1551/1659 1554/1662
f 1554/1662 1553/1661 1552/1660
f 1527/1633 1552/1660 1553/1661
f 1553/1661 1525/1631 1527/1633
f 1474/1578 1527/1633 1525/1631
f 1525/1631 1477/1581 1474/1578
f 1475/1579 1474/1578 1477/1581
f 1477/1581 1476/1580 1475/1579
f 1443/1543 1475/1579 1476/1580
f 1476/1580 1445/1545 1443/1543
f 1445/1545 1438/1538 1431/1531
f 1431/1531 1443/1543 1445/1545
f 1432/1532 1431/1531 1438/1538
f 1438/1538 1437/1537 1432/1532
f 1499/1603 1432/1532 1437/1537
f 1437/1537 2215/1615 1499/1603
f 2216/2192 1499/1603 2215/1615
f 664/764 651/751 676/776
f 652/752 1246/1346 676/776
f 676/776 651/751 652/752
f 2216/2410 1246/1346 652/752
f 652/752 1487/2412 2216/2410
f 1872/1983 1934/2046 1884/1996
f 1884/1996 1877/1988 1872/1983
f 1873/1984 1872/1983 1877/1988
f 1877/1988 1876/1987 1873/1984
f 1910/2022 1873/1984 1876/1987
f 1876/1987 1913/2025 1910/2022
f 1911/2023 1910/2022 1913/2025
f 1913/2025 1912/2024 1911/2023
f 1823/1934 1911/2023 1912/2024
f 1912/2024 1822/1933 1823/1934
f 1822/1933 1811/1922 1809/1920
f 1809/1920 1823/1934 1822/1933
f 1811/1922 1760/1871 1763/1874
f 1763/1874 1809/1920 1811/1922
f 1764/1875 1763/1874 1760/1871
f 1760/1871 1759/1870 1764/1875
f 1745/1856 1764/1875 1759/1870
f 1759/1870 1744/1855 1745/1856
f 1744/1855 1685/1796 1690/1801
f 1690/1801 1745/1856 1744/1855
f 1691/1802 1690/1801 1685/1796
f 1685/1796 1684/1795 1691/1802
f 1721/1832 1691/1802 1684/1795
f 1684/1795 1722/1833 1721/1832
f 1648/1759 1721/1832 1722/1833
f 1722/1833 1647/1758 1648/1759
f 1647/1758 1646/1757 1649/1760
f 1649/1760 1648/1759 1647/1758
f 1604/1712 1649/1760 1646/1757
f 1646/1757 1599/1707 1604/1712
f 1605/1713 1604/1712 1599/1707
f 1599/1707 1598/1706 1605/1713
f 1574/1682 1605/1713 1598/1706
f 1598/1706 1569/1677 1574/1682
f 1575/1683 1574/1682 1569/1677
f 1569/1677 1568/1676 1575/1683
f 1544/1652 1575/1683 1568/1676
f 1568/1676 1541/1649 1544/1652
f 1538/1646 1544/1652 1541/1649
f 1541/1649 1535/1643 1538/1646
f 1513/1619 1538/1646 1535/1643
f 1535/1643 1531/1639 1513/1619
f 1459/1562 1513/1619 1531/1639
f 1531/1639 1530/1636 1459/1562
f 2210/1563 1459/1562 1530/1636
f 1530/1636 2209/1638 2210/1563
f 694/794 623/723 2210/2399
f 2210/2399 2209/2398 694/794
f 624/724 623/723 694/794
f 694/794 693/793 624/724
f 681/781 624/724 693/793
f 693/793 696/796 681/781
f 703/803 681/781 696/796
f 696/796 701/801 703/803
f 709/809 703/803 701/801
f 701/801 707/807 709/809
f 739/839 709/809 707/807
f 707/807 733/833 739/839
f 740/840 739/839 733/833
f 733/833 736/836 740/840
f 769/869 740/840 736/836
f 736/836 763/863 769/869
f 770/870 769/869 763/863
f 763/863 766/866 770/870
f 816/916 770/870 766/866
f 766/866 814/914 816/916
f 813/913 817/917 816/916
f 816/916 814/914 813/913
f 889/989 817/917 813/913
f 813/913 891/991 889/989
f 858/958 889/989 891/991
f 891/991 852/952 858/958
f 859/959 858/958 852/952
f 852/952 855/955 859/959
f 912/1012 913/1013 859/959
f 859/959 855/955 912/1012
f 931/1031 913/1013 912/1012
f 912/1012 927/1027 931/1031
f 932/1032 931/1031 927/1027
f 927/1027 928/1028 932/1032
f 981/1081 978/1078 932/1032
f 932/1032 928/1028 981/1081
f 991/1091 992/1092 978/1078
f 978/1078 981/1081 991/1091
f 1078/1178 992/1092 991/1091
f 991/1091 1081/1181 1078/1178
f 1079/1179 1078/1178 1081/1181
f 1081/1181 1080/1180 1079/1179
f 1039/1139 1079/1179 1080/1180
f 1080/1180 1043/1143 1039/1139
f 1040/1140 1039/1139 1043/1143
f 1043/1143 1042/1142 1040/1140
f 1103/1203 1040/1140 1042/1142
f 1042/1142 1052/1152 1103/1203
f 1198/1298 1195/1295 1103/1203
f 1103/1203 1052/1152 1198/1298
f 2022/2142 1934/2046 1933/2045
f 1933/2045 2293/2511 2022/2142
f 2293/2510 1196/1296 1195/1295
f 1195/1295 2022/2363 2293/2510
f 1634/1742 1628/1736 1633/1741
f 1633/1741 1635/1743 1634/1742
f 1627/1735 1632/1740 1633/1741
f 1633/1741 1628/1736 1627/1735
f 1626/1734 1631/1739 1632/1740
f 1632/1740 1627/1735 1626/1734
f 1629/1737 1631/1739 1626/1734
f 1626/1734 1625/1733 1629/1737
f 1624/1732 1630/1738 1629/1737
f 1629/1737 1625/1733 1624/1732
f 1624/1732 1653/1764 1654/1765
f 1654/1765 1630/1738 1624/1732
f 1655/1766 1654/1765 1653/1764
f 1653/1764 1652/1763 1655/1766
f 1652/1763 1724/1835 1725/1836
f 1725/1836 1655/1766 1652/1763
f 1724/1835 1693/1804 1694/1805
f 1694/1805 1725/1836 1724/1835
f 1693/1804 1692/1803 1695/1806
f 1695/1806 1694/1805 1693/1804
f 1748/1859 1695/1806 1692/1803
f 1692/1803 1747/1858 1748/1859
f 1747/1858 1758/1869 1753/1864
f 1753/1864 1748/1859 1747/1858
f 1758/1869 1757/1868 1754/1865
f 1754/1865 1753/1864 1758/1869
f 1815/1926 1754/1865 1757/1868
f 1757/1868 1813/1924 1815/1926
f 1819/1930 1815/1926 1813/1924
f 1813/1924 1820/1931 1819/1930
f 1882/1993 1819/1930 1820/1931
f 1820/1931 1879/1990 1882/1993
f 2199/1994 1882/1993 1879/1990
f 1879/1990 1878/1989 2199/1994
f 1045/1145 1048/1148 2199/2367
f 2199/2367 1878/2366 1045/1145
f 1049/1149 1048/1148 1045/1145
f 1045/1145 1046/1146 1049/1149
f 988/1088 1049/1149 1046/1146
f 1046/1146 989/1089 988/1088
f 984/1084 988/1088 989/1089
f 989/1089 982/1082 984/1084
f 921/1021 984/1084 982/1082
f 982/1082 925/1025 921/1021
f 924/1024 922/1022 921/1021
f 921/1021 925/1025 924/1024
f 915/1015 916/1016 922/1022
f 922/1022 924/1024 915/1015
f 862/962 916/1016 915/1015
f 915/1015 861/961 862/962
f 860/960 863/963 862/962
f 862/962 861/961 860/960
f 892/992 893/993 863/963
f 863/963 860/960 892/992
f 820/920 822/922 893/993
f 893/993 892/992 820/920
f 823/923 822/922 820/920
f 820/920 821/921 823/923
f 790/890 794/894 823/923
f 823/923 821/921 790/890
f 790/890 789/889 795/895
f 795/895 794/894 790/890
f 796/896 795/895 789/889
f 789/889 791/891 796/896
f 791/891 792/892 797/897
f 797/897 796/896 791/891
f 792/892 793/893 798/898
f 798/898 797/897 792/892
f 799/899 800/900 798/898
f 798/898 793/893 799/899
f 2186/1744 2185/1746 1635/1743
f 801/901 803/903 2185/2330
f 2185/2330 2186/2331 801/901
f 801/901 800/900 803/903
f 1200/1300 564/664 556/656
f 556/656 1208/1308 1200/1300
f 1201/1301 1200/1300 1208/1308
f 1208/1308 1239/1339 1201/1301
f 1260/1360 1201/1301 1239/1339
f 1239/1339 1238/1338 1260/1360
f 2219/2418 1260/1360 1238/1338
f 1238/1338 2061/2420 2219/2418
f 2026/2146 2219/2207 2061/2184
f 2061/2184 2060/2183 2026/2146
f 2027/2147 2026/2146 2060/2183
f 2060/2183 2077/2209 2027/2147
f 1404/1504 2027/2147 2077/2209
f 2077/2209 1396/1496 1404/1504
f 1405/1505 1404/1504 1396/1496
f 1396/1496 1399/1499 1405/1505
f 1506/1610 1504/1608 1405/1505
f 1405/1505 1399/1499 1506/1610
f 1421/1521 1504/1608 1506/1610
f 1506/1610 1420/1520 1421/1521
f 1418/1518 1422/1522 1421/1521
f 1421/1521 1420/1520 1418/1518
f 1511/1617 1422/1522 1418/1518
f 1418/1518 1460/1564 1511/1617
f 1522/1628 1521/1627 1511/1617
f 1511/1617 1460/1564 1522/1628
f 1522/1628 1546/1654 1545/1653
f 1545/1653 1521/1627 1522/1628
f 1547/1655 1545/1653 1546/1654
f 1546/1654 1548/1656 1547/1655
f 1577/1685 1578/1686 1547/1655
f 1547/1655 1548/1656 1577/1685
f 1576/1684 1579/1687 1578/1686
f 1578/1686 1577/1685 1576/1684
f 1576/1684 1612/1720 1606/1714
f 1606/1714 1579/1687 1576/1684
f 1612/1720 1611/1719 1607/1715
f 1607/1715 1606/1714 1612/1720
f 1611/1719 1666/1777 1664/1775
f 1664/1775 1607/1715 1611/1719
f 1674/1785 1664/1775 1666/1777
f 1666/1777 1675/1786 1674/1785
f 1675/1786 1714/1825 1708/1819
f 1708/1819 1674/1785 1675/1786
f 1714/1825 1713/1824 1709/1820
f 1709/1820 1708/1819 1714/1825
f 1736/1847 1709/1820 1713/1824
f 1713/1824 1739/1850 1736/1847
f 1781/1892 1736/1847 1739/1850
f 1739/1850 1787/1898 1781/1892
f 1786/1897 1782/1893 1781/1892
f 1781/1892 1787/1898 1786/1897
f 1786/1897 1790/1901 1794/1905
f 1794/1905 1782/1893 1786/1897
f 1790/1901 1838/1949 1835/1946
f 1835/1946 1794/1905 1790/1901
f 1888/2000 1835/1946 1838/1949
f 1838/1949 1886/1998 1888/2000
f 1886/1998 1885/1997 1889/2001
f 1889/2001 1888/2000 1886/1998
f 1885/1997 1845/1956 1846/1957
f 1846/1957 1889/2001 1885/1997
f 1845/1956 1844/1955 1847/1958
f 1847/1958 1846/1957 1845/1956
f 1922/2034 1847/1958 1844/1955
f 1844/1955 1920/2032 1922/2034
f 1953/2065 1922/2034 1920/2032
f 1920/2032 1956/2068 1953/2065
f 1954/2066 1953/2065 1956/2068
f 1956/2068 1955/2067 1954/2066
f 1992/2106 1954/2066 1955/2067
f 1955/2067 1985/2099 1992/2106
f 1993/2107 1992/2106 1985/2099
f 1985/2099 2079/2211 1993/2107
f 2015/2133 1993/2107 2079/2211
f 2079/2211 2070/2197 2015/2133
f 2070/2197 2202/2196 2016/2134
f 2016/2134 2015/2133 2070/2197
f 1252/1352 1187/1287 2016/2378
f 2016/2378 2202/2376 1252/1352
f 1251/1351 1188/1288 1187/1287
f 1187/1287 1252/1352 1251/1351
f 1160/1260 1188/1288 1251/1351
f 1251/1351 1264/1364 1160/1260
f 1161/1261 1160/1260 1264/1364
f 1264/1364 1153/1253 1161/1261
f 1124/1224 1161/1261 1153/1253
f 1153/1253 1127/1227 1124/1224
f 1125/1225 1124/1224 1127/1227
f 1127/1227 1130/1230 1125/1225
f 1091/1191 1125/1225 1130/1230
f 1130/1230 1089/1189 1091/1191
f 1013/1113 1091/1191 1089/1189
f 1089/1189 1012/1112 1013/1113
f 1011/1111 1014/1114 1013/1113
f 1013/1113 1012/1112 1011/1111
f 1053/1153 1056/1156 1014/1114
f 1014/1114 1011/1111 1053/1153
f 1055/1155 1057/1157 1056/1156
f 1056/1156 1053/1153 1055/1155
f 1002/1102 1057/1157 1055/1155
f 1055/1155 1004/1104 1002/1102
f 957/1057 962/1062 1002/1102
f 1002/1102 1004/1104 957/1057
f 956/1056 949/1049 962/1062
f 962/1062 957/1057 956/1056
f 956/1056 955/1055 950/1050
f 950/1050 949/1049 956/1056
f 905/1005 950/1050 955/1055
f 955/1055 906/1006 905/1005
f 876/976 905/1005 906/1006
f 906/1006 881/981 876/976
f 880/980 877/977 876/976
f 876/976 881/981 880/980
f 843/943 842/942 877/977
f 877/977 880/980 843/943
f 832/932 842/942 843/943
f 843/943 834/934 832/932
f 777/877 771/871 832/932
f 832/932 834/934 777/877
f 776/876 772/872 771/871
f 771/871 777/877 776/876
f 742/842 743/843 772/872
f 772/872 776/876 742/842
f 742/842 741/841 744/844
f 744/844 743/843 742/842
f 741/841 713/813 712/812
f 712/812 744/844 741/841
f 710/810 712/812 713/813
f 713/813 711/811 710/810
f 685/785 684/784 710/810
f 710/810 711/811 685/785
f 685/785 625/725 679/779
f 679/779 684/784 685/785
f 582/682 679/779 625/725
f 625/725 580/680 582/682
f 580/680 581/681 583/683
f 583/683 582/682 580/680
f 668/768 583/683 581/681
f 581/681 669/769 668/768
f 669/769 557/657 563/663
f 563/663 668/768 669/769
f 564/664 563/663 557/657
f 557/657 556/656 564/664
f 1120/1220 1148/1248 1169/1269
f 1169/1269 1164/1264 1120/1220
f 1146/1246 1148/1248 1120/1220
f 1120/1220 1119/1219 1146/1246
f 1144/1244 1146/1246 1119/1219
f 1119/1219 1092/1192 1144/1244
f 1143/1243 1144/1244 1092/1192
f 1092/1192 1028/1128 1143/1243
f 1028/1128 1027/1127 1141/1241
f 1141/1241 1143/1243 1028/1128
f 1027/1127 1086/1186 1142/1242
f 1142/1242 1141/1241 1027/1127
f 1140/1240 1142/1242 1086/1186
f 1086/1186 1082/1182 1140/1240
f 1003/1103 1001/1101 1140/1240
f 1140/1240 1082/1182 1003/1103
f 963/1063 961/1061 1001/1101
f 1001/1101 1003/1103 963/1063
f 952/1052 947/1047 961/1061
f 961/1061 963/1063 952/1052
f 952/1052 951/1051 948/1048
f 948/1048 947/1047 952/1052
f 903/1003 948/1048 951/1051
f 951/1051 904/1004 903/1003
f 874/974 903/1003 904/1004
f 904/1004 879/979 874/974
f 878/978 875/975 874/974
f 874/974 879/979 878/978
f 841/941 840/940 875/975
f 875/975 878/978 841/941
f 831/931 840/940 841/941
f 841/941 833/933 831/931
f 774/874 757/857 831/931
f 831/931 833/933 774/874
f 773/873 758/858 757/857
f 757/857 774/874 773/873
f 746/846 724/824 758/858
f 758/858 773/873 746/846
f 745/845 725/825 724/824
f 724/824 746/846 745/845
f 692/792 691/791 725/825
f 725/825 745/845 692/792
f 661/761 633/733 691/791
f 691/791 692/792 661/761
f 660/760 634/734 633/733
f 633/733 661/761 660/760
f 660/760 657/757 603/703
f 603/703 634/734 660/760
f 586/686 603/703 657/757
f 657/757 656/756 586/686
f 656/756 655/755 587/687
f 587/687 586/686 656/756
f 665/765 587/687 655/755
f 655/755 667/767 665/765
f 667/767 653/753 567/667
f 567/667 665/765 667/767
f 568/668 567/667 653/753
f 653/753 654/754 568/668
f 1203/1303 1223/1323 568/668
f 568/668 654/754 1203/1303
f 2028/2148 1489/1593 1408/1508
f 1408/1508 2048/2168 2028/2148
f 1409/1509 1408/1508 1489/1593
f 1489/1593 1488/1592 1409/1509
f 1503/1607 1501/1605 1409/1509
f 1409/1509 1488/1592 1503/1607
f 1425/1525 1501/1605 1503/1607
f 1503/1607 1491/1595 1425/1525
f 1490/1594 1426/1526 1425/1525
f 1425/1525 1491/1595 1490/1594
f 1442/1542 1426/1526 1490/1594
f 1490/1594 1492/1596 1442/1542
f 1497/1601 1468/1572 1442/1542
f 1442/1542 1492/1596 1497/1601
f 1497/1601 1496/1600 1469/1573
f 1469/1573 1468/1572 1497/1601
f 1496/1600 1529/1635 1528/1634
f 1528/1634 1469/1573 1496/1600
f 1529/1635 1581/1689 1559/1667
f 1559/1667 1528/1634 1529/1635
f 1581/1689 1580/1688 1560/1668
f 1560/1668 1559/1667 1581/1689
f 1580/1688 1609/1717 1592/1700
f 1592/1700 1560/1668 1580/1688
f 1609/1717 1608/1716 1593/1701
f 1593/1701 1592/1700 1609/1717
f 1608/1716 1665/1776 1663/1774
f 1663/1774 1593/1701 1608/1716
f 1672/1783 1663/1774 1665/1776
f 1665/1776 1673/1784 1672/1783
f 1673/1784 1711/1822 1706/1817
f 1706/1817 1672/1783 1673/1784
f 1711/1822 1710/1821 1707/1818
f 1707/1818 1706/1817 1711/1822
f 1735/1846 1707/1818 1710/1821
f 1710/1821 1737/1848 1735/1846
f 1779/1890 1735/1846 1737/1848
f 1737/1848 1784/1895 1779/1890
f 1783/1894 1780/1891 1779/1890
f 1779/1890 1784/1895 1783/1894
f 1783/1894 1795/1906 1793/1904
f 1793/1904 1780/1891 1783/1894
f 1795/1906 1836/1947 1833/1944
f 1833/1944 1793/1904 1795/1906
f 1836/1947 1915/2027 1966/2080
f 1966/2080 1833/1944 1836/1947
f 1968/2082 1966/2080 1915/2027
f 1915/2027 1917/2029 1968/2082
f 1861/1972 1969/2083 1968/2082
f 1968/2082 1917/2029 1861/1972
f 1860/1971 1972/2086 1969/2083
f 1969/2083 1861/1972 1860/1971
f 1975/2089 1972/2086 1860/1971
f 1860/1971 1924/2036 1975/2089
f 1977/2091 1975/2089 1924/2036
f 1924/2036 1947/2059 1977/2091
f 1979/2093 1977/2091 1947/2059
f 1947/2059 1950/2062 1979/2093
f 1950/2062 1996/2110 1999/2113
f 1999/2113 1979/2093 1950/2062
f 1244/1344 1245/1345 1223/1323
f 1223/1323 1203/1303 1244/1344
f 2066/2413 1245/1345 1244/1344
f 1244/1344 2217/2415 2066/2413
f 2217/2189 2028/2148 2048/2168
f 2048/2168 2066/2191 2217/2189
f 1996/2110 1995/2109 1999/2113
f 2204/2202 2294/2512 1995/2109
f 1256/1356 2295/2513 2294/2514
f 2294/2514 2204/2382 1256/1356
f 1256/1356 1165/1265 2295/2513
f 1164/1264 1169/1269 1165/1265
f 648/748 649/749 686/786
f 686/786 687/787 648/748
f 1485/1589 1523/1629 1465/1569
f 610/710 613/713 650/750
f 650/750 647/747 610/710
f 614/714 613/713 610/710
f 610/710 609/709 614/714
f 1452/2405 614/714 609/709
f 609/709 1449/2407 1452/2405
f 1450/1550 1453/1553 1452/1552
f 1452/1552 1449/1549 1450/1550
f 1520/1626 1483/1587 1484/1588
f 1484/1588 1518/1624 1520/1626
f 1483/1587 1482/1586 1485/1589
f 1485/1589 1484/1588 1483/1587
f 647/747 650/750 649/749
f 649/749 648/748 647/747
f 1154/1254 1153/1253 1264/1364
f 1152/1252 1154/1254 1263/1363
f 1156/1256 1152/1252 1263/1363
f 1155/1255 1156/1256 1157/1257
f 1986/2100 1988/2102 1987/2101
f 1983/2097 1987/2101 2078/2210
f 1983/2097 2078/2210 1984/2098
f 1985/2099 1984/2098 2079/2211
f 1175/1275 1174/1274 1250/1350
f 1250/1350 1249/1349 1175/1275
f 2201/2374 1175/1275 1249/1349
f 1249/1349 2069/2377 2201/2374
f 2004/2120 2201/2119 2069/2195
f 2069/2195 2071/2198 2004/2120
f 1179/1279 1178/1278 1254/1354
f 1254/1354 1253/1353 1179/1279
f 2206/2388 1179/1279 1253/1353
f 1253/1353 2072/2390 2206/2388
f 2007/2124 2206/2123 2072/2199
f 2072/2199 2073/2200 2007/2124
f 1988/2102 2005/2121 2007/2124
f 2007/2124 1987/2101 1988/2102
f 2078/2210 2002/2117 2004/2120
f 2004/2120 1984/2098 2078/2210
f 1174/1274 1154/1254 1264/1364
f 1264/1364 1250/1350 1174/1274
f 1178/1278 1156/1256 1263/1363
f 1263/1363 1254/1354 1178/1278
f 1162/1262 1168/1268 1265/1365
f 1123/1223 1121/1221 1168/1268
f 1168/1268 1162/1262 1123/1223
f 1122/1222 1121/1221 1123/1223
f 1123/1223 1126/1226 1122/1222
f 1093/1193 1122/1222 1126/1226
f 1126/1226 1090/1190 1093/1193
f 1025/1125 1093/1193 1090/1190
f 1090/1190 1016/1116 1025/1125
f 1015/1115 1026/1126 1025/1125
f 1025/1125 1016/1116 1015/1115
f 1059/1159 1085/1185 1026/1126
f 1026/1126 1015/1115 1059/1159
f 1085/1185 1083/1183 1082/1182
f 1082/1182 1086/1186 1085/1185
f 1003/1103 1083/1183 1058/1158
f 1836/1947 1891/2003 1914/2026
f 1891/2003 1890/2002 1916/2028
f 1916/2028 1914/2026 1891/2003
f 1890/2002 1849/1960 1858/1969
f 1858/1969 1916/2028 1890/2002
f 1849/1960 1848/1959 1859/1970
f 1859/1970 1858/1969 1849/1960
f 1923/2035 1859/1970 1848/1959
f 1848/1959 1921/2033 1923/2035
f 1948/2060 1923/2035 1921/2033
f 1921/2033 1952/2064 1948/2060
f 1949/2061 1948/2060 1952/2064
f 1952/2064 1951/2063 1949/2061
f 1951/2063 1991/2105 1998/2112
f 1998/2112 1949/2061 1951/2063
f 1991/2105 2080/2212 1998/2112
f 1262/1362 1205/1305 559/659
f 556/656 1205/1305 1208/1308
f 2032/2152 1396/1496 2077/2209
f 2031/2151 1397/1497 2032/2152
f 1235/1335 1259/1359 1206/1306
f 1206/1306 1236/1336 1235/1335
f 2220/2421 1259/1359 1235/1335
f 1235/1335 2057/2423 2220/2421
f 2057/2180 2030/2150 2033/2153
f 2033/2153 2220/2206 2057/2180
f 2033/2153 2032/2152 2077/2209
f 2077/2209 2059/2182 2033/2153
f 1236/1336 1206/1306 1205/1305
f 1205/1305 1262/1362 1236/1336
f 1295/1395 1297/1397 986/1086
f 986/1086 985/1085 1295/1395
f 1293/1393 1295/1395 985/1085
f 985/1085 919/1019 1293/1393
f 1289/1389 1293/1393 919/1019
f 919/1019 918/1018 1289/1389
f 1290/1390 1289/1389 918/1018
f 918/1018 896/996 1290/1390
f 1268/1368 1290/1390 896/996
f 896/996 846/946 1268/1368
f 846/946 845/945 1269/1369
f 1269/1369 1268/1368 846/946
f 895/995 1272/1372 1269/1369
f 1269/1369 845/945 895/995
f 895/995 805/905 1273/1373
f 1273/1373 1272/1372 895/995
f 804/904 1276/1376 1273/1373
f 1273/1373 805/905 804/904
f 782/882 1278/1378 1276/1376
f 1276/1376 804/904 782/882
f 781/881 1280/1380 1278/1378
f 1278/1378 782/882 781/881
f 784/884 1282/1382 1280/1380
f 1280/1380 781/881 784/884
f 786/886 1284/1384 1282/1382
f 1282/1382 784/884 786/886
f 786/886 2296/2515 1286/1386
f 1286/1386 1284/1384 786/886
f 2099/2333 1286/1386 2296/2515
f 2296/2515 2297/2516 2099/2333
f 2297/2517 1620/1728 2097/2229
f 2097/2229 2099/2231 2297/2517
f 1620/1728 1618/1726 2095/2227
f 2095/2227 2097/2229 1620/1728
f 1618/1726 1616/1724 2093/2225
f 2093/2225 2095/2227 1618/1726
f 1616/1724 1615/1723 2091/2223
f 2091/2223 2093/2225 1616/1724
f 1615/1723 1636/1747 2089/2221
f 2089/2221 2091/2223 1615/1723
f 1636/1747 1639/1750 2085/2217
f 2085/2217 2089/2221 1636/1747
f 1727/1838 2086/2218 2085/2217
f 2085/2217 1639/1750 1727/1838
f 1727/1838 1679/1790 2081/2213
f 2081/2213 2086/2218 1727/1838
f 1678/1789 2082/2214 2081/2213
f 2081/2213 1679/1790 1678/1789
f 2103/2235 2082/2214 1678/1789
f 1678/1789 1729/1840 2103/2235
f 2104/2236 2103/2235 1729/1840
f 1729/1840 1752/1863 2104/2236
f 2106/2238 2104/2236 1752/1863
f 1752/1863 1751/1862 2106/2238
f 2108/2240 2106/2238 1751/1862
f 1751/1862 1816/1927 2108/2240
f 2110/2242 2108/2240 1816/1927
f 1816/1927 1817/1928 2110/2242
f 1883/1995 2200/2243 2110/2242
f 2110/2242 1817/1928 1883/1995
f 1051/1151 1298/1398 2200/2370
f 2200/2370 1883/2369 1051/1151
f 1051/1151 986/1086 1297/1397
f 1297/1397 1298/1398 1051/1151
f 2115/2248 2298/2518 2113/2246
f 2113/2246 2114/2247 2115/2248
f 2298/2518 2299/2519 2111/2244
f 2111/2244 2113/2246 2298/2518
f 2299/2519 2300/2520 2112/2245
f 2112/2245 2111/2244 2299/2519
f 2123/2258 2112/2245 2300/2520
f 2300/2520 2301/2521 2123/2258
f 2124/2259 2123/2258 2301/2521
f 2301/2521 2126/2261 2124/2259
f 2116/2249 2114/2247 2087/2219
f 2087/2219 2084/2216 2116/2249
f 2118/2251 2116/2249 2084/2216
f 2084/2216 2083/2215 2118/2251
f 2120/2253 2118/2251 2083/2215
f 2083/2215 2102/2234 2120/2253
f 2121/2254 2120/2253 2102/2234
f 2102/2234 2101/2233 2121/2254
f 2122/2256 2121/2254 2101/2233
f 2101/2233 2105/2237 2122/2256
f 2187/2257 2122/2256 2105/2237
f 2105/2237 2107/2239 2187/2257
f 1294/1394 1315/1415 2187/2335
f 2187/2335 2107/2372 1294/1394
f 1314/1414 1315/1415 1294/1394
f 1294/1394 1292/1392 1314/1414
f 1312/1412 1314/1414 1292/1392
f 1292/1392 1288/1388 1312/1412
f 1311/1411 1312/1412 1288/1388
f 1288/1388 1291/1391 1311/1411
f 1309/1409 1311/1411 1291/1391
f 1291/1391 1271/1371 1309/1409
f 1307/1407 1309/1409 1271/1371
f 1271/1371 1270/1370 1307/1407
f 1306/1406 1307/1407 1270/1370
f 1270/1370 1275/1375 1306/1406
f 1304/1404 1306/1406 1275/1375
f 1275/1375 1274/1374 1304/1404
f 1300/1400 1304/1404 1274/1374
f 1274/1374 1277/1377 1300/1400
f 1301/1401 1300/1400 1277/1377
f 1277/1377 1279/1379 1301/1401
f 1281/1381 1316/1416 1301/1401
f 1301/1401 1279/1379 1281/1381
f 1283/1383 1318/1418 1316/1416
f 1316/1416 1281/1381 1283/1383
f 1285/1385 1320/1420 1318/1418
f 1318/1418 1283/1383 1285/1385
f 1287/1387 1321/1421 1320/1420
f 1320/1420 1285/1385 1287/1387
f 2195/2355 1321/1421 1287/1387
f 1287/1387 2100/2334 2195/2355
f 2100/2232 2098/2230 2125/2260
f 2125/2260 2195/2262 2100/2232
f 2098/2230 2096/2228 2124/2259
f 2124/2259 2125/2260 2098/2230
f 1327/1427 1324/1424 1305/1405
f 1305/1405 1303/1403 1327/1427
f 1333/1433 1327/1427 1303/1403
f 1303/1403 1299/1399 1333/1433
f 1302/1402 1335/1435 1333/1433
f 1333/1433 1299/1399 1302/1402
f 1317/1417 1337/1437 1335/1435
f 1335/1435 1302/1402 1317/1417
f 1339/1439 1337/1437 1317/1417
f 1317/1417 1319/1419 1339/1439
f 1322/1422 1341/1441 1339/1439
f 1339/1439 1319/1419 1322/1422
f 2145/2354 1341/1441 1322/1422
f 1322/1422 2127/2356 2145/2354
f 2127/2263 2126/2261 2144/2281
f 2144/2281 2145/2282 2127/2263
f 2141/2278 2144/2281 2126/2261
f 2126/2261 2301/2521 2141/2278
f 2301/2521 2300/2520 2139/2276
f 2139/2276 2141/2278 2301/2521
f 2300/2520 2299/2519 2138/2275
f 2138/2275 2139/2276 2300/2520
f 2133/2269 2138/2275 2299/2519
f 2299/2519 2298/2518 2133/2269
f 2128/2264 2133/2269 2298/2518
f 2298/2518 2115/2248 2128/2264
f 2115/2248 2117/2250 2129/2265
f 2129/2265 2128/2264 2115/2248
f 2117/2250 2119/2252 2134/2270
f 2134/2270 2129/2265 2117/2250
f 2119/2252 2188/2255 2189/2272
f 2189/2272 2134/2270 2119/2252
f 1313/1413 1331/1431 2189/2337
f 2189/2337 2188/2336 1313/1413
f 1310/1410 1329/1429 1331/1431
f 1331/1431 1313/1413 1310/1410
f 1308/1408 1323/1423 1329/1429
f 1329/1429 1310/1410 1308/1408
f 1305/1405 1324/1424 1323/1423
f 1323/1423 1308/1408 1305/1405
f 1265/1365 1168/1268 1163/1263
f 1162/1262 1265/1365 1159/1259
f 1991/2105 1990/2104 2080/2212
f 1998/2112 2080/2212 1994/2108
f 1193/1293 1192/1292 1166/1266
f 1166/1266 1255/1355 1193/1293
f 2203/2522 1193/1293 1255/1355
f 1255/1355 2205/2383 2203/2522
f 2021/2140 2203/2139 2205/2201
f 2205/2201 2074/2203 2021/2140
f 2080/2212 2021/2140 2074/2203
f 2074/2203 1994/2108 2080/2212
f 1159/1259 1265/1365 1192/1292
f 1192/1292 1191/1291 1159/1259
f 1182/1282 1157/1257 1266/1366
f 1158/1258 1157/1257 1182/1282
f 1989/2103 2013/2131 2008/2125
f 1988/2102 2008/2125 2010/2128
f 2208/2396 1183/1283 1267/1367
f 1267/1367 2009/2397 2208/2396
f 2013/2131 2012/2130 2208/2126
f 2208/2126 2008/2125 2013/2131
f 1183/1283 1182/1282 1266/1366
f 1266/1366 1267/1367 1183/1283
f 1212/1312 1211/1311 561/661
f 559/659 1211/1311 1262/1362
f 2036/2156 1397/1497 2031/2151
f 2035/2155 1400/1500 2036/2156
f 1232/1332 1257/1357 1210/1310
f 1210/1310 1209/1309 1232/1332
f 2075/2424 1257/1357 1232/1332
f 1232/1332 2053/2426 2075/2424
f 2053/2176 2034/2154 2037/2157
f 2037/2157 2075/2204 2053/2176
f 2037/2157 2036/2156 2031/2151
f 2031/2151 2056/2179 2037/2157
f 1211/1311 1210/1310 1233/1333
f 1233/1333 1262/1362 1211/1311
f 1509/1613 1415/1515 1417/1517
f 1417/1517 1507/1611 1509/1613
f 1394/1494 1509/1613 1507/1611
f 1507/1611 1401/1501 1394/1494
f 1400/1500 1395/1495 1394/1494
f 1394/1494 1401/1501 1400/1500
f 1400/1500 2035/2155 2038/2158
f 2038/2158 1395/1495 1400/1500
f 2035/2155 2055/2178 2039/2159
f 2039/2159 2038/2158 2035/2155
f 2054/2177 2221/2205 2039/2159
f 2039/2159 2055/2178 2054/2177
f 1231/1331 1258/1358 2221/2427
f 2221/2427 2054/2425 1231/1331
f 1231/1331 1230/1330 1213/1313
f 1213/1313 1258/1358 1231/1331
f 1212/1312 1214/1314 1213/1313
f 1213/1313 1230/1330 1212/1312
f 561/661 554/654 1214/1314
f 1214/1314 1212/1312 561/661
f 561/661 560/660 555/655
f 555/655 554/654 561/661
f 672/772 555/655 560/660
f 560/660 671/771 672/772
f 576/676 672/772 671/771
f 671/771 578/678 576/676
f 577/677 576/676 578/678
f 1434/1534 1416/1516 1415/1515
f 675/775 1378/1478 547/647
f 547/647 546/646 675/775
f 1378/1478 1379/1479 1225/1325
f 1225/1325 547/647 1378/1478
f 1379/1479 1380/1480 2302/2523
f 2302/2523 1225/1325 1379/1479
f 2303/2524 2304/2525 2302/2523
f 2302/2523 1380/1480 2303/2524
f 2308/2526 2304/2525 2303/2524
f 2303/2524 2305/2527 2308/2526
f 2305/2528 2306/2529 2307/2530
f 2307/2530 2308/2531 2305/2528
f 2179/2321 2050/2170 2307/2530
f 2307/2530 2306/2529 2179/2321
f 2178/2320 1386/1486 2050/2170
f 2050/2170 2179/2321 2178/2320
f 2177/2319 1387/1487 1386/1486
f 1386/1486 2178/2320 2177/2319
f 674/774 546/646 549/649
f 1510/1614 1387/1487 2177/2319
f 1218/1318 1217/1317 1384/1484
f 1261/1361 1218/1318 1384/1484
f 1384/1484 1385/1485 1261/1361
f 2076/2430 1261/1361 1385/1485
f 1385/1485 2182/2432 2076/2430
f 2043/2163 2076/2208 2182/2327
f 2182/2327 2181/2326 2043/2163
f 2044/2164 2043/2163 2181/2326
f 1225/1325 2302/2523 1221/1321
f 1221/1321 1220/1320 1225/1325
f 2302/2523 2304/2525 1381/1481
f 1381/1481 1221/1321 2302/2523
f 2224/2433 1381/1481 2304/2525
f 2304/2525 2308/2526 2224/2433
f 2308/2531 2307/2530 2045/2165
f 2045/2165 2224/2323 2308/2531
f 2307/2530 2050/2170 2046/2166
f 2046/2166 2045/2165 2307/2530
f 1439/1539 1446/1546 1519/1625
f 1519/1625 1447/1547 1439/1539
f 1450/1550 1447/1547 1519/1625
f 1519/1625 1520/1626 1450/1550
f 1518/1624 1453/1553 1450/1550
f 1450/1550 1520/1626 1518/1624
f 1454/1554 1453/1553 1518/1624
f 1518/1624 1516/1622 1454/1554
f 2213/1555 1454/1554 1516/1622
f 1516/1622 1517/1623 2213/1555
f 2180/2322 2179/2321 2306/2529
f 2230/2325 2180/2322 2306/2529
f 2306/2529 2305/2528 2230/2325
f 2303/2524 1383/1483 2230/2439
f 2230/2439 2305/2527 2303/2524
f 1226/1326 1383/1483 2303/2524
f 2303/2524 1380/1480 1226/1326
f 2309/2171 2290/2441 1800/1911
f 969/1069 968/1068 2290/2502
f 2290/2502 2309/2532 969/1069
f 971/1071 973/1073 1108/1208
f 1108/1208 972/1072 971/1071
f 2226/2533 972/1072 1108/1208
f 1108/1208 2227/2505 2226/2533
f 1801/1912 2226/2435 2227/2436
f 2227/2436 1803/1914 1801/1912
f 573/673 726/826 2310/2534
f 970/1070 2310/2534 726/826
f 2225/2503 972/1072 2226/2533
f 1800/1911 2225/2434 1801/1912
f 1410/1510 2309/2171 1411/1511
f 2231/2440 969/1069 2309/2532
f 968/1068 2310/2534 970/1070
f 573/673 2310/2534 968/1068
f 2290/2502 970/1070 2225/2503
f 2207/2509 1185/1285 2011/2395
f 788/888 2296/2515 786/886
f 2297/2516 2296/2515 788/888
f 788/888 1622/2332 2297/2516
f 1622/1730 1620/1728 2297/2517
f 2295/2513 1165/1265 1169/1269
f 1169/1269 1247/1347 2295/2513
f 2294/2514 2295/2513 1247/1347
f 1247/1347 2067/2384 2294/2514
f 1995/2109 2294/2512 2067/2193
f 2067/2193 1999/2113 1995/2109
f 1248/1348 1169/1269 1170/1270
f 2068/2385 1248/1348 1170/1270
f 1170/1270 2237/2447 2068/2385
f 1999/2113 2068/2194 2237/2114
f 2311/2535 2312/2536 2313/2537
f 2313/2537 2314/2538 2311/2535
f 2315/2539 2311/2535 2314/2538
f 2314/2538 2316/2540 2315/2539
f 2317/2541 2315/2539 2316/2540
f 2316/2540 2318/2542 2317/2541
f 2319/2543 2317/2541 2318/2542
f 2318/2542 2320/2544 2319/2543
f 2321/2545 2319/2543 2320/2544
f 2320/2544 2322/2546 2321/2545
f 2323/2547 2321/2545 2322/2546
f 2322/2546 2324/2548 2323/2547
f 2325/2549 2323/2547 2324/2548
f 2324/2548 2326/2550 2325/2549
f 2329/2551 2325/2549 2326/2550
f 2326/2550 2327/2552 2329/2551
f 2328/2553 2329/2554 2327/2555
f 2327/2555 2330/2556 2328/2553
f 2331/2557 2328/2553 2330/2556
f 2330/2556 2332/2558 2331/2557
f 2333/2559 2331/2557 2332/2558
f 2332/2558 2334/2560 2333/2559
f 2335/2561 2333/2559 2334/2560
f 2334/2560 2336/2562 2335/2561
f 2337/2563 2335/2561 2336/2562
f 2336/2562 2338/2564 2337/2563
f 2312/2536 2337/2563 2338/2564
f 2338/2564 2313/2537 2312/2536
f 2339/2565 2340/2566 2341/2567
f 2341/2567 2342/2568 2339/2565
f 2343/2569 2339/2565 2342/2568
f 2342/2568 2344/2570 2343/2569
f 2345/2571 2343/2569 2344/2570
f 2344/2570 2346/2572 2345/2571
f 2347/2573 2345/2571 2346/2572
f 2346/2572 2348/2574 2347/2573
f 2349/2575 2347/2573 2348/2574
f 2348/2574 2350/2576 2349/2575
f 2351/2577 2349/2575 2350/2576
f 2350/2576 2352/2578 2351/2577
f 2353/2579 2351/2577 2352/2578
f 2352/2578 2354/2580 2353/2579
f 2357/2581 2353/2579 2354/2580
f 2354/2580 2355/2582 2357/2581
f 2356/2583 2357/2584 2355/2585
f 2355/2585 2358/2586 2356/2583
f 2359/2587 2356/2583 2358/2586
f 2358/2586 2360/2588 2359/2587
f 2361/2589 2359/2587 2360/2588
f 2360/2588 2362/2590 2361/2589
f 2363/2591 2361/2589 2362/2590
f 2362/2590 2364/2592 2363/2591
f 2365/2593 2363/2591 2364/2592
f 2364/2592 2366/2594 2365/2593
f 2340/2566 2365/2593 2366/2594
f 2366/2594 2341/2567 2340/2566
f 2367/2595 2368/2596 2369/2597
f 2369/2597 2370/2598 2367/2595
f 2368/2596 2371/2599 2372/2600
f 2372/2600 2369/2597 2368/2596
f 2371/2599 2373/2601 2374/2602
f 2374/2602 2372/2600 2371/2599
f 2373/2601 2375/2603 2376/2604
f 2376/2604 2374/2602 2373/2601
f 2375/2603 2377/2605 2378/2606
f 2378/2606 2376/2604 2375/2603
f 2377/2605 2379/2607 2382/2608
f 2382/2608 2378/2606 2377/2605
f 2379/2609 2380/2610 2381/2611
f 2381/2611 2382/2612 2379/2609
f 2380/2610 2383/2613 2384/2614
f 2384/2614 2381/2611 2380/2610
f 2383/2613 2385/2615 2386/2616
f 2386/2616 2384/2614 2383/2613
f 2385/2615 2387/2617 2388/2618
f 2388/2618 2386/2616 2385/2615
f 2387/2617 2389/2619 2390/2620
f 2390/2620 2388/2618 2387/2617
f 2389/2619 2391/2621 2392/2622
f 2392/2622 2390/2620 2389/2619
f 2391/2621 2393/2623 2394/2624
f 2394/2624 2392/2622 2391/2621
f 2393/2623 2367/2595 2370/2598
f 2370/2598 2394/2624 2393/2623
f 2395/2625 2396/2626 2397/2627
f 2397/2627 2398/2628 2395/2625
f 2399/2629 2395/2625 2398/2628
f 2398/2628 2400/2630 2399/2629
f 2401/2631 2399/2629 2400/2630
f 2400/2630 2402/2632 2401/2631
f 2403/2633 2401/2631 2402/2632
f 2402/2632 2404/2634 2403/2633
f 2405/2635 2403/2633 2404/2634
f 2404/2634 2406/2636 2405/2635
f 2407/2637 2405/2635 2406/2636
f 2406/2636 2408/2638 2407/2637
f 2409/2639 2407/2637 2408/2638
f 2408/2638 2410/2640 2409/2639
f 2411/2641 2409/2639 2410/2640
f 2410/2640 2412/2642 2411/2641
f 2413/2643 2411/2644 2412/2645
f 2412/2645 2414/2646 2413/2643
f 2415/2647 2413/2643 2414/2646
f 2414/2646 2416/2648 2415/2647
f 2417/2649 2415/2647 2416/2648
f 2416/2648 2418/2650 2417/2649
f 2419/2651 2417/2649 2418/2650
f 2418/2650 2420/2652 2419/2651
f 2421/2653 2419/2651 2420/2652
f 2420/2652 2422/2654 2421/2653
f 2396/2626 2421/2653 2422/2654
f 2422/2654 2397/2627 2396/2626
f 2423/2655 2424/2656 2425/2657
f 2425/2657 2426/2658 2423/2655
f 2427/2659 2423/2655 2426/2658
f 2426/2658 2428/2660 2427/2659
f 2429/2661 2427/2659 2428/2660
f 2428/2660 2430/2662 2429/2661
f 2431/2663 2429/2661 2430/2662
f 2430/2662 2432/2664 2431/2663
f 2433/2665 2431/2663 2432/2664
f 2432/2664 2434/2666 2433/2665
f 2435/2667 2433/2665 2434/2666
f 2434/2666 2436/2668 2435/2667
f 2437/2669 2435/2667 2436/2668
f 2436/2668 2438/2670 2437/2669
f 2439/2671 2437/2669 2438/2670
f 2438/2670 2441/2672 2439/2671
f 2440/2673 2439/2674 2441/2675
f 2441/2675 2442/2676 2440/2673
f 2443/2677 2440/2673 2442/2676
f 2442/2676 2444/2678 2443/2677
f 2445/2679 2443/2677 2444/2678
f 2444/2678 2446/2680 2445/2679
f 2447/2681 2445/2679 2446/2680
f 2446/2680 2448/2682 2447/2681
f 2449/2683 2447/2681 2448/2682
f 2448/2682 2450/2684 2449/2683
f 2424/2656 2449/2683 2450/2684
f 2450/2684 2425/2657 2424/2656
f 2451/2685 2452/2686 2453/2687
f 2453/2687 2454/2688 2451/2685
f 2455/2689 2451/2685 2454/2688
f 2454/2688 2456/2690 2455/2689
f 2457/2691 2455/2689 2456/2690
f 2456/2690 2458/2692 2457/2691
f 2459/2693 2457/2691 2458/2692
f 2458/2692 2460/2694 2459/2693
f 2461/2695 2459/2693 2460/2694
f 2460/2694 2462/2696 2461/2695
f 2463/2697 2461/2695 2462/2696
f 2462/2696 2464/2698 2463/2697
f 2465/2699 2463/2697 2464/2698
f 2464/2698 2466/2700 2465/2699
f 2469/2701 2465/2699 2466/2700
f 2466/2700 2467/2702 2469/2701
f 2468/2703 2469/2704 2467/2705
f 2467/2705 2470/2706 2468/2703
f 2471/2707 2468/2703 2470/2706
f 2470/2706 2472/2708 2471/2707
f 2473/2709 2471/2707 2472/2708
f 2472/2708 2474/2710 2473/2709
f 2475/2711 2473/2709 2474/2710
f 2474/2710 2476/2712 2475/2711
f 2477/2713 2475/2711 2476/2712
f 2476/2712 2478/2714 2477/2713
f 2452/2686 2477/2713 2478/2714
f 2478/2714 2453/2687 2452/2686
f 2479/2715 2480/2716 2481/2717
f 2481/2717 2482/2718 2479/2715
f 2480/2716 2483/2719 2484/2720
f 2484/2720 2481/2717 2480/2716
f 2483/2719 2485/2721 2486/2722
f 2486/2722 2484/2720 2483/2719
f 2485/2721 2487/2723 2488/2724
f 2488/2724 2486/2722 2485/2721
f 2487/2723 2489/2725 2490/2726
f 2490/2726 2488/2724 2487/2723
f 2489/2725 2491/2727 2492/2728
f 2492/2728 2490/2726 2489/2725
f 2491/2727 2493/2729 2494/2730
f 2494/2730 2492/2728 2491/2727
f 2493/2729 2496/2731 2495/2732
f 2495/2732 2494/2730 2493/2729
f 2496/2733 2497/2734 2498/2735
f 2498/2735 2495/2736 2496/2733
f 2497/2734 2499/2737 2500/2738
f 2500/2738 2498/2735 2497/2734
f 2499/2737 2501/2739 2502/2740
f 2502/2740 2500/2738 2499/2737
f 2501/2739 2503/2741 2504/2742
f 2504/2742 2502/2740 2501/2739
f 2503/2741 2505/2743 2506/2744
f 2506/2744 2504/2742 2503/2741
f 2505/2743 2479/2715 2482/2718
f 2482/2718 2506/2744 2505/2743
f 2507/2745 2508/2746 2509/2747
f 2509/2747 2510/2748 2507/2745
f 2508/2746 2511/2749 2512/2750
f 2512/2750 2509/2747 2508/2746
f 2511/2749 2513/2751 2514/2752
f 2514/2752 2512/2750 2511/2749
f 2513/2751 2515/2753 2516/2754
f 2516/2754 2514/2752 2513/2751
f 2515/2753 2517/2755 2518/2756
f 2518/2756 2516/2754 2515/2753
f 2517/2755 2519/2757 2520/2758
f 2520/2758 2518/2756 2517/2755
f 2519/2757 2521/2759 2522/2760
f 2522/2760 2520/2758 2519/2757
f 2521/2759 2523/2761 2524/2762
f 2524/2762 2522/2760 2521/2759
f 2523/2763 2525/2764 2526/2765
f 2526/2765 2524/2766 2523/2763
f 2525/2764 2527/2767 2528/2768
f 2528/2768 2526/2765 2525/2764
f 2527/2767 2529/2769 2530/2770
f 2530/2770 2528/2768 2527/2767
f 2529/2769 2531/2771 2532/2772
f 2532/2772 2530/2770 2529/2769
f 2531/2771 2533/2773 2534/2774
f 2534/2774 2532/2772 2531/2771
f 2533/2773 2507/2745 2510/2748
f 2510/2748 2534/2774 2533/2773
f 2535/2775 2536/2776 2537/2777
f 2537/2777 2538/2778 2535/2775
f 2539/2779 2535/2775 2538/2778
f 2538/2778 2540/2780 2539/2779
f 2541/2781 2539/2779 2540/2780
f 2540/2780 2542/2782 2541/2781
f 2543/2783 2541/2781 2542/2782
f 2542/2782 2544/2784 2543/2783
f 2545/2785 2543/2783 2544/2784
f 2544/2784 2546/2786 2545/2785
f 2547/2787 2545/2785 2546/2786
f 2546/2786 2548/2788 2547/2787
f 2549/2789 2547/2787 2548/2788
f 2548/2788 2550/2790 2549/2789
f 2551/2791 2549/2789 2550/2790
f 2550/2790 2552/2792 2551/2791
f 2553/2793 2551/2794 2552/2795
f 2552/2795 2554/2796 2553/2793
f 2555/2797 2553/2793 2554/2796
f 2554/2796 2556/2798 2555/2797
f 2557/2799 2555/2797 2556/2798
f 2556/2798 2558/2800 2557/2799
f 2559/2801 2557/2799 2558/2800
f 2558/2800 2560/2802 2559/2801
f 2561/2803 2559/2801 2560/2802
f 2560/2802 2562/2804 2561/2803
f 2536/2776 2561/2803 2562/2804
f 2562/2804 2537/2777 2536/2776
f 2563/2805 2564/2806 2506/2744
f 2506/2744 2482/2718 2563/2805
f 2564/2806 2565/2807 2504/2742
f 2504/2742 2506/2744 2564/2806
f 2565/2807 2566/2808 2502/2740
f 2502/2740 2504/2742 2565/2807
f 2566/2808 2567/2809 2500/2738
f 2500/2738 2502/2740 2566/2808
f 2567/2809 2568/2810 2498/2735
f 2498/2735 2500/2738 2567/2809
f 2568/2810 2569/2811 2495/2736
f 2495/2736 2498/2735 2568/2810
f 2569/2812 2570/2813 2494/2730
f 2494/2730 2495/2732 2569/2812
f 2570/2813 2571/2814 2492/2728
f 2492/2728 2494/2730 2570/2813
f 2571/2814 2572/2815 2490/2726
f 2490/2726 2492/2728 2571/2814
f 2572/2815 2573/2816 2488/2724
f 2488/2724 2490/2726 2572/2815
f 2573/2816 2574/2817 2486/2722
f 2486/2722 2488/2724 2573/2816
f 2574/2817 2575/2818 2484/2720
f 2484/2720 2486/2722 2574/2817
f 2575/2818 2576/2819 2481/2717
f 2481/2717 2484/2720 2575/2818
f 2576/2819 2563/2805 2482/2718
f 2482/2718 2481/2717 2576/2819
f 2577/2820 2608/2821 2578/2822
f 2578/2822 2579/2823 2577/2820
f 2580/2824 2608/2821 2577/2820
f 2577/2820 2581/2825 2580/2824
f 2582/2826 2580/2824 2581/2825
f 2581/2825 2583/2827 2582/2826
f 2584/2828 2582/2826 2583/2827
f 2583/2827 2585/2829 2584/2828
f 2586/2830 2584/2828 2585/2829
f 2585/2829 2587/2831 2586/2830
f 2588/2832 2586/2830 2587/2831
f 2587/2831 2589/2833 2588/2832
f 2590/2834 2588/2832 2589/2833
f 2589/2833 2591/2835 2590/2834
f 2604/2836 2590/2834 2591/2835
f 2591/2835 2593/2837 2604/2836
f 2592/2838 2604/2839 2593/2840
f 2593/2840 2594/2841 2592/2838
f 2595/2842 2592/2838 2594/2841
f 2594/2841 2596/2843 2595/2842
f 2597/2844 2595/2842 2596/2843
f 2596/2843 2598/2845 2597/2844
f 2611/2846 2597/2844 2598/2845
f 2598/2845 2599/2847 2611/2846
f 2600/2848 2611/2846 2599/2847
f 2599/2847 2601/2849 2600/2848
f 2578/2822 2600/2848 2601/2849
f 2601/2849 2579/2823 2578/2822
f 2602/2850 2592/2851 2595/2852
f 2602/2850 2603/2853 2604/2854
f 2604/2854 2592/2851 2602/2850
f 2603/2853 2605/2855 2590/2856
f 2590/2856 2604/2854 2603/2853
f 2590/2856 2605/2855 2586/2830
f 2586/2830 2588/2832 2590/2856
f 2605/2855 2606/2857 2584/2828
f 2584/2828 2586/2830 2605/2855
f 2606/2857 2607/2858 2582/2826
f 2582/2826 2584/2828 2606/2857
f 2608/2859 2580/2824 2582/2826
f 2582/2826 2607/2858 2608/2859
f 2578/2860 2608/2859 2607/2858
f 2607/2858 2609/2861 2578/2860
f 2609/2861 2610/2862 2600/2863
f 2600/2863 2578/2860 2609/2861
f 2610/2862 2611/2864 2600/2863
f 2610/2862 2612/2865 2597/2866
f 2597/2866 2611/2864 2610/2862
f 2612/2865 2602/2850 2595/2852
f 2595/2852 2597/2866 2612/2865
f 2609/2861 2613/2867 2612/2865
f 2612/2865 2610/2862 2609/2861
f 2613/2867 2603/2853 2602/2850
f 2602/2850 2612/2865 2613/2867
f 2603/2853 2613/2867 2606/2857
f 2606/2857 2605/2855 2603/2853
f 2607/2858 2606/2857 2613/2867
f 2613/2867 2609/2861 2607/2858
f 2614/2868 2615/2869 2616/2870
f 2616/2870 2617/2871 2614/2868
f 2618/2872 2614/2868 2617/2871
f 2617/2871 2619/2873 2618/2872
f 2620/2874 2674/2875 2621/2876
f 2621/2876 2622/2877 2620/2874
f 2623/2878 2620/2874 2622/2877
f 2622/2877 2624/2879 2623/2878
f 2625/2880 2623/2878 2624/2879
f 2624/2879 2626/2881 2625/2880
f 2627/2882 2625/2880 2626/2881
f 2626/2881 2628/2883 2627/2882
f 2629/2884 2627/2882 2628/2883
f 2628/2883 2630/2885 2629/2884
f 2615/2869 2629/2884 2630/2885
f 2630/2885 2616/2870 2615/2869
f 2631/2886 2632/2887 2622/2877
f 2622/2877 2621/2876 2631/2886
f 2632/2887 2637/2888 2624/2879
f 2624/2879 2622/2877 2632/2887
f 2637/2888 2638/2889 2626/2881
f 2626/2881 2624/2879 2637/2888
f 2638/2889 2633/2890 2628/2883
f 2628/2883 2626/2881 2638/2889
f 2633/2890 2639/2891 2630/2885
f 2630/2885 2628/2883 2633/2890
f 2639/2891 2634/2892 2616/2870
f 2616/2870 2630/2885 2639/2891
f 2634/2892 2635/2893 2617/2871
f 2617/2871 2616/2870 2634/2892
f 2635/2893 2640/2894 2619/2873
f 2619/2873 2617/2871 2635/2893
f 2632/2895 2631/2896 2636/2897
f 2637/2898 2632/2895 2636/2897
f 2638/2899 2637/2898 2636/2897
f 2633/2900 2638/2899 2636/2897
f 2639/2901 2633/2900 2636/2897
f 2634/2902 2639/2901 2636/2897
f 2635/2903 2634/2902 2636/2897
f 2640/2904 2635/2903 2636/2897
f 2453/2687 2478/2714 2564/2806
f 2564/2806 2563/2805 2453/2687
f 2478/2714 2476/2712 2565/2807
f 2565/2807 2564/2806 2478/2714
f 2476/2712 2474/2710 2566/2808
f 2566/2808 2565/2807 2476/2712
f 2474/2710 2472/2708 2567/2809
f 2567/2809 2566/2808 2474/2710
f 2472/2708 2470/2706 2568/2810
f 2568/2810 2567/2809 2472/2708
f 2470/2706 2467/2705 2569/2811
f 2569/2811 2568/2810 2470/2706
f 2467/2702 2466/2700 2570/2813
f 2570/2813 2569/2812 2467/2702
f 2466/2700 2464/2698 2571/2814
f 2571/2814 2570/2813 2466/2700
f 2464/2698 2462/2696 2572/2815
f 2572/2815 2571/2814 2464/2698
f 2462/2696 2460/2694 2573/2816
f 2573/2816 2572/2815 2462/2696
f 2460/2694 2458/2692 2574/2817
f 2574/2817 2573/2816 2460/2694
f 2458/2692 2456/2690 2575/2818
f 2575/2818 2574/2817 2458/2692
f 2456/2690 2454/2688 2576/2819
f 2576/2819 2575/2818 2456/2690
f 2454/2688 2453/2687 2563/2805
f 2563/2805 2576/2819 2454/2688
f 2425/2657 2450/2684 2477/2713
f 2477/2713 2452/2686 2425/2657
f 2450/2684 2448/2682 2475/2711
f 2475/2711 2477/2713 2450/2684
f 2448/2682 2446/2680 2473/2709
f 2473/2709 2475/2711 2448/2682
f 2446/2680 2444/2678 2471/2707
f 2471/2707 2473/2709 2446/2680
f 2444/2678 2442/2676 2468/2703
f 2468/2703 2471/2707 2444/2678
f 2442/2676 2441/2675 2469/2704
f 2469/2704 2468/2703 2442/2676
f 2441/2672 2438/2670 2465/2699
f 2465/2699 2469/2701 2441/2672
f 2438/2670 2436/2668 2463/2697
f 2463/2697 2465/2699 2438/2670
f 2436/2668 2434/2666 2461/2695
f 2461/2695 2463/2697 2436/2668
f 2434/2666 2432/2664 2459/2693
f 2459/2693 2461/2695 2434/2666
f 2432/2664 2430/2662 2457/2691
f 2457/2691 2459/2693 2432/2664
f 2430/2662 2428/2660 2455/2689
f 2455/2689 2457/2691 2430/2662
f 2428/2660 2426/2658 2451/2685
f 2451/2685 2455/2689 2428/2660
f 2426/2658 2425/2657 2452/2686
f 2452/2686 2451/2685 2426/2658
f 2397/2627 2422/2654 2449/2683
f 2449/2683 2424/2656 2397/2627
f 2422/2654 2420/2652 2447/2681
f 2447/2681 2449/2683 2422/2654
f 2420/2652 2418/2650 2445/2679
f 2445/2679 2447/2681 2420/2652
f 2418/2650 2416/2648 2443/2677
f 2443/2677 2445/2679 2418/2650
f 2416/2648 2414/2646 2440/2673
f 2440/2673 2443/2677 2416/2648
f 2414/2646 2412/2645 2439/2674
f 2439/2674 2440/2673 2414/2646
f 2412/2642 2410/2640 2437/2669
f 2437/2669 2439/2671 2412/2642
f 2410/2640 2408/2638 2435/2667
f 2435/2667 2437/2669 2410/2640
f 2408/2638 2406/2636 2433/2665
f 2433/2665 2435/2667 2408/2638
f 2406/2636 2404/2634 2431/2663
f 2431/2663 2433/2665 2406/2636
f 2404/2634 2402/2632 2429/2661
f 2429/2661 2431/2663 2404/2634
f 2402/2632 2400/2630 2427/2659
f 2427/2659 2429/2661 2402/2632
f 2400/2630 2398/2628 2423/2655
f 2423/2655 2427/2659 2400/2630
f 2398/2628 2397/2627 2424/2656
f 2424/2656 2423/2655 2398/2628
f 2341/2567 2366/2594 2421/2653
f 2421/2653 2396/2626 2341/2567
f 2366/2594 2364/2592 2419/2651
f 2419/2651 2421/2653 2366/2594
f 2364/2592 2362/2590 2417/2649
f 2417/2649 2419/2651 2364/2592
f 2362/2590 2360/2588 2415/2647
f 2415/2647 2417/2649 2362/2590
f 2360/2588 2358/2586 2413/2643
f 2413/2643 2415/2647 2360/2588
f 2358/2586 2355/2585 2411/2644
f 2411/2644 2413/2643 2358/2586
f 2355/2582 2354/2580 2409/2639
f 2409/2639 2411/2641 2355/2582
f 2354/2580 2352/2578 2407/2637
f 2407/2637 2409/2639 2354/2580
f 2352/2578 2350/2576 2405/2635
f 2405/2635 2407/2637 2352/2578
f 2350/2576 2348/2574 2403/2633
f 2403/2633 2405/2635 2350/2576
f 2348/2574 2346/2572 2401/2631
f 2401/2631 2403/2633 2348/2574
f 2346/2572 2344/2570 2399/2629
f 2399/2629 2401/2631 2346/2572
f 2344/2570 2342/2568 2395/2625
f 2395/2625 2399/2629 2344/2570
f 2342/2568 2341/2567 2396/2626
f 2396/2626 2395/2625 2342/2568
f 2370/2598 2369/2597 2365/2593
f 2365/2593 2340/2566 2370/2598
f 2369/2597 2372/2600 2363/2591
f 2363/2591 2365/2593 2369/2597
f 2372/2600 2374/2602 2361/2589
f 2361/2589 2363/2591 2372/2600
f 2374/2602 2376/2604 2359/2587
f 2359/2587 2361/2589 2374/2602
f 2376/2604 2378/2606 2356/2583
f 2356/2583 2359/2587 2376/2604
f 2378/2606 2382/2608 2357/2584
f 2357/2584 2356/2583 2378/2606
f 2382/2612 2381/2611 2353/2579
f 2353/2579 2357/2581 2382/2612
f 2381/2611 2384/2614 2351/2577
f 2351/2577 2353/2579 2381/2611
f 2384/2614 2386/2616 2349/2575
f 2349/2575 2351/2577 2384/2614
f 2386/2616 2388/2618 2347/2573
f 2347/2573 2349/2575 2386/2616
f 2388/2618 2390/2620 2345/2571
f 2345/2571 2347/2573 2388/2618
f 2390/2620 2392/2622 2343/2569
f 2343/2569 2345/2571 2390/2620
f 2392/2622 2394/2624 2339/2565
f 2339/2565 2343/2569 2392/2622
f 2394/2624 2370/2598 2340/2566
f 2340/2566 2339/2565 2394/2624
f 2313/2537 2338/2564 2368/2596
f 2368/2596 2367/2595 2313/2537
f 2338/2564 2336/2562 2371/2599
f 2371/2599 2368/2596 2338/2564
f 2336/2562 2334/2560 2373/2601
f 2373/2601 2371/2599 2336/2562
f 2334/2560 2332/2558 2375/2603
f 2375/2603 2373/2601 2334/2560
f 2332/2558 2330/2556 2377/2605
f 2377/2605 2375/2603 2332/2558
f 2330/2556 2327/2555 2379/2607
f 2379/2607 2377/2605 2330/2556
f 2327/2552 2326/2550 2380/2610
f 2380/2610 2379/2609 2327/2552
f 2326/2550 2324/2548 2383/2613
f 2383/2613 2380/2610 2326/2550
f 2324/2548 2322/2546 2385/2615
f 2385/2615 2383/2613 2324/2548
f 2322/2546 2320/2544 2387/2617
f 2387/2617 2385/2615 2322/2546
f 2320/2544 2318/2542 2389/2619
f 2389/2619 2387/2617 2320/2544
f 2318/2542 2316/2540 2391/2621
f 2391/2621 2389/2619 2318/2542
f 2316/2540 2314/2538 2393/2623
f 2393/2623 2391/2621 2316/2540
f 2314/2538 2313/2537 2367/2595
f 2367/2595 2393/2623 2314/2538
f 2579/2823 2601/2849 2337/2563
f 2337/2563 2312/2536 2579/2823
f 2601/2849 2599/2847 2335/2561
f 2335/2561 2337/2563 2601/2849
f 2599/2847 2598/2845 2333/2559
f 2333/2559 2335/2561 2599/2847
f 2598/2845 2596/2843 2331/2557
f 2331/2557 2333/2559 2598/2845
f 2596/2843 2594/2841 2328/2553
f 2328/2553 2331/2557 2596/2843
f 2594/2841 2593/2840 2329/2554
f 2329/2554 2328/2553 2594/2841
f 2593/2837 2591/2835 2325/2549
f 2325/2549 2329/2551 2593/2837
f 2591/2835 2589/2833 2323/2547
f 2323/2547 2325/2549 2591/2835
f 2589/2833 2587/2831 2321/2545
f 2321/2545 2323/2547 2589/2833
f 2587/2831 2585/2829 2319/2543
f 2319/2543 2321/2545 2587/2831
f 2585/2829 2583/2827 2317/2541
f 2317/2541 2319/2543 2585/2829
f 2583/2827 2581/2825 2315/2539
f 2315/2539 2317/2541 2583/2827
f 2581/2825 2577/2820 2311/2535
f 2311/2535 2315/2539 2581/2825
f 2577/2820 2579/2823 2312/2536
f 2312/2536 2311/2535 2577/2820
f 2641/2905 2642/2906 2480/2716
f 2480/2716 2479/2715 2641/2905
f 2642/2906 2643/2907 2483/2719
f 2483/2719 2480/2716 2642/2906
f 2643/2907 2644/2908 2485/2721
f 2485/2721 2483/2719 2643/2907
f 2644/2908 2645/2909 2487/2723
f 2487/2723 2485/2721 2644/2908
f 2645/2909 2646/2910 2489/2725
f 2489/2725 2487/2723 2645/2909
f 2646/2910 2647/2911 2491/2727
f 2491/2727 2489/2725 2646/2910
f 2647/2911 2648/2912 2493/2729
f 2493/2729 2491/2727 2647/2911
f 2648/2912 2649/2913 2496/2731
f 2496/2731 2493/2729 2648/2912
f 2649/2914 2650/2915 2497/2734
f 2497/2734 2496/2733 2649/2914
f 2650/2915 2651/2916 2499/2737
f 2499/2737 2497/2734 2650/2915
f 2651/2916 2652/2917 2501/2739
f 2501/2739 2499/2737 2651/2916
f 2652/2917 2653/2918 2503/2741
f 2503/2741 2501/2739 2652/2917
f 2653/2918 2654/2919 2505/2743
f 2505/2743 2503/2741 2653/2918
f 2654/2919 2641/2905 2479/2715
f 2479/2715 2505/2743 2654/2919
f 2534/2774 2510/2748 2641/2905
f 2641/2905 2654/2919 2534/2774
f 2532/2772 2534/2774 2654/2919
f 2654/2919 2653/2918 2532/2772
f 2530/2770 2532/2772 2653/2918
f 2653/2918 2652/2917 2530/2770
f 2528/2768 2530/2770 2652/2917
f 2652/2917 2651/2916 2528/2768
f 2526/2765 2528/2768 2651/2916
f 2651/2916 2650/2915 2526/2765
f 2524/2766 2526/2765 2650/2915
f 2650/2915 2649/2914 2524/2766
f 2522/2760 2524/2762 2649/2913
f 2649/2913 2648/2912 2522/2760
f 2520/2758 2522/2760 2648/2912
f 2648/2912 2647/2911 2520/2758
f 2518/2756 2520/2758 2647/2911
f 2647/2911 2646/2910 2518/2756
f 2516/2754 2518/2756 2646/2910
f 2646/2910 2645/2909 2516/2754
f 2514/2752 2516/2754 2645/2909
f 2645/2909 2644/2908 2514/2752
f 2512/2750 2514/2752 2644/2908
f 2644/2908 2643/2907 2512/2750
f 2509/2747 2512/2750 2643/2907
f 2643/2907 2642/2906 2509/2747
f 2510/2748 2509/2747 2642/2906
f 2642/2906 2641/2905 2510/2748
f 2655/2920 2656/2921 2508/2746
f 2508/2746 2507/2745 2655/2920
f 2656/2921 2657/2922 2511/2749
f 2511/2749 2508/2746 2656/2921
f 2657/2922 2658/2923 2513/2751
f 2513/2751 2511/2749 2657/2922
f 2658/2923 2659/2924 2515/2753
f 2515/2753 2513/2751 2658/2923
f 2659/2924 2660/2925 2517/2755
f 2517/2755 2515/2753 2659/2924
f 2660/2925 2661/2926 2519/2757
f 2519/2757 2517/2755 2660/2925
f 2661/2926 2662/2927 2521/2759
f 2521/2759 2519/2757 2661/2926
f 2662/2927 2663/2928 2523/2761
f 2523/2761 2521/2759 2662/2927
f 2663/2929 2664/2930 2525/2764
f 2525/2764 2523/2763 2663/2929
f 2664/2930 2665/2931 2527/2767
f 2527/2767 2525/2764 2664/2930
f 2665/2931 2666/2932 2529/2769
f 2529/2769 2527/2767 2665/2931
f 2666/2932 2667/2933 2531/2771
f 2531/2771 2529/2769 2666/2932
f 2667/2933 2668/2934 2533/2773
f 2533/2773 2531/2771 2667/2933
f 2668/2934 2655/2920 2507/2745
f 2507/2745 2533/2773 2668/2934
f 2655/2920 2668/2934 2561/2803
f 2561/2803 2536/2776 2655/2920
f 2668/2934 2667/2933 2559/2801
f 2559/2801 2561/2803 2668/2934
f 2667/2933 2666/2932 2557/2799
f 2557/2799 2559/2801 2667/2933
f 2666/2932 2665/2931 2555/2797
f 2555/2797 2557/2799 2666/2932
f 2665/2931 2664/2930 2553/2793
f 2553/2793 2555/2797 2665/2931
f 2664/2930 2663/2929 2551/2794
f 2551/2794 2553/2793 2664/2930
f 2663/2928 2662/2927 2549/2789
f 2549/2789 2551/2791 2663/2928
f 2662/2927 2661/2926 2547/2787
f 2547/2787 2549/2789 2662/2927
f 2661/2926 2660/2925 2545/2785
f 2545/2785 2547/2787 2661/2926
f 2660/2925 2659/2924 2543/2783
f 2543/2783 2545/2785 2660/2925
f 2659/2924 2658/2923 2541/2781
f 2541/2781 2543/2783 2659/2924
f 2658/2923 2657/2922 2539/2779
f 2539/2779 2541/2781 2658/2923
f 2657/2922 2656/2921 2535/2775
f 2535/2775 2539/2779 2657/2922
f 2656/2921 2655/2920 2536/2776
f 2536/2776 2535/2775 2656/2921
f 2538/2778 2537/2777 2615/2869
f 2615/2869 2614/2868 2538/2778
f 2540/2780 2538/2778 2614/2868
f 2614/2868 2618/2872 2540/2780
f 2542/2782 2540/2780 2618/2872
f 2618/2872 2669/2935 2542/2782
f 2544/2784 2542/2782 2669/2935
f 2669/2935 2670/2936 2544/2784
f 2546/2786 2544/2784 2670/2936
f 2670/2936 2671/2937 2546/2786
f 2548/2788 2546/2786 2671/2937
f 2671/2937 2672/2938 2548/2788
f 2550/2790 2548/2788 2672/2938
f 2672/2938 2673/2939 2550/2790
f 2552/2792 2550/2790 2673/2939
f 2673/2939 2674/2940 2552/2792
f 2554/2796 2552/2795 2674/2875
f 2674/2875 2620/2874 2554/2796
f 2556/2798 2554/2796 2620/2874
f 2620/2874 2623/2878 2556/2798
f 2558/2800 2556/2798 2623/2878
f 2623/2878 2625/2880 2558/2800
f 2560/2802 2558/2800 2625/2880
f 2625/2880 2627/2882 2560/2802
f 2562/2804 2560/2802 2627/2882
f 2627/2882 2629/2884 2562/2804
f 2537/2777 2562/2804 2629/2884
f 2629/2884 2615/2869 2537/2777

